text,label,y_true,y_pred,correct
"নাটোর-৪ আসনের (বড়াইগ্রাম-গুরুদাসপুর) উপ-নির্বাচন আগামী ১১ অক্টোবর অনুষ্ঠিত হবে। এই আসনে ভোটগ্রহণ হবে ব্যালট পেপারে। ভোটকেন্দ্রে থাকবে না সিসি ক্যামেরা। বৃহস্পতিবার (৭ সেপ্টেম্বর) কমিশন সভা শেষে এ তথ্য জানান নির্বাচন কমিশন সচিব জাহাংগীর আলম। তিনি বলেন, মনোনয়নপত্র দাখিলের শেষ সময় ১৭ সেপ্টেম্বর, মনোনয়নপত্র বাছাই ১৮ সেপ্টেম্বর এবং ভোটগ্রহণ ১১ অক্টোবর। গত ৩০ আগস্ট সকাল সাড়ে ৭টার দিকে রাজধানীর ইউনাইটেড হাসপাতালে চিকিৎসাধীন অবস্থায় মারা যান নাটোর-৪ আসনের সংসদ সদস্য অধ্যাপক আব্দুল কুদ্দুস। তিনি নাটোর জেলা আওয়ামী লীগের সভাপতি ও বীর মুক্তিযোদ্ধা ছিলেন। রাজনৈতিক জীবনে মো. আব্দুল কুদ্দুস ১৯৯১, ১৯৯৬, ২০০৮, ২০১৩ ও ২০১৮ সালের জাতীয় নির্বাচনে বিজয়ী হয়েছিলেন। গত ৩ সেপ্টেম্বর সংসদ সচিবালয়ের সচিব কে এম আব্দুস সাত্তার স্বাক্ষরিত এক গেজেটে নাটোর-৪ আসন শূন্য ঘোষণা করা হয়। সংবিধান অনুযায়ী সংসদের কোনো আসন শূন্য হলে তার ৯০ দিনের মধ্যে নির্বাচন কমিশনকে নির্বাচন সম্পন্ন করার বাধ্যবাধকতা দেওয়া হয়েছে। ইতোমধ্যে শূন্য ঘোষণার গেজেট ইসিতেও পৌঁছেছে বলে জানা গেছে। গত ৩০ আগস্ট আসনটি শূন্য হওয়ায় পরবর্তী ৯০ দিন ধরলে এ আসনে উপ-নির্বাচন আগামী ২৭ নভেম্বরের মধ্যে সম্পন্ন করতে হবে।",1,1,0,False
"(গতকালের সম্পাদকীয় পাতার পর) ২. বিএনপির তৃণমূলের নেতা-কর্মী ও ভোটাররা চিহ্নিত যুদ্ধাপরাধী জামায়াতকে বিএনপির নির্বাচনী প্রতীক ধানের শীষ দেয়া মেনে নিতে পারেননি। এই একটি কারণে বিএনপির বহু সমর্থক এবার ভোট দিতে যাননি। ৩. গত আট বছরে যুদ্ধাপরাধীদের চলমান বিচারের মাধ্যমে ’৭১-এর গণহত্যা, মানবতার বিরুদ্ধে অপরাধ ও যুদ্ধাপরাধের সঙ্গে জামায়াতের সম্পৃক্ততার যে সব প্রমাণ প্রকাশ্যে এসেছে তাতে জামায়াতের প্রতি সাধারণ মানুষের ঘৃণা অতীতের যে কোন সময়ের তুলনায় বেড়েছে। ৪. ২০১৪ সালে দশম জাতীয় সংসদের প্রাক্কালে উচ্চতর আদালত কর্তৃক জামায়াতের নিবন্ধন বাতিল হওয়ার কারণে জামায়াত নির্বাচনে অংশগ্রহণের অযোগ্য হয়ে পড়েছে। জামায়াত যেহেতু দল হিসেবে নির্বাচন করতে পারবে না- তারা বিএনপিকেও নির্বাচন করতে দেয়নি। সেবার জামায়াত-বিএনপি শুধু নির্বাচন বর্জনের ঘোষণাই দেয়নি, তাদের নিষেধাজ্ঞা অমান্য করে যারা নির্বাচনে অংশগ্রহণ করেছে তারা- বিশেষভাবে হিন্দু সম্প্রদায় ব্যাপক সাম্প্রদায়িক সন্ত্রাসের শিকার হয়েছে। এর ধারাবাহিকতায় ২০১৫ সালে জামায়াত-বিএনপির জোট যে নজিরবিহীন আগুন সন্ত্রাস সংঘটিত করেছে তাতে সাধারণ মানুষ এ দল দুটি সম্পর্কে আতঙ্কগ্রস্ত হয়ে পড়েছিল। এবার তাদের ভয় ছিল- নির্বাচনে জিতলে বিএনপি-জামায়াত ২০০১-এর চেয়ে বেশি সন্ত্রাস করবে। ৫. একাত্তরের ঘাতক দালাল নির্মূল কমিটি এবং সমমনা বিভিন্ন সামাজিক-সাংস্কৃতিক সংগঠন নির্বাচনের প্রাক্কালে জামায়াত-বিএনপির দুঃশাসন ও সন্ত্রাসের বিস্তারিত বিবরণ তুলে ধরে বহুমাত্রিক প্রচারাভিযান পরিচালনা করেছে। ",1,1,0,False
"গণতান্ত্রিক শাসন ব্যবস্থায় ভোটাধিকার নাগরিকের মৌলিক অধিকার। এই অধিকার প্রয়োগ করেই জনগণ তাদের সমর্থন জানায় কাক্সিক্ষত আদর্শের প্রতি। গণতন্ত্রের এই শান্ত স্নিগ্ধ পথযাত্রায় কেউ জয়ী বা কেউ বিজিত। ২০০১ সালে নির্বাচন পরবর্তী বিএনপি-জামায়াত দল বা গোষ্ঠী যখন আদর্শিক কারণে অপশক্তির প্রশ্রয়ে ও আগ্রাসনে প্রতিরোধবিহীন তখন অসম্ভব ভীতিকর ঘটনা ঘটতেই পারে। ইতিহাসের এই জঘন্যতম বর্বরোচিত কালো অধ্যায়ের সূচনা হয়েছিল ২০০১ সালে ৮ম জাতীয় সংসদ নির্বাচনের পূর্বে ও পরবর্তীতে। প্রতিহিংসার রাজনীতিতে মানবতা লাঞ্ছিত। সাম্প্রদায়িক সম্প্রীতি ল-ভ-। মহান মুক্তিমুদ্ধের অবিনাশী চেতনাবিরোধী শক্তি সমগ্র বাংলাদেশে শুরু করে নারকীয় তা-ব। এদের দ্বারা সংঘঠিত হত্যা, ধর্ষণ, সম্পত্তি থেকে উচ্ছেদ, সম্পদ লুণ্ঠন, জোরপূর্বক চাঁদা আদায়, শারীরিক নির্যাতন ও অগ্নিসংযোগের ন্যায় অসংখ্য ঘটনায় মানবতা ছিল ক্রন্দনরত। বিজিত দল আওয়ামী লিগের নেতাকর্মী বিশেষ করে সংখ্যালঘু সম্প্রদায় এদের নির্মম, পাশবিক, হিংস্র ও জান্তব আক্রোশের শিকার। প্রতিটি সহিংস ঘটনা যেন মথিত হৃদয়ের বেদনার্ত সমগ্রতা নিয়ে জীবন্ত অসহায় চিৎকারে বলেছেÑ এই কি আমাদের জন্মভূমি? অপরাধীদের কোন জবাবদিহিতা ছিল না, নির্বিকার ছিল প্রশাসন। পক্ষান্তরে ২০০৮ সালে ৯ম জাতীয় সংসদ নির্বাচনে বঙ্গবন্ধু কন্যা দেশরতœ শেখ হাসিনার নেতৃত্বে আওয়ামী লীগ জয়ী হয়। বিজিত দল বিএনপি, জামায়াত। ২০০১ সালের ৮ম জাতীয় সংসদ নির্বাচন পরবর্তী রাজনীতিক ও সাম্প্রদায়িক সহিংসতার নির্মমতার অভিজ্ঞতায় ৯ম জাতীয় সংসদ নির্বাচন পরবর্তী সময়ে সহিংসতা সংঘটিত হওয়ার বিষয়টি অমূলক ছিল না। কিন্তু জাতি উৎকণ্ঠিত ও শঙ্কিত হলেও নির্বাচনে বিজয়ী প্রধান রাজনীতিক দলের শীর্ষ নেত্রী শেখ হাসিনার মহানুভবতা, সহনশীল আচরণ ও প্রতিশোধ বিবর্জিত মানসিকতার কারণে তাঁর নির্দেশের প্রতি সম্মান দেখিয়ে বিক্ষুব্ধ নেতা-কর্মীদের সংযত আচরণ ও পরস্পরের প্রতি সৌহার্দ্যপূর্ণ মনোভাব জাতি তৎসময়ে স্বস্তির সঙ্গে প্রত্যক্ষ করেছে। শেখ হাসিনার দূরদর্শিতা, আন্তরিকতা, প্রজ্ঞা ও সহনশীলতা গণতন্ত্রের ভবিষ্যতের জন্য অনুকরণীয়। নির্বাচন পরবর্তী এই সাম্প্রদায়িক ও রাজনৈতিক সহিংসতার উৎস কি? এ প্রসঙ্গে নির্দ্বিধায় বলা যায়, বঙ্গবন্ধুর নেতৃত্বে দীর্ঘ স্বাধীনতার সংগ্রাম ও মুক্তিযুদ্ধের অন্যতম অর্জন ’৭২’র সংবিধানের মূল চেতনাকে ধ্বংস করে সাম্প্রদায়িক চেতনাসমৃদ্ধ সংবিধানের প্রবর্তন। জাতির জনক বঙ্গবন্ধু শেখ মুজিবুর রহমানের নেতৃত্বে দীর্ঘ স্বাধীনতার সংগ্রাম ও মহান মুক্তিযুদ্ধের মাধ্যমে স্বাধীন বাংলাদেশের অভ্যুদয়ের পরে বাঙালী জাতীয়তাবাদ, গণতন্ত্র, সমাজতন্ত্র ও ধর্মনিরপেক্ষতাকে মূলনীতি হিসেবে ভিত্তি করে ১৯৭২ সালের সংবিধান রচিত হওয়ায় এবং ধর্মনিরপেক্ষতা মৌলিক চার নীতির অন্যতম নীতি হওয়ায় বাংলাদেশে চমৎকার এক উজ্জ্বল অসাম্প্রদায়িক ইতিহাসের সূচনা হয়। বস্তুত এটা ছিল ধর্মনিরপেক্ষ শক্তির জন্য বড় অর্জন, বিশেষ করে সংখ্যালঘুদের মৌলিক অধিকার প্রতিষ্ঠার ক্ষেত্রে যা ছিল অনন্য। একটি রাষ্ট্র কতটুকু সভ্য, আধুনিক এবং জনগণের অধিকার ও মর্যাদার প্রতি কতটা দায়বদ্ধ, তার পরিচয় পাওয়া যায় সে দেশের সংবিধানে।",1,1,0,False
"জাতীয় সংসদ নির্বাচনে নোয়াখালীর ফল আগাম অনুমান করা কঠিন। অতীতে জেলার প্রায় সব আসনে বিএনপির অবস্থান ছিল শক্তিশালী। বিগত দুটি সংসদ নির্বাচনের ধারাবাহিকতায় আওয়ামী লীগের অবস্থান আগের তুলনায় অনেক এগিয়েছে। তৃণমূল পর্যায়ে এবং সরেজমিনে খোঁজ নিয়ে জানা গেছে, জেলার ছয়টি আসনের মধ্যে তিনটিতে আওয়ামী লীগের বর্তমান অবস্থান মজবুত। অপর তিনটি আসনে হবে হাডাহাড্ডি লড়াই। সর্বশেষ দশম সংসদ নির্বাচনে বিএনপি অংশগ্রহণ না করায় ছয়টি আসনেই জয়লাভ করে ক্ষমতাসীন আওয়ামী লীগ। নবম সংসদ নির্বাচনে তিনটিতে বিএনপি, দুটিতে আওয়ামী লীগ ও একটিতে স্বতন্ত্র প্রার্থী জয়লাভ করে। একাদশ সংসদ নির্বাচনে আওয়ামী লীগ তথা ১৪ দলীয় মহাজোট এবং বিএনপি তথা নবগঠিত জাতীয় ঐক্যফ্রন্টের ব্যানারে অংশগ্রহণ করলে ফল হবে মিশ্র। জেলার ছয়টি আসন ধরে রাখতে আওয়ামী লীগ দারুণ সক্রিয়। বিএনপি চায় হারানো আসন পুনরুদ্ধার করতে। জেলার ছয়টি আসনে প্রার্থী হতে নেতারা দীর্ঘদিন থেকে মাঠে নেমে পড়েছেন। এক সময়ের বিএনপির দুর্গ হিসেবে পরিচিত নোয়াখালীর আসনগুলোতে এবারও জয়ী হওয়ার জোর চেষ্টা চালাচ্ছে আওয়ামী লীগ। জেলার ছয়টি নির্বাচনী আসনে আগামী নির্বাচনে দলীয় প্রার্থীকে বিজয়ী করতে কাজ করে যাচ্ছে দলের সর্বস্তরের নেতাকর্মী। নোয়াখালী-১ (চাটখিল ও সোনাইমুড়ী আংশিক) ॥ একাদশ জাতীয় সংসদ নির্বাচন সামনে রেখে বড় দুই দল আওয়ামী লীগ তথা ১৪ দলীয় মহাজোট ও বিএনপি তথা নবগঠিত জাতীয় ঐক্যফ্রন্টের সম্ভাব্য প্রার্থীদের পদচারণায় সরব হয়ে উঠছে নোয়াখালী-১ (চাটখিল-সোনাইমুড়ী) আসন। মনোনয়ন প্রত্যাশীরা ঘন ঘন এলাকা সফর করে সভা-সমাবেশের পাশাপাশি দলীয় নেতাকর্মীসহ বিভিন্ন শ্রেণীপেশার লোকজনের সঙ্গে মতবিনিময় করে চলেছেন। পুরো নির্বাচনী এলাকা, তোরণ, ব্যানার, ফেস্টুনে ছেয়ে গেছে। এতে সর্বত্র নির্বাচনী আমেজ বিরাজ করছে। বিএনপি তথা নবগঠিত ঐক্যফ্রন্টের প্রার্থী তালিকায় আপাতত একক প্রার্থী হলেও আওয়ামী লীগে কে মনোনয়ন পাবেন তা নিয়ে সর্বত্র চলছে আলোচনা। ",1,1,0,False
"আসন্ন দ্বাদশ জাতীয় সংসদ নির্বাচনে সরকারের সুবিধাভোগী সোয়া ৩ কোটি ভোটারের উপস্থিতি নিশ্চিত করার নির্দেশনা চেয়ে হাইকোর্টে রিট দায়ের করা হয়েছে। রিটে সরকারের সুবিধাভোগী নাগরিকদের ভোটদান বাধ্যতামূলক করার নির্দেশনাও চাওয়া হয়েছে। সুপ্রিম কোর্টের আইনজীবী ড. বশির আহমেদ জনস্বার্থে এ রিট দায়ের করেছেন।বুধবার (৩ জানুয়ারি) বিচারপতি মো. ইকবাল কবীরের নেতৃত্বাধীন হাইকোর্ট বেঞ্চে রিট আবেদনটি শুনানির জন্য কার্যতালিকায় রয়েছে। মন্ত্রিপরিষদ সচিব, নির্বাচন কমিশনসহ সংশ্লিষ্টদের রিটে বিবাদী করা হয়েছে।আইনজীবী ড. বশির আহমেদ গণমাধ্যমকে বলেন, কমনওয়েলথভুক্ত অনেক দেশে নির্বাচনে ভোটারদের ভোটদানে বাধ্যতামূলক করার বিধান রয়েছে। আমেরিকার দুটি অঙ্গরাজ্যেও ভোট দেয়ার বাধ্যতামূলক বিধান চালু রয়েছে। বাংলাদেশ কমনওয়েলথভুক্ত দেশ। এই দেশেও সরকারের সুবিধাভোগী নাগরিকদের ভোটদান বাধ্যতামূলক করা প্রয়োজন। এ কারণে রিট দায়ের করেছি।তিনি জানান, সরকারের সরাসরি সুবিধাভোগী ২ কোটি ৭৫ লাখ ভোটার রয়েছে। এছাড়াও আধা সরকারি, অবসরপ্রাপ্ত সরকারি কর্মকর্তা-কর্মচারী মিলে মোট সোয়া ৩ কোটি ভোটার রয়েছে। ভোটকেন্দ্রে এসব ভোটারদের উপস্থিতি নিশ্চিত করার নির্দেশনা চেয়েছি।",1,1,0,False
"কিশোর গ্যাং নির্মূলে কঠোর হুশিয়ারি উচ্চারণ করে আওয়ামী লীগের সভাপতিমন্ডলীর সদস্য ও ঢাকা-১৩ আসনের নৌকার প্রার্থী এডভোকেট জাহাঙ্গীর কবির নানক বলেছেন, কোন কিশোর গ্যাং, বড় গ্যাং, মাঝারি গ্যাং; কোন গ্যাং এই এলাকায় থাকবে না। পরিষ্কার ডেডলাইন বলে দিচ্ছি, আগামী ৭ জানুয়ারির পর যদি কাউকে পাওয়া যায় তাহলে এলাকাবাসীকে সাথে নিয়ে আইনশৃঙ্খলা রক্ষাকারী বাহিনীর কাছে সোপর্দ করা হবে।মঙ্গলবার (২ জানুয়ারি) বিকেলে মোহাম্মদপুর চাঁদ উদ্যানের বাড়ি মালিক কল্যাণ সমিতির পক্ষ থেকে আয়োজিত এক মতবিনিময় সভায় এমন হুশিয়ারি দেন ঢাকা-১৩ আসনের সাবেক এমপি নানক।নানক বলেন, আগামী ৭ জানুয়ারির নির্বাচন গণতন্ত্র রক্ষার নির্বাচন। দেশের স্বাধীনতা-সার্বভৌমত্ব রক্ষার নির্বাচন। বাংলাদেশের সাংবিধানিক ধারাবাহিকতা রক্ষার নির্বাচন। আগামী নির্বাচন বঙ্গবন্ধু কন্যা শেখ হাসিনার নেতৃত্বে ডিজিটাল বাংলাদেশ থেকে স্মার্ট বাংলাদেশ বিনির্মাণের নির্বাচন।ভোটারদের নির্বাচনে দলবেঁধে ভোট কেন্দ্রে উপস্থিত হয়ে ভোট প্রদানের আহ্বানও জানিয়ে তিনি বলেন, আপনারা ৭ জানুয়ারি ভোট প্রদানের মাধ্যমে পরিষ্কার জানিয়ে দেবেন আমরাই আমাদের সরকার গঠন করার মালিক। এই দেশের জনগণই যথেষ্ট এদেশের জনগণের সরকার প্রতিষ্ঠার জন্য।আমরা কোন শক্তির কাছে মাথা নত করবো না। আমরা কোন বহিঃশক্তির কাছে মাথা নত করবো না। কোন বহিঃশক্তির রক্তচক্ষু আমরা মেনে নেব না বলেও অবহিত করেন তিনি। নানক বলেন, আমরা বিজয়ী জাতি। কারো দয়া-দাক্ষিণ্যে স্বাধীনতা অর্জন করি নাই। আমরা বাঙালি জাতি রক্ত দিয়ে এই স্বাধীনতা অর্জন করেছি। দুই লাখ মা-বোন তাদের পবিত্র সতীত্ব বিকিয়ে দিয়ে এই দেশকে স্বাধীন করেছেন। কাজেই কারো হস্তক্ষেপ আমরা আমাদের দেশে করতে দেব না।ভোটারদের উদ্দেশ্যে তিনি আরও বলেন, আমি আপনাদের কাছে নতুন কোন মানুষ নই। আমি ২০০৮ সাল থেকে দশ বছর এই এলাকার সংসদ সদস্য হিসাবে দায়িত্ব পালন করেছি। আপনারা আমাকে বুকভরা প্রত্যাশা নিয়ে নির্বাচিত করেছিলেন। আমি চেষ্টা করেছি আমাদের সর্বস্ব দিয়ে আপনাদের প্রত্যাশা পূরণ করতে।তিনি আরও বলেন, যে মোহাম্মদপুর সন্ত্রাসীদের অভয়ারণ্য ছিল, আমি সেই সন্ত্রাসীদের বিতাড়িত করেছিলাম। যে মোহাম্মদপুর চাঁদাবাজ আর মাদককারবারীদের স্বর্গরাজ্য ছিল আমি তাদের বিতাড়িত করেছিলাম। ৫ বছর আমি ছিলাম না। এখন দেখা দিয়েছি কি? কিশোর গ্যাং। আমি কোন কিশোর গ্যাং বড় গ্যাং মাঝারি গ্যাং কোন গ্যাং এই এলাকায় থাকতে দেব না।কিশোর গ্যাংয়ের সঙ্গে যারা সংশ্লিষ্ট যারা সন্ত্রাসী কর্মকাণ্ডে লিপ্ত তাদেরকে পরিষ্কার ডেডলাইন বলে দিচ্ছি, আগামী ৭ জানুয়ারির পর যদি কাউকে পাওয়া যায় তাদের হাত পা ভেঙ্গে দিয়ে পুলিশে সোপর্দ করা হবে। আপনারা এলাকাবাসী আমার সঙ্গে থাকবেন। আপনারা রাতে বাসাবাড়িতে নিশ্চিন্তে ঘুমাবেন। আর আমি রাতে আপনাদের রাস্তাঘাট পাহারা দেব। কে কত বড় সন্ত্রাসী, কে কত চাঁদাবাজ, কারা কত কিশোর গ্যাং আপনাদের সাথে নিয়ে মোকাবিলা করবো।প্রায় ১০ হাজার ভোটার সম্বলিত হাউজিং সোসাইটির সুধিসমাজের পক্ষ থেকে ওই এলাকায় কমিউনিটি সেন্টার নির্মাণ, পানির পাম্প নির্মাণ, খেলার মাঠ, চাঁদাবাজ সন্ত্রাস নির্মূলসহ কিশোর গ্যাংয়ের উৎপাতের অবসান কামনা করা হয়।মতবিনিময় সভায় সভাপতিত্ব করেন চাঁদ উদ্যান হাউজিং বাড়ি মালিক কল্যাণ সমিতির সভাপতি আলম হোসেন। আরও বক্তব্য রাখেন- ঢাকা মহানগর উত্তর আওয়ামী লীগের সভাপতি শেখ বজলুর রহমান, ঢাকা বিশ্ববিশ্ববিদ্যালয় শিক্ষক সমিতির সভাপতি নিজামুল হক ভুঁইয়া, মোহাম্মদপুর থানা আওয়ামী লীগের ভারপ্রাপ্ত সাধারণ সম্পাদক তোফায়েল সিদ্দিকী তুহিন, ঢাকা উত্তর সিটি করপোরশেন ৩৩ নম্বর ওয়ার্ডের কাউন্সিলর আসিফ আহমেদসহ বিভিন্ন হাউজিং সোসাইটির নেতারা।",1,1,0,False
"দ্বাদশ জাতীয় সংসদ নির্বাচনে ৭ জানুয়ারি ভোটের শান্তিপূর্ণ পরিবেশ বজায় রাখার আহ্বান জানিয়ে গত শুক্রবার কমনওয়েলথ মহাসচিবের দেয়া এক প্রেস বিবৃতির প্রতিক্রিয়া জানিয়েছে বাংলাদেশ জাতীয়তাবাদী দল (বিএনপি)। শনিবার (৬ জানুয়ারি) দলটির সিনিয়র যুগ্ম মহাসচিব রুহুল কবির রিজভী স্বাক্ষরিত এক বিবৃতিতে এ প্রতিক্রিয়া জানায়।কমনওয়েলথ মহাসচিব বাংলাদেশে নির্বাচনের ঠিক ২ দিন আগে এ বিবৃতি দিয়েছেন। যেখানে ৭ জানুয়ারি ২০২৪, জনগণের ইচ্ছার বিরুদ্ধে নির্বাচন হতে চললেও ওইদিন ‘একটি অনুকূল পরিবেশে নাগরিকদের জন্য শান্তিপূর্ণভাবে তাদের ভোটাধিকার প্রয়োগ করতে’ বাংলাদেশের সকল রাজনৈতিক ও নাগরিক নেতাদের অবদান রাখতে আহ্বান জানানো হয়েছে।বিএনপির বিবৃতিতে বলা হয়- কমনওয়েলথ মহাসচিবের এমন আহ্বান বাংলাদেশের গণতন্ত্রপ্রেমী জনগণকে হতবাক করেছে। যারা এক দশকেরও বেশি সময় ধরে শাসন থেকে বঞ্চিত হয়েছে। কিন্তু তিনি প্রহসনমূলক ৭ জানুয়ারির নির্বাচনকে ঘিরে অনেক গুরুত্বপূর্ণ বিষয় মিস করেছেন। তার বক্তব্য বাংলাদেশের বাস্তবতাকে প্রতিফলিত করে না। আমরা বিশ্বাস করি, তার বক্তব্য গণতন্ত্রপন্থি বাংলাদেশিদের আকাঙ্ক্ষা ও আকাঙ্ক্ষার পরিপন্থি, যারা এক দশকেরও বেশি সময় ধরে একটি অবাধ, সুষ্ঠু, অন্তর্ভুক্তিমূলক এবং বিশ্বাসযোগ্য নির্বাচনের জন্য সংগ্রাম করে আসছে।বিএনপির দাবি, প্যাটিসিয়া স্কটল্যান্ডকে অবশ্যই সচেতন থাকতে হবে যে, বাংলাদেশের সব প্রধান গণতন্ত্রপন্থি রাজনৈতিক দল আসন্ন নির্বাচন বয়কট করেছে। শুধু ক্ষমতাসীন দলের মনোনীত ডামি/স্বতন্ত্র প্রার্থী এবং ক্ষমতাসীন দলের আশীর্বাদ নিয়ে ভুয়া বিরোধীদের নির্বাচনে অংশগ্রহণ করানো হয়। যেহেতু নির্বাচনের ফল ইতোমধ্যেই পূর্বনির্ধারিত এবং জনগণের কাছে প্রকৃত প্রতিদ্বন্দ্বীদের মধ্য থেকে বেছে নেয়ার কোনো বিকল্প নেই। কোনো অনুকূল পরিবেশ এবং সমান খেলার সুযোগ নেই, ভোটাররাও একতরফা ভোট প্রত্যাখ্যান করেছে। শাসকদল এখন ভোটকেন্দ্রে জনগণের উপস্থিতি প্রদর্শনের জন্য বিভিন্ন অনৈতিক পদক্ষেপ নিয়েছে যাতে ভোটার বা ভোটার নন এমন ব্যক্তিদের বলপ্রয়োগ ও ভয়ভীতি প্রদর্শনের মাধ্যমে ভোটকেন্দ্রে নিয়ে নির্বাচনকে অংশগ্রহণমূলক দেখানো যায়।বলা হয়, এ ধরনের কাল্পনিক গল্পগুলো স্থানীয় মিডিয়া (সীমাবদ্ধতা সত্ত্বেও), সোশ্যাল মিডিয়া এবং খ্যাতিমান আন্তর্জাতিক প্রিন্ট এবং ইলেকট্রনিক মিডিয়া দ্বারা ভালোভাবে কভার করা হয়েছে। তবে কমনওয়েলথ সচিবালয় এবং পরিদর্শনকারী কর্তৃপক্ষকে অবশ্যই সচেতন হওয়া উচিত যে, গত ৩ মাসে বিচারবহির্ভূত হত্যা, জোরপূর্বক গুম এবং নির্বিচারে ব্যাপক গ্রেপ্তারের মতো চরম মানবাধিকার লঙ্ঘনের মাধ্যমে দুঃশাসন, সন্ত্রাস ও ভয়ের অবস্থা তৈরি করা হয়েছে। কাল্পনিক অভিযোগে কারাগারে বন্দি বিএনপির মহাসচিব ও এর শীর্ষ নেতাসহ ২৭ হাজারের বেশি বিরোধী ভিন্নমতাবলম্বী নেতাকর্মী। পুলিশ হেফাজতে অসংখ্য মানুষ নিহত, নির্যাতন ও মারা গেছেন।বিএনপির বিবৃতিতে বলা হয়, সমস্ত গণতান্ত্রিক বিশ্ব এবং আমাদের আন্তর্জাতিক অংশীদার যারা আইনের শাসন এবং উদার মূল্যবোধে বিশ্বাসী তারাও বাংলাদেশে একটি আন্তর্জাতিক মানের অবাধ, সুষ্ঠু, অন্তর্ভুক্তিমূলক এবং বিশ্বাসযোগ্য নির্বাচনের জন্য তাদের মতামত ব্যক্ত করেছেন।অন্যদিকে, সব গণতন্ত্রপন্থী রাজনৈতিক দলকে নির্বাচন থেকে বাধ্য করে, ভয়ের সংস্কৃতি তৈরি করে এবং ডামি প্রার্থী, ডামি নির্বাচন পর্যবেক্ষক এবং ডামি ভোটারদের দ্বারা একটি মঞ্চস্থ নির্বাচনের পরিকল্পনা করে। বাংলাদেশের ক্ষমতাসীন স্বৈরাচারী শাসন পরিচালনা করছে। এটি একটি ভুয়া নির্বাচন।আরো বলা হয়, বাংলাদেশের জনগণ গণতন্ত্র, মানবাধিকার এবং মত প্রকাশের স্বাধীনতার প্রতি কমনওয়েলথের অঙ্গীকার স্বীকার করে। কমনওয়েলথের মহাসচিব যদি সত্যিকার অর্থে বাংলাদেশের জনগণের অনুভূতির প্রতিধ্বনি করতে চান, যেমন তিনি তার বিবৃতিতে উল্লেখ করেছেন, জনগণ তার কাছে একটি নিরপেক্ষ সরকার ও প্রশাসনের অধীনে জনগণের ভোটের অধিকার আদায়ে সক্রিয় ভূমিকা পালন করবে বলে প্রত্যাশা করে। কিন্তু তার বক্তব্য বাস্তবতার সংস্পর্শের বাইরে, কারণ ৭ জানুয়ারি এ প্রহসনমূলক অনুশীলনটি জাতিসংঘের মানবাধিকার ঘোষণার অনুচ্ছেদ ২১ এবং ২১-এর অধীনে কোনো মানদণ্ডের নির্বাচন হিসাবে স্বীকৃত বা আখ্যায়িত হওয়ার ন্যূনতম যোগ্যতাও পূরণ করে না।",1,1,0,False
"মানিকগঞ্জ-০২ (সিংগাইর ও হরিরামপুর উপজেলা এবং সদর উপজেলার পুটাইল, ভাড়ারিয়া ও হাটিপাড়া) আসনে স্বতন্ত্র প্রার্থী( ট্রাক প্রতীক) দেওয়ান জাহিদ আহমেদ টুলুর কাছে হেরে গেলেন কণ্ঠশিল্পী মমতাজ বেগম। এ আসনে মোট ১৯৩ টি ভোট কেন্দ্রের সব গুলির ফলাফল অনুযায়ী ট্রাক প্রতীকে স্বতন্ত্র প্রার্থী দেওয়ান জাহিদ আহমেদ টুলু পেয়েছেন ৮৮ হাজার ৩০৯ ভোট এবং নৌকা প্রতীকে মমতাজ বেগম পেয়েছেন ৮২ হাজার ১৩৮ ভোট।এতে ৬ হাজার ১৭১ভোট বেশি পেয়ে ট্রাক প্রতীকের স্বতন্ত্র প্রার্থী দেওয়ান জাহিদ আহমেদ টুলু নৌকাকে পরাজিত করে নির্বাচিত হয়েছেন।সংসদীয় আসনের সকল কেন্দ্রের ভোট গণনা শেষে রাত রাত ১১ টায়  রিটার্নিং অফিসার ও জেলা প্রশাসক রেহানা আক্তার তার কক্ষে চূড়ান্ত ফলাফল ঘোষণা দেন। এতে দেওয়ান জাহিদ আহমেদ টুলু বেসরকারিভাবে নির্বাচিত হন। ",1,1,0,False
"চট্টগ্রাম- ১৫ আসনে গত তিনবারের সংসদ সদস্য বিতর্কিত প্রার্থী আবু রেজা মুহাম্মদ নিজামুদ্দিন নদভী নৌকা প্রতীক নিয়েও এবার বিজয়ী হতে পারেননি। এই আসনে ঈগল প্রতীক নিয়ে স্বতন্ত্র প্রার্থী আওয়ামী লীগ নেতা আব্দুল মোতালেব ৮৫ হাজার ৬২৮ ভোট পেয়ে বেসরকারিভাবে নির্বাচিত হয়েছেন। শোচনীয়ভাবে পরাজিত হয়েছেন নদভী, তার প্রাপ্ত ভোট মাত্র ৩৯ হাজার ২৫২ ভোট। চট্টগ্রাম -১ আসনে নৌকা প্রতীকে বেসরকারিভাবে বিজয়ী হয়েছেন মাহবুর উর রহমান রুহেল, পেয়েছেন ৮৯ হাজার ৬৪ ভোট, তার নিকটতম প্রতিদ্বন্দ্বী স্বতন্ত্র প্রার্থী আওয়ামী লীগ নেতা মোহাম্মদ গিয়াসউদ্দিন পেয়েছেন ৫২ হাজার ৯৯৫ ভোট।চট্টগ্রাম -২ ( ফটিকছড়িতে) নৌকা প্রতীক নিয়ে সব পুরুষ প্রার্থীকে পেছনে ফেলে বিপুল ভোটে বিজয়ী হয়েছেন খাদিজাতুল আনোয়ার সনি। তিনি পেয়েছেন ১ লাখ ৩৭০ ভোট। তার নিকটতম প্রতিদ্বন্দ্বী স্বতন্ত্র প্রার্থী ও আওয়ামী লীগ নেতা আবু তৈয়ব পেয়েছেন ৩৬ হাজার ৫৮৭ ভোট। চট্টগ্রাম -৯ আসনে নৌকা প্রতীকে বিজয়ী হয়েছেন ব্যারিস্টার মহিবুল হাসান চৌধুরী নওফেল, তিনি পেয়েছেন ১ লাখ ৩০ হাজার ৯৯৮, নাঙ্গল প্রতীক নিয়ে সাজিদ পেয়েছেন ১৯৮২ ভোট। চট্টগ্রাম-১১ আসনে নৌকা প্রতীক নিয়ে ৫১ হাজার ৪৯৪ ভোট পেয়ে বেসরকারিভাবে বিজয়ী হয়েছেন। তার নিকটতম প্রতিদ্বন্দ্বী কেটলি প্রতীক নিয়ে স্বতন্ত্র প্রার্থী হিসেবে আওয়ামী লীগ প্রার্থী জিয়াউল হক সুমন পেয়েছেন ৪৬ হাজার ৫২৫ ভোট। চট্টগ্রামের সাতকানিয়া-লোহাগাড়া আসনে এতদিন বিতর্কিত রাজনীতিবিদ নদভী ধরাশায়ী হওয়ায় দীর্ঘদিন পর এই আসনে আওয়ামী লীগের বিজয় হয়েছে বলে তৃণমূল পর্যায়ের নেতাকর্মীদের দাবি। কারণ নদভী মূলত: জামায়াত সমর্থিত এবং আওয়ামী লীগে অনুপ্রবেশকারী হিসেবেই পরিচিত ছিলেন। ",1,1,0,False
" নির্বাচন শেষ হতেই নিজের পোস্টার অপসারণে নামলেন মৌলভীবাজার-২ আসনে দ্বাদশ জাতীয় সংসদের নবনির্বাচিত সদস্য শফিউল আলম চৌধুরী নাদেল। সোমবার (৮ জানুয়ারি) সকালে তার কর্মী সমর্থকদের নিয়ে তিনি পোস্টার অপসারণের উদ্বোধন করেন। কুলাউড়া পৌর শহর ঘুরে দেখা গেছে, প্রার্থীদের পলিথিন মোড়ানো পোস্টারে পুরো শহর সয়লাব হয়ে গেছে। এসব পোস্টার ছিটকে পড়লেও পচে নষ্ট হবে না। আবর্জনার স্তূপ জমে উঠবে। এতে করে পরিবেশ দুষিত হবে। তাই বিজয়ী প্রার্থী নির্বাচনের পরদিন নিজের পোস্টার অপসারণে নেমেছেন। অপসারণকালে দলীয় নেতাকর্মী ও সমর্থকদের অনুরোধ জানিয়ে তিনি বলেন, কুলাউড়া সংসদীয় আসনের বিভিন্ন রাস্তাঘাটের পাশে যেখানে পলিথিন মোড়ানো পোস্টার বাধা রয়েছে সেগুলো অপসারণ করতে হবে। কেননা, পলিথিন মোড়ানো পোস্টার পরিবেশ নষ্ট করে। এগুলো সাধারণত পচে না। তাই আমাদের নিজ দায়িত্বে এগুলো অপসারণ করে সুন্দর পরিবেশ ফিরিয়ে আনতে হবে।",1,1,0,False
" মায়ের ব্যবসা প্রতিষ্ঠান আনন্দ শিপ ইয়ার্ড দেখাশুনা করতেন আব্দুল্লাহ নাহিদ নিগার সাগর। ছিলেন প্রতিষ্ঠানটির ডেপুটি ম্যানেজিং ডিরেক্টরের দায়িত্বে। হঠাৎ তার মা মিসেস আফরুজা বারীর হাত ধরে রাজনীতিতে পদার্পণ নাহিদ নিগারের। শেষ পর্যন্ত মাত্র ২১ দিনের রাজনৈতিক জীবনের পূজিতেই দ্বাদশ জাতীয় সংসদ নির্বাচনে জাতীয় পার্টির দুই বারের সংসদ সদস্য ব্যারিস্টার শামীম হায়দার পাটোয়ারীকে হারিয়ে গাইবান্ধা-১ সুন্দরগঞ্জ আসনের সংসদ সদস্য হয়ে চমকে দিলেন সবাইকে।এদিকে নিগারের মা মিসেস আফরুজা বারী বাংলাদেশ আওয়ামী লীগের সুন্দরগঞ্জ উপজেলা শাখার সভাপতি। তিনি দ্বাদশ জাতীয় সংসদ নির্বাচনে আওয়ামী লীগের মনোনীত সংসদ সদস্য প্রার্থী হন। কিন্তু গত ১৭ ডিসেম্বর কেন্দ্রীয় নির্দেশে তিনি মনোনয়নপত্র প্রত্যাহার করে নেন। মায়ের মনোনয়নপত্র প্রত্যাহার হওয়ার কারণে নিগার গত ১৮ ডিসেম্বর স্বতন্ত্র প্রার্থী হিসেবে ঢেঁকি প্রতীকে সংসদ নির্বাচনের মাঠে ভোটের লড়াইয়ে নামেন। অন্যদিকে, নাহিদ নিগারে ভিকারুন্নেসা নুন স্কুল এন্ড কলেজ থেকে এসএসসি ও এইচএসসি পাস করে উচ্চতর ডিগ্রীর জন্য প্রবাসে যান। তিনি যুক্তরাজ্য থেকে অর্থনীতি ও আন্তর্জাতিক অর্থ বিষয়ে স্নাতকোত্তর ও কানাডার ওয়াটার লু বিশ্ববিদ্যালয় থেকে গণিত বিষয়ে ডিগ্রি নেন। পরে আনন্দ গ্রুপের ডেপুটি ম্যানেজিং ডিরেক্টরের দায়িত্ব পালনের মধ্য দিয়েই দ্বাদশ জাতীয় সংসদ নির্বাচনে সুন্দরগঞ্জ আসন থেকে স্বতন্ত্র প্রার্থী হিসেবে ভোট যুদ্ধে নামেন। বিষয়টি নিয়ে সদা মিষ্টভাষী নিগার বলেন, আমার নানা আশরাফ আলী, নানী আলতাফুন্নেছা, মামা শহীদ এমপি মঞ্জুরুল ইসলাম লিটন ও মা আফরোজা বারীর হাত ধরে ছোট বেলা থেকে আওয়ামী লীগের রাজনীতি দেখে আসছি।নির্বাচন প্রসঙ্গে বিশদভাবে জানতে চাইলে তিনি বলেন, আমার মা মনোনয়ন পত্র প্রত্যাহার করার পর সুন্দরগঞ্জ আওয়ামী লীগের নেতা-কর্মীরা যে মুহূর্তে হতাশাবোধ করছিলেন ঠিক সেই সময়টাতে তার উত্তরসূরী ও স্বতন্ত্র প্রার্থী হিসেবে আমাকে পাওয়ায় তারা তখন বেশ উজ্জীবিত হয়। ফলে স্থানীয় ও সাধারণ মানুষের সমর্থন ও ভালোবাসা পেতে শুরু করি। এরমধ্যে গত ১৮ ডিসেম্বর থেকে প্রতীক বরাদ্দ নিয়ে আমি রাজনীতির পথে পা বাড়াই। ঠিক ওই দিন থেকেই সক্রিয় রাজনীতিতে আমার যাত্রা শুরু হয়। পরে তফসিল অনুযায়ী মাত্র ২০ দিন সময়ে পুরা উপজেলায় জনসংযোগ ও উঠান বৈঠক শুরু করি। এতেই সাধারণ মানুষ আমার প্রতি আকৃষ্ট হয়ে ঢেঁকি প্রতীকে ৬৬ হাজার ৪৯ ভোটে সংসদ সদস্য হিসেবে নির্বাচিত করে।নিগারের পরিবার সম্পর্কে জানতে চাইলে তিনি বলেন, আমার স্বামী প্রকৌশলী ড. তারিকুল ইসলাম। আর আমার ২ মেয়ে ও ১ ছেলে নিয়ে আমাদের সংসার। সবশেষে তাকে সুন্দরগঞ্জের সংসদ সদস্য নির্বাচিত করায় এলাকাবাসীকে কৃতজ্ঞতা জানান তিনি। ",1,1,0,False
" যশোর-৬ (কেশবপুর) আসনে স্বতন্ত্র প্রার্থী উপজেলা ছাত্রলীগের সাবেক যুগ্ম আহ্বায়ক আজিজুল ইসলামের কাছে পরাজিত হয়েছেন জেলা আওয়ামী লীগের সাধারণ সম্পাদক ও নৌকা প্রতীকের প্রার্থী শাহীন চাকলাদার।জেলা রিটার্নিং অফিসার  জানান, স্বতন্ত্র প্রার্থী কৃষকলীগ নেতা আজিজুল ইসলামের কাছে  নৌকা প্রতীকের প্রার্থী শাহীন চাকলাদার ৯ হাজার ৬৭৮ ভোটে পরাজিত হয়েছেন।রবিবার (৭ জানুয়ারি) সকাল ৮টায় সারা দেশে একযোগে দ্বাদশ জাতীয় সংসদ নির্বাচনের ভোটগ্রহণ শুরু হয়। বিকেল ৪টা পর্যন্ত বিরতিহীনভাবে চলে এই কার্যক্রম।জেলা রিটানিং অফিসারের দেয়া তথ্য মতে, এই নির্বাচনে শাহীন চাকলাদার নৌকা প্রতীক নিয়ে ৩৯ হাজার ২৬৯ ভোট পেয়েছেন। বিজয়ী স্বতন্ত্র প্রার্থী আজিজুল ইসলাম ঈগল প্রতীক নিয়ে পেয়েছেন ৪৮ হাজার ৯৪৭ ভোট। অপর স্বতন্ত্র প্রার্থী আওয়ামী লীগ নেতা এইচ এম আমিন হোসেন ‘কাঁচি’ প্রতীকে পেয়েছেন ১৭ হাজার ২০৯ ভোট। এ ছাড়া জাতীয় পার্টির প্রার্থী জিএম হাসান ‘লাঙল’ প্রতীক নিয়ে পেয়েছেন ৬৪০ ভোট।শাহীন চাকলাদার যশোর-৬ আসন থেকে আওয়ামী লীগের মনোনীত প্রার্থী হিসেবে নৌকা প্রতীক নিয়ে নির্বাচনে অংশ নিয়েছিলেন। এ আসনে মোট কেন্দ্রের সংখ্যা ৮১টি। ২ লাখ ১৭ হাজার ৯২৪ ভোটারের মধ্যে ১ লাখ ৮ হাজার ৩১৭জন তাদের ভোটাধিকার প্রয়োগ করেন। এরমধ্যে বাতিল হয়েছে ২ হাজার ২৫২টি ভোট।",1,1,0,False
" চট্টগ্রাম- ১৫ আসনে গত তিনবারের সংসদ সদস্য বিতর্কিত প্রার্থী আবু রেজা মুহাম্মদ নিজামুদ্দিন নদভী নৌকা প্রতীক নিয়েও এবার বিজয়ী হতে পারেননি। এই আসনে ঈগল প্রতীক নিয়ে স্বতন্ত্র প্রার্থী আওয়ামী লীগ নেতা আব্দুল মোতালেব ৮৫ হাজার ৬২৮ ভোট পেয়ে বেসরকারিভাবে নির্বাচিত হয়েছেন। শোচনীয়ভাবে পরাজিত হয়েছেন নদভী, তার প্রাপ্ত ভোট মাত্র ৩৯ হাজার ২৫২ ভোট। চট্টগ্রাম -১ আসনে নৌকা প্রতীকে বেসরকারিভাবে বিজয়ী হয়েছেন মাহবুর উর রহমান রুহেল, পেয়েছেন ৮৯ হাজার ৬৪ ভোট, তার নিকটতম প্রতিদ্বন্দ্বী স্বতন্ত্র প্রার্থী আওয়ামী লীগ নেতা মোহাম্মদ গিয়াসউদ্দিন পেয়েছেন ৫২ হাজার ৯৯৫ ভোট।চট্টগ্রাম -২ ( ফটিকছড়িতে) নৌকা প্রতীক নিয়ে সব পুরুষ প্রার্থীকে পেছনে ফেলে বিপুল ভোটে বিজয়ী হয়েছেন খাদিজাতুল আনোয়ার সনি। তিনি পেয়েছেন ১ লাখ ৩৭০ ভোট। তার নিকটতম প্রতিদ্বন্দ্বী স্বতন্ত্র প্রার্থী ও আওয়ামী লীগ নেতা আবু তৈয়ব পেয়েছেন ৩৬ হাজার ৫৮৭ ভোট। চট্টগ্রাম -৯ আসনে নৌকা প্রতীকে বিজয়ী হয়েছেন ব্যারিস্টার মহিবুল হাসান চৌধুরী নওফেল, তিনি পেয়েছেন ১ লাখ ৩০ হাজার ৯৯৮, নাঙ্গল প্রতীক নিয়ে সাজিদ পেয়েছেন ১৯৮২ ভোট। চট্টগ্রাম-১১ আসনে নৌকা প্রতীক নিয়ে ৫১ হাজার ৪৯৪ ভোট পেয়ে বেসরকারিভাবে বিজয়ী হয়েছেন। তার নিকটতম প্রতিদ্বন্দ্বী কেটলি প্রতীক নিয়ে স্বতন্ত্র প্রার্থী হিসেবে আওয়ামী লীগ প্রার্থী জিয়াউল হক সুমন পেয়েছেন ৪৬ হাজার ৫২৫ ভোট। চট্টগ্রামের সাতকানিয়া-লোহাগাড়া আসনে এতদিন বিতর্কিত রাজনীতিবিদ নদভী ধরাশায়ী হওয়ায় দীর্ঘদিন পর এই আসনে আওয়ামী লীগের বিজয় হয়েছে বলে তৃণমূল পর্যায়ের নেতাকর্মীদের দাবি। কারণ নদভী মূলত: জামায়াত সমর্থিত এবং আওয়ামী লীগে অনুপ্রবেশকারী হিসেবেই পরিচিত ছিলেন। ",1,1,0,False
" দ্বাদশ জাতীয় সংসদ নির্বাচনে কুমিল্লার ১১টি আসনের মধ্যে চারটি আসনে আওয়ামী লীগের মনোনীত নৌকা প্রতীক নিয়ে প্রতিদ্বন্দ্বীতা করা বর্তমান চার এমপি স্বতন্ত্র প্রার্থীর কাছে ধরাশায়ী হয়েছেন। বাকি সাতটি আসনে আওয়ামী লীগের নতুন মুখের দুই প্রার্থী সহ বর্তমান পাঁচ এমপি জয় পেয়েছেন। ভোট গণনা শেষে কেন্দ্রগুলো থেকে প্রাপ্ত ফলাফলের ভিত্তিতে জানা গেছে, কুমিল্লার ১১টি আসনের মধ্যে সাতটিতে আওয়ামী লীগের মনোনীত নৌকা প্রতীকের প্রার্থী ও চারটিতে আওয়ামী লীগ ঘরনার চার স্বতন্ত্র প্রার্থী জয়লাভ করেছেন। বাকি সাতটি আসনে নৌকা প্রতীকের প্রার্থীরা জয় পেয়েছেন। রবিবার সন্ধ্যার পর কুমিল্লা টাউন হলে স্থাপিত কন্ট্রোলরুমে ১১টি আসনের ফলাফল আসতে শুরু করে। রাতে বেসরকারিভাবে এসব ফলাফল ঘোষণা করা হয়। আওয়ামী লীগের বর্তমান এমপিদের মধ্যে যারা স্বতন্ত্র প্রার্থীদের কাছে ধরাশায়ী হয়েছেন তারা হলেন কুমিল্লা-২ (হোমনা-মেঘনা) আসনের সেলিমা আহমাদ মেরী, কুমিল্লা-৩ (মুরাদনগর) আসনের ইউসুফ আবদুল্লাহ হারুন, কুমিল্লা-৪ (দেবিদ্বার) আসনের রাজী মোহাম্মদ ফখরুল ও কুমিল্লা-৫ (বুড়িচং-ব্রাহ্মণপাড়া) আসনের এডভোকেট আবুল হাসেম খান। রবিবার অনুষ্ঠিত নির্বাচনে ওই চারটি আসনে আওয়ামী লীগের প্রার্থীদের সঙ্গে হাড্ডাহাড্ডি লড়াই হয় প্রার্থীদের। ভোটের দিন সকাল থেকে বেলা ২টা পর্যন্ত আসন চারটিতে প্রতিদ্বন্দ্বী প্রার্থীর কর্মী সমর্থকদের মধ্যে চরম উত্তেজনা বিরাজ করলেও দুপুরের পর থেকে ফিরে আসে ভোটের পরিবেশ। বিকেলে ফলাফল গণনা শেষে সন্ধ্যার পর থেকে চারটি আসনের বিভিন্ন কেন্দ্রের ফলাফল আসতে শুরু করে। আসন চারটিতে আওয়ামী লীগের মনোনীত প্রার্থী স্বতন্ত্র প্রার্থীদের কাছে ভোটের ব্যবধানে পিছিয়ে পড়ার খবর আসতে থাকে। আর ওইসব আসনের স্বতন্ত্র প্রার্থীর কর্মী সমর্থকদের উল্লাস শুরু হয়। এদিকে কুমিল্লার যে সাতটি আসনে নৌকা জয় পেয়েছে সেখানেও স্বতন্ত্র প্রার্থীদের কর্মী সমর্থক ও নৌকার কর্মী সমর্থকদের মধ্যে টানটান উত্তেজনা বিরাজ করেছে। বিশেষ করে চান্দিনা, দাউদকান্দি ভোটের মাঠের উত্তেজনা ছিল চোখে পড়ার মতো। ভোটের লড়াইয়ে কুমিল্লা-২ (হোমনা-মেঘনা) আসনের নৌকার প্রার্থী বর্তমানে এমপি সেলিমা আহমাদ মেরী ধরাশায়ী হয়েছেন ট্রাক প্রতীকের স্বতন্ত্র প্রার্থী  হোমনা উপজেলা আওয়ামী লীগের সভাপতি শিক্ষাবিদ অধ্যাপক মোঃ আব্দুল মজিদের কাছে। কুমিল্লা-৩ (মুরাদনগর) আসনে ঈগল প্রতীকের স্বতন্ত্র প্রার্থী কুমিল্লা উত্তর জেলা আওয়ামী লীগের সাবেক সাধারণ সম্পাদক জাহাঙ্গীর আলম সরকারের কাছে ভোটের লড়াইয়ে হেরে গেলেন ওই আসনের বর্তমান এমপি নৌকা প্রতীকের ইউসুফ আবদুল্লাহ হারুন।কুমিল্লা-৪ (দেবিদ্বার) আসনের বর্তমান এমপি নৌকা প্রতীকের রাজী মোহাম্মদ ফখরুল হাড্ডাহাড্ডি লড়াইয়ে পরাজিত হয়েছেন ঈগল প্রতীকের স্বতন্ত্র প্রার্থী উত্তর জেলা আওয়ামী লীগের সাংগঠনিক সম্পাদক ও সদ্য পদত্যাগ করা দেবিদ্বার উপজেলা পরিষদ চেয়ারম্যান আবুল কালাম আজাদের কাছে। কুমিল্লা-৫ (বুড়িচং-ব্রাহ্মণপাড়া) আসনে আওয়ামী লীগের বর্তমান এমপি ও নৌকা প্রতীকের প্রার্থী এডভোকেট আবুল হাসেম খান বড় ব্যবধানে পরাজিত হয়েছেন কেটলি প্রতীকের স্বতন্ত্র প্রার্থী ও কুমিল্লা দক্ষিণ জেলা আওয়ামী লীগের ত্রাণ ও সমাজ কল্যাণ সম্পাদক এম এ জাহেরের কাছে। এদিকে কুমিল্লার সাতটি আসনে বড় জয় পেয়েছেন নৌকা প্রতীকের আওয়ামী লীগের নতুন মুখের দুই প্রার্থী সহ বর্তমান পাঁচ এমপি। তারা হলেন - কুমিল্লা-১ (দাউদকান্দি-তিতাস) আসনের নতুন মুখ ইঞ্জিনিয়ার আব্দুস সবুর, কুমিল্লা-৬ (সদর, সিটি কর্পোরেশন) আসনের বর্তমান এমপি আ ক ম বাহাউদ্দিন বাহার, কুমিল্লা-৭ (চান্দিনা) আসনের বর্তমান এমপি ডা. প্রাণ গোপাল দত্ত, কুমিল্লা-৮ (বরুড়া) আসনের নতুন মুখ আবু জাফর মোহাম্মদ সফিউদ্দিন, কুমিল্লা-৯ (লাকসাম-মনোহরগঞ্জ) আসনের বর্তমান এমপি ও এলজিআরডি মন্ত্রী মো. তাজুল ইসলাম, কুমিল্লা-১০ (নাঙ্গলকোট, সদর দক্ষিণ,লালমাই) আসনের বর্তমান এমপি ও অর্থমন্ত্রী আ হ ম মুস্তাফা কামাল এবং কুমিল্লা-১১ (চৌদ্দগ্রাম) আসনের বর্তমান এমপি ও সাবেক রেলপথ মন্ত্রী মুজিবুল হক মুজিব।",1,1,0,False
"কুষ্টিয়া-২ (মিরপুর-ভেড়ামারা) আসনে স্বতন্ত্র প্রার্থীর কাছে হেরে গেলেন নৌকা প্রতীকের প্রার্থী, জাসদ সভাপতি হাসানুল হক ইনু। তার আসনে জয়ী হয়েছেন ট্রাক প্রতীকের স্বতন্ত্র প্রার্থী কামারুল আরেফিন। আজ রবিবার রাতে বেসরকারিভাবে ঘোষিত ফলে জয়লাভ করেন ট্রাকের প্রার্থী।গত তিনবারের সংসদ সদস্য (এমপি) ইনু নৌকা প্রতীক নিয়ে পেয়েছেন ৯২ হাজার ৪৪৫ ভোট। ট্রাক প্রতীক ১ লাখ ১৫ হাজার ৭৯৯ ভোট পেয়েছেন কামারুল আরেফিন। এর ফলে ২৩ হাজার ৩৫৪ ভোটের ব্যবধানে হেরেছেন ইনু।আজ রবিবার সকাল ৮টা থেকে বিকেল ৪টা পর্যন্ত ব্যালটে ভোটগ্রহণ হয়। এরপর মোট ১৬১ কেন্দ্রের সবগুলোর ভোট গণনা শেষে রাত ৯টার দিকে এ ফল জানানো হয়।",1,1,0,False
"ঢাকা দক্ষিণ সিটি করপোরেশনের ঢাকা-৫ আসনের ডেমরার এম এ ছাত্তার উচ্চ বিদ্যালয় ও সারুলিয়া প্রাথমিক বিদ্যালয়। সকাল ৮টা থেকে ভোটগ্রহণ শুরু হলেও ভোটারদের উপস্থিতি হাতেগোনা। কেন্দ্রের বাইরে ব্যাপক লোক সমাগম দেখা গেলেও ভিতর অনেকটাই ফাঁকা।ট্রাক প্রতীকের স্বতন্ত্র প্রার্থী আলহাজ্ব মশিউর রহমান সজলের অভিযোগ, ভোটারদের কেন্দ্রে ঢুকতে দিচ্ছেন না নৌকার প্রার্থীরা। একই সঙ্গে এজেন্টদের হুমকি দেওয়া হচ্ছে বলেও জানান তিনি।বেলা ১২টার দিকে গিয়ে দেখা যায়, এ দুই কেন্দ্রের বাইরে নৌকা, ট্রাক ও ঈগলের সমর্থকদের ভিড়। ভেতরে গিয়ে দেখা যায় উল্টো চিত্র। ভোটারদের অপেক্ষায় পোলিং অফিসাররা।পুরুষ ভোটারকেন্দ্র এম এ ছাত্তার উচ্চ বিদ্যালয়ে মোট ভোটার ৩ হাজার ২৫৩ জন। বেলা ১২টা পর্যন্ত চার ঘণ্টায় সাতটি বুথে পড়েছে ৩৫১ ভোট।নারী ভোটারকেন্দ্র পাশের সারুলিয়া সরকার প্রাথমিক বিদ্যালয়ে মোট ভোটার ৩ হাজার ৪৬ জন। প্রথম দুই ঘণ্টায় ৭০টি, বাকি দুই ঘণ্টায় বেড়ে ২৭২ ভোটে দাঁড়িয়েছে। ট্রাক প্রতীকের স্বতন্ত্র প্রার্থী আলহাজ্ব মশিউর রহমান সজল আমাদের সময়কে বলেন, ভোটকেন্দ্রের বাইরে বহু লোক দেখা যাচ্ছে। কিন্তু ভোটকেন্দ্র ফাঁকা। কারণ, আমার ভোটারদের ঢুকতে দেওয়া হচ্ছে না। এজেন্ট থাকলেও ভোটার ভেতরে আসতে না পারলে লাভ কী? আমার সামনেই আমার এজেন্টকে হুমকি দেওয়া হচ্ছে। এটা দুঃখজনক। অধিকাংশ কেন্দ্রে তাই হচ্ছে।তবে অভিযোগ অস্বীকার করেছেন এম এ ছাত্তার কেন্দ্রের প্রিজাইডিং অফিসার মো. মজিবুর রহমান। তিনি বলেন, কাউকে ভয়ভীতি দেখানোর কোনো অভিযোগ এখনো পাইনি। ভোটার উপস্থিতি কম হওয়ায় ভোট কম পড়ছে। মজিবুর রহমান বলেন, যারা ভোট দেওয়ার দিয়েছে। ধীরে ধীরে ভোটার উপস্থিতি বাড়ছে।  সারুলিয়া প্রাথমিক বিদ্যালয়ের প্রিজাইডিং অফিসার মো. রিয়াজুল ইসলাম বলেন, ভোটের পরিবেশ ঠিকঠাক আছে। কোনো অনাকাঙ্ক্ষিত ঘটনা ঘটেনি। তবে ভোটার উপস্থিতি কম মনে হচ্ছে।এদিকে এ আসনে ১৩ জন প্রার্থী থাকলেও পোলিং অফিসার দেখা গেছে মাত্র তিন প্রার্থীর। ট্রাক ছাড়াও নৌকা ও ঈগলের পোলিং অফিসার রয়েছে। বাকি প্রার্থীদের কাউকে দেখা যায়নি।দ্বাদশ জাতীয় সংসদ নির্বাচনের এ আসন ডেমরার পাশাপাশি যাত্রাবাড়ী নিয়ে গঠিত। এ আসনে মোট ভোটার ৪ লাখ ৯০ হাজার ৭৬৪ জন। এর মধ্যে পুরুষ ২ লাখ ৫১ হাজার ৫১৭ জন, নারী ভোটার ২ লাখ ৩৯ হাজার ২৪৪ জন। এছাড়া তৃতীয় লিঙ্গের ভোটার রয়েছেন তিনজন। তাদের ভোটগ্রহণ চলছে ১৮৭টি কেন্দ্রের ১ হাজার ৮৯টি ভোটকক্ষে।",1,1,0,False
"জনগণ দ্বাদশ জাতীয় সংসদ নির্বাচনের প্রত্যাখান করেছে করেছে দাবি করে তাদের অভিনন্দন জানাল বিএনপি। আজ রবিবার রাতে বিএনপির পক্ষে পাঠানো এক বিবৃতিতে জনগণকে এ অভিনন্দন জানান দলের সিনিয়র যুগ্ম মহাসচিব রুহুল কবির রিজভী।বিবৃতিতে রুহুল কবির রিজভী বলেন, ‘নির্বাচন নিয়ে অবৈধ সরকারের তোড়জোড়ে বিএনপিসহ সমমনা দলগুলো শুরু থেকেই অবাধ ও সুষ্ঠু নির্বাচনের ওপর গুরুত্বারোপ করে। অবৈধ সরকারের পদত্যাগ ও নির্বাচনকালীন নির্দলীয় তত্ত্বাবধায়ক সরকার পুনঃপ্রতিষ্ঠার দাবিতে কার্যকর আন্দোলন চালিয়ে আসছে।’তিনি বলেন, ‘জনসমর্থনে বিএনপিসহ গণতন্ত্রকামী দলগুলোর আন্দোলন অব্যাহত থাকলেও শেখ হাসিনা রাষ্ট্রযন্ত্রে নিজের ‘‘সেটআপে’’ জাতীয় নির্বাচন সম্পাদন করতে অনঢ় থাকেন। ফলশ্রুতিতে আন্দোলনরত অধিকাংশ জনগোষ্ঠীর আকাঙ্ক্ষা ও দাবিকে অগ্রাহ্য করে তামাশার নির্বাচন করতে উঠেপড়ে লাগে।’বিএনপির সিনিয়র যুগ্ম মহাসচিব বলেন, ‘বিএনপিসহ সমমনা দলগুলো শেখ হাসিনার একতরফা নির্বাচন বর্জনের ডাক দেয়। নেমে আসে স্বৈরাচারী সরকারের জুলুম-নিপীড়ন-নির্যাতন, বন্দী করা হয় বিএনপির শীর্ষ নেতাসহ হাজার হাজার নেতাকর্মীকে। তবে বিরোধীদলগুলোর ডাকে সাড়া দিয়ে সংহতি জানায় সংগ্রামী জনগণ। ফলে আজকের জালিয়াতির নির্বাচন দৃঢ়তার সঙ্গে প্রত্যাখান করে জনগণ এবং গণতন্ত্রকামী মানুষের বিজয় নিশ্চিত হয়।’বিবৃতিতে রুহুল কবির রিজভী বলেন, ‘আজকের জালিয়াতির নির্বাচনে যেটি উন্মোচিত হয়েছে তা হলো বাংলাদেশের জনগণের গণতান্ত্রিক আকাঙ্ক্ষা ও উদ্দীপনাকে সম্পূর্ণরুপে অপমান করা। নির্বাচন বলে দাবি করে শাসকদল আত্মশ্লাঘা লাভ করলেও ভোটকেন্দ্রের চরম অনিয়ম ও সহিংসতা ঢাকতে পারেনি তারা। এগুলো স্পষ্ট হয়েছে যারা সরকারের গোপন আশীর্বাদ পায়নি সেসব প্রার্থীদের জালিয়াতির অভিযোগে প্রার্থিতা প্রত্যাহারের হিড়িকে।’তিনি বলেন, ‘ভোটকেন্দ্রের ছবি ও ভিডিওতে নজিরবিহীন ভোট কেলেঙ্কারির খবর প্রতি মুহূর্তে প্রকাশ পেয়েছে। ঢাকার বাইরেও জনশূন্য কেন্দ্রে ভোটারদের নিয়ে আসতে পারেনি সরকার, নির্বাচন কমিশন ও দলীয় ক্যাডারদের নানা কারসাজি, হুমকি ও কাকুতি-মিনতি সত্বেও।’বিবৃতিতে রিজভী বলেন, ‘বিএনপিসহ ৬৩টি গণতন্ত্রমনা রাজনৈতিক দল নির্বাচন বর্জন করা সত্বেও দেশের প্রতিটি আসন ও কেন্দ্রে আওয়ামী লীগ যেভাবে সংঘবদ্ধভাবে কারচুপি ও সংঘাত করেছে, একের পর এক যেসব ছবি, ভিডিও ও তথ্য আমরা গণমাধ্যম ও সামাজিক যোগাযোগমাধ্যমে দেখতে পেয়েছি তাতে এটিই পুনঃপ্রমাণিত, শেখ হাসিনার অধীনে কোনো অবাধ, সুষ্ঠু, অংশগ্রহণমূলক, প্রতিযোগিতামূলক ও শান্তিপূর্ণ নির্বাচন সম্ভব নয়।’বিএনপির এ নেতা বলেন, ‘সাংবিধানিক প্রতিষ্ঠান স্বাধীন ও দৃঢ় না হলে রাষ্ট্রের সমূহ ক্ষতি সাধিত হয়। বর্তমান নির্বাচন কমিশন তার প্রমাণ। আওয়ামী ফ্যাসিবাদের তল্পিবাহক হওয়ায় তারা নির্বাচনের নামে ছিনিমিনি খেলেছে। সকালে প্রধান নির্বাচন কমিশনার ভোটকেন্দ্রে নৌকার প্রার্থীর এজেন্ট ছাড়া আর কাউকে দেখেননি। অথচ আরেকজন নির্বাচন কমিশনার বললেন ৫১ শতাংশ ভোট পড়বে।’তিনি বলেন, ‘ভোট গ্রহণ শুরু থেকে কয়েক ঘণ্টা পর নির্বাচন কমিশন থেকে বলা হয় ১৮ দশমিক ৫০ শতাংশ ভোট পড়েছে। পুলিশ প্রধান বলেছেন, ‘‘যথেষ্ট ভোটার উপস্থিতির সংবাদ পাচ্ছি।’’ এসব বক্তব্য আগাম প্রস্তুতি বলে মনে হয়, এগুলো নির্বাচন শেষে বেশি ভোট ঘোষণা করার পটভূমি।’রিজভী বলেন, ‘সব স্বৈরাচারের রীতিই হলো জনগণ কর্তৃক প্রত্যাখ্যাত ভোটে ভোটার বেশি দেখানো। গণবিরোধী সরকারের পারিষদবর্গ ও আজ্ঞাবাহী রাষ্ট্রযন্ত্রের চোখ রাঙানিকে উপেক্ষা করে দেশের ১২ কোটি ভোটারের প্রায় সবাই একযোগে এই প্রহসনমূলক নির্বাচনকে বর্জন করেছেন। বাংলাদেশের জনগণের এই বীরোচিত অবস্থান মূলতঃ গণতন্ত্র পুনঃপ্রতিষ্ঠার জন্য। গণতন্ত্রের পক্ষের শক্তি সমূহের চলমান সংগ্রামের প্রতি স্বতঃস্ফুর্ত সমর্থন এবং শেখ হাসিনার পদত্যাগের জন্য গণদাবির সুদৃঢ় প্রতিফলন।’তিনি বলেন, ‘বাংলাদেশের গণতন্ত্রকামী জনগণ আজ ঐক্যবদ্ধভাবে ও সাহসিকতার সঙ্গে যেভাবে ডামি নির্বাচনকে প্রত্যাখান করেছেন, বাংলাদেশ জাতীয়তাবাদী দল-বিএনপি তার জন্য দেশবাসীকে অভিনন্দন জানাচ্ছে।’",1,1,0,False
"ঢাকা-৭ আসনের ভোটার রাশিদা বেগম। বয়স পয়তাল্লিশ। একমাস আগেই কোমর এবং হাটু অপারেশন হয়েছে। এক হাতে স্ট্রেচার নিয়ে এসেছেন ঢাকা সাত আসনের ইসলামীয়া উচ্চ বিদ্যালয় কেন্দ্রে ভোট দিতে।অসুস্থ অবস্থায় ভোট দিতে এসেছেন কেন, এমন প্রশ্নের জবাবে তিনি বলেন, ‘চল্লিশ বছর থেকে কামার বাগ এলাকায় আছি। প্রতিবারই ভোট দিতে আসি। এবারে না আসলে তো একটা ভোট নষ্ট হইতো। মায়া লাগে একটা ভোট নষ্ট হইতে দিতাম না এজন্য অসুস্থ অবস্থায় ভোট দিতে চলে আসছি।’সঙ্গে আসা রাশিদা বেগমের ছেলে বলেন, ‘আম্মা অসুস্থ তারপরও জেদ ধরেছেন ভোট দিতে আসবেন। তাই নিয়ে আসলাম এখন ভোট দিয়ে আম্মা খুশি।’একই কেন্দ্রে ভোট দিতে এসেছেন দুজন নতুন ভোটার মরিয়ম এবং আশা। প্রথমবার ভোট দিতে পেরে উচ্ছ্বসিত তারা। জানতে চাইলে মরিয়ম বলেন, ‘প্রথমবার ভোট দিলাম ভালো লাগছে খুব।",1,1,0,False
"দ্বাদশ জাতীয় সংসদ নির্বাচন নিয়ে প্রধানমন্ত্রী ও আওয়ামী লীগ সভানেত্রী শেখ হাসিনার কৌশলী চাল সফল হয়েছে, এমন কথা বলা ভুল হবে না। প্রধান বিরোধী দল বিএনপির বর্জনের মধ্যে সারাদেশে গড়ে ৪০ শতাংশ ভোটারের উপস্থিতি নিঃসন্দেহে এ নির্বাচন নিয়ে প্রশ্ন তোলার অবকাশ রাখেনি। তা ছাড়া নির্বাচন নিয়ে বিদেশি পর্যবেক্ষকদের অভিমতও নির্বাচনের গ্রহণযোগ্যতা তুলে ধরে। ফলাফলে দেখা যাচ্ছে অনেক হেভিওয়েট প্রার্থী এবং বর্তমান সরকারের মন্ত্রীও নির্বাচনে পরাজিত হয়েছে। এটিও সুষ্ঠু নির্বাচনের প্রমাণ দেয়। এখন দেখার বিষয় হলো, যুক্তরাষ্ট্রসহ যেসব পশ্চিমা দেশ নির্বাচন নিয়ে সরকারের ওপর চাপ প্রয়োগ করেছিল তারা কী ভূমিকা নেয়। অভ্যন্তরীণভাবে দেশবাসীর জন্য কৌতূহলের বিষয় হবে আগামী সংসদে বিরোধী দলের আসন কারা নেবে সে প্রশ্নের কী মীমাংসা হচ্ছে তা।এ লেখাটি যখন লিখছি তখনো ফলাফল সম্পূর্ণ হাতে আসেনি, তবে মনে হচ্ছে স্বতন্ত্র প্রার্থীরা সংসদে দ্বিতীয় অবস্থানে থাকছে। এ ক্ষেত্রে বলা যায়, তারা একজোট হয়ে স্বতন্ত্র দল নামে একটি দল গঠন করতে পারে। এখানে উল্লেখ করা যায় ভারতে ক্ষমতাসীন কংগ্রেস থেকে বেরিয়ে এসে ১৯৫৯ সালে সেদেশের প্রবীণ রাজনীতিবিদ চক্রবর্তী রাজা গোপালাচারি গঠন করেছিলেন স্বতন্ত্রী পার্টি। তার সাথে ছিলেন বিখ্যাত সমাজতত্ত্ববিদ মিনু মাসানি, তরুণ রাজনীতিক পিলু মোদি প্রমুখ। গোপালাচারি মনে করতেন জওহরলাল নেহরুর নেতৃত্বে কংগ্রেস ক্রমেই বামপন্থি দলে পরিণত হচ্ছে। তাই তিনি মধ্য ডানপন্থি দল হিসেবে স্বতন্ত্র পার্টি গঠন করেছিলেন। দলটি ১৯৭৪ সন পর্যন্ত সক্রিয় ছিল, পরে ভারতীয় লোকদলের সঙ্গে একীভূত হয়। এদেশে অনেকের প্রত্যাশা হলো মুক্তিযুদ্ধের মাধ্যমে অর্জিত দেশের বিরোধী দলও হবে মুক্তিযুদ্ধের চেতনা ও ইতিহাসে বিশ্বাসী ও তাতে দায়বদ্ধ। আন্তরিকভাবে চেষ্টা করলে এদেশের স্বতন্ত্র দল এমন ভূমিকা পালন করতে পারে। এখানে হয়তো সমালোচনাটা হতে পারে যে বর্তমান আওয়ামী লীগ ক্রমেই দক্ষিণপন্থা ও রাজনীতিতে ধর্মকে ব্যবহারের দিকে ঝুঁকছে। তার বিকল্প মধ্যবাম দল গঠন হবে এখন ইতিহাসের দাবি।যা-ই হোক আপাতত বলতে হবে যে এ নির্বাচনে রাজনীতিক শেখ হাসিনা বিজয়ী হয়েছেন। তাকে আমরা অভিনন্দন জানাই। এবার চতুর্থ দফায় তার কাছে দেশবাসীর কামনা হবে উন্নয়নের ধারা অব্যাহত রাখার পাশাপাশিÑ ১. সরকার ও প্রশাসনের স্বচ্ছতা ও জবাবদিহিতা প্রতিষ্ঠা, ২. সুশাসন নিশ্চিত করা, ৩. অর্থনীতিতে শৃঙ্খলা ফিরিয়ে আনা ও দুর্নীতি বন্ধ করা, ৪. দলীয় নেতা-কর্মীদের ক্ষমতার দাপট বন্ধ করা এবং ৫. সমালোচনা ও মতপ্রকাশের স্বাধীনতার বিষয়ে আন্তরিক ভূমিকা গ্রহণ। আশা করি শেখ হাসিনা এদিকে নজর দেবেন।সব শেষে বলতে হবে যে বিএনপির নির্বাচন বর্জনের সিদ্ধান্ত ভুল ছিল। আর নির্বাচন চলাকালে ও নির্বাচনের পর তাদের নেতাদের বক্তব্য বাস্তবতার সাথে সঙ্গতিপূর্ণ হয়নি। বর্জন ও প্রতিরোধের লাইনে চললে যে কোনো দলকে সহিংসতার দায় নিতে হয় যা শেষ পর্যন্ত দলের ভাবমূর্তি ক্ষতিগ্রস্ত করে। দ্বাদশ সংসদ নির্বাচনের পর বিএনপির জন্য সুস্থ ধারার রাজনীতি এগিয়ে নেওয়া আরও কঠিন হয়ে পড়ল।বিজয়ী দলকে অভিনন্দন জানিয়ে আমরা স্মরণ করিয়ে দেব দেশবাসী চায় শান্তিপূর্ণ পরিবেশ। বড় দলসহ সব রাজনৈতিক দলের কাছ থেকেই কাম্য হলো দায়িত্বশীল দেশপ্রেমিক ভূমিকা। আশা করি তাদের দায়িত্বের কথা রাজনীতিবিদরা মনে রাখবেন।",1,1,0,False
"সাধারণত জাতীয় নির্বাচনে বন্ধ থাকে গণপরিবহন। কিন্তু এবার আজ ভোটের দিন গণপরিবহন চলাচলের অনুমতি রয়েছে। তবে ট্যাক্সিক্যাব, পিকআপ ভ্যান, মাইক্রোবাস ও ট্রাক চলাচলে আজ রাত ১২টা পর্যন্ত নিষেধাজ্ঞা রয়েছে। আর গত শুক্রবার রাত ১২টা থেকে আগামীকাল রাত ১২টা পর্যন্ত নিষেধাজ্ঞা রয়েছে মোটরসাইকেল চলাচলে। যদিও আইনশৃঙ্খলা বাহিনী, প্রশাসন, নির্বাচন পর্যবেক্ষক দল ও জরুরি সেবা কাজে নিয়োজিত যানবাহন, চিকিৎসক ও অনুরূপ কাজে ব্যবহৃত দ্রব্যাদি ও সংবাদপত্র বহনকারী সব ধরনের যানবাহন এই নিষেধাজ্ঞার আওতাভুক্ত থাকবে। সড়ক পরিবহন ও মহাসড়ক বিভাগের প্রজ্ঞাপনে এ তথ্য জানানো হয়।এ ছাড়া আত্মীয়স্বজনের জন্য বিমানবন্দরে যাওয়া-আসার জন্য ব্যবহৃত যানবাহন (টিকিট বা অনুরূপ প্রমাণ প্রদর্শন) এবং দূরপাল্লার যাত্রী বহনকারী অথবা দূরপাল্লার যাত্রী হিসেবে স্থানীয় পর্যায়ে যাতায়াতের জন্য যে কোনো যানবাহন চলাচল করতে পারবে।প্রতিদ্বন্দ্বী প্রার্থীর জন্য ১টি, তাদের এজেন্টের জন্য ১টি গাড়ি রিটার্নিং অফিসারের অনুমোদন সাপেক্ষে চলাচল করতে পারবে। সাংবাদিক, পর্যবেক্ষক অথবা জরুরি কোনো কাজে ব্যবহৃত মোটরসাইকেল রিটার্নিং অফিসারের অনুমোদন নিয়ে চলাচল করতে পারবে।",1,1,0,False
"পশ্চিমা দেশগুলোর নির্বাচনে কোনো খানে ২৫-৩০ শতাংশের বেশি ভোটার নাই বলে দাবি করেছেন মুক্তিযুদ্ধবিষয়ক মন্ত্রী ও গাজীপুর-১ আসনের নৌকার প্রার্থী আ ক ম মোজাম্মেল হক। আজ রবিবার বিকেলে গাজীপুরের জয়দেবপুর সরকারি বালিকা উচ্চ বিদ্যালয় কেন্দ্রে ভোট প্রদান শেষে সাংবাদিকদের সঙ্গে আলাপকালে তিনি এ কথা বলেন।প্রত্যাশা অনুযায়ী ভোটারদের কেন্দ্রে আনা যায়নি কেন—এমন প্রশ্নের জবাবে মন্ত্রী আ ক ম মোজাম্মেল হক বলেন, ‘আন্তর্জাতিকভাবে গ্রহণযোগ্য ভোটারের উপস্থিতি ছিল নির্বাচনে। পশ্চিমা দেশগুলোর নির্বাচনে কোনো খানে ২৫-৩০ শতাংশের বেশি ভোটার নাই। আমেরিকাতেও না, ইংল্যান্ডেও না।’ তিনি বলেন, ‘লোকাল ইলেকশনে যেমন ভোটার হয়, জাতীয়তে সে পরিমাণে হয় না। কারণ লোকাল ইলেকশনে মেম্বার, চেয়ারম্যান, কাউন্সিলর, মেয়র সাহেবরা বাড়ি বাড়ি গিয়ে ভোট নিয়ে আসে, জাতীয় নির্বাচনে সেটা সম্ভব হয় না।’আ ক ম মোজাম্মেল হক আরও বলেন, ‘আমি মনে করি, আন্তর্জাতিকভাবে গ্রহণযোগ্য পার্সেন্টেজ উপস্থিতি ছিল। মানে এক-তৃতীয়াংশ।’ নির্বাচনের পরিবেশ অত্যন্ত সুন্দর এবং সুষ্ঠু ছিল জানিয়ে আওয়ামী লীগের এই নেতা বলেন, ‘গ্রহণযোগ্যতো বটেই একটি অবাধ নির্বাচন আজ পুরো জাতি দেখেছে। যারা বলতেন শেখ হাসিনার আমলে সুষ্ঠু নির্বাচন হয় না; আমার মনে হয় জনগণ তার জবাব দিয়েছে।’নির্বাচন কমিশন ও আইনশৃঙ্খলা রক্ষাবাহিনীর প্রতি কৃতজ্ঞতা জানিয়ে মন্ত্রী বলেন, ‘এত কিছুর পরেও নির্বাচন কমিশন একটি সুষ্ঠু, সুন্দর ভোট আয়োজন করতে সক্ষম হয়েছে। এই নির্বাচনের মাধ্যমে শেখ হাসিনার সরকারের জাতীয় ও আন্তর্জাতিক ক্রেডিবিলিটি অনেক বৃদ্ধি পেয়েছে।’ নিজের জয়ের ব্যাপারে আ ক ম মোজাম্মেল হক বলেন, ‘আমি শতভাগ আশাবাদী। কারণ জনগণের সঙ্গে দীর্ঘদিন কাজ করেছি। তারাও আমাকে সেভাবে মূল্যায়ন করেছে। আশা করি, সেভাবেই তারা তাদের রায় দেবে।",1,1,0,False
"দ্বাদশ জাতীয় সংসদ নির্বাচনে গাজীপুর সিটি করপোরেশনের সাবেক মেয়র জাহাঙ্গীর আলমের সমর্থন পাওয়া দুই স্বতন্ত্র প্রার্থী হেরে গেছেন। দুটি আসনে মন্ত্রী ও প্রতিমন্ত্রীর বিরুদ্ধে অবস্থান নিয়ে দুই প্রার্থীকে নিয়ে চ্যালেঞ্জ নিয়েছিলেন তিনি।ওই দুজন হলেন গাজীপুর-১ আসনের স্বতন্ত্র প্রার্থী রেজাউল করিম রাসেল ও গাজীপুর-২ আসনের কাজী আলীম উদ্দিন।তবে গাজীপুর-৫ আসনের স্বতন্ত্র প্রার্থী জেলা পরিষদের সাবেক চেয়ারম্যান আখতারউজ্জামান প্রায় ১৫ হাজার ভোট বেশি পেয়ে জয়ী হয়েছেন।বেসরকারি ফলাফল অনুযায়ী গাজীপুর-১ আসনে নৌকা প্রতীক নিয়ে বেসরকারিভাবে বিজয়ী হয়েছেন মুক্তিযুদ্ধবিষয়ক মন্ত্রী আ ক ম মোজাম্মেল হক (নৌকা)। তিনি পেয়েছেন ১ লাখ ৯ হাজার ২১৮ ভোটতিনি। তার নিকটতম প্রতিদ্বন্ধী স্বতন্ত্র প্রার্থী রেজাউল করিম রাসেল ট্রাক প্রতীকে পেয়েছেন ৯২ হাজার ৭৮৮ ভোট।গাজীপুর-২ (গাজীপুর সিটির একাংশ ও গাজীপুর ক্যান্টনমেন্ট এলাকা) আসনে নৌকা প্রতীক নিয়ে বিজয়ী হয়েছেন যুব ও ক্রীড়া প্রতিমন্ত্রী জাহিদ আহসান রাসেল। তিনি পেয়েছেন ১ লাখ ৪ হাজার ৪৭৭ ভোট। তার নিকটতম প্রতিদ্বন্ধী স্বতন্ত্র প্রার্থী কাজী আলিম উদ্দিন ট্রাক প্রতীকে পেয়েছেন ৮৪ হাজার ১২৯ ভোট।এ বিষয়ে জাহাঙ্গীর আলম বলেন, ‘আমি হারিনি, হেরেছেন তারা (আ ক ম মোজাম্মেল হক ও জাহিদ আহসান রাসেল)। তারা আওয়ামী লীগকে দুর্বল করেছেন। দুই মন্ত্রীর বোঝা উচিত ছিল, আওয়ামী লীগের লোকজন ২ লাখ ভোট তাদের বিপক্ষে দিয়েছে।’ভোটের পরিসংখ্যান তুলে ধরে জাহাঙ্গীর আলম বলেন, ‘২০১৮ সালের ভোটে আ ক ম মোজাম্মেল পাইছিলেন প্রায় ৪ লাখ ভোট। এ বছর পাইছেন ১ লাখ ভোট। তাহলে আওয়ামী লীগের ৩ লাখ ভোট তার থেকে সরে গেছে। আর জাহিদ আহসান রাসেল পাইছিলেন পৌনে ৫ লাখ ভোট। এবার ৩ লাখ ভোট ছুইটা গেছে। তার মানে দেখেন, আওয়ামী লীগের মন্ত্রীর ভোট আওয়ামী লীগ থেকে ছুটে গেছে।’আওয়ামী লীগের স্থানীয় নেতাকর্মীরা বলেন, গত বছরের ২৫ মে গাজীপুর সিটি করপোরেশন নির্বাচন অনুষ্ঠিত হয়। সেই নির্বাচনে মেয়র প্রার্থী হয়েছিলেন জাহাঙ্গীর আলম। খেলাপি ঋণ থাকার কারণে তার মনোনয়নপত্র বাতিল করে নির্বাচন কমিশন। আপিল করেও মনোনয়ন ফিরে না পাওয়ায় মা জায়েদা খাতুনকে নিয়ে নির্বাচনী মাঠে নামেন তিনি। দলীয় সিদ্ধান্ত অমান্য করে নির্বাচনী মাঠে থাকায় তাকে স্থায়ীভাবে বহিষ্কার করে আওয়ামী লীগ। নিজের মনোনয়ন বাতিল, দলীয় পরিচয় হারানোর পরও মাকে নিয়ে নির্বাচনী মাঠে দৃঢ় অবস্থান নেন জাহাঙ্গীর আলম। ভোটে আওয়ামী লীগের প্রার্থী আজমত উল্লা খানকে হারিয়ে জয়ী হন জাহাঙ্গীর আলমের মা জায়েদা খাতুন।এর আগে বঙ্গবন্ধুকে নিয়ে একটি বিতর্কিত বক্তব্যের জেরে জাহাঙ্গীর আলমকে দলীয় পদ হারাতে হয়। সাময়িক বরখাস্ত করা হয় মেয়র পদ থেকে। তার বরখাস্তের পেছনে মুক্তিযুদ্ধবিষয়ক মন্ত্রী আ ক ম মোজাম্মেল হক এবং যুব ও ক্রীড়া প্রতিমন্ত্রী জাহিদ আহসান রাসেলের হাত ছিল বলে বিভিন্ন সময়ে দাবি করেন জাহাঙ্গীর আলম।এ কারণে এবার সংসদ নির্বাচনে নিজে প্রার্থী না হয়ে গাজীপুর-১ আসনের স্বতন্ত্র প্রার্থী রেজাউল করিম রাসেল, গাজীপুর-২ আসনের কাজী আলীম উদ্দিন ও গাজীপুর-৫ আসনের স্বতন্ত্র প্রার্থী আখতারউজ্জামানকে সমর্থন দেন জাহাঙ্গীর আলম।গত ১৮ ডিসেম্বর প্রতীক বরাদ্দের পর থেকে এই তিন প্রার্থীর পক্ষে ব্যাপক প্রচার-প্রচারণা চালান জাহাঙ্গীর আলম। নির্বাচনের ফলাফল বিশ্লেষণ করে দেখা গেছে, গাজীপুরে পাঁচটি আসনের চারটিতেই জয়লাভ করেছে ক্ষমতাসীন আওয়ামী লীগ। একটি আসনে নৌকার প্রার্থীকে পরাজিত করে স্বতন্ত্র প্রার্থী জয়লাভ করেছেন।জাহাঙ্গীর আলম বলেন, ‘আমি চারটি আসনের প্রার্থীর পক্ষে ছিলাম। সেখানে দুজন প্রার্থী হেরেছেন। কিন্তু অন্য দুজন জিতেছেন। আমি সিমিন হোসেন রিমির (গাজীপুর-৪) পক্ষেও ছিলাম। শুধু রেজাউল ও আলীম উদ্দিন হারছেন। মন্ত্রী হওয়ার পর ভোট কমছে, এর মানে হলো তারা এলাকায় সুশাসন দেননি, নেতাদের মূল্যায়ন করেননি। ক্ষমতায় থাকার পর ভোট কমে কীভাবে? এটা প্রমাণের জন্য ভোটে স্বতন্ত্রদের সাপোর্ট দিয়েছি আমি।’নির্বাচনে যে অবস্থান নিয়েছেন, সে জন্য চাপের মুখে পড়তে পারেন কি না—জানতে চাইলে জাহাঙ্গীর আলম বলেন, ‘তারা আগেও আমার ক্ষতি করেছেন, ভবিষ্যতেও করবেন; তাতে আমার কিছু যায় আসে না। আওয়ামী লীগ করে আসছি, দুঃসময়েও আওয়ামী লীগ করি।’",1,1,0,False
"দ্বাদশ জাতীয় সংসদ নির্বাচনে রাজশাহী-১ (তানোর-গোদাগাড়ী) আসনে ট্রাক প্রতীকের স্বতন্ত্র প্রার্থী মাহিয়া মাহি তার আসনে ভোট দিতে পারেনি। কারণ তিনি ওই এলাকার ভোটার নন। তিনি ঢাকার ভোটার।এক প্রতিক্রিয়ায় মাহি বলেন, ‘আমি এ দেশের নাগরিক এটাই সবচেয়ে বড় বিষয়।’এদিকে এ আসনের আরেক প্রার্থী আওয়ামী লীগ মনোনীত ওমর ফারুক চৌধুরীও নিজেকে ভোট দিতে পারবেন না। কারণ তিনিও সেখানকার ভোটার নন। তার আদি বাড়ি তানোর উপজেলায় কলমা ইউনিয়নের চৌরখোরে। কিন্তু তিনি রাজশাহী সিটি করপোরেশনের ২২ নম্বর ওয়ার্ডের ভোটার। সংসদ ওমর ফারুক চৌধুরী ২০০১ সাল থেকে রাজশাহী সিটি করপোরেশনের ভোটার। তিনি এখান থেকে প্রতিবার ভোট দেন।বিষয়টি নিশ্চিত করে তানোর উপজেলা নির্বাহী কর্মকর্তা ও সহকারী রিটার্নিং কর্মকর্তা বিল্লাল হোসেন বলেন, মাহিয়া মাহি তানোরের ভোটার না। এ ছাড়া ওমর ফারুক চৌধুরীও তানোরের ভোটার না। তিনি শহরের ভোটার। নির্বাচনী আসনে ভোটার হতেই হবে এমন নয়।এ বিষয়ে মাহিয়া মাহি বলেন, ভোটার হতে হবে এটা যদি বড় বিষয় হতো, তাহলে কেউ ভোট করতে পারত না। আমি এ দেশের নাগরিক এটাই সবচেয়ে বড় বিষয়।এরআগে মাহি বলেছিলেন, ‘আমি ঢাকার উত্তরার ভোটার। সাধারণত সেখানেই ভোট দেওয়া হয়। কিন্তু এবার নির্বাচনের কারণে যেতে পারছি না। তবে চাইব, আমার নির্বাচনী এলাকার মানুষেরা যেন তাদের ভোটটা দিতে পারেন।’",1,1,0,False
"দ্বাদশ জাতীয় সংসদ নির্বাচনে স্থগিত হওয়া ময়মনসিংহ-৩ (গৌরীপুর) আসনের একটি কেন্দ্রের এবং নওগাঁ-২ (পত্নীতলা ও ধামইরহাট) আসনের একজন প্রার্থীর মৃত্যুজনিত কারণে স্থগিত হওয়া ভোটগ্রহণের তারিখ নির্ধারণ করেছে নির্বাচন কমিশন (ইসি)। আজ সোমবার ইসি সচিব মো. জাহাংগীর আলম স্বাক্ষরিত প্রজ্ঞাপনে এ তথ্য জানানো হয়।প্রজ্ঞাপনে বলা হয়, গতকাল রবিবার অনুষ্ঠিত জাতীয় সংসদ নির্বাচনে স্থগিত হওয়া ময়মনসিংহ-৩ (গৌরীপুর) আসনের একটি কেন্দ্রের ভোটগ্রহণ ১৩ জানুয়ারি অনুষ্ঠিত হবে।গতকাল রবিবার ভোটগ্রহণ শেষ হওয়ার আগমুহূর্তে বিকেলে উপজেলার সহনাটি ইউনিয়নের ৪০ নম্বর ভালুকাপুর উচ্চ বিদ্যালয় কেন্দ্রটি দখল ও ভাঙচুর করে ছয়টি ব্যালট বাক্স ছিনতাইয়ের ঘটনা ঘটে। এ ঘটনার পর ওই আসনে নৌকা এগিয়ে থাকলেও একটি কেন্দ্রের ফলাফল বাতিল হওয়ায় এবং প্রতিদ্বন্দ্বী প্রার্থীদের মধ্যে ভোটের পার্থক্য এক হাজারেরও কম থাকায় এ আসনের ফলাফল স্থগিত করে নির্বাচন কমিশন।ওই একটি কেন্দ্র ছাড়া সব মিলিয়ে ময়মনসিংহ-৩ আসনে নিলুফার আনজুম পপি নৌকা প্রতীকে ৫৩ হাজার ১৯৬ ভোট পেয়েছেন। তার নিকটতম প্রতিদ্বন্দ্বী সোমনাথ সাহা ট্রাক প্রতীকে পেয়েছেন ৫২ হাজার ২১১ ভোট। ফলে ওই কেন্দ্রের ভোটের ফলের ওপর দুই প্রার্থীর জয়-পরাজয় নির্ভর করছে।আরেকটি প্রজ্ঞাপনে বলা হয়, দ্বাদশ জাতীয় সংসদ নির্বাচনে নওগাঁ-২ আসনের বৈধভাবে মনোনীত প্রার্থী মো. আমিনুল হকের মৃত্যুজনিত কারণে ভোটগ্রহণ হবে আগামী ১২ ফেব্রুয়ারি।প্রজ্ঞাপনে আরও বলা হয়, এই আসনে মনোনয়নপত্র জমা দেওয়ার শেষ তারিখ ১৭ জানুয়ারি। মনোনয়নপত্র বাছাই হবে এর পরদিন। প্রার্থিতা প্রত্যাহারের শেষ তারিখ ২৫ জানুয়ারি। প্রতীক বরাদ্দ দেওয়া হবে এর পরদিন। এরপর ১২ ফেব্রুয়ারি এই আসনে ভোটগ্রহণ হবে। তবে এই আসনে যারা আগেই মনোনয়নপত্র ও জামানত জমা দিয়েছেন তাদের নতুন করে মনোনয়নপত্র দাখিল করতে হবে না।",1,1,0,False
" গণসংহতি আন্দোলনের প্রধান সমন্বয়কারী জোনায়েদ সাকি বলেছেন, ‘তামাশার নির্বাচন বর্জন করে জনগণ গণতন্ত্র ও ভোটাধিকারের পক্ষে ঐতিহাসিক রায় ঘোষণা করেছে। জনগণের আকাঙ্ক্ষা পূরণে আমাদের সংগ্রাম অব্যাহত থাকবে।’আজ মঙ্গলবার গণতন্ত্র মঞ্চের আয়োজনে ‘সরকার ও শাসনব্যবস্থা বদলে ঐক্যবদ্ধ হোন তামাশার নির্বাচন, জনগণের প্রত্যাখ্যান ও চলমান আন্দোলন’ বিষয়ে আয়োজিত এক সংবাদ সম্মেলনে তিনি এসব কথা বলেন।জোনায়েদ সাকি বলেন, ‘গত ৭ জানুয়ারি বর্তমান সরকারের ক্ষমতা নবায়ন করার যে তামাশার নির্বাচন তা জনগণ সর্বতোভাবে বর্জন করেছে। এই গণ রায় প্রদান করায় জনগণকে গণতন্ত্র আকাঙ্ক্ষিত সব রাজনৈতিক দলের পক্ষ থেকে আমরা অভিনন্দন জানাই।’ ",1,1,0,False
" লিবারেল ডেমোক্রেটিক পার্টির (এলডিপি) প্রেসিডেন্টড. কর্নেল (অব.) অলি আহমদ বলেছেন, দ্বাদশ জাতীয় সংসদ নির্বাচনকে ঘিরে সমাজে যে সমস্যা সৃষ্টি হয়েছে, এটা শুধু এককভাবে রাজনৈতিক দলগুলোর সমস্যা নয়, সমগ্র দেশ ও সমগ্র জাতির সমস্যা। সুতরাং সকলকে ঐক্যবন্ধভাবে এই সমস্যার মোকাবিলা করতে হবে। অন্যথায় এই ধরনের অন্যায়-অবিচার সমাজকে গৃহযুদ্ধের দিকে বা রক্তপাতের দিকে ঠেলে দেবে।আজ বুধবার বিকেলে এলডিপি কার্যালয়ে জরুরি সংবাদ সম্মেলনে তিনি এসব কথা বলেন। সরকারের পদত্যাগসহ এক দফা এবং তফসিল বাতিলের দাবিতে চার দিনের কর্মসূচি ঘোষণা করেন অলি। তিনি জানান, ২১, ২২ ও ২৩ ডিসেম্বর লিফলেট বিতরণ ও ২৪ ডিসেম্বর অবরোধ।এলডিপি প্রেসিডেন্ট বলেন, ‘আওয়ামী বাকশালিরা চায় তাদের অবৈধ কর্মকাণ্ড জায়েজ করার জন্য যেনতেনভাবে পুনরায় ক্ষমতা দখল নিতে। আমরা চাই জনগণের ভোট প্রদান নিশ্চিত করতে, সমাজে ন্যায় বিচার প্রতিষ্ঠা করতে।’ড. অলি আহমদ বলেন, ‘দুর্নীতি, অন্যায় ও অবিচারের হাত থেকে জনগণকে রক্ষা করতে হবে। বর্তমান পদ্ধতিতে নির্বাচন অনুষ্ঠিত হলে, জনগণ ভোটের অধিকার হারিয়ে ফেলবে। এতে দেশ ও জনগণ উপকৃত হবে না। বরং এই হটকারি ভাগাভাগির নির্বাচনের কারণে দেশ ও জনগণ এক গভীর সংকটে পড়বে। ক্ষমতা লোভীদের আশা-আকাঙ্ক্ষা পূরণ হবে। এই নির্বাচন কখনো গণতন্ত্র নিশ্চিত করবে না।’তিনি আরও বলেন, ‘সুতরাং আসুন ঐক্যবদ্ধ হই, সত্য ও ন্যায় প্রতিষ্ঠার জন্য দেশপ্রেমে উদ্বুদ্ধ হয়ে নিজনিজ দায়িত্ব সঠিকভাবে পালন করি। কোনো অবস্থাতেই অন্যায়কে প্রশ্রয় দেওয়া যাবে না। আল্লাহ প্রদত্ত এই সুযোগ কাজে লাগাতে হবে। চিরতরের জন্য দুর্নীতিবাজ, অর্থপাচারকারী, নির্যাতন ও নিপিড়নকারীদের বর্জন করতে হবে। হতাশ হলে চলবে না, নতুন উদ্যোমে সাহসের সাথে বর্তমান সরকারকে না বলতে হবে। সমাজে সত্য ও ন্যায় প্রতিষ্ঠার কাজে যুব সমাজকে অগ্রনী ভূমিকা পালন করতে হবে। ইনশাআল্লাহ সত্যের জয় প্রতিষ্ঠা হবে। এই ভাগাভাগির একদলীয় নির্বাচন বর্জন করুন। দেশ বাঁচান।’",1,1,0,False
" ঢাকা-৭ আসনের ভোটার রাশিদা বেগম। বয়স পয়তাল্লিশ। একমাস আগেই কোমর এবং হাটু অপারেশন হয়েছে। এক হাতে স্ট্রেচার নিয়ে এসেছেন ঢাকা সাত আসনের ইসলামীয়া উচ্চ বিদ্যালয় কেন্দ্রে ভোট দিতে।অসুস্থ অবস্থায় ভোট দিতে এসেছেন কেন, এমন প্রশ্নের জবাবে তিনি বলেন, ‘চল্লিশ বছর থেকে কামার বাগ এলাকায় আছি। প্রতিবারই ভোট দিতে আসি। এবারে না আসলে তো একটা ভোট নষ্ট হইতো। মায়া লাগে একটা ভোট নষ্ট হইতে দিতাম না এজন্য অসুস্থ অবস্থায় ভোট দিতে চলে আসছি।’সঙ্গে আসা রাশিদা বেগমের ছেলে বলেন, ‘আম্মা অসুস্থ তারপরও জেদ ধরেছেন ভোট দিতে আসবেন। তাই নিয়ে আসলাম এখন ভোট দিয়ে আম্মা খুশি।’একই কেন্দ্রে ভোট দিতে এসেছেন দুজন নতুন ভোটার মরিয়ম এবং আশা। প্রথমবার ভোট দিতে পেরে উচ্ছ্বসিত তারা। জানতে চাইলে মরিয়ম বলেন, ‘প্রথমবার ভোট দিলাম ভালো লাগছে খুব।’",1,1,0,False
" দ্বাদশ জাতীয় সংসদ নির্বাচনে রাজশাহী-১ আসন থেকে স্বতন্ত্র প্রার্থী হয়ে ভোটের মাঠে লড়েছিলেন চিত্রনায়িকা মাহিয়া মাহি। তবে আওয়ামী লীগ মনোনীত প্রতিদ্বন্দ্বী প্রার্থী ওমর ফারুক চৌধুরীর কাছে তিনি পরাজিত হয়েছেন। সদ্য সমাপ্ত হওয়া নির্বাচনী আসনে ১৫৮টি কেন্দ্রে স্বতন্ত্র প্রার্থী হিসেবে মাহি ভোট পেয়েছেন মাত্র ৯ হাজার ৯। ওমর ফারুক চৌধুরী পেয়েছেন ১ লাখ ৩৫ হাজার।নির্বাচনের ফলাফল প্রকাশের পর প্রথমবার ফেসবুক লাইভে এসে কথা বলেছেন মাহিয়া মাহি। গতকাল সোমবার দিবাগত রাতে তিনি বলেন, ‘সবাই নিশ্চয়ই ভাবছেন আমার প্রচণ্ড মন খারাপ। হ্যাঁ, কিছুটা মন খারাপ তো হবেই। কারণ নির্বাচন একটা গেইম, সেই গেইমে আমি হেরে গেছি। মন খারাপ কিছুটা, কিন্তু ওই রকম লেভেলের না। কারণ প্রত্যেকটা সিচুয়েশনেই মাথায় রাখি যে, নেগেটিভ কিছু হতে পারে। তাই প্রত্যেকটা সিচুয়েশনের জন্যই আমি আসলে মানসিকভাবে প্রস্তুত ছিলাম।’এ সময় মাহি তার ইশতেহারে বলা কিছু উন্নয়নমূলক কর্মকাণ্ডের উদ্যোগ নিতে নতুন সংসদ সদস্যকে (এমপি) আহ্বান জানান। তিনি বলেন, ‘ইশতেহারে যেমনটা বলেছিলাম, নারীদের প্রত্যেকটা ঘর হবে কর্মসংস্থান, তরুণরা হবে উদ্যোক্তা। তো এই কাজটা আমি বড় পরিসরে কতটুকু করতে পারব জানি না! কারণ এই কর্মসংস্থানের বিষয়ে সরকারিভাবে যতটা উদ্যোগ নেওয়া সম্ভব, তা ব্যক্তিগতভাবে আসলে একটু চ্যালেঞ্জিং। তারপরও ব্যক্তিগত উদ্যোগে যথেষ্ট করার চেষ্টা করব। এবং আমার ভীষণ ইচ্ছে ও প্রতিশ্রুতি ছিল- বরেন্দ্রভূমির রাস্তাঘাট নিয়ে। সারা বাংলাদেশে যেখানে রাস্তাঘাট এত উন্নত, সেখানে আমার তানোর-গোদাগাড়ীতে রাস্তাঘাটের যে বেহাল দশা, এখনও বৃষ্টি হলে হাঁটু কাদা হয়ে যায়। এখনও গরুর গাড়ি চলার মতো অবস্থা। তো এই রাস্তাঘাট ও বরেন্দ্রভূমির পানির যে সংকট, মোটর সমস্যা- যিনি নতুন এমপি হয়েছেন তাকে অনুরোধ করব এই বিষয়গুলোতে ফোকাস করতে। তিনি গত ১৫ বছরে যে উন্নয়নমূলক কাজ করেননি, এবার ৫ বছরে যেন এটা করেন। তার যে জনপ্রিয়তা একেবারে শূন্যের কোটায় চলে এসেছিল, সেটা তিনি যেন এই ৫ বছরে কাটিয়ে ওঠেন। তা না হলে আমি কিন্তু মাঠে আছি, আগামী নির্বাচনে আবারও দেখা হবে আপনার সঙ্গে।’এমনকি প্রতিপক্ষকে সতর্কও করেছেন মাহি। তিনি বলেন, ‘প্রতিপক্ষকে বলছি, আগামী ৫ বছরে যে সমস্ত কর্মীরা আমার জন্য মাঠ পর্যায়ে উন্নয়নমূলক কাজ করবে, তাদের কোনো প্রকার ডিস্টার্ব যদি আপনারা করেন, মনে রাখবেন আপনাদের সঙ্গে অন্যান্য যে সমস্ত প্রার্থীরা টক্কর দেন, আমি কিন্তু তাদের মতো দুর্বল না। আমার কর্মীদের যদি অল্প অপমানও আপনারা করেন, সেটাও প্রতিহত করার জন্য সর্বোচ্চভাবে আমি নিজেই লড়ব। আমার জন্য যারা এই নির্বাচনে কাজ করেছে, তাদের জন্য দরকার হলে আমি জানও দিয়ে দিতে পারি। তো তাদের প্রতি আপনারা সফট থাকবেন, বিশেষভাবে আমার কর্মীদের জন্য। আগামী ৫ বছরে আপনারা এমন এমন কাজ করবেন যেন, মানুষের হৃদয়ে আপনাদের জায়গা হয়ে যায়। এটা যিনি নতুন এমপি হয়েছেন তার প্রতি আমার পরামর্শ।’",1,1,0,False
" দ্বাদশ সংসদ নির্বাচনকে প্রহসন আখ্যা দিয়ে তা বাতিল করে জাতীয় সরকারের অধীনে নির্বাচনের দাবি জানিয়েছে ইসলামী আন্দোলন বাংলাদেশ।আজ মঙ্গলবার বিকেলে বায়তুল মোকাররমের উত্তর গেটে একতরফা প্রহসনের ডামি নির্বাচন বাতিল করে জাতীয় সরকারের অধীনে নির্বাচনের দাবিতে ইসলামী আন্দোলন বাংলাদেশ ঢাকা মহানগর উত্তর ও দক্ষিণের উদ্যোগে অনুষ্ঠিত বিক্ষোভ পূর্ব সমাবেশ করে এ দাবি জানানো হয়।ইসলামী আন্দোলন বাংলাদেশের মহাসচিব মাওলানা ইউনুছ আহমাদ বলেন, ‘৭ জানুয়ারি একতরফা প্রহসনের ডামি নির্বাচনকে বর্জন করে দেশবাসী আওয়ামী লীগকে সর্তক সংকেত দিয়েছে। এটা কোনো নির্বাচন ছিল না। এটা ছিল নির্বাচনের নামে নাটক মঞ্চায়ন। ৭ জানুয়ারির নির্বাচন স্বাধীনতা যুদ্ধে নেতৃত্বদানকারী সংগঠনের দেউলিয়াত্ব ও দৈন্যদশা প্রকাশ হয়েছে। নির্বাচন বর্জন করায় চরমোনাই পীরের পক্ষ থেকে দেশবাসী ও সাংবাদিকদেরকে ধন্যবাদ জানাই। মিডিয়ার সুবাদে বিশ্ববাসী ভোটের নামে একতরফা দলীয় কাউন্সিল দেখেছে। যেখানে বিদেশিদের ভাড়া করে ডামি পর্যবেক্ষক সাজিয়ে ডামি নির্বাচনকে বৈধতা দেওয়ার চেষ্টা করা হয়েছে।’তিনি আরও বলেন, ‘দেশের স্বাধীনতা সার্বভৌমত্ব বিরোধী যে কোনো ষড়যন্ত্র রুখে দিতে সকলের প্রতি আহ্বান জানাই। ডামি নির্বাচন বাতিল করে জাতীয় সরকারের অধীনে পুনরায় নির্বাচনের তফসিল ঘোষণা করে দেশকে ভয়াবহ গৃহযুদ্ধ থেকে রক্ষার আহ্বান জানাই।’সংগঠনের ঢাকা মহানগর দক্ষিণের সভাপতি মাওলানা মুহাম্মদ ইমতিয়াজ আলমের সভাপতিত্বে অনুষ্ঠিত সমাবেশে বক্তব্য দেন দলের যুগ্ম মহাসচিব মাওলানা গাজী আতাউর রহমান, ঢাকা মহানগর উত্তর সভাপতি প্রিন্সিপাল হাফেজ মাওলানা শেখ ফজলে বারী মাসউদ, কেএম আতিকুর রহমান, মাওলানা আহমদ আবদুল কাইয়ূম, মাওলানা নেছার উদ্দিন, মাওলানা আরিফুল ইসলাম, ডা. শহিদুল ইসলাম, ছাত্রনেতা শরিফুল ইসলাম রিয়াদ, কেএম শরয়াতুল্লাহ, মুফতী ফরিদুল ইসলাম, মুফতী মাছউদুর রহমান, হাফিজুল হক ফাইয়াজ, আল আমীন সোহাগ, মাইদুল ইসলাম সিয়ামসহ আরও অনেকে।সমাবেশ শেষে একটি বিশাল বিক্ষোভ মিছিল বায়তুল মোকাররম উত্তর গেট, পল্টন মোড়, বিজয়নগর পানির ট্যাংকি হয়ে পল্টন মোড় এসে সংক্ষিপ্ত বক্তব্যের মাধ্যমে শেষ হয়।",1,1,0,False
" বিএনপি, জামায়াত, বামজোটসহ বেশ কিছু রাজনৈতিক দলের বর্জন এবং নির্বাচন প্রতিহত করার নামে ট্রেনে আগুন লাগিয়ে মানুষ হত্যা, ভোটকেন্দ্র পুড়িয়ে দেওয়া এবং টানা ৪৮ ঘণ্টার হরতালের মধ্যে দ্বাদশ জাতীয় সংসদ নির্বাচন হয়ে গেল। যা বলা হয়েছিল সেটাই ঘটেছে। শেখ হাসিনার নেতৃত্বে আওয়ামী লীগ টানা চতুর্থবারের মতো সরকার গঠন করতে যাচ্ছে।বাংলাদেশে নির্বাচন বললে দুটি বিষয়ই বেশি আলোচিত হয়। একটি হলো উৎসব, অন্যটি সহিংসতা। ৭ জানুয়ারির নির্বাচনে সহিংসতা সে মাত্রায় ছিল না, তবে নির্বাচন বর্জনকেন্দ্রিক সহিংসতা ছিল। সেটা অবশ্য নির্বাচনের দিন পরিবেশকে সেভাবে প্রভাবিত করতে পারেনি। উৎসব কতটা হয়েছে সে নিয়ে মিশ্র বক্তব্য আছে। বিএনপি নির্বাচনে না আসায় যারা বলছে অংশগ্রহণমূলক হয়নি তারা মনে করে এই নির্বাচন উৎসবমুখর পরিবেশে অনুষ্ঠিত হয়নি। ক্ষমতাসীন দল বলছে, সহিংসতা, আগুন সন্ত্রাস করেও মানুষকে নির্বাচন থেকে বড় আকারে দূরে রাখা যায়নি, তাই এই নির্বাচন উৎসবের সঙ্গেই হয়েছে।আমরা আগে থেকেই বলে আসছিলাম যে, এই নির্বাচনটি শেখ হাসিনার কাছে কেবল আরেকটি নির্বাচন নয়। শাসনব্যবস্থা ও উন্নয়নের ধারাবাহিকতা বজায় রাখতে, নির্বাচনকে দৃশ্যমান সুষ্ঠু করতে নির্বাচনের রাজনৈতিক ব্যবস্থাপনায় যেতে হয়েছে তাকে। তাই জাতীয় পার্টি ও নিজের ১৪ দলের শরিকদের সঙ্গে যেমন আসন সমঝোতা করতে হয়েছে, তেমনি কেউ যেন ২০১৪ সালের মতো বিনা ভোটে এমপি হয়ে আসতে না পারে, নির্বাচনের মাঠে যেন প্রতিদ্বন্দ্বিতা ও প্রতিযোগিতার পরিবেশ থাকে সেজন্য নিজ দলের আগ্রহীদের তিনি স্বতন্ত্র হিসেবে নির্বাচন করার অনুমতি দিয়েছেন। বলতে গেলে একটা ঝুঁকিই নিয়েছিলেন তিনি। দলের প্রার্থীর সঙ্গে দলীয় স্বতন্ত্রদের লড়াই বিভিন্ন আসনে সংঘাত সৃষ্টি করেছে, সহিংসতা হয়েছে, একে অন্যের বিরুদ্ধে কদর্য ভাষা প্রয়োগ করে বিষোদগার করেছে। তবে একটা বিষয় নিশ্চিত হয়েছে, এই প্রার্থীরা তাদের সাধ্যমতো ভোটার নিয়ে আসতে সচেষ্ট ছিলেন নির্বাচনের দিনটিতে।নির্বাচন হয়ে গেছে। এখন দেখার পালা শাসক দলের এই দ্বন্দ্ব-সংঘাত কতটা দীর্ঘমেয়াদি প্রভাব রাখে নিজেদের ভেতর। জেলায় জেলায়, জনপদে জনপদে একই দলের নেতারা এখন নির্বাচনকেন্দ্রিক বিরোধিতা, কোন্দল আর হিংসাকে পাশ কাটিয়ে পারবেন কি আবার দলীয় কার্যালয়ে একসঙ্গে বসতে? একই সঙ্গে দলীয় কর্মসূচিতে যেতে? তবে বিপুলসংখ্যক দলীয় স্বতন্ত্রের বিজয়, মন্ত্রী-এমপিদের পরাজয়ের মধ্য দিয়ে আওয়ামী লীগের নীতিনির্ধারকরা একটা ধারণা পেলেন, কোন নেতার কোন অঞ্চলে কতটা জনভিত্তি আছে। ধারণা পেলেন, এমপি-মন্ত্রীদের প্রতি দলের নেতা, কর্মী এবং সমর্থকদের মধ্যে এত ক্ষোভ কেন?নির্বাচন-পরবর্তী ১৪ দলের শরিক দলগুলো নিয়েও বড় ভাবনার জায়গা তৈরি হয়েছে। নৌকা নিয়েও জাসদের হাসানুল হক ইনু, জেপির আনোয়ার হোসেন মঞ্জু, ওয়ার্কার্স পার্টির ফজলে হোসেন বাদশার পরাজয় বুঝিয়ে দিয়েছে তারা বড় নেতা হয়েও জনগণের মাঝে কোনো প্রভাব তৈরি করতে পারেননি। নৌকায় চড়ে, আওয়ামী লীগের সঙ্গে থেকে থেকে ব্যক্তিগত সুবিধা নিয়ে নিয়ে নিজেদের দলকে বিলীন করে দিয়েছেন?জাতীয় পার্টিকে আওয়ামী লীগ ছেড়ে দিয়েছিল ২৬টি আসন। কিন্তু তারা জিতেছে মাত্র ১১টি আসনে। খোদ ঢাকা-১৮ আসনের পার্টি চেয়ারম্যান জিএম কাদেরের স্ত্রী শেরিফা কাদের হেরেছেন স্বতন্ত্র প্রার্থীর কাছে। জাতীয় পার্টি আওয়ামী লীগ থেকে সমঝোতা করে আসন না নিলে একটিতেও জয়ী হতে পারত কিনা এমন সন্দেহ তৈরি হয়েছে। আগামীতে জাতীয় পার্টির রংপুরকেন্দ্রিক একটা আঞ্চলিক দল হিসেবেও তার অস্তিত্ব টিকিয়ে রাখতে পারাটাই একটি চ্যালেঞ্জ হয়ে দাঁড়িয়েছে।কিংস পার্টি হিসেবে পরিচিতি পাওয়া তৃণমূল বিএনপি এবং বিএনএম কোনো আবেদনই সৃষ্টি করতে পারেনি নির্বাচনে। দলের চেয়ারম্যান শমসের মবিন চৌধুরী এবং মহাসচিব তৈমুর আলম খন্দকার দুজনেই জামানত হারিয়েছেন। এতে বোঝা গেল হঠাৎ করে এসে কোনো আনুকূল্য পেয়ে রাজনীতিতে সফল হওয়া যায় না। এটা তাদের বোঝা উচিত ছিল তখনই যখন আসন ভাগাভাগিতেও তাদের কিছু দেয়নি আওয়ামী লীগ। ব্যর্থতায় শেষ হলো তাদের নির্বাচনি মিশন।প্রশ্ন হলো বিএনপি কী করবে? বছরের পর বছর আন্দোলন করে, বিদেশি দেশ ও সংস্থার কাছে ধরনা দিয়ে, নানারকম সহিংস কর্মসূচি দিয়েও নির্বাচন ঠেকাতে পারেনি দলটি। এখন বলছে, নির্বাচন বাতিল করতে হবে। সেটিও আসলে অর্জিত হবে না। তাই এখন প্রশ্ন হলো দলটি আসলে কোন রাজনীতি করবে এখন। দীর্ঘ সময় ধরে সহিংস আন্দোলন করে যাওয়া সহজ হবে না। সরকার গঠনের পর এসবের দিকে আরও বড় নজর পড়বে সরকারের।দলটি বলছে, নির্বাচনের পরও আন্দোলন অব্যাহত রাখা হবে। সেটা রাখাই যায়। এক বছর ধরে চলা আন্দোলন সফল হয়নি। তাই নির্বাচনের পরও একইভাবে চললে বিশেষ কিছু ফল হবে বলে মনে হয় না। নির্বাচনের আগে যা হয়েছে, নির্বাচন-পরবর্তী আন্দোলনের কর্মসূচিও মুখ থুবড়ে পড়বে বলেই বোঝা যাচ্ছে। সরকার নিজের পরিকল্পনা অনুযায়ী শক্ত হাতে দেশ পরিচালনা শুরু করলে কর্মসূচি সব হারিয়ে যাবে। বিএনপির আন্দোলন ডালপালা ছড়িয়ে দেশব্যাপী আলোড়ন সৃষ্টি করতে পারবে, সেই পরিস্থিতি দৃশ্যমান নয়।বিএনপিকে তাই শান্তিপূর্ণ নিয়মতান্ত্রিক আন্দোলনই করে যেতে হবে। দলের দিক থেকে আগামী সরকারের জন্য আন্দোলনের আগাম চ্যালেঞ্জ সেই অর্থে কোনো চ্যালেঞ্জই নয়। তবে শাসক দলের কাছেও প্রত্যাশা যেন তারাও সহনশীল হয়। জেল থেকে বিএনপি নেতাকর্মীদের ছেড়ে দেওয়া সম্ভব হলে সেটা করে একটা শান্তিপূর্ণ পরিবেশে রাষ্ট্রকার্য পরিচালনা করাই উত্তম কাজ। প্রতিশোধ স্পৃহা যেন বড় হয়ে দেখা না দেয়।সৈয়দ ইশতিয়াক রেজা : প্রধান সম্পাদক, গ্লোবাল টেলিভিশন",1,1,0,False
" ঢাকা-১৯ (সাভার ও আশুলিয়া) আসনে ইউনিয়ন পরিষদের সাবেক এক চেয়ারম্যানের কাছে প্রতিমন্ত্রীর শোচনীয় পরাজয়ের ঘটনাই এখন সবার মুখে মুখে। এক স্বতন্ত্রের ট্রাকের চাপায় এবং অন্য স্বতন্ত্রের ঈগলের ঝাপটায় নৌকাডুবির ঘটনায় শুরু হয়েছে আওয়ামী লীগ প্রার্থীর পরাজয়ের ব্যবচ্ছেদ। পাশাপাশি মুহাম্মদ সাইফুল ইসলামের অভাবনীয় বিজয় নিয়েও চলছে বিস্তর আলোচনা। কোন ম্যাজিকে প্রতিমন্ত্রী ও সাবেক এমপিকে হারিয়ে একজন সাবেক ইউপি চেয়ারম্যান সংসদ সদস্য নির্বাচিত হয়ে সবাইকে চমকে দিলেন সেটারই চলছে চুলচেরা বিশ্লেষণ।এ আসনে ৮৪ হাজার ৪১২ ভোট পেয়ে সংসদ সদস্য নির্বাচিত হয়েছেন স্বতন্ত্র প্রার্থী (ট্রাক) মুহাম্মদ সাইফুল ইসলাম। তার নিকটতম প্রতিদ্বন্দ্বী অপর স্বতন্ত্র প্রার্থী (ঈগল) তালুকদার মো. তৌহিদ জং মুরাদ পেয়েছেন ৭৬ হাজার ২০২ ভোট। বিজয়ী সাইফুলের সঙ্গে তার ভোটের ব্যবধান ৮ হাজার ২১০। আর বর্তমান সংসদ সদস্য, দুর্যোগ ব্যবস্থাপনা ও ত্রাণ প্রতিমন্ত্রী ডা. মো. এনামুর রহমান ৫৬ হাজার ৩৬১ ভোট পেয়ে হয়েছেন তৃতীয়। বিজয়ী সাইফুলের সঙ্গে তার ভোটের ব্যবধান ২৮ হাজার ৫১।যেখানে সবাই ভেবেছিলেন মূলত নৌকার প্রার্থীর সঙ্গে লড়াই হবে সাবেক সংসদ সদস্য তালুকদার তৌহিদ জং মুরাদের। সেখানে আলোচনায়ই ছিলেন না সাইফুল। কিন্তু সব হিসাব পাল্টে দিয়ে কেন সাইফুল ইসলামের এ বিজয়?উত্তরে নাম প্রকাশে অনিচ্ছুক এক বিশ্লেষক জানান, রানা প্লাজা ট্র্যাজেডি নিয়ে ডা. এনামের উত্থান ও মুরাদ জংয়ের পতনের ইতিহাসের বুলি কপচিয়ে যখন দুই প্রার্থী পরস্পরকে আক্রমণ করেছেন, তখন খরগোশ আর কচ্ছপের গল্পের মতো নীরবে এগিয়ে গেছেন সাইফুল ইসলাম।তার নির্বাচনের কৌশলের কাছে হেরে গেছেন সবাই। চেয়ারম্যান হিসেবে তিনি ঠিকই ধরতে পেরেছিলেন জনগণ আসলে কী চায়। ভোটের প্রচারে যখন প্রার্থীরা ভালো-মন্দ সব ভোটারের ভোট প্রার্থনা করেন তখন সাইফুল জানান দেন- সন্ত্রাসী-চাঁদাবাজদের ভোট তার লাগবে না। এতে আশ্বস্ত হন ভোটাররা।নির্বাচনের দিন ঘনিয়ে আসতে থাকে। শুরু হয় আওয়ামী লীগের স্থানীয় জনপ্রতিনিধি ও দলের বিভিন্ন পর্যায়ের নেতাদের ডিগবাজি। ডা. এনামকে ছেড়ে তারা দলে দলে যোগ দেন মুরাদ জংয়ের শিবিরে। আকস্মিক এ ধকল কাটাতে ডা. এনামকে নির্ভর করতে হয় এমন কিছু পতিত ও বিতর্কিত নেতাদের ওপর- যারা ভোটের মাঠে এনামের সঙ্গে থাকায় সাধারণ ভোটারাই ছেড়েছেন তাকে।অন্যদিকে সাইফুল বড় কোনো নেতা নির্ভর না হয়ে পুরো ভোটের মাঠ সাজিয়েছেন ভোটার নির্ভর করে। এ কৌশলের কারণে সরাসরি ভোটারদের সঙ্গে সম্পৃক্ত হওয়ায় তিনি নিজেও নীরবে ছিলেন নির্ভার। নির্বাচনে প্রার্থী হবেন সেই প্রস্তুতি নীরবেই নিয়ে রেখেছিলেন বহু আগে। সেই লক্ষ্য পূরণে ধীরে ধীরে অগ্রসর হয়েছেন জয়যাত্রার পথে।অন্যদিকে ১০ বছর পর মুরাদ জং সাভারে ফেরায় তাকে নিয়ে বেশ অস্বস্তিতে ছিলেন আওয়ামী লীগের একাংশের নেতাকর্মীরা। ডা. এনামের পায়ের নিচের মাটি ক্রমেই সরে যাওয়ায় তারা এনামের সঙ্গে প্রকাশ্য অবস্থান নিয়ে ঘায়েল করেছেন মুরাদ জংকে। কিন্তু নিজের অস্তিত্ব রক্ষায় তারা তলে তলে সমর্থন জানিয়েছেন সাইফুলকে।পাশাপাশি শিল্পাঞ্চল আশুলিয়ার শ্রমিকদের সঙ্গে সাইফুল ইসলামের রয়েছে আন্তরিক সম্পর্ক। তাদের বিপদে-আপদে পাশে ছিলেন। প্রতিমন্ত্রীর ঘাড়ে ভর করে স্বনির্ভর ধামসোনা ইউনিয়নের উন্নয়নমূলক কাজের মাধ্যমে নিজ এলাকায় জনপ্রিয় ছিলেন। বিপরীতে ডা. এনাম নিজ কেন্দ্রসহ বিভিন্ন কেন্দ্রে পরাজিত হয়েছেন বিপুল ভোটের ব্যবধানে।",1,1,0,False
" জনপ্রিয়তার উত্তুঙ্গতাকে কাজে লাগিয়ে এবিএম মহিউদ্দিন চৌধুরী চট্টগ্রামে তিনবার মেয়র নির্বাচিত হন। ২০১০ সালে আওয়ামী লীগ সরকারের আমলে চট্টগ্রামের সেই প্রভাবশালী নেতা মহিউদ্দিন চৌধুরীকে এক লাখের বেশি ভোটের ব্যবধানে পরাজিত করে মেয়র হয়েছিলেন মোহাম্মদ মনজুর আলম। এবারের নির্বাচনে মনজুর আলম চট্টগ্রাম-১০ আসনে হারলেন আরেক মহিউদ্দিনের কাছে, যিনি স্বয়ং এবিএম মহিউদ্দিন চৌধুরীর কর্মী।নির্বাচনের ফলাফল থেকে দেখা যায়, নৌকার প্রার্থী মো. মহিউদ্দিন বাচ্চু পেয়েছেন ৫৯ হাজার ২৪ ভোট। আর ফুলকপি মার্কা নিয়ে স্বতন্ত্র প্রার্থী মোহাম্মদ মনজুর আলম পেয়েছেন ৩৯ হাজার ৫৩৫ ভোট। ভোটের ব্যবধান ১৯ হাজার ৪৮৯। মনজুর আলম পরাজিত হওয়ার খবরে চট্টগ্রামে নির্বাচন কমিশনের নিয়ন্ত্রণ কক্ষের ভেতরে-বাইরে আওয়ামী লীগের কয়েক হাজার নেতাকর্মী উচ্ছ্বাস প্রকাশ করে স্লোগান দেন। তাদের বেশির ভাগই চট্টগ্রাম মহানগর আওয়ামী লীগের রাজনীতিতে প্রয়াত নেতা এবিএম মহিউদ্দিন চৌধুরীর অনুসারী।উপস্থিত একাধিক নেতা বলেন, এই ফলাফলের জন্য তারা ১৪ বছর অপেক্ষা করেছেন। মনজুর আলম রাজনীতিতে দীর্ঘসময় এবিএম মহিউদ্দিন চৌধুরীর শিষ্য ছিলেন। কিন্তু ২০১০ সালে তিনিই মেয়র নির্বাচনে বিএনপির সমর্থন নিয়ে মহিউদ্দিন চৌধুরীকে হারিয়ে দেন। সেই হারের প্রতিশোধ এবার মহিউদ্দিন চৌধুরীর কর্মী মো. মহিউদ্দিন বাচ্চু নিলেন। এজন্য মহিউদ্দিন চৌধুরীর অনুসারীদের আনন্দ অন্যদের চেয়ে আলাদা।এ প্রসঙ্গে চট্টগ্রাম-১০ আসনে জয়ী নৌকার প্রার্থী ও আওয়ামী লীগ নেতা মো. মহিউদ্দিন বাচ্চু আমাদের সময়কে বলেন, এবিএম মহিউদ্দিন চৌধুরীর নেতৃত্বে আমরা চট্টগ্রামে বঙ্গবন্ধুর আদর্শ ও জননেত্রী শেখ হাসিনার রাজনৈতিক দর্শন প্রতিষ্ঠার রাজনীতি ও সংগ্রাম করেছি। জনগণ আমাদের গ্রহণ করেছেন। নির্বাচনের ফলাফলে তা প্রমাণিত হলো।বিজয়ী প্রার্থীকে অভিনন্দন জানিয়ে সাবেক মেয়র মোহাম্মদ মনজুর আলম বলেন, নির্বাচনে একজন জিতবেন, অন্যজন হারবেন- সেটাই বাস্তবতা। আমরা সহনশীল রাজনীতি চর্চার মাধ্যমে এগিয়ে যেতে চাই।মহিউদ্দিন বাচ্চু চট্টগ্রাম মহানগর যুবলীগের সাবেক আহ্বায়ক। এ ছাড়া তিনি চট্টগ্রাম মহানগর ছাত্রলীগের প্রচার ও প্রকাশনা সম্পাদক ছিলেন। চট্টগ্রাম-১০ আসনের সংসদ সদস্য ও সাবেক মন্ত্রী ডা. আফছারুল আমীন মারা গেলে উপনির্বাচনে আওয়ামী লীগের মনোনয়ন পান মহিউদ্দিন বাচ্চু। গত বছরের ৩০ জুলাই অনুষ্ঠিত ওই উপনির্বাচনে তিনি প্রথম সংসদ সদস্য নির্বাচিত হন। এ আসনে ২০০১ সালের নির্বাচনে বিএনপি নেতা আমীর খসরু মাহমুদ চৌধুরী জয়ী হয়েছিলেন।",1,1,0,False
"দ্বাদশ জাতীয় সংসদ নির্বাচনে হবিগঞ্জের চারটি আসনের তিনটিতে এক প্রতিমন্ত্রী, এক এমপি ও এক হেভিওয়েট নেতাকে হারিয়ে এবার এমপি নির্বাচিত হয়েছেন তিন তরুণ। তারা হলেন- হবিগঞ্জ-১ (বাহুবল-নবীগঞ্জ) আসনে আমাতুল কিবরিয়া কেয়া চৌধুরী, হবিগঞ্জ-৪ (চুনারুঘাট-মাধবপুর) আসনে ব্যারিস্টার সৈয়দ সায়েদুল হক সুমন এবং হবিগঞ্জ-২ (বানিয়াচং-আজমিরীগঞ্জ) আসনে ময়েজ উদ্দিন শরীফ। নির্বাচনের ফলাফল প্রকাশের পর তারা ঘুরেফিরে আসছেন ভোটের আলোচনায়। ব্যারিস্টার সৈয়দ সায়েদুল হক সুমন। তার মূল পরিচয় ফেসবুক সেলিব্রেটি হিসেবে। যুবলীগের কেন্দ্রীয় কমিটির আইনবিষয়ক সম্পাদকের পদ থেকে অব্যাহতি পাওয়ার পর অনেকেই ভেবেছিলেন সুমন রাজনীতি থেকে ছিটকে পড়বেন, ক্যারিয়ার ধ্বংস হয়ে গেছে। কিন্তু সামাজিক যোগাযোগমাধ্যমের কল্যাণে নিজেকে তিনি সক্রিয় রেখেছেন। সর্বশেষ সংসদ নির্বাচেন ক্ষমতাসীন দলের প্রার্থী একজন প্রতিমন্ত্রীকে বড় ব্যবধানে পরাজিত করে নির্বাচিত হয়েছেন। ব্যারিস্টার সৈয়দ সায়েদুল হক সুমন ছিলেন স্বতন্ত্র প্রার্থী। তিনি ঈগল প্রতীকে ১ লাখ ৬৯ হাজার ৯৯ ভোট পেয়েছেন। তার নিকটতম প্রতিদ্বন্দ্বী বেসামরিক বিমান পরিবহন ও পর্যটন প্রতিমন্ত্রী মো. মাহবুব আলী। তিনি নৌকা প্রতীকে পেয়েছেন ৬৯ হাজার ৫শ ৪৩ ভোট।ব্যারিস্টার সুমন আওয়ামী লীগের একজন সাধারণ কর্মী। স্থানীয় আওয়ামী লীগের নির্বাহী কমিটিতে তার নাম নেই। কিন্তু বিভিন্ন সামাজিক কর্মকাণ্ডের মাধ্যমে জনপ্রিয় হয়ে ওঠেন তিনি। দীর্ঘদিন উন্নয়নবঞ্চিত এলাকাবাসী এবার নির্বাচনে নতুন মুখ হিসেবে তাকে বেছে নিয়েছে।আমাতুল কিবরিয়া কেয়া চৌধুরীও জেলা আওয়ামী লীগ কিংবা উপজেলা আওয়ামী লীগের কোনো পদে নেই। তার বাবা মুক্তিযুদ্ধের সংগঠক প্রয়াত মানিক চৌধুরী ওরফে কমান্ড্যান্ট মানিক চৌধুরী। কেয়া চৌধুরী ২০০৭ সালে চেতনা ৭১ নামে একটি সংগঠন করে রাজনীতিতে সক্রিয় হন। হবিগঞ্জের বীরাঙ্গনাদের মুক্তিযোদ্ধার স্বীকৃতি আদায়ে ভূমিকা রাখেন। তাদের আর্থিক, সামাজিক ও স্বাস্থ্যসেবার উন্নয়নেও কাজ করেন। মুক্তিযুদ্ধে অবদানের স্বীকৃতিস্বরূপ মানিক চৌধুরী সর্বোচ্চ রাষ্ট্রীয় সম্মান মরণোত্তর স্বাধীনতা পুরস্কারে ভূষিত হন। কেয়ার নানা সামাজিক ও উন্নয়ন কর্মকা-ে খুশি হয়ে ২০১৪ সালে তাকে জাতীয় সংসদের সংরক্ষিত এমপি নির্বাচন করা হয়। এই পদে আসার পরও তিনি নির্বাচনী এলাকায় বিভিন্ন উন্নয়ন কর্মকাণ্ডে ভূমিকা রাখেন। দ্বাদশ সংসদ নির্বাচনে হবিগঞ্জ-১ আসনে আওয়ামী লীগের মনোনয়ন চান কেয়া চৌধুরী। না পেয়ে স্বতন্ত্র প্রার্থী হন। নির্বাচনে ৭৫ হাজার ৫২ ভোট পেয়ে নির্বাচিত হন। তার নিকটতম প্রতিদ্বন্দ্বী জাতীয় পার্টির মোহম্মদ আব্দুল মুনিম চৌধুরী পেয়েছেন ৩০ হাজার ৭০৩ ভোট। কেয়া এ আসনে এবার সরাসরি ভোটে নির্বাচিত নতুন মুখ।এদিকে হবিগঞ্জ-২ (বানিয়াচং-আজমিরীগঞ্জ) আসনের সাবেক এমপি শরীফ উদ্দিনের পুত্র ময়েজ উদ্দিন শরীফ। পিতার সুনামকে কাজে লাগিয়ে তিনি এবার এমপি নির্বাচিত হয়েছেন। ৭ জানুয়ারির নির্বাচনে তিনি পেয়েছেন ৯৯ হাজার ৯৪৩ ভোট। তার নিকটতম প্রতিদ্বন্দ্বী বর্তমান সংসদ সদস্য আব্দুল মজিদ খান পেয়েছেন ৪৯ হাজার ৬০৬ ভোট। দ্বাদশ জাতীয় সংসদে ময়েজও একজন তরুণ ও নতুন মুখ।",1,1,0,False
 টাঙ্গাইল-৪ (কালিহাতী) আসনের নির্বাচনী সহিংসতার মামলায় গ্রেপ্তার নেতাকর্মীর মুক্তির দাবিতে গতকাল মঙ্গলবার টাঙ্গাইল-ময়মনসিংহ মহাসড়কের কালিহাতী থানার সামনে অবরোধ করেন সদ্য নির্বাচিত স্বতন্ত্র প্রার্থী আবদুল লতিফ সিদ্দিকী ও তার সমর্থকরা। আড়াই ঘণ্টা পর লতিফ সিদ্দিকীর ছোট ভাই কৃষক শ্রমিক জনতা লীগের সভাপতি বঙ্গবীর কাদের সিদ্দিকীর অনুরোধে তারা এই অবরোধ প্রত্যাহার করেন। গতকাল বেলা ১টায় লতিফ সিদ্দিকী ও তার সমর্থকরা ওই মহাসড়কে কালিহাতী থানার সামনে অবস্থান ধর্মঘট শুরু করেন। ফলে মহাসড়কটিতে যানবাহন চলাচল বন্ধ হয়ে যায়। দুপুর আড়াইটার দিকে কাদের সিদ্দিকী ঘটনাস্থলে যান। তিনি লতিফ সিদ্দিকীর সঙ্গে কথা বলেন। পরে থানায় প্রবেশ করে পুলিশ কর্মকর্তাদের সঙ্গে কথা বলেন। পুলিশ আটক ছয়জনের মধ্য থেকে এজাহারে নাম না থাকা চারজনকে ছেড়ে দেয়। তবে এজাহারভুক্ত দুজনকে আদালতে পাঠানো হয়।পরে কাদের সিদ্দিকীর বড় ভাই লতিফ সিদ্দিকীকে অবরোধ তুলে নেওয়ার অনুরোধ জানান। বেলা সাড়ে ৩টার দিকে লতিফ সিদ্দিকী ও তার অনুসারীরা মহাসড়ক ছেড়ে চলে যান। পরে মহাসড়কটিতে যানবাহন চলাচল শুরু হয়।দ্বাদশ জাতীয় সংসদ নির্বাচনে টাঙ্গাইল-৪ আসনে স্বতন্ত্র প্রার্থী (ট্রাক প্রতীক) হিসেবে ৭০ হাজার ৯৪০ ভোট পেয়ে বিজয়ী হয়েছেন প্রবীণ রাজনীতিক লতিফ সিদ্দিকী।,1,1,0,False
" দ্বাদশ জাতীয় সংসদ নির্বাচনে বরগুনা-১ আসনের ১৮টি কেন্দ্রে বেআইনিভাবে ভোট গণনা, ফলাফল বিবরণী প্রস্তুত ও একত্রীকরণ প্রক্রিয়া এবং এজেন্টদের স্বাক্ষরবিহীন রেজাল্ট শিট প্রদানসহ নানা অভিযোগ করেছেন নৌকার প্রার্থী ধীরেন্দ্র দেবনাথ শম্ভু। গতকাল জেলা রিটার্নিং কর্মকর্তা বরাবর এ অভিযোগ করেন তিনি।অভিযোগ দাখিলের সময় শম্ভুর সঙ্গে ছিলেন বরগুনা জেলা আইনজীবী সমিতির সভাপতিসহ ডজনখানেক জেলা আওয়ামী লীগের নেতা।নৌকার প্রার্থীর পক্ষে অ্যাডভোকেট সোহরাব হোসেন মামুন বলেন, জেলা রিটার্নিং কর্মকর্তার কাছে অভিযোগ দিয়েছি। অভিযোগপত্রে সুনির্দিষ্ট করে বলা হয়েছে, ফলাফল শিটে নৌকার এজেন্টদের স্বাক্ষর নেই। এজেন্টদের জোর আপত্তি উপেক্ষা করে আইনসঙ্গতভাবে প্রস্তুত না করায় ফলাফলে ব্যাপক কারচুপি হয়েছে বলে মনে করা হচ্ছে।জেলা প্রশাসক ও জেলা রিটার্নিং কর্মকর্তা বলেন, অভিযোগ খতিয়ে দেখা হবে।এ আসনে এবার প্রার্থী ছিলেন আওয়ামী লীগ মনোনীত পাঁচবারের এমপি ধীরেন্দ্র দেবনাথ শম্ভু, স্বতন্ত্র প্রার্থী জেলা আওয়ামী লীগের যুগ্ম সাধারণ সম্পাদক গোলাম সরোয়ার টুকু (ঈগল), আরেক স্বতন্ত্র প্রার্থী কেন্দ্রীয় আওয়ামী লীগ নেতা খলিলুর রহমান (ট্রাক) এবং স্বতন্ত্র প্রার্থী আমতলী উপজেলা আওয়ামী লীগের সাবেক সভাপতি গোলাম সরোয়ার ফোরকান (কাঁচি) প্রতীক নিয়ে নির্বাচনী মাঠে ছিলেন।",1,1,0,False
" সাতক্ষীরার শ্যামনগরে নির্বাচনপরবর্তী সহিংসতায় ১৩ জন আহত হয়েছেন। অন্যদিকে রাজবাড়ীতে এক যুবলীগ নেতাকে কুপিয়ে জখম করেছে প্রতিপক্ষ। জামালপুরের সরিষাবাড়ীতে যমুনা সারকারখানার শ্রমিক-কর্মচারী ইউনিয়নের সভাপতিকে মারধরের অভিযোগ উঠেছে স্বতন্ত্র প্রার্থীর কর্মী-সমর্থকদের বিরুদ্ধে। এ ছাড়া নেতাকর্মীদের ওপর হামলা, বাড়িঘর ও ব্যবসা প্রতিষ্ঠানে ভাঙচুর, লুটপাট ও অগ্নিসংযোগের প্রতিবাদে বিভিন্ন এলাকায় সংবাদ সম্মেলন করেছেন দলীয় ও স্বতন্ত্র প্রার্থীরা। আমাদের প্রতিনিধিরা আরও জানান-শ্যামনগর (সাতক্ষীরা) : নির্বাচনপরবর্তী সহিংসতায় ১৩ জন আহত ও বসতঘর ভাঙচুর হয়েছে। সোমবার সন্ধ্যায় শ্যামনগরের গাবুরা ইউনিয়নের পূর্ব চাঁদনীমুখা গ্রামে সাবেক ইউপি সদস্য মাস্টার আব্দুর রহিম ও ইউনিয়ন ছাত্রলীগের সভাপতি মিজানুর রহমান মিজানের সমর্থকদের মধ্যে এ সংঘর্ষ হয়। এতে ১৩ জন আহত ও ৩-৪টি বসতঘর ভাঙচুর হয়েছে।নির্বাচনে আওয়ামী লীগ প্রার্থী এসএম আতাউল হক দোলন নির্বাচিত হলে সোমবার সকালে তাকে শুভেচ্ছা জানাতে মিজানুর রহমান শ্যামনগরের বঙ্গবন্ধু সুপার মার্কেটে উপস্থিত হলে রহিম মাস্টারের সমর্থকরা তাকে উদ্দেশ্য করে বলেন- ‘ভোট দিস নাই, এখন আসছিস কেন?’ প্রতিবাদ করতে গেলে তার ওপর হামলা করে বলে জানান মিজান। পরে উপজেলা ছাত্রলীগের সাবেক সাধারণ সম্পাদক মোস্তাফিজুর রহমান রনি মিজানকে উদ্ধার করে শ্যামনগর উপজেলা স্বাস্থ্য কমপ্লেক্সে ভর্তি করেন। উন্নত চিকিৎসার জন্য তাকে সাতক্ষীরা মেডিক্যাল কলেজ হাসপাতালে পাঠানো হয়।এদিকে মিজানকে মারধরের ঘটনায় তার কর্মী-সমর্থকরা উত্তেজিত হয়ে রহিম মাস্টারের বাড়িতে হামলা চালিয়ে ভাঙচুর করে। এ সময় সংঘর্ষে উভয় পক্ষের বেশ কয়েকজন আহত হন।শ্যামনগর থানার ভারপ্রাপ্ত কর্মকর্তা (ওসি) আবুল কালাম আজাদ জানান, পুলিশের হস্তক্ষেপে বর্তমানে পরিস্থিতি শান্ত আছে।রাজবাড়ী : আসিফুর রহমান আলমগীর (৩৫) নামে এক যুবলীগ নেতাকে কুপিয়ে জখম করেছে প্রতিপক্ষ। তিনি রাজবাড়ী সদর উপজেলার আলীপুর ইউনিয়ন যুবলীগের সাধারণ সম্পাদক এবং বারবাকপুর গ্রামের সানাউল্লাহ গাজীর ছেলে। আসিফুর নৌকা প্রার্থীর ওই ইউনিয়নের ২নং ওয়ার্ড নির্বাচন পরিচালনা কমিটির আহ্বায়কের দায়িত্বে ছিলেন।আসিফুর রহমান আলমগীর বলেন, সোমবার রাতে মোবাইল ফোনে এরশাদ নামে একজনের সঙ্গে তার বাগ্বিত-া হয়। মঙ্গলবার সকাল সাড়ে ১০টায় বারবাকপুর বাজারে সোহাগ, রিপন, এরশাদ, সাজিদসহ একদল যুবক মোটরসাইকেলে তার কাছে এসে হেলমেট দিয়ে পিটিয়ে ফেলে দেয় ও পিঠের নিচের দিকে কুপিয়ে জখম করে পালিয়ে যায়। স্থানীয়রা উদ্ধার করে তাকে রাজবাড়ী সদর হাসপাতালে ভর্তি করেন।রাজবাড়ী সদর থানার ওসি ইফতেখারুল আলম প্রধান বলেন, বিষয়টি নিয়ে তদন্ত চলছে।সরিষাবাড়ী (জামালপুর) : নৌকার পক্ষে কাজ করায় যমুনা সারকারখানার শ্রমিক-কর্মচারী ইউনিয়নের সভাপতি ও জাতীয় শ্রমিক লীগ সরিষাবাড়ী আঞ্চলিক শাখার সভাপতি মোয়াজ্জেম হোসেনকে মারধর করেছে ট্রাক প্রতীকের স্বতন্ত্র প্রার্থীর সমর্থকরা। গতকাল সকালে রূপালী ব্যাংক মোড় বিজয় ভবন এলাকায় এ ঘটনা ঘটে। পরে স্থানীয়রা তাকে উদ্ধার করে উপজেলা স্বাস্থ্য কমপ্লেক্সে ভর্তি করেন। মোয়াজ্জেম নৌকা প্রতীকের প্রার্থী প্রকৌশলী মাহবুবুর রহমান হেলালের সমর্থক।মাদারীপুর : মাদারীপুর-৩ আসনে বিজয়ী স্বতন্ত্র প্রার্থী কালকিনি উপজেলা আওয়ামী লীগের সভাপতি ও সংরক্ষিত নারী আসনের এমপি তাহমিনা বেগমের সমর্থকদের বসতবাড়ি ভাঙচুর, লুটপাট ও তার নেতাকর্মীদের ওপর হামলার প্রতিবাদে সংবাদ সম্মেলন অনুষ্ঠিত হয়েছে। মঙ্গলবার দুপুরে স্থানীয় আওয়ামী লীগের দলীয় কার্যালয়ে তাহমিনা বলেন, তফসিল ঘোষণার পর থেকেই বিভিন্ন ধরনের হুমকি, কর্মী হত্যা, হামলা, মিথ্যা মামলায় ফাঁসানো, ঘরবাড়ি ভাঙচুর, লুটপাটসহ বিভিন্নভাবে ভয়ভীতি প্রদর্শন করে আসছিল। তা নির্বাচনের দিন ও ফলাফল ঘোষণার পরও চালিয়ে যাচ্ছে। নৌকার প্রার্থী পরাজিত হওয়ার পর তাদের সন্ত্রাসী কর্মকা-ের মাত্রা আরও বৃদ্ধি করে।খুলনা : নির্বাচনপরবর্তী ব্যাপক সহিংসতার অভিযোগ করেছেন খুলনা ৪ ও ৫ আসনের দুই স্বতন্ত্র প্রার্থী। মঙ্গলবার দুপুরে খুলনা প্রেসক্লাবে পৃথক দুটি সংবাদ সম্মেলনে খুলনা-৫ আসনের প্রার্থী ও ফুলতলা উপজেলা আওয়ামী লীগের সভাপতি শেখ আকরাম হোসেন এবং খুলনা-৪ আসনের প্রার্থী সাবেক ছাত্রলীগ নেতা এসএম মোর্ত্তজা রশিদী দারা এ অভিযোগ করেন। এর জন্য আওয়ামী লীগের নির্বাচিত সংসদ সদস্য নারায়ণচন্দ্র চন্দ ও আব্দুস সালাম মুর্শেদীকে দায়ী করেছেন তারা।টাঙ্গাইল : নৌকা প্রতীকের পরাজিত প্রার্থী অধ্যাপক ডা. কামরুল হাসান খান মঙ্গলবার দুপুরে টাঙ্গাইল প্রেসক্লাবে সংবাদ সম্মেলন করেন। লিখিত বক্তব্যে তিনি বলেন, ঈগল প্রতীকের স্বতন্ত্র প্রার্থী আমানুর রহমান খান রানার সন্ত্রাসী বাহিনী নৌকা প্রতীকের কর্মীদের মারধর, বাড়িঘর-দোকানপাট ভাঙচুর, অগ্নিসংযোগ করেছে। নির্বাচনের ফল ঘোষণার পরপরই তার সমর্থকরা গোটা ঘাটাইলে সন্ত্রাসী কর্মকা- চালায়।চাঁপাইনবাবগঞ্জ : সংবাদ সম্মেলন করেন চাঁপাইনবাবগঞ্জ-১ আসনের স্বতন্ত্র প্রার্থী আওয়ামী লীগ নেতা সৈয়দ নজরুল ইসলাম (ট্রাক)। মঙ্গলবার দুপুরে শিবগঞ্জ ডাকবাংলো প্রাঙ্গণে তার নির্বাচন পরিচালনা কমিটির সদস্য সচিব ও উপজেলা আওয়ামী লীগের সাধারণ সম্পাদক আতিকুল ইসলাম টুটুল খান লিখিত বক্তব্যে বলেন, নৌকার প্রার্থী ডা. সামিল উদ্দিন আহম্মেদ শিমুলের লোকজন আমাদের কর্মী-সমর্থকদের বাড়িতে হামলা, ভাঙচুর ও ককটেল নিক্ষেপ করে এলাকায় ত্রাস সৃষ্টি করে চলেছে।এমপিকে শুভেচ্ছা জানাতে গিয়ে লাঞ্ছিত ইউপি চেয়ারম্যানএদিকে আমাদের রাজশাহী ব্যুরো জানায়, রাজশাহী-১ (গোদাগাড়ী-তানোর) আসনের পুনঃনির্বাচিত এমপি ওমর ফারুক চৌধুরীকে শুভেচ্ছা জানাতে গিয়ে পিটুনি খেয়েছেন মাসুদুল গনি নামে এক ইউপি চেয়ারম্যান। সোমবার রাতে এমপির মালিকানাধীন মহানগরীর নিউ মার্কেট এলাকার থিম ওমর প্লাজার নিচতলায় তার রাজনৈতিক কার্যালয়ে এ ঘটনা ঘটে। নিজের ও পরিবারের জানমালের নিরাপত্তা চেয়ে বোয়ালিয়া মডেল থানায় একটি সাধারণ ডায়েরি করেছেন গোদাগাড়ী সদর ইউপি চেয়ারম্যান মাসুদুল গনি। এ আসনে স্বতন্ত্র প্রার্থী আওয়ামী লীগ নেতা গোলাম রাব্বানীর কাঁচি প্রতীকের সমর্থক ছিলেন।",1,1,0,False
" ‘যে মাটিকে আমি এত ভালবাসি, যে মানুষকে আমি এত ভালবাসি, যে জাতিকে আমি এত ভালবাসি, আমি জানতাম না সে বাংলায় আমি যেতে পারবো কিনা। আজ আমি বাংলায় ফিরে এসেছি বাংলার ভাইয়েদের কাছে, মায়েদের কাছে, বোনদের কাছে। বাংলা আমার স্বাধীন, বাংলাদেশ আজ স্বাধীন।’ পাকিস্তানের বন্দিদশা থেকে মুক্তি পেয়ে সদ্য স্বাধীন বাংলাদেশের মাটি ছুঁয়েশিশুর মতো আবেগাপ্লুত হয়ে এভাবেই নিজের অভিব্যক্তি প্রকাশ করেছিলেন বাংলাদেশের ইতিহাসের নির্মাতা জাতির জনক বঙ্গবন্ধু শেখ মুজিবুর রহমান। যে ময়দানে বঙ্গবন্ধু ৭ মার্চের ভাষণে মুক্তিযুদ্ধের দিকনির্দেশনা দিয়েছিলেন, সেই ঐতিহাসিক রেসকোর্স ময়দানে (সোহরাওয়ার্দী উদ্যান) ফিরে সে দিন এই অনুভূতি প্রকাশ করেছিলেন তিনি। বঙ্গবন্ধু তার এই স্বদেশ প্রত্যাবর্তনকে ‘অন্ধকার হতে আলোর পথে যাত্রা’ হিসাবে আখ্যায়িত করেছিলেন।আজ সেই ১০ জানুয়ারি। জাতির পিতা বঙ্গবন্ধু শেখ মুজিবুর রহমানের স্বদেশ প্রত্যাবর্তন দিবস। পাকিস্তানের কারাগার থেকে মুক্তি পেয়ে ১৯৭২ সালের এই দিনে তিনি সদ্য স্বাধীন প্রিয় মাতৃভূমিতে প্রত্যাবর্তন করেন। এর আগে দীর্ঘ ৯ মাস পর পাকিস্তানের কারাগার থেকে ৮ জানুয়ারি তিনি মুক্তি লাভ করেন। পরে তিনি পাকিস্তান থেকে লন্ডন যান এবং দিল্লি হয়ে ঢাকা ফেরেন। দ্বিবসটি উপলক্ষে আজ বুধবার সোহরাওয়ার্দী উদ্যানে সমাবেশসহ বিভিন্ন কর্মসূচি গ্রহণ করেছে বাংলাদেশ আওয়ামী লীগ।১৯৭১ সালের ২৬ মার্চের প্রথম প্রহরে বাংলাদেশের স্বাধীনতা ঘোষণা করে বঙ্গবন্ধু সর্বস্তরের জনগণকে মুক্তিযুদ্ধে ঝাঁপিয়ে পড়ার আহ্বান জানান। স্বাধীনতা ঘোষণার অব্যবহিত পর পাকিস্তানের সামরিক শাসক জেনারেল ইয়াহিয়া খানের নির্দেশে তাকে গ্রেপ্তার করে তদানীন্তন পশ্চিম পাকিস্তানের কারাগারে নিয়ে আটকে রাখা হয়। ১৯৭১ সালের ১৬ ডিসেম্বর পর্যন্ত পাকিস্তানি সৈন্যদের বিরুদ্ধে নয় মাস যুদ্ধ করার পর চূড়ান্ত বিজয় অর্জিত হলেও ১০ জানুয়ারি বঙ্গবন্ধুর স্বদেশ প্রত্যাবর্তনের মধ্য দিয়ে জাতি বিজয়ের পূর্ণ স্বাদ গ্রহণ করে।জাতির পিতা পাকিস্তান থেকে ছাড়া পান ১৯৭২ সালের ৭ জানুয়ারি ভোর রাতে, ক্যালেন্ডারে হিসাবে তখন ৮ জানুয়ারি। এদিন বঙ্গবন্ধুকে বিমানে তুলে দেওয়া হয়। স্থানীয় সময় সকাল সাড়ে ৬টায় তিনি পৌঁছান লন্ডনের হিথরো বিমানবন্দরে। সকাল ১০টার পর থেকে বঙ্গবন্ধু কথা বলেন ব্রিটেনের প্রধানমন্ত্রী এডওয়ার্ড হিথ, তাজউদ্দীন আহমদ ও ভারতের তৎকালীন প্রধানমন্ত্রী ইন্দিরা গান্ধীসহ অনেকের সঙ্গে। পরে ব্রিটেনের বিমানবাহিনীর একটি বিমানে করে পরের দিন ৯ জানুয়ারি দেশের পথে যাত্রা করেন।১০ তারিখ সকালে বঙ্গবন্ধু নামেন দিল্লিতে। সেখানে ভারতের রাষ্ট্রপতি ভিভি গিরি, প্রধানমন্ত্রী ইন্দিরা গান্ধী, সমগ্র মন্ত্রিসভা, শীর্ষ নেতৃবৃন্দ, তিন বাহিনীসহ দেশটির জনগণের কাছ থেকে উষ্ণ সংবর্ধনা লাভ করেন সদ্য স্বাধীন বাংলাদেশের জাতির পিতা শেখ মুজিবুর রহমান। এদিন দুপুর ১টা ৪১ মিনিটে তিনি ঢাকা এসে পৌঁছেন। চূড়ান্ত বিজয়ের পর ১০ জানুয়ারি বাঙালি জাতি বঙ্গবন্ধুকে প্রাণঢালা সংবর্ধনা জানানোর জন্য অপেক্ষায় ছিল। আনন্দে আত্মহারা লাখ লাখ মানুষ ঢাকা বিমানবন্দর থেকে রেসকোর্স ময়দান পর্যন্ত তাকে স্বতঃস্ফূর্ত সংবর্ধনা জানান। বিকাল পাঁচটায় রেসকোর্স ময়দানে প্রায় ১০ লাখ লোকের উপস্থিতিতে তিনি ভাষণ দেন।সশ্রদ্ধ চিত্তে এ সময় জাতির জনক সবার ত্যাগের কথা স্মরণ করেন এবং সবাইকে দেশ গড়ার কাজে উদ্বুদ্ধ করে বলেন, ‘আজ থেকে আমার অনুরোধ, আজ থেকে আমার আদেশ, আজ থেকে আমার হুকুম ভাই হিসেবে, নেতা হিসেবে নয় প্রধানমন্ত্রী হিসেবে নয় প্রেসিডেন্ট হিসেবে নয়। আমি তোমাদের ভাই, তোমরা আমার ভাই। এ স্বাধীনতা আমার পূর্ণ হবে না, যদি বাংলার মানুষ পেট ভরে ভাত না পায়, এ স্বাধীনতা আমার পূর্ণ হবে না যদি বাংলার মা-বোনেরা কাপড় না পায়, এ স্বাধীনতা আমার পূর্ণ হবে না যদি এদেশের যুবক যারা আছে তারা চাকরি না পায়।’ তিনি আরও বলেছিলেন, ‘একটা কথা- আজ থেকে বাংলায় যেন আর চুরি-ডাকাতি না হয়। বাংলায় যেন আর লুটতরাজ না হয়। তিনি বলেন, আমি দেখিয়ে দিতে চাই দুনিয়ার কাছে শান্তিপূর্ণ বাঙালি রক্ত দিতে জানে, শান্তিপূর্ণ বাঙালি শান্তি বজায় রাখতেও জানে।’আওয়ামী লীগের কর্মসূচি : জাতির পিতা বঙ্গবন্ধু শেখ মুজিবুর রহমানের ঐতিহাসিক স্বদেশ প্রত্যাবর্তন দিবস উপলক্ষে বরাবরের মতো এবারও নানা কর্মসূচি ঘোষণা করেছে আওয়ামী লীগ। কর্মসূচির মধ্যে রয়েছে আজ বুধবার সকাল সাড়ে ৬টায় দলের কেন্দ্রীয় কার্যালয়, বঙ্গবন্ধু ভবন ও সারাদেশে সংগঠনের সব কার্যালয়ে জাতীয় ও দলীয় পতাকা উত্তোলন। সকাল সাড়ে ৮টায় বঙ্গবন্ধু ভবনের সামনে রক্ষিত জাতির পিতা বঙ্গবন্ধু শেখ মুজিবুর রহমানের প্রতিকৃতিতে শ্রদ্ধাঞ্জলি নিবেদন। দুপুর ২টা ৩০ মিনিটে সোহরাওয়ার্দী উদ্যানে জনসভা অনুষ্ঠিত হবে। সভায় সভাপতিত্ব করবেন আওয়ামী লীগ সভাপতি শেখ হাসিনা। সভায় দ্বাদশ জাতীয় সংসদ নির্বাচনের বিজয় উদযাপন করা হবে বলে দল থেকে জানানো হয়েছে। এছাড়া প্রতিটি জেলা, মহানগর, উপজেলা, থানা, ইউনিয়ন ও ওয়ার্ড পর্যায়ে আওয়ামী লীগ এবং সব সহযোগী সংগঠন কেন্দ্রীয় কমিটির অনুরূপ কর্মসূচির আয়োজন করবে।আওয়ামী লীগের সাধারণ সম্পাদক ওবায়দুল কাদের এক বিবৃতিতে জাতির পিতার স্বদেশ প্রত্যাবর্তন দিবসের কর্মসূচি পালনের জন্য বাংলাদেশ আওয়ামী লীগসহ সব সহযোগী সংগঠনের সর্বস্তরের নেতাকর্মীর প্রতি আহ্বান জানিয়েছেন।",1,1,0,False
" নাগরিক ঐক্যের সভাপতি মাহমুদুর রহমান মান্না বলেছেন, আমরা আন্দোলনে আছি। ২৮ অক্টোবর সরকারের সেই (মহাসমাবেশ) বর্বর আক্রমণের পর থেকে ধারাবাহিকভাবে কর্মসূচি আমরা পালন করেছি। এখন পর্যন্ত আমরা যে ধারায় আন্দোলন করছি, তাতে আমরা বিজয় অর্জন করেছি।গতকাল মঙ্গলবার দুপুরে ঢাকা রিপোর্টার্স ইউনিটি কার্যালয়ে এক সংবাদ সম্মেলনে তিনি এসব কথা বলেন।মাহমুদুর রহমান মান্না আরও বলেন, আমরা লাগাতারভাবে এই আন্দোলন চালিয়ে যাব। একটি কমন দাবি নিয়ে আমরা যুগপৎ আন্দোলনে আছি। আমরা যুগপৎ আন্দোলন চালিয়ে যেতে চাই। সেটিকে পারলে আরও সম্প্রসারিত করব।বাংলাদেশের বিপ্লবী ওয়ার্কার্স পার্টির সাইফুল হক বলেন, ভারত, রাশিয়া ও চীন যে প্রতিক্রিয়া দিয়েছে, বাংলাদেশে জিও পলিটিক্যাল ইন্টারেস্ট বিবেচনায় প্রধানমন্ত্রী শেখ হাসিনার সরকারের প্রতি তাদের যে সমর্থন, সেই বিবেচনায় তাদের এই প্রতিক্রিয়া যুক্ত হয়েছে। আমরা ভেবেছিলাম, ভারত ২০১৪ বা ২০১৮ সালের মতো একটা ফ্যাসিস্ট সরকারের সহযোগী হবে না। এ দেশের মানুষের গণতন্ত্রের আকাক্সক্ষা, তাদের অধিকার এবং বিশ্বাসযোগ্য নির্বাচন তার পক্ষে ভারতসহ আমাদের যে আন্তর্জাতিক শরিক তারা অবস্থান গ্রহণ করবে। দুঃখজনক হলো সেই অবস্থান তারা গ্রহণ করতে পারেনি।",1,1,0,False
" নাগরিক ঐক্যের সভাপতি মাহমুদুর রহমান মান্না বলেছেন, আমরা আন্দোলনে আছি। ২৮ অক্টোবর সরকারের সেই (মহাসমাবেশ) বর্বর আক্রমণের পর থেকে ধারাবাহিকভাবে কর্মসূচি আমরা পালন করেছি। এখন পর্যন্ত আমরা যে ধারায় আন্দোলন করছি, তাতে আমরা বিজয় অর্জন করেছি।গতকাল মঙ্গলবার দুপুরে ঢাকা রিপোর্টার্স ইউনিটি কার্যালয়ে এক সংবাদ সম্মেলনে তিনি এসব কথা বলেন।মাহমুদুর রহমান মান্না আরও বলেন, আমরা লাগাতারভাবে এই আন্দোলন চালিয়ে যাব। একটি কমন দাবি নিয়ে আমরা যুগপৎ আন্দোলনে আছি। আমরা যুগপৎ আন্দোলন চালিয়ে যেতে চাই। সেটিকে পারলে আরও সম্প্রসারিত করব।বাংলাদেশের বিপ্লবী ওয়ার্কার্স পার্টির সাইফুল হক বলেন, ভারত, রাশিয়া ও চীন যে প্রতিক্রিয়া দিয়েছে, বাংলাদেশে জিও পলিটিক্যাল ইন্টারেস্ট বিবেচনায় প্রধানমন্ত্রী শেখ হাসিনার সরকারের প্রতি তাদের যে সমর্থন, সেই বিবেচনায় তাদের এই প্রতিক্রিয়া যুক্ত হয়েছে। আমরা ভেবেছিলাম, ভারত ২০১৪ বা ২০১৮ সালের মতো একটা ফ্যাসিস্ট সরকারের সহযোগী হবে না। এ দেশের মানুষের গণতন্ত্রের আকাক্সক্ষা, তাদের অধিকার এবং বিশ্বাসযোগ্য নির্বাচন তার পক্ষে ভারতসহ আমাদের যে আন্তর্জাতিক শরিক তারা অবস্থান গ্রহণ করবে। দুঃখজনক হলো সেই অবস্থান তারা গ্রহণ করতে পারেনি।",1,1,0,False
" দ্বাদশ জাতীয় সংসদ নির্বাচনে হবিগঞ্জের চারটি আসনের তিনটিতে এক প্রতিমন্ত্রী, এক এমপি ও এক হেভিওয়েট নেতাকে হারিয়ে এবার এমপি নির্বাচিত হয়েছেন তিন তরুণ। তারা হলেন- হবিগঞ্জ-১ (বাহুবল-নবীগঞ্জ) আসনে আমাতুল কিবরিয়া কেয়া চৌধুরী, হবিগঞ্জ-৪ (চুনারুঘাট-মাধবপুর) আসনে ব্যারিস্টার সৈয়দ সায়েদুল হক সুমন এবং হবিগঞ্জ-২ (বানিয়াচং-আজমিরীগঞ্জ) আসনে ময়েজ উদ্দিন শরীফ। নির্বাচনের ফলাফল প্রকাশের পর তারা ঘুরেফিরে আসছেন ভোটের আলোচনায়। ব্যারিস্টার সৈয়দ সায়েদুল হক সুমন। তার মূল পরিচয় ফেসবুক সেলিব্রেটি হিসেবে। যুবলীগের কেন্দ্রীয় কমিটির আইনবিষয়ক সম্পাদকের পদ থেকে অব্যাহতি পাওয়ার পর অনেকেই ভেবেছিলেন সুমন রাজনীতি থেকে ছিটকে পড়বেন, ক্যারিয়ার ধ্বংস হয়ে গেছে। কিন্তু সামাজিক যোগাযোগমাধ্যমের কল্যাণে নিজেকে তিনি সক্রিয় রেখেছেন। সর্বশেষ সংসদ নির্বাচেন ক্ষমতাসীন দলের প্রার্থী একজন প্রতিমন্ত্রীকে বড় ব্যবধানে পরাজিত করে নির্বাচিত হয়েছেন। ব্যারিস্টার সৈয়দ সায়েদুল হক সুমন ছিলেন স্বতন্ত্র প্রার্থী। তিনি ঈগল প্রতীকে ১ লাখ ৬৯ হাজার ৯৯ ভোট পেয়েছেন। তার নিকটতম প্রতিদ্বন্দ্বী বেসামরিক বিমান পরিবহন ও পর্যটন প্রতিমন্ত্রী মো. মাহবুব আলী। তিনি নৌকা প্রতীকে পেয়েছেন ৬৯ হাজার ৫শ ৪৩ ভোট।ব্যারিস্টার সুমন আওয়ামী লীগের একজন সাধারণ কর্মী। স্থানীয় আওয়ামী লীগের নির্বাহী কমিটিতে তার নাম নেই। কিন্তু বিভিন্ন সামাজিক কর্মকাণ্ডের মাধ্যমে জনপ্রিয় হয়ে ওঠেন তিনি। দীর্ঘদিন উন্নয়নবঞ্চিত এলাকাবাসী এবার নির্বাচনে নতুন মুখ হিসেবে তাকে বেছে নিয়েছে।আমাতুল কিবরিয়া কেয়া চৌধুরীও জেলা আওয়ামী লীগ কিংবা উপজেলা আওয়ামী লীগের কোনো পদে নেই। তার বাবা মুক্তিযুদ্ধের সংগঠক প্রয়াত মানিক চৌধুরী ওরফে কমান্ড্যান্ট মানিক চৌধুরী। কেয়া চৌধুরী ২০০৭ সালে চেতনা ৭১ নামে একটি সংগঠন করে রাজনীতিতে সক্রিয় হন। হবিগঞ্জের বীরাঙ্গনাদের মুক্তিযোদ্ধার স্বীকৃতি আদায়ে ভূমিকা রাখেন। তাদের আর্থিক, সামাজিক ও স্বাস্থ্যসেবার উন্নয়নেও কাজ করেন। মুক্তিযুদ্ধে অবদানের স্বীকৃতিস্বরূপ মানিক চৌধুরী সর্বোচ্চ রাষ্ট্রীয় সম্মান মরণোত্তর স্বাধীনতা পুরস্কারে ভূষিত হন। কেয়ার নানা সামাজিক ও উন্নয়ন কর্মকা-ে খুশি হয়ে ২০১৪ সালে তাকে জাতীয় সংসদের সংরক্ষিত এমপি নির্বাচন করা হয়। এই পদে আসার পরও তিনি নির্বাচনী এলাকায় বিভিন্ন উন্নয়ন কর্মকাণ্ডে ভূমিকা রাখেন। দ্বাদশ সংসদ নির্বাচনে হবিগঞ্জ-১ আসনে আওয়ামী লীগের মনোনয়ন চান কেয়া চৌধুরী। না পেয়ে স্বতন্ত্র প্রার্থী হন। নির্বাচনে ৭৫ হাজার ৫২ ভোট পেয়ে নির্বাচিত হন। তার নিকটতম প্রতিদ্বন্দ্বী জাতীয় পার্টির মোহম্মদ আব্দুল মুনিম চৌধুরী পেয়েছেন ৩০ হাজার ৭০৩ ভোট। কেয়া এ আসনে এবার সরাসরি ভোটে নির্বাচিত নতুন মুখ।এদিকে হবিগঞ্জ-২ (বানিয়াচং-আজমিরীগঞ্জ) আসনের সাবেক এমপি শরীফ উদ্দিনের পুত্র ময়েজ উদ্দিন শরীফ। পিতার সুনামকে কাজে লাগিয়ে তিনি এবার এমপি নির্বাচিত হয়েছেন। ৭ জানুয়ারির নির্বাচনে তিনি পেয়েছেন ৯৯ হাজার ৯৪৩ ভোট। তার নিকটতম প্রতিদ্বন্দ্বী বর্তমান সংসদ সদস্য আব্দুল মজিদ খান পেয়েছেন ৪৯ হাজার ৬০৬ ভোট। দ্বাদশ জাতীয় সংসদে ময়েজও একজন তরুণ ও নতুন মুখ।",1,1,0,False
 টাঙ্গাইল-৪ (কালিহাতী) আসনের নির্বাচনী সহিংসতার মামলায় গ্রেপ্তার নেতাকর্মীর মুক্তির দাবিতে গতকাল মঙ্গলবার টাঙ্গাইল-ময়মনসিংহ মহাসড়কের কালিহাতী থানার সামনে অবরোধ করেন সদ্য নির্বাচিত স্বতন্ত্র প্রার্থী আবদুল লতিফ সিদ্দিকী ও তার সমর্থকরা। আড়াই ঘণ্টা পর লতিফ সিদ্দিকীর ছোট ভাই কৃষক শ্রমিক জনতা লীগের সভাপতি বঙ্গবীর কাদের সিদ্দিকীর অনুরোধে তারা এই অবরোধ প্রত্যাহার করেন। গতকাল বেলা ১টায় লতিফ সিদ্দিকী ও তার সমর্থকরা ওই মহাসড়কে কালিহাতী থানার সামনে অবস্থান ধর্মঘট শুরু করেন। ফলে মহাসড়কটিতে যানবাহন চলাচল বন্ধ হয়ে যায়। দুপুর আড়াইটার দিকে কাদের সিদ্দিকী ঘটনাস্থলে যান। তিনি লতিফ সিদ্দিকীর সঙ্গে কথা বলেন। পরে থানায় প্রবেশ করে পুলিশ কর্মকর্তাদের সঙ্গে কথা বলেন। পুলিশ আটক ছয়জনের মধ্য থেকে এজাহারে নাম না থাকা চারজনকে ছেড়ে দেয়। তবে এজাহারভুক্ত দুজনকে আদালতে পাঠানো হয়।পরে কাদের সিদ্দিকীর বড় ভাই লতিফ সিদ্দিকীকে অবরোধ তুলে নেওয়ার অনুরোধ জানান। বেলা সাড়ে ৩টার দিকে লতিফ সিদ্দিকী ও তার অনুসারীরা মহাসড়ক ছেড়ে চলে যান। পরে মহাসড়কটিতে যানবাহন চলাচল শুরু হয়।দ্বাদশ জাতীয় সংসদ নির্বাচনে টাঙ্গাইল-৪ আসনে স্বতন্ত্র প্রার্থী (ট্রাক প্রতীক) হিসেবে ৭০ হাজার ৯৪০ ভোট পেয়ে বিজয়ী হয়েছেন প্রবীণ রাজনীতিক লতিফ সিদ্দিকী।,1,1,0,False
" বিরোধীদের উদ্দেশ করে আওয়ামী লীগ সভাপতি শেখ হাসিনা বলেছেন, ‘নির্বাচন নিয়ে তারা বড় খেলা খেলতে চেয়েছিল, কিন্তু সম্পূর্ণভাবে ব্যর্থ হয়েছে। আর ব্যর্থ যারা হয়, তাদের মধ্যে প্রতিহিংসা জাগ্রত হয়। আপনারা কোথাও যদি এতটুকু গোলমাল করেন, তা হলে ওই সুযোগটা চক্রান্তকারীরা নেওয়ার চেষ্টা করবে।’গতকাল মঙ্গলবার গণভবনে বিভিন্ন শ্রেণিপেশার মানুষের সঙ্গে শুভেচ্ছা বিনিময়কালে আওয়ামী লীগ সভাপতি এসব কথা বলেন। অনুষ্ঠানে শেখ হাসিনার ছোট বোন শেখ রেহানাও উপস্থিত ছিলেন।নেতাকর্মীদের দ্বন্দ্বে না জড়ানোর নির্দেশ দিয়ে শেখ হাসিনা বলেন, ‘এর পর যেন কোথাও কোনো রকম, কারও সঙ্গে কোনো দ্বন্দ্ব, কোনো কিছু না হয়। যারা জয়ী হয়েছে, সবাইকে আন্তরিক অভিনন্দন, সেটা অন্য দল বা স্বতন্ত্র, সবাই মিলে এখন কাঁধে কাঁধ মিলিয়ে চলতে হবে।’শেখ হাসিনা বলেন, ‘এটা মনে রাখতে হবে- পেছনে কিন্তু শত্রু লেগে আছে। মানুষ পোড়ানো থেকে শুরু করে এমন কোনো জঘন্য কাজ নেই, তারা করে না। কাজেই শিক্ষা নিয়ে ঐক্যবদ্ধ হয়ে দেশের সাধারণ মানুষ যে মেন্ডেট দিয়েছে, তা মেনে নিয়ে আগামীর প্রস্তুতি নিতে হবে।’শেখ হাসিনা বলেন, ‘অনেককে নমিনেশন দিয়েছিলাম। আশা করেছিলাম তারা জয়ী হবে, কিন্তু জয়ীহতে পারেননি। জনগণ যেহেতু ভোট দিয়েছে, সেহেতু কোনো ক্ষোভ নেই। ক্ষোভ যেন না থাকে। সবাইকে শান্তিপূর্ণভাবে অবস্থাটা ধরে রাখতে হবে। কোনো প্রকার সংঘাত দেখতে চাই না, যা কিছু হয়েছে নির্বাচনের দিন পর্যন্ত। জনগণের ওপর আস্থা-বিশ্বাস রাখতে হবে। ভোট না দিলেও তার কাছে যেতে হবে, বলতে হবে এবং তাদের জন্যই আমাদের কাজ করতে হবে; এই কথাটি মনে রাখতে হবে।’বিএনপি-জামায়াতকে উদ্দেশ করে শেখ হাসিনা বলেন, ‘ওদের হাত থেকে কিন্তু কেউ রেহাই পায়নি। আইনশৃঙ্খলা বাহিনীর সদস্য, প্রধান বিচারপতি ও বিচারপতিদের কোয়ার্টার আর আওয়ামী লীগের নেতাকর্মীরা তো সব সময় তাদের শিকার।’আওয়ামী লীগ সভাপতি বলেন, ‘ওরা চক্রান্ত করছিল, এই নির্বাচন কিছুতেই হতে দেবে না। আমরা কিন্তু বিকল্প পথ নিয়েছিলাম। আমরা নির্বাচন উন্মুক্ত করে দিয়েছিলাম। জনগণ স্বতঃস্ফূর্তভাবে ভোট দিয়েছে। আর বলতে পারবে না যে রাতে সিল মেরেছে। কারণ ব্যালট পেপার কেন্দ্রে গেছে সকালে। যে কথাটা তারা সারা দিন বলে বেড়াত, সেই কথাটা বলার আর সুযোগ নেই।’শেখ হাসিনা বলেন, ‘ভোটের অধিকার জনগণের হাতে তুলে দিতে পেরেছি, সেটিই আমাদের সবচেয়ে আনন্দের। আগে ভোটের অধিকার জনগণের হাতে ছিল না, বন্দি ছিল ক্যান্টনমেন্টে।’শীতের সকাল অপেক্ষা করে ভোটকেন্দ্রগুলোতে বিপুলসংখ্যক ভোটের উপস্থিতির বিষয়টি উল্লেখ করে শেখ হাসিনা বলেন, ‘বিশেষ করে নারী যারা তাদের আমরা ধন্যবাদ জানাই যে, এবারে নির্বাচনে নারী ভোটারদের উপস্থিতি ছিল অত্যন্ত স্বতঃস্ফূর্ত। আমরা যে নারীর ক্ষমতায়নে অনেক কিছু করেছি, এটিই তার প্রমাণ।’দেশজ উৎপাদন বাড়ানোর গুরুত্বারোপ করে তিনি বলেন, ‘আমাদের উৎপাদন বাড়াতে হবে। নিজেদের পায়ে নিজেদের দাঁড়াতে হবে। নিজেদের উৎপাদন নিজেরা করতে হবে। অনেকেরই চক্রান্ত-ষড়যন্ত্র আছে যে, দুর্ভিক্ষ ঘটাবে, অমুক করবে, তমুক করবে। সেটি যাতে কোনোভাবে করতে না পারে, সে জন্য আমাদের এখন থেকেই সচেতন থাকতে হবে।’ তিনি বলেন, ‘আমাদের কোনো মাস্টার নেই। বাংলাদেশের জনগণই আমাদের মাস্টার। বাংলাদেশের জনগণই আমাদের শক্তি। আর বাংলাদেশের জনগণ আমাদের আস্থা ও বিশ্বাস। এই বিশ্বাস নিয়েই আমাদের সামনের দিকে এগিয়ে যেতে হবে।’শেখ হাসিনা বলেন, ‘নানা ধরনের ষড়যন্ত্র হয়েছে, নির্বাচন হতে দেবে না। মুরব্বিদের (বিদেশি) পরামর্শে চললে বাংলাদেশের আর চলা লাগবে না। যদি সৎ পরামর্শ হয়, সেটি ভালো কথা।’আওয়ামী লীগ সভাপতি বলেন, ‘তারা নির্বাচন হতে দেবে না, তাদের কিছু মুরব্বি আছে, বাংলাদেশের মানুষকে তারা চেনে না। জাতির পিতা বঙ্গবন্ধু বলেছিলেন- বাংলাদেশের মানুষকে দাবায় রাখতে পারবে না, ৭ জানুয়ারি বাংলাদেশের মানুষ সেটি প্রমাণ করে দিয়েছে। তিনি বলেন, আমাদের কোনো প্রভু নেই। বাংলাদেশের জনগণই আমাদের শক্তি।’শেখ হাসিনা বলেন, ’৭৫-এর পর বাংলাদেশে যত নির্বাচন হয়েছে, তার মধ্যে এ নির্বাচন সবচেয়ে সুশৃঙ্খল, সুষ্ঠু, অবাধ, নিরপেক্ষ, প্রতিযোগিতামূলক ও অংশগ্রহণমূলক। বাংলাদেশের ইতিহাসে এ নির্বাচন স্বর্ণাক্ষরে লেখা থাকবে।’নির্বাচনে জয় পাওয়ায় শেখ হাসিনাকে শুভেচ্ছা জানিয়েছেন তার ছোট বোন শেখ রেহানা। শেখ হাসিনা তাকে বুকে নিয়ে কপালে চুম্বন দেন। এ সময় নেতাকর্মীরা আবেগাপ্লুত হয়ে পড়েন।অনুষ্ঠানের শেষ দিকে শেখ হাসিনা ও শেখ রেহানা একসঙ্গে ‘জয় বাংলা’, ‘জয় বঙ্গবন্ধু’ সেøাগান ধরেন। তাদের সঙ্গে নেতাকর্মীরাও সেøাগানে তোলেন।",1,1,0,False
" দ্বাদশ জাতীয় সংসদ নির্বাচনে জামালপুর-২ আসন থেকে নির্বাচিত সংসদ সদস্য (এমপি) ও নতুন মন্ত্রিসভায় জায়গা পাওয়া ফরিদুল হক খানকে প্রকাশ্যে ভোট প্রদানের অভিযোগে তলব করেছে নির্বাচন কমিশন (ইসি)। আজ বৃহস্পতিবার নির্বাচন কমিশনের পরিচালক (জনসংযোগ) মো. শরিফুল আলমের স্বাক্ষরিত এক নোটিশে তাকে তলব করা হয়।ইসির নোটিশে ফরিদুল হক খানকে বলা হয়েছে, ‘৭ জানুয়ারি অনুষ্ঠিত দ্বাদশ জাতীয় সংসদ নির্বাচনের ভোট গ্রহণের দিন আপনি জামালপুর-২ আসনের ইসলামপুর উপজেলার পলবান্ধা ইউনিয়নের সিরাজাবাদ উচ্চ বিদ্যালয় ভোটকেন্দ্রে প্রকাশ্যে ভোট দিয়েছেন। যা বিভিন্ন গণমাধ্যমে ছবিসহ প্রতিবেদন আকারে প্রকাশিত হয়েছে। প্রকাশ্যে ভোট দিয়ে ভোটের গোপনীয়তা রক্ষা না করা গণপ্রতিনিধিত্ব আদেশ ১৯৭২-এর ৮৩ অনুচ্ছেদের বিধান অনুসারে শাস্তিযোগ্য নির্বাচনী অপরাধ।’এতে বলা হয়, ‘উল্লিখিত অপরাধ সংঘটনের দায়ে আপনার বিরুদ্ধে কেন আইনি ব্যবস্থা নেওয়া হবে না, সে বিষয়ে আগামী সোমবার বিকেল ৩টায় নির্বাচন কমিশন সচিবালয়ে (নির্বাচন ভবন, কক্ষ নম্বর-৩১৪) ব্যক্তিগতভাবে হাজির হয়ে ব্যাখ্যা দেওয়ার জন্য নির্বাচন কমিশন সিদ্ধান্ত প্রদান করেছেন।’নোটিশে আরও বলা হয়, ‘বর্ণিতাবস্থায় নির্বাচন কমিশনের সিদ্ধান্ত অনুযায়ী উল্লিখিত তারিখে যথাসময় বর্ণিত স্থানে উপস্থিত হয়ে ব্যাখ্যা দেওয়ার জন্য নির্দেশক্রমে বিনীত অনুরোধ করা হলো।’",1,1,0,False
" এক বছরের বেশি সময় ধরে নেই কুমিল্লা বিশ্ববিদ্যালয় (কুবি) শিক্ষক সমিতির কোনো কার্যনির্বাহী পরিষদ। গত বছরের ১ ডিসেম্বর অধ্যাপক ড. দুলাল চন্দ্র নন্দী ও সহযোগী অধ্যাপক ড. মো. মোকাদ্দেস-উল-ইসলামের কমিটি নির্বাচন দিলেও শিক্ষকদের দ্বন্দ্বে সেই নির্বাচন স্থগিত হয়। এরপর আর আলোর মুখ দেখেনি বিশ্ববিদ্যালয়ের শিক্ষক সমিতি।শিক্ষক সমিতির গঠনতন্ত্রের ১০ ধারার ‘ক’ তে বলা হয়েছে, কার্যনিবাহী পরিষদের নির্বাচন প্রতি বছরের ১ থেকে ১৫ ডিসেম্বরের মধ্যে সম্পন্ন করতে হবে। অনিবার্য কারণবশত যদি এই সময়ের মধ্যে নির্বাচন করা সম্ভব না হয় তবে কর্মরত কার্যনির্বাহী পরিষদ ১৬ থেকে ৩১ ডিসেম্বরের মধ্যে সমিতির সাধারণ সভা আহ্বান করবে। সেই সভায় গৃহীত সিদ্ধান্ত মোতাবেক পরবর্তী ব্যবস্থা গ্রহণ করবে। তবে পূর্বের কার্যনির্বাহীর মেয়াদ না থাকায় তারা সাধারণ সভা আহ্বান করার অধিকারও হারিয়েছেন। ফলে প্রশ্ন দাঁড়িয়েছে নির্বাচন আয়োজনের উদ্যোগ গ্রহণ করবে কে?এ ব্যাপারে বিশ্ববিদ্যালয়ের বেশ কয়েকজন শিক্ষকের সঙ্গে কথা হয়। তারা নির্বাচনের ব্যাপারে আগ্রহ প্রকাশ করেন। তবে নির্দিষ্ট কোনো পন্থা বলতে পারেননি। কেউ বলছেন বিশ্ববিদ্যালয়ের জ্যেষ্ঠ শিক্ষকদের এগিয়ে আসতে।বিশ্ববিদ্যালয়ের অন্যতম জ্যেষ্ঠ শিক্ষক অধ্যাপক ড. মোহাম্মদ সৈয়দুর রহমান বলেন, ‘আমি চাই শিক্ষক সমিতির নির্বাচন ও কমিটি গঠন হোক। আমার একার কথা তো কেউ শুনবে না। কমপক্ষে দুই তৃতীয়াংশ একমত হলে একটি সাধারণ সভা ডেকে এই ব্যাপারে ব্যবস্থা নেওয়া যেত।’সামাজিক অনুষদের ডিন ও নৃবিজ্ঞান বিভাগের সহযোগী অধ্যাপক এন এম রবিউল আউয়াল চৌধুরী বলেন, ‘এ বিষয়ে সিনিয়র শিক্ষকদের এগিয়ে আসতে হবে। নির্বাচন করার উদ্যোগ নিলে এ বিষয়ে আমি সঙ্গে থাকব।’এ ব্যাপারে কেন্দ্রীয় বঙ্গবন্ধু পরিষদ একাংশের সভাপতি কাজী মোহাম্মদ কামাল উদ্দিন বলেন, ‘প্রত্যেক বছর নিয়মের মধ্যে থেকেই এটা হয়ে আসছে। আমি মনে করি, যাদের কারণে নির্বাচন ভণ্ডুল হয়েছে তাদের উচিত খুব শিগগিরই নির্বাচনের ব্যাপারে উদ্যোগ নেওয়া। অন্য কেউ উদ্যোগ নিলে আগের মতো এবারও তারা নির্বাচন বাধাগ্রস্ত করবে বলে আমার মনে হয়।’এ ব্যাপারে ড. কাজী ওমর সিদ্দিকী বলেন, ‘আমরা সেই বার আবেদন করেছিলাম, কিন্তু কিছু হয়নি। আর আমরা উদ্যোগ নেওয়ার মতো কেউ না, তবে আমরা চাই নির্বাচন হোক।’কমিটি ও নির্বাচনের ব্যাপারে বিশ্ববিদ্যালয়ের শিক্ষক সমিতির সর্বশেষ কমিটির সাধারণ সম্পাদক সহযোগী অধ্যাপক ড. মো. মোকাদ্দেস-উল-ইসলাম বলেন, ‘আমরা চেষ্টা করছি, এতদিন জাতীয় নির্বাচন ছিল। এখন অনেকেরই মতামত দেখলাম হয়তো খুব শিগগিরই কিছু একটা হবে।’",1,1,0,False
" বাংলাদেশে মানবাধিকার নিশ্চিতের আহ্বান জানিয়েছেন জাতিসংঘ। আজ বুধবার সংস্থাটির নিয়মিত ব্রিফিংয়ে এক প্রশ্নের জবাবে এই অবস্থানের কথা জানান সংস্থাটির মহাসচিব অ্যান্থনিও গুতেরেসের মুখপাত্র স্টিফেন দুজারিক।ব্রিফিংয়ে দুজারিককে প্রশ্ন করা হয়, ‘নির্বাচনের নামে বাংলাদেশে যেসব মানুষ নিপীড়িন ও বঞ্চিনার শিকার হচ্ছেন তাদের ব্যাপারে জাতিসংঘে মহাসচিবের অবস্থান কী? আমরা জালভোট সম্বলিত একপক্ষীয় ডামি নির্বাচন দেখেছি যা বড় রাজনৈতিক দলগুলো বর্জন করেছে। এই ব্যাপারে মহাসচিবের অবস্থান কী?’জবাবে দুজারিক বলেন, ‘আমরা আগেও বলেছি, আবারও বলছি। জাতিসংঘ মহাসচিবসব পক্ষকে সহিংসতা পরিহার করার এবং মানবাধিকার নিশ্চিত করার আহ্বান জানায়। প্রত্যেকের আইনি অধিকারকে সম্মান দিতে হবে। বাংলাদেশের অর্থনৈতিক ও গণতান্ত্রিক উন্নয়নের জন্য এটা খুবই প্রয়োজন।’বাংলাদেশের সহিংসতা নিয়ে মহাসচিব উদ্বিগ্ন বলেও জানান দুজারিক।",1,1,0,False
" ঢাকা দক্ষিণ সিটি করপোরেশনের ঢাকা-৫ আসনের ডেমরার এম এ ছাত্তার উচ্চ বিদ্যালয় ও সারুলিয়া প্রাথমিক বিদ্যালয়। সকাল ৮টা থেকে ভোটগ্রহণ শুরু হলেও ভোটারদের উপস্থিতি হাতেগোনা। কেন্দ্রের বাইরে ব্যাপক লোক সমাগম দেখা গেলেও ভিতর অনেকটাই ফাঁকা।ট্রাক প্রতীকের স্বতন্ত্র প্রার্থী আলহাজ্ব মশিউর রহমান সজলের অভিযোগ, ভোটারদের কেন্দ্রে ঢুকতে দিচ্ছেন না নৌকার প্রার্থীরা। একই সঙ্গে এজেন্টদের হুমকি দেওয়া হচ্ছে বলেও জানান তিনি।বেলা ১২টার দিকে গিয়ে দেখা যায়, এ দুই কেন্দ্রের বাইরে নৌকা, ট্রাক ও ঈগলের সমর্থকদের ভিড়। ভেতরে গিয়ে দেখা যায় উল্টো চিত্র। ভোটারদের অপেক্ষায় পোলিং অফিসাররা।পুরুষ ভোটারকেন্দ্র এম এ ছাত্তার উচ্চ বিদ্যালয়ে মোট ভোটার ৩ হাজার ২৫৩ জন। বেলা ১২টা পর্যন্ত চার ঘণ্টায় সাতটি বুথে পড়েছে ৩৫১ ভোট।নারী ভোটারকেন্দ্র পাশের সারুলিয়া সরকার প্রাথমিক বিদ্যালয়ে মোট ভোটার ৩ হাজার ৪৬ জন। প্রথম দুই ঘণ্টায় ৭০টি, বাকি দুই ঘণ্টায় বেড়ে ২৭২ ভোটে দাঁড়িয়েছে। ট্রাক প্রতীকের স্বতন্ত্র প্রার্থী আলহাজ্ব মশিউর রহমান সজল আমাদের সময়কে বলেন, ভোটকেন্দ্রের বাইরে বহু লোক দেখা যাচ্ছে। কিন্তু ভোটকেন্দ্র ফাঁকা। কারণ, আমার ভোটারদের ঢুকতে দেওয়া হচ্ছে না। এজেন্ট থাকলেও ভোটার ভেতরে আসতে না পারলে লাভ কী? আমার সামনেই আমার এজেন্টকে হুমকি দেওয়া হচ্ছে। এটা দুঃখজনক। অধিকাংশ কেন্দ্রে তাই হচ্ছে।তবে অভিযোগ অস্বীকার করেছেন এম এ ছাত্তার কেন্দ্রের প্রিজাইডিং অফিসার মো. মজিবুর রহমান। তিনি বলেন, কাউকে ভয়ভীতি দেখানোর কোনো অভিযোগ এখনো পাইনি। ভোটার উপস্থিতি কম হওয়ায় ভোট কম পড়ছে। মজিবুর রহমান বলেন, যারা ভোট দেওয়ার দিয়েছে। ধীরে ধীরে ভোটার উপস্থিতি বাড়ছে।  সারুলিয়া প্রাথমিক বিদ্যালয়ের প্রিজাইডিং অফিসার মো. রিয়াজুল ইসলাম বলেন, ভোটের পরিবেশ ঠিকঠাক আছে। কোনো অনাকাঙ্ক্ষিত ঘটনা ঘটেনি। তবে ভোটার উপস্থিতি কম মনে হচ্ছে।এদিকে এ আসনে ১৩ জন প্রার্থী থাকলেও পোলিং অফিসার দেখা গেছে মাত্র তিন প্রার্থীর। ট্রাক ছাড়াও নৌকা ও ঈগলের পোলিং অফিসার রয়েছে। বাকি প্রার্থীদের কাউকে দেখা যায়নি।দ্বাদশ জাতীয় সংসদ নির্বাচনের এ আসন ডেমরার পাশাপাশি যাত্রাবাড়ী নিয়ে গঠিত। এ আসনে মোট ভোটার ৪ লাখ ৯০ হাজার ৭৬৪ জন। এর মধ্যে পুরুষ ২ লাখ ৫১ হাজার ৫১৭ জন, নারী ভোটার ২ লাখ ৩৯ হাজার ২৪৪ জন। এছাড়া তৃতীয় লিঙ্গের ভোটার রয়েছেন তিনজন। তাদের ভোটগ্রহণ চলছে ১৮৭টি কেন্দ্রের ১ হাজার ৮৯টি ভোটকক্ষে।",1,1,0,False
" আগামী ৭ জানুয়ারি দ্বাদশ জাতীয় সংসদ নির্বাচনে ভোট বিপ্লবের মাধ্যমে বিএনপির সন্ত্রাস এবং নৈরাজ্যের চূড়ান্ত পরাজয় ঘটবে বলে মন্তব্য করেছেন ঢাকা-৩ আসনের আওয়ামী লীগ মনোনীত প্রার্থী নসরুল হামিদ।আজ বুধবার কেরানীগঞ্জ উপজেলার তেঘরিয়া ইউনিয়নের ৯ নম্বর ওয়ার্ডে আব্দুল্লাহপুর সানরাইজ কিন্ডারগার্টেন স্কুলে ময়দানে আয়োজিত নির্বাচনী সুধী সমাবেশে তিনি এ মন্তব্য করেন।নসরুল হামিদ বলেন, আওয়ামী লীগ কখনও রাজনৈতিকভাবে সন্ত্রাসকে প্রশ্রয় দেয় না। আমরা যখন থেকে এই কেরানীগঞ্জ এলাকায় রাজনীতি শুরু করেছি, আওয়ামী লীগ থেকে এই এলাকায় সন্ত্রাসকে প্রশ্রয় দেওয়া হয়নি। বিএনপি-জামায়াত জোট সরকারের সময় এই এলাকায় এমন কোনো অলিগলি ছিল না, যেখানে সন্ত্রাসের রাজত্ব ছিল না। কেরানীগঞ্জের ‘অন্ধকার সময়’ মনে করে নৌকার এ প্রার্থী বলেন, মানুষ সন্ধ্যার পর বাসা থেকে বের হতে পারতেন না। কারণ, সন্ত্রাস-চাঁদাবাজি ছিল এই এলাকার নৈমিত্তিক ঘটনা। এই অঞ্চলে উন্নয়ন বলে কিছু ছিল না। ঢাকার খুব কাছে হওয়ার পরও এ অঞ্চল এতটাই অবহেলিত ছিল যে, মানুষ ‘বাতির নিচে অন্ধকার’ বলে কেরানীগঞ্জকে অভিহিত করতো। ‘অন্ধকার সময়’ উত্তরণের গল্পও ওঠে আসে ঢাকা-৩ এর এ নৌকার কান্ডারির কণ্ঠে। তিনি বলেন, কেরানীগঞ্জের অন্ধকারের সেই অবস্থার উত্তরণ আমরা করেছি। মানুষের মনে এখন এটা প্রতিষ্ঠিত যে- কেরানীগঞ্জ এখন আর সন্ত্রাসের জনপদ না। কেরানীগঞ্জ এখন বসবাস উপযোগী ভালো উপ-শহর। এখানে উন্নয়ন হয়েছে, রাস্তা-ঘাট, শিক্ষাপ্রতিষ্ঠান যেমন হয়েছে, ঠিক তেমনই মানুষের নিরাপত্তা আছে। ২৪ ঘণ্টা এখন বিদ্যুৎ থাকে। ব্যবসা-বাণিজ্যের সুযোগ তৈরি হয়েছে। দিনে দিনে এই সুযোগ-সুবিধা গুলো আরও বাড়ছে। এসময় বিএনপি-জামায়াতের সন্ত্রাস-নৈরাজ্য প্রতিহতের ডাক দিয়ে নসরুল হামিদ বলেন, যদি উন্নয়ন চান, বিএনপি-জামায়াতে সন্ত্রাস-নৈরাজ্যকে প্রতিহত করতে চান; তাহলে নৌকা মার্কায় ভোট দিন। নৌকা মার্কায় ভোট দিলে দেশের উন্নয়ন হয়। মানুষের ভাগ্যের উন্নয়ন হয়। আওয়ামী লীগ পুনরায় সরকার গঠন করলে কেরানীগঞ্জে আরও উন্নয়ন হবে। এ সময় ৭ জানুয়ারি সকাল-সকাল ভোটারদের ভোটকেন্দ্রে গিয়ে ভোটাধিকার প্রয়োগের আহ্বান জানানোর পাশাপাশি ভোট বিপ্লবের মধ্যদিয়ে বিএনপি-জামায়াতের সন্ত্রাস-নৈরাজ্যের চূড়ান্ত পরাজয় ঘটবে বলে মন্তব্য করেন তিনি। তেঘরিয়া ইউনিয়ন আওয়ামী লীগের সভাপতি মহর চাঁন মোল্লার সভাপতিত্বে অন্যান্যের মধ্যে উপস্থিত ছিলেন কেরানীগঞ্জ উপজেলা চেয়ারম্যান ও দক্ষিণ কেরানীগঞ্জ আওয়ামী লীগের সভাপতি শাহীন আহমেদ, সাধারণ সম্পাদক ম.ই মামুন, তেঘরিয়া ইউনিয়ন চেয়ারম্যান লাট মিয়াসহ স্থানীয় গণ্যমান্য ব্যক্তিরা।",1,1,0,False
" বিএনপির স্থায়ী কমিটির সদস্য ড. আবদুল মঈন খান বলেছেন, ৭ জানুয়ারি দ্বাদশ জাতীয় সংসদ নির্বাচন বর্জন ও অসহযোগ আন্দোলনের ঘোষণার মধ্য দিয়ে পুনরায় প্রমাণ হয়েছে বিএনপি শান্তিপূর্ণ গণতান্ত্রিক রাজনীতিতে বিশ্বাসী। আজ বুধবার সাংবাদিকদের প্রশ্নের জবাবে এ মন্তব্য করেন তিনি।ড. আবদুল মঈন খান বলেন, ‘বাংলাদেশে গণতন্ত্র পুনঃপ্রতিষ্ঠার চলমান আন্দোলনে বিএনপির আজকের ঘোষণা নতুন করে এই সত্য প্রতিষ্ঠা করেছে যে, বিএনপি একটি উদারপন্থী রাজনৈতিক দল, যারা ভিন্ন মতের প্রতি শ্রদ্ধাশীল হয়ে এবং সম্পূর্ণ শান্তিপূর্ণ প্রক্রিয়ায় আস্থাশীল হয়ে তাদের প্রতিবাদ ও আন্দোলন পরিচালনা করে থাকে।’তিনি আরও বলেন, ‘এই একদলীয় সরকারের দীর্ঘ ১৫ বছরের অপশাসন, মামলা-হামলা, জুলুম-নির্যাতন, দুর্নীতি-লুটপাট, আর্থিক অব্যবস্থাপনা ও বিদেশে টাকা পাচারের মাধ্যমে দেশকে নৈতিক, সামাজিক ও অর্থনৈতিকভাবে দেউলিয়া করে ধ্বংসের পথে ঠেলে দেওয়া হয়েছে। গত এক বছরেরও বেশি সময় ধরে দেশের জনগণকে সম্পৃক্ত করে শান্তিপূর্ণ আন্দোলনের ধারাবাহিকতায় বিএনপি সরকারের ডামি নির্বাচন বর্জন ও অসহযোগ কর্মসূচি (সিভিল ডিজওবিডিয়েপ্স) ঘোষণা করেছে।’বিএনপির এই প্রভাবশালী নেতা বলেন, ‘আমরা স্পষ্ট ভাষায় বলে দিতে চাই যে, লক্ষ লক্ষ মানুষের রক্তের বিনিময়ে মহান মুক্তিযুদ্ধের মাধ্যমে অর্জিত এই স্বাধীন বাংলাদেশকে এই বাকশালী সরকার দেশের ভবিষ্যৎ প্রজন্মকে এক গভীর অমানিশার অন্ধকারে নিমজ্জিত করে দিয়েছে। এ অবস্থা থেকে পরিত্রাণের একমাত্র উপায় হচ্ছে দেশকে গণতন্ত্রের পথে ফিরিয়ে আনা। সেই উদ্দেশ্যেই আজ বিএনপি অসহযোগের মন্ত্রে সরকারকে দীক্ষিত করে দেশের আঠার কোটি মানুষের ভবিষ্যৎ নিশ্চিত করার প্রয়াসে সরকারকে সংঘাতের পথ থেকে বেরিয়ে এসে একটি শান্তিপূর্ণ সহাবস্থানের পথ উন্মুক্ত করতেদেশবাসীর প্রতি এই আবেদন সহায়ক ভূমিকা পালন করবে বলে বিশ্বাস করে।’ড. মঈন খান বলেন, ‘আমরা প্রতিজ্ঞাবদ্ধ, একটি সুষ্ঠু ও নিরপেক্ষ অংশগ্রহণমূলক নির্বাচনের মাধ্যমেই কেবল এ দেশে গণতন্ত্র ফিরে আসতে পারে, যা অর্জন করার উদ্দেশ্যে বিএনপির প্রতিটি নেতাকর্মী আজ রাজপথে নেমেছে। বিএনপির জন্যে নয়, কোনো ব্যক্তির জন্যে নয়, বরঞ্চ এ দেশের সকল মানুষের মৌলিক ভোটের অধিকার তথা সুবিধাবঞ্চিত মানুষের অর্থনৈতিক অধিকার প্রতিষ্ঠার এই সংগ্রাম অর্জন না হওয়া পর্যন্ত আমাদের রাজপথের আন্দোলন চলতেই থাকবে।’ ",1,1,0,False
" জাতীয় পার্টির চেয়ারম্যান জি এম কাদের ও মহাসচিব মুজিবুল হক চুন্নুর আহ্বান ছাড়া অন্য কারো আহ্বানে দল সংশ্লিষ্ট ঢাকায় কোনো সভা, সমাবেশ কিংবা রাজনৈতিক কর্মসূচিতে অংশগ্রহণ না করতে কেন্দ্রীয়, জেলা, মহানগর ও দ্বাদশ জাতীয় সংসদ নির্বাচনে অংশ নেয়া প্রার্থীদের প্রতি অনুরোধ জানিয়ে এক জরুরি বিজ্ঞপ্তি জারি করেছে জাতীয় পার্টি।শুক্রবার (১২ জানুয়ারি) সন্ধ্যায় দলের পক্ষ থেকে যুগ্ম দপ্তর সম্পাদক মাহমুদ আলম স্বাক্ষরিত জরুরি বিজ্ঞপ্তিতে এ অনুরোধ জানানো হয়। জরুরি বিজ্ঞপ্তিতে বলা হয়, জাতীয় পার্টির সকল স্তরের নেতাকে কোনো কুচক্রী মহলের অবৈধ ও অসাংগঠনিক প্ররোচণায় বিভ্রান্ত না হওয়ার অনুরোধ করা হয়েছে।",1,1,0,False
" আসন্ন দ্বাদশ জাতীয় সংসদ নির্বাচনে সরকারের সুবিধাভোগী সোয়া ৩ কোটি ভোটারের উপস্থিতি নিশ্চিত করার নির্দেশনা চেয়ে হাইকোর্টে রিট দায়ের করা হয়েছে। রিটে সরকারের সুবিধাভোগী নাগরিকদের ভোটদান বাধ্যতামূলক করার নির্দেশনাও চাওয়া হয়েছে। সুপ্রিম কোর্টের আইনজীবী ড. বশির আহমেদ জনস্বার্থে এ রিট দায়ের করেছেন।বুধবার (৩ জানুয়ারি) বিচারপতি মো. ইকবাল কবীরের নেতৃত্বাধীন হাইকোর্ট বেঞ্চে রিট আবেদনটি শুনানির জন্য কার্যতালিকায় রয়েছে। মন্ত্রিপরিষদ সচিব, নির্বাচন কমিশনসহ সংশ্লিষ্টদের রিটে বিবাদী করা হয়েছে।আইনজীবী ড. বশির আহমেদ গণমাধ্যমকে বলেন, কমনওয়েলথভুক্ত অনেক দেশে নির্বাচনে ভোটারদের ভোটদানে বাধ্যতামূলক করার বিধান রয়েছে। আমেরিকার দুটি অঙ্গরাজ্যেও ভোট দেয়ার বাধ্যতামূলক বিধান চালু রয়েছে। বাংলাদেশ কমনওয়েলথভুক্ত দেশ। এই দেশেও সরকারের সুবিধাভোগী নাগরিকদের ভোটদান বাধ্যতামূলক করা প্রয়োজন। এ কারণে রিট দায়ের করেছি।তিনি জানান, সরকারের সরাসরি সুবিধাভোগী ২ কোটি ৭৫ লাখ ভোটার রয়েছে। এছাড়াও আধা সরকারি, অবসরপ্রাপ্ত সরকারি কর্মকর্তা-কর্মচারী মিলে মোট সোয়া ৩ কোটি ভোটার রয়েছে। ভোটকেন্দ্রে এসব ভোটারদের উপস্থিতি নিশ্চিত করার নির্দেশনা চেয়েছি।",1,1,0,False
" জাতীয় পার্টিতে আবারো নাটকীয়তা। মঙ্গলবার দুপুর থেকেই গুঞ্জন, জাপার নব-নির্বাচিত সংসদ সদস্যরা বুধবার (১০ জানুয়ারি) শপথ নিচ্ছেন না। দলের মহাসচিব মুজিবুল হক চুন্নু বলেছিলেন, দলের চেয়ারম্যান জি এম কাদের ঢাকার বাইরে রয়েছেন। তিনি ঢাকায় ফিরলে দুই একদিনের মধ্যে দলীয় বৈঠক করে শপথ নেয়ার দিন-তারিখ ঠিক করা হবে। বিষয়টি জানিয়ে স্পিকারকে চিঠি দেয়া হয়েছে। কিন্তু সন্ধ্যা ৭টায় দলের দপ্তর সম্পাদক মাহমুদ আলম গণমাধ্যমে পাঠানো এক সংবাদ বিজ্ঞপ্তিতে জানান, বুধবারই শপথ নেবেন জাতীয় পার্টির নবনির্বাচিত সংসদ সদস্যরা। বুধবার সকাল ১০টার মধ্যে জাতীয় সংসদ ভবনের বিরোধী দলীয় উপনেতার কার্যালয়ে জাতীয় পার্টির নব-নির্বাচিত সংসদ সদস্যদের উপস্থিত থাকার জন্য অনুরোধ করা হয়। একই সঙ্গে সংসদ সদস্যদের নিয়ে পূর্ব ঘোষিত বৃহস্পতিবারের (১১ জানুয়ারি) সভাও বাতিল করা হয়েছে বলে জানানো হয় বিজ্ঞপ্তিতে। সদ্য অনুষ্ঠিত দ্বাদশ সংসদ নির্বাচনে দলটি ১১টি আসনে জয় পেয়েছে। জানা যায়, দ্বাদশ জাতীয় সংসদ নির্বাচনে নির্বাচিত সংসদ সদস্যরা শপথ নেবেন বুধবার। এদিন সকাল ১০টায় জাতীয় সংসদের শপথকক্ষে তাদের শপথ পড়াবেন একাদশ সংসদের স্পিকার শিরীন শারমিন চৌধুরী। মন্ত্রিসভার শপথ হবে বৃহস্পতিবার। জাতীয় পার্টির (জাপা) একটি সূত্র জানিয়েছে, দলটির পক্ষ থেকে স্পিকারকে একটি চিঠি দিয়ে বুধবার শপথ নিতে না যাওয়ার বিষয়টি জানানো হয়েছে। সংসদ নির্বাচনে ভোট অনুষ্ঠিত হয় ৭ জানুয়ারি। ভোটে ২৬টি আসনে আওয়ামী লীগের কাছ থেকে ছাড় পেয়েছিল জাতীয় পার্টি। এই আসনগুলোর মধ্যে তারা ১১টিতে জয়ী হয়। একাদশ সংসদে জাতীয় পার্টির আসন সংখ্যা (সংরক্ষিত নারী আসন বাদে) ছিল ২৩টি। বেসরকারিভাবে প্রাপ্ত ফলাফল অনুযায়ী, জাপার চেয়ারম্যান জি এম কাদের, মহাসচিব মো. মুজিবুল হক, কো-চেয়ারম্যান আনিসুল ইসলাম মাহমুদ ও এ বি এম রুহুল আমিন হাওলাদার জয়ী হয়েছেন। এই চার জ্যেষ্ঠ নেতার বাইরে প্রেসিডিয়াম সদস্য মাসুদ উদ্দিন চৌধুরী, হাফিজ উদ্দিন আহমেদ, গোলাম কিবরিয়া, এ কে এম সেলিম ওসমান, মো. আশরাফুজ্জামান, এ কে এম মোস্তাফিজুর রহমান ও শরিফুল ইসলাম নির্বাচিত হয়েছেন। দ্বাদশ সংসদ নির্বাচনে স্বতন্ত্র প্রার্থী হিসেবে জয়ী হয়েছেন ৬২ জন। তাদের মধ্যে ৫৮ জন আওয়ামী লীগের নেতা। ফলে সংসদে বিরোধী দল কে হবে, তা নিয়ে প্রশ্ন তৈরি হয়েছে। স্বতন্ত্ররা জোট করে বিরোধী দল হতে পারে, এমন সুযোগ আইনে রয়েছে। এর ফলে জাতীয় পার্টি সংসদে বিরোধী দলের অবস্থানও হারাতে পারে।",1,1,0,False
" তথ্য ও সম্প্রচারমন্ত্রী এবং আওয়ামী লীগের যুগ্ম সাধারণ সম্পাদক ড. হাছান মাহমুদ বলেছেন, ‘ভোট উৎসবের মধ্য দিয়ে সারাদেশের মানুষ উৎসাহ উদ্দীপনা নিয়ে ভোট প্রদান করেছে, বিএনপিসহ যারা ভোট বর্জনের আহ্বান জানিয়েছিল তাদেরকে প্রত্যাখ্যান করেছে।’ মঙ্গলবার (৯ জানুয়ারি) দুপুরে সচিবালয়ে মন্ত্রণালয় সভাকক্ষে সাংবাদিকদের সঙ্গে মতবিনিময়কালে দ্বাদশ জাতীয় সংসদ নির্বাচন প্রসঙ্গে মন্ত্রী এ কথা বলেন। তিনি বলেন, ‘ভোটের বিরুদ্ধে বিএনপির প্রচারণা, ভোট বর্জনের ডাকের পাশাপাশি ৫ জানুয়ারি ট্রেনে বর্বরোচিত হামলা এবং ৪, ৫, ৬ জানুয়ারি বিভিন্ন জায়গায় ভোট কেন্দ্রে বিচ্ছিন্নভাবে হামলা পরিচালনা করা হয়েছে। তাদের সন্ত্রাস ও অগ্নিসন্ত্রাসের রাজনীতি মানুষ প্রত্যাখ্যান করেছে, দেশে কার্যত একটি ভোট উৎসব হয়েছে।’  চট্টগ্রাম-৭ আসন থেকে টানা চতুর্থবার নির্বাচিত এমপি হাছান বলেন, ‘বিএনপি এবং তাদের সমমনা দলগুলো এখন হতাশায় নিমজ্জিত- কেন তারা নির্বাচন করলো না। তাদের সঙ্গে যদি ব্যক্তিগতভাবে আলাপ করেন, তাহলে জানতে পারবেন তাদের মধ্যে কি পরিমাণ হতাশা বিরাজ করছে। তারা এখন অনুধাবন করতে পেরেছে, এই নির্বাচন বর্জন করে তারা নিজেরাই ক্ষতিগ্রস্ত হয়েছে, দেশ ক্ষতিগ্রস্ত হয়নি এবং গণতন্ত্রের অভিযাত্রা অব্যাহত আছে।’ মার্কিন যুক্তরাষ্ট্র, ইউরোপীয় ইউনিয়নের বিভিন্ন দেশ, ভারতসহ সার্কভুক্ত দেশগুলো এবং ওআইসিভুক্ত দেশগুলোসহ জাতিসংঘের পর্যবেক্ষকরা সংবাদ সম্মেলন করে বলেছে যে, দেশে একটি সুন্দর, সুষ্ঠু, অবাধ, নিরপেক্ষ নির্বাচন অনুষ্ঠিত হয়েছে এবং সোমবার বিকেলে তারা প্রধানমন্ত্রীর সঙ্গে সৌজন্য সাক্ষাৎ করে অভিনন্দন জানিয়েছে, উল্লেখ করেন তিনি। ‘মানবাধিকার হাইকমিশনারের বিবৃতি ত্রুটিযুক্ত ও একপেশে’নির্বাচন নিয়ে জাতিসংঘের মানবাধিকার হাইকমিশনারের বিবৃতি প্রসঙ্গে সম্প্রচারমন্ত্রী হাছান বলেন, ‘আমি বিবৃতিটি পড়েছি। বিবৃতিতে আগুনসন্ত্রাস করে, পেট্রোলবোমা নিক্ষেপ করে মানুষ পোড়ানোর ব্যাপারে কোনো কথা নাই। সেখানে মানবাধিকারের কথা বলা হয়েছে, গ্রেপ্তারের কথা বলা হয়েছে, অথচ গ্রেপ্তার তো তাদেরই করা হচ্ছে যারা আগুনসন্ত্রাসের সঙ্গে যুক্ত।’ তিনি বলেন, ‘মানবাধিকার হাইকমিশনারকে বলবো যে, গাজায় যেভাবে মানুষ হত্যা করা হচ্ছে সে নিয়ে কিছু বলার জন্য। মানবাধিকার কমিশনের এই বিবৃতি তখনই ঠিক ও গ্রহণযোগ্য হতো, যদি সেখানে নির্বাচনকে প্রতিহত করার লক্ষ্যে যেভাবে সন্ত্রাস ও অগ্নিসন্ত্রাস চালানো হয়েছে, মানুষ পুড়িয়ে হত্যা করা হয়েছে, সে নিয়ে বক্তব্য থাকতো এবং সেগুলোর নিন্দা জানানো বা “কনডেম” করা হতো। কিন্তু তা নেই বলে এই বিবৃতিটি পক্ষপাতদৃষ্ট, অসম্পূর্ণ এবং একপেশে বলে প্রতীয়মান। তাদের আসলে মানবাধিকার নিয়ে এবং গাজায় যেভাবে মানবাধিকার লুণ্ঠিত হচ্ছে, যুদ্ধাপরাধ সংঘঠিত হচ্ছে, সে নিয়ে সোচ্চার হওয়া দরকার। ‘নির্বাচন নিয়ে মার্কিন পররাষ্ট্র দপ্তরের বিবৃতি খানিক নেতিবাচক’ এমন প্রশ্নের জবাবে তথ্যমন্ত্রী বলেন, বাংলাদেশের নির্বাচন বিষয়ে যারা সংবাদ সম্মেলন করেছে সেখানে নির্বাচন পর্যবেক্ষক হিসেবে আসা যুক্তরাষ্ট্রের হোয়াইট হাউজের সাবেক চিফ অব স্টাফ, সাবেক কংগ্রেসম্যান, সিবিএস নিউজের চিফ নিউজ এডিটর এবং অন্যান্য দেশ তথা জার্মানি, ইইউ পার্লামেন্টের সাবেক মেম্বার সবাই ছিলো। তারা সবাই সংবাদ সম্মেলন করে বলেছে নির্বাচন অত্যন্ত সুষ্ঠু, সুন্দর, অবাধ, নিরপেক্ষ এবং উৎসবমুখর পরিবেশে অনুষ্ঠিত হয়েছে। অর্থাৎ যুক্তরাষ্ট্রের পর্যবেক্ষকরাও নির্বাচনের প্রশংসা করেছে। আপনারা জানেন, ভারত, চীন, রাশিয়ার প্রতিনিধিবৃন্দ প্রধানমন্ত্রীর সঙ্গে দেখা করে অভিনন্দন জানিয়েছে এবং নির্বাচন সুন্দর হয়েছে বলে অভিমত ব্যক্ত করেছে উল্লেখ করে হাছান মাহমুদ বলেন, ‘বিশ্ব প্রেক্ষাপটে আমরা সবসময় দেখে এসেছি, চীন, রাশিয়া যা বলে, মার্কিন যুক্তরাষ্ট্র তার উল্টোটা বলে। ভারত, চীন, রাশিয়া একযোগে যখন বলেছে, আমাদের নির্বাচন সুন্দর ও সুষ্ঠু হয়েছে, তারা যদি এই অভিনন্দনটা ইতিমধ্যেই না দিতো বা এই অভিমত ব্যক্ত না করতো তাহলে হয়তো মার্কিন পররাষ্ট্র দপ্তরের বিবৃতিটা অন্য রকম হতো বলে আমার ধারণা।’ একইসঙ্গে তিনি বলেন, ‘যুক্তরাষ্ট্রের সঙ্গে আমাদের বহুমাত্রিক সম্পর্ক। নিরাপত্তাসহ নানা বিষয়ে এবং বিশ্ব অঙ্গণেও আমরা এক সাথে কাজ করছি। যুক্তরাষ্ট্র আমাদের বড় উন্নয়ন সহযোগী। তাদের সাথে সম্পর্ক আরো উন্নয়নের লক্ষ্যে আমরা কাজ করছি। তারা আমাদের সাথে কাজ করবে সেটি এই বিবৃতিতেও বলেছে।’জনগণ ও নির্বাচন কমিশনকে তথ্যমন্ত্রীর ধন্যবাদএ দিন দেশের মানুষকে ধন্যবাদ ও কৃতজ্ঞতা জানিয়ে তথ্যমন্ত্রী বলেন, ‘অত্যন্ত সুষ্ঠু, স্বচ্ছ, উৎসবমুখর পরিবেশে এবং জনগণের ব্যাপক অংশগ্রহণে অনুষ্ঠিত নির্বাচনে কোনো কোনো জায়গায় ভোট প্রদানের হার ৭০ শতাংশ বা তার চেয়েও বেশি, গড়ে ৪১.৮ অর্থাৎ প্রায় ৪২ শতাংশ। আমার এলাকায় ৬৯.৪৩ শতাংশ, প্রধানমন্ত্রীর নির্বাচনী এলাকায় এর চেয়েও বেশি সম্ভবত ৮০ শতাংশ। শহরাঞ্চলে হারটা কিছুটা কম ছিলো কারণ শহরের মানুষ জায়গা পরিবর্তন করে, আবার তিনদিন টানা ছুটি পাওয়ার কারণে যেহেতু অন্যরা গ্রামে ভোট দিতে যাচ্ছে, তাদের সাথে দেখা-সাক্ষাৎ করার জন্য অনেকেই গ্রামে চলে গেছে।’ এসময় নির্বাচন কমিশনকেও ধন্যবাদ জানান মন্ত্রী। তিনি বলেন, তারা শক্ত হাতে অত্যন্ত কার্যকরভাবে এবং দক্ষতার সঙ্গে যেভাবে নির্বাচন অনুষ্ঠান করেছে, এ জন্য নিঃসন্দেহে তারা অভিনন্দন পাওয়ার যোগ্য, ধন্যবাদ পাওয়ার যোগ্য। ইতিপূর্বের নির্বাচনগুলোর সঙ্গে এমন কি পশ্চিমবঙ্গের সঙ্গেও এবারের নির্বাচন মিলিয়ে দেখা যায় যে, কিছু বিচ্ছিন্ন ঘটনা ছাড়া কিন্তু অন্যান্যবারের তুলনায় অনেক কম সহিংস ঘটনা ঘটেছে।",1,1,0,False
" বিএনপি চেয়ারপার্সনের উপদেষ্টা ও জাতীয় সংসদের সাবেক বিরোধী দলীয় চিফ হুইপ জয়নাল আবেদীন ফারুক বলেছেন, বাংলাদেশের গণতান্ত্রিক আন্দোলন বৃথা যায়নি, বৃথা যাবে না, বৃথা যেতে দেবো না। তাই আমরা মনে করি, জনগণ আমাদের সঙ্গে আছে। জনগণকে নিয়েই আমরা শান্তিপূর্ণ কর্মসূচি পালন করবো। এই সরকার টিকে থাকতে পারবে না।মঙ্গলবার (৯ জানুয়ারি) ভোট বর্জন করায় জনগণকে ধন্যবাদ দিয়ে লিফলেট বিতরণ কার্যক্রমের উদ্বোধন করে তিনি এসব কথা বলেন। জাতীয় প্রেসক্লাবের সামনে এই লিফলেট বিতরণ কার্যক্রমের আয়োজন করে তাঁতী দল ও ওলামা দল।লিফলেট বিতরণ কার্যক্রমের উদ্বোধন করে তিনি আরো বলেন, ৭ জানুয়ারি একটি প্রহসনের নির্বাচনের নাটক মঞ্চস্থ হয়েছে। যেখানে দেশের জনগণ ভোট কেন্দ্রে যায়নি, সেখানে ৪০ শতাংশ ভোট দেখিয়ে নির্বাচন কমিশন বৈধতা দেয়ার চেষ্টা করছে। তিনি আরো বলেন, আমরা (বিএনপি) নির্বাচনের আগে শান্তিপূর্ণ কর্মসূচি ও লিফলেট বিলির মাধ্যমে জনগণে কাছে এই নির্বাচনে অংশগ্রহণ না করার বার্তা পৌঁছে দিয়েছি। জনগণ আমাদের এই আবেদনে সাড়া দিয়েছে এবং জনগণ এই একদলীয় সরকারের নির্বাচনে অংশগ্রহণ করেনি। তাই আমরা মনে করি, নির্বাচনটি জনগণ শূন্য, অংশগ্রহণ শূন্য, অগ্রহণযোগ্য হয়েছে। একদলীয় শাসনব্যবস্থা কায়েম করার আরেকটি হীন প্রচেষ্টা চালানো হয়েছে। তারই বিরুদ্ধে আজকে নির্বাচনের পরে আমরা শান্তিপূর্ণ কর্মসূচি হিসেবে জনগণকে ধন্যবাদ জানিয়ে লিফলেট বিতরণ করছি। আগামীকালও আমাদের এই লিফলেট বিতরণ কার্যক্রম চলবে।তিনি আরো বলেন, যুক্তরাষ্ট্র-যুক্তরাজ্য গণতান্ত্রিক দেশ। তারা নির্বাচনী পর্যবেক্ষক প্রেরণ করেননি। তবে তারা তথ্য-উপাত্ত সংগ্রহ করছে। সত্যিকার অর্থে দেশে যদি গ্রহণযোগ্য নির্বাচন হয়, তারা সেটি বলবে।এ সময় উপস্থিত ছিলেন- তাঁতীদলের সিনিয়র যুগ্ম-আহবায়ক ড. কাজী মনিরুজ্জামান মনির, যুগ্ম আহবায়ক গোলাপ মঞ্জুর, জেএম আনিসুর রহমান আনিস, মোস্তফা কামাল ও কেন্দ্রীয় কমিটির মো. নুরুল্লাহ মোল্লা, মো. রিপন ব্যাপারী, গোলাম কাওসার, এম এ আজিজ, জিয়াউল হক প্রমুখ।",1,1,0,False
" বিএনপি দ্বাদশ জাতীয় সংসদ নির্বাচনে ভোট বর্জনে লিফলেট বিতরণ করলেও, সরকার কোনো বাধা দেয়নি। তারা ভোট ঠেকাতে হরতাল-অবরোধ করেছে, কিন্তু জনগণ তাদের ডাকে সাড়া দেয়নি। আর আমরা জনগণের ভোটের অধিকার ফিরিয়ে দিয়েছি বলে মন্তব্য করেছেন প্রধানমন্ত্রী শেখ হাসিনা।বুধবার (১০ জানুয়ারি) রাজধানীর সোহরাওয়ার্দী উদ্যানে বঙ্গবন্ধু শেখ মুজিবুর রহমানের স্বদেশ প্রত্যাবর্তন এবং দ্বাদশ সংসদ নির্বাচনে আওয়ামী লীগের বিজয় উদযাপন সমাবেশে তিনি এ কথা বলেন।এ সময় প্রধানমন্ত্রী বলেন, স্বাধীনতাকে অকার্যকর করতেই ১৫ আগস্টের হত্যাকাণ্ড হয়। এরপর বিকৃত ইতিহাস দিয়ে বিকৃত করা হয়েছে মানুষের মানসিকতা। আমাদের ক্ষমতায় আসা অনেক কঠিন ছিলো। মজার বিষয় হলো, স্বৈরশাসকরা ভোট চুরি করতো। তখন সেই ভোট নিয়ে কোনো কথা হতো না। আর আমরা যখন জনগণের ভোটের অধিকার ফিরিয়ে দিয়েছি, তখন নির্বাচন-গণতন্ত্র নিয়ে প্রশ্ন উঠছে!দেশের কিছু মানুষের জন্য আজ বাংলাদেশের সুনাম ক্ষুণ্ন হচ্ছে উল্লেখ করে তিনি বলেন, গোটা বিশ্ব সুনাম করে বাংলাদেশের। কিন্তু দেশেরই কিছু মানুষ ভাবে অগণতান্ত্রিক সরকার ক্ষমতায় আসাই মনে হয় ভালো ছিল, তাদের মতে।এ সময় বিরোধীদের ভোট বানচালের চেষ্টায় জনগণ পাশে না থাকায় ধন্যবাদ জানান শেখ হাসিনা। তিনি বলেন, ভোট বর্জনে লিফলেট বিতরণ করলেও, সরকার কোনো বাধা দেয়নি। হরতাল-অবরোধ করেছে ভোট ঠেকাতে, কিন্তু জনগণ তাদের ডাকে সাড়া দেয়নি। ভোটকেন্দ্রে গিয়ে তারা নিজেদের মত দিয়েছেন।, এ জন্য দেশবাসীর প্রতি কৃতজ্ঞ।এরআগে বিকেল ৩টায় এ সমাবেশ শুরু হয়। শাহবাগ-টিএসসি মোড় ঘুরে দেখা যায়, খণ্ড খণ্ড মিছিল নিয়ে আওয়ামী লীগ ও এর সহযোগী সংগঠনগুলোর নেতাকর্মীরা সমাবেশে যোগ দিয়েছেন। অনেকে জাতীয় পতাকা মাথায় বেঁধে আসছেন। অনেকে আবার নৌকার ক্যাপ মাথা দিয়ে বিভিন্ন সাজে সেজেছেন। সমাবেশ উপলক্ষে আইনশৃঙ্খলা বাহিনী তিন স্তরের নিরাপত্তা ব্যবস্থা নিয়েছে।",1,1,0,False
" বিএনপি দ্বাদশ জাতীয় সংসদ নির্বাচনে ভোট বর্জনে লিফলেট বিতরণ করলেও, সরকার কোনো বাধা দেয়নি। তারা ভোট ঠেকাতে হরতাল-অবরোধ করেছে, কিন্তু জনগণ তাদের ডাকে সাড়া দেয়নি। আর আমরা জনগণের ভোটের অধিকার ফিরিয়ে দিয়েছি বলে মন্তব্য করেছেন প্রধানমন্ত্রী শেখ হাসিনা।বুধবার (১০ জানুয়ারি) রাজধানীর সোহরাওয়ার্দী উদ্যানে বঙ্গবন্ধু শেখ মুজিবুর রহমানের স্বদেশ প্রত্যাবর্তন এবং দ্বাদশ সংসদ নির্বাচনে আওয়ামী লীগের বিজয় উদযাপন সমাবেশে তিনি এ কথা বলেন।এ সময় প্রধানমন্ত্রী বলেন, স্বাধীনতাকে অকার্যকর করতেই ১৫ আগস্টের হত্যাকাণ্ড হয়। এরপর বিকৃত ইতিহাস দিয়ে বিকৃত করা হয়েছে মানুষের মানসিকতা। আমাদের ক্ষমতায় আসা অনেক কঠিন ছিলো। মজার বিষয় হলো, স্বৈরশাসকরা ভোট চুরি করতো। তখন সেই ভোট নিয়ে কোনো কথা হতো না। আর আমরা যখন জনগণের ভোটের অধিকার ফিরিয়ে দিয়েছি, তখন নির্বাচন-গণতন্ত্র নিয়ে প্রশ্ন উঠছে!দেশের কিছু মানুষের জন্য আজ বাংলাদেশের সুনাম ক্ষুণ্ন হচ্ছে উল্লেখ করে তিনি বলেন, গোটা বিশ্ব সুনাম করে বাংলাদেশের। কিন্তু দেশেরই কিছু মানুষ ভাবে অগণতান্ত্রিক সরকার ক্ষমতায় আসাই মনে হয় ভালো ছিল, তাদের মতে।এ সময় বিরোধীদের ভোট বানচালের চেষ্টায় জনগণ পাশে না থাকায় ধন্যবাদ জানান শেখ হাসিনা। তিনি বলেন, ভোট বর্জনে লিফলেট বিতরণ করলেও, সরকার কোনো বাধা দেয়নি। হরতাল-অবরোধ করেছে ভোট ঠেকাতে, কিন্তু জনগণ তাদের ডাকে সাড়া দেয়নি। ভোটকেন্দ্রে গিয়ে তারা নিজেদের মত দিয়েছেন।, এ জন্য দেশবাসীর প্রতি কৃতজ্ঞ।এরআগে বিকেল ৩টায় এ সমাবেশ শুরু হয়। শাহবাগ-টিএসসি মোড় ঘুরে দেখা যায়, খণ্ড খণ্ড মিছিল নিয়ে আওয়ামী লীগ ও এর সহযোগী সংগঠনগুলোর নেতাকর্মীরা সমাবেশে যোগ দিয়েছেন। অনেকে জাতীয় পতাকা মাথায় বেঁধে আসছেন। অনেকে আবার নৌকার ক্যাপ মাথা দিয়ে বিভিন্ন সাজে সেজেছেন। সমাবেশ উপলক্ষে আইনশৃঙ্খলা বাহিনী তিন স্তরের নিরাপত্তা ব্যবস্থা নিয়েছে।",1,1,0,False
" তথ্য ও সম্প্রচার প্রতিমন্ত্রী অধ্যাপক মোহাম্মদ এ আরাফাত বলেছেন, বঙ্গবন্ধুকন্যা শেখ হাসিনা রাষ্ট্র পরিচালনার দায়িত্বে আছেন বলেই দেশে শান্তি বিরাজ করছে, সমৃদ্ধি ঘটছে। সোমবার (১৫ জানুয়ারি) সন্ধ্যায় মন্ত্রী তার নির্বাচনী এলাকা ঢাকা ১৭ আসনের কালাচাঁদপুর সরকারি হাইস্কুল এবং কলেজ মাঠে তার সম্মানে আয়োজিত গণ-সংবর্ধনা অনুষ্ঠানে এ কথা বলেন।প্রতিমন্ত্রী বলেন, 'বিশ্বের জায়গায় জায়গায় অশান্তি, যুদ্ধ-বিগ্রহের চিত্র আমরা টেলিভিশনে  দেখি, খবরের পাতায় পড়ি। আমাদের দেশে গত ১৫ বছর ধরে শান্তি আছে, দেশ এগিয়ে চলেছে, বঙ্গবন্ধুকন্যা শেখ হাসিনার নেতৃত্বের কারণেই তা সম্ভব হয়েছে।'একইসঙ্গে সতর্কবার্তা দিয়ে অধ্যাপক আরাফাত বলেন, 'মানুষের শান্তি বিনষ্টের জন্য যারা মানুষ ও যানবাহনের ওপর পেট্রোলবোমা নিক্ষেপ করে  এমন কি ট্রেনে অগ্নিসংযোগ করে নির্মমভাবে নারী-শিশুসহ মানুষকে পুড়িয়ে হত্যা করে, তাদের বিষয়ে সতর্ক থাকতে হবে এবং তাদেরকে রুখে দিতে সন্ত্রাসের বিরুদ্ধে প্রধানমন্ত্রী শেখ হাসিনার হাতকে আরও শক্তিশালী করতে সবাইকে ঐক্যবদ্ধ থাকতে হবে।''সন্ত্রাসীদের দেখানো ভয়-ভীতিতে মানুষ আতঙ্কিত হয়নি, শীতের সকালে ভোট দিতে গেছে' উল্লেখ করে তিনি বলেন, 'আমরা জরিপ করে দেখেছি, যে কোনো নির্বাচনী এলাকার ২৪ থেকে ২৫ শতাংশ ভোটার এলাকায় থাকেন না। অর্থাৎ বাকি ৭৫ শতাংশের মধ্যে হিসাব করলে সারাদেশে গড়ে ৪২ শতাংশের চেয়ে অনেক বেশি ভোট পড়েছে।'এ সময় তথ্য প্রতিমন্ত্রী আরাফাত এলাকার জনগণকে ধন্যবাদ জানান ও সুচারু দায়িত্বপালনে তাদের আশীর্বাদ কামনা করেন।ঢাকা মহানগর উত্তর যুবলীগের ভারপ্রাপ্ত সভাপতি মো. জাকির হোসেন বাবুলের সভাপতিত্বে  ঢাকা ১১ আসনের সংসদ সদস্য বীর মুক্তিযোদ্ধা মো. ওয়াকিল উদ্দিনসহ স্থানীয় নেতৃবৃন্দ অনুষ্ঠানে বক্তব্য রাখেন। সভা শেষে মনোজ্ঞ সাংস্কৃতিক অনুষ্ঠান পরিবেশিত হয়।",1,1,0,False
" দ্বাদশ জাতীয় সংসদ নির্বাচনের পর নির্বাচিত সংসদ সদস্যদের শপথ ও গঠিত মন্ত্রিসভা নিয়ে পাল্টিপাল্টি আইনী অভিমত দিয়েছেন অ্যাটর্নি জেনারেল এ এম আমিন উদ্দিন ও বিএনপির যুগ্ম মহাসচিব ব্যারিস্টার মাহবুব উদ্দিন খোকন। সুপ্রিম কোর্টে তারা এই পাল্টাপাল্টি বক্তব্য দেন। বিএনপি নেতা ব্যারিস্টার খোকন নবনির্বাচিত সংসদ সদস্যদের শপথ অসাংবিধানিক হয়েছে বলে অভিমত দেন। অন্যদিকে, সংবিধান অনুযায়ী এমপিদের শপথ ও মন্ত্রিসভা গঠিত হয়েছে বলে জানান অ্যাটর্নি জেনারেল এ এম আমিন উদ্দিন। মঙ্গলবার (১৬ জানুয়ারি) দুপুরে সুপ্রিম কোর্টের আইনজীবী ও বিএনপির যুগ্ম মহাসচিব ব্যারিস্টার মাহবুব উদ্দিন খোকন সাংবাদিকদের বলেন, আওয়ামী লীগ আইন মানে না, সংবিধান মানে না। পাঁচ বছর মেয়াদ শেষের আগেই আবার ৩০০ জন শপথ নিয়েছেন। তাদের শপথ অসাংবিধানিক হয়েছে। এখন কী তাহলে দেশে সংসদ সদস্য ৬০০ জন? এমন প্রশ্ন রেখে নতুন সংসদ সদস্যদের পদত্যাগ করতে আহ্বানও জানান বিএনপির এই নেতা।এরপর এ বিষয়ে সাংবাদিকরা অ্যাটর্নি জেনারেল এ এম আমিন উদ্দিনের কাছে এ বিষয়ে আইনের ব্যাখ্যা জানতে চাইলে তিনি বলেন, সংবিধান অনুযায়ী দেশে নির্বাচন হয়েছে এবং সংবিধান অনুযায়ী এমপিদের শপথ ও মন্ত্রিসভা গঠিত হয়েছে। কাজেই একাদশ সংসদ চলমান থাকা অবস্থায় দ্বাদশ সংসদের এমপিদের শপথ অসাংবিধানিক হয়েছে বলে যেটা বলা হচ্ছে তা ভ্রান্ত ধারণা। গতকাল সুপ্রিম কোর্টে নিজ কার্যালয়ে এ কথা বলেন তিনি।রাষ্ট্রের প্রধান এই আইন কর্মকর্তা বলেন, এমপিদের শপথটা নিতে হয় আইনের বাধ্যবাধকতার জন্য। তবে, শপথ নিলেও একাদশ সংসদের মেয়াদ যেহেতু ২৯ জানুয়ারি শেষ হবে, এর আগে ওনারা সংসদ অধিবেশনে যোগদান করতে পারবেন না।",1,1,0,False
