text,label,y_true,y_pred,pred_3class,correct
" শেখ হাসিনা বাংলাদেশকে গণতান্ত্রিক বিশ্ব থেকে বিচ্ছিন্ন করে ফেলেছেন উল্লেখ করে বিএনপির সিনিয়র যুগ্ম মহাসচিব রুহুল কবির রিজভী বলেছেন, ‘মাত্র একজন ব্যক্তির অবৈধভাবে ক্ষমতায় থাকার উগ্র লিপ্সার কারণে বাংলাদেশ এখন চরম বিপর্যয়ের মুখে পতিত হয়েছে। বাংলাদেশকে গণতান্ত্রিক বিশ্ব থেকে বিচ্ছিন্ন করে ফেলা হয়েছে। ভোট ডাকাত শেখ হাসিনা, তার পরিবারের সদস্য এবং আওয়ামী দুর্নীতিবাজরা দেশটাকে তাদের লুটপাটের স্বর্গরাজ্য বানিয়েছে।’আজ শনিবার ভার্চুয়াল সংবাদ সম্মেলনে তিনি এ কথা বলেন।রিজভী বলেন, ‘আওয়ামী লুটেরা চক্র শুধু অর্থনৈতিকভাবে দেশটাকে দেউলিয়া করেনি, দেশ এবং জনগণের স্বাধীনতাও বিপন্ন করে দিয়েছে। এই লুটেরা চক্র শুধু বর্তমান প্রজন্মকেই নয় দেশের ভবিষৎ প্রজন্মকেও ঋণে ডুবিয়েছে। ভবিষৎ প্রজন্মের উজ্জল সম্ভাবনার পথও কঠিন করে দিয়েছে।’তিনি বলেন, ‘গণঅভিপ্রায়কে উপেক্ষা করে নৌকা, ডামি আওয়ামী লীগ এবং কতিপয় নাম গোত্রহীন ভূঁইফোড় দলছুট লোকজনকে নিয়ে ডামি নির্বাচন নাটক মঞ্চায়ন করার জন্য জনগণের এই বিপুল পরিমাণ অর্থ বিনষ্টের হিসাব মাফিয়াচক্রের দোসর সিইসি কাজী হাবিবুল আওয়াল গংকে দিতে হবে। ইতোমধ্যে সরকারের মন্ত্রীরাও বলতে শুরু করেছে এই পাতানো প্রতিযোগিতাহীন ভুয়া নির্বাচন হবে কি না তা নিয়ে তারা ঘোরতর সন্দিহান।’রুহুল কবির রিজভী বলেন, ‘আওয়ামী লীগ সরকারের শিল্পমন্ত্রী অ্যাডভোকেট নুরুল মজিদ মাহমুদ হুমায়ুন এক সভায় বলেছেন, ‘‘আমরা বিশাল ষড়যন্ত্রের মধ্যে আছি, আমাদের ৭ জানুয়ারি নির্বাচন, আমরা এখনো জানিনা সেটা হবে কিনা? একটা অনিশ্চিত অবস্থা।’’ বাস্তবতা হলো- দেশের ১৮ কোটি জনগণ এই নির্বাচন করতে দিবে না। তত্ত্বাবধায়ক সরকারের অধীনে ছাড়া কোনো নির্বাচন দেশের মাটিতে হবে না।’বাংলাদেশেও স্বৈরাচার কবলিত কম্বোডিয়ার চেয়ে ভয়াবহ পরিস্থিতি চলছে উল্লেখ করে রুহুল কবির রিজভী বলেন, ‘গণতান্ত্রিক বিশ্বের সমস্ত হুঁশিয়ারি ও আহ্বান উপেক্ষা করে পাতানো ডামি নির্বাচনের সার্কাস করছেন শেখ হাসিনা। শেখ হাসিনার এই নির্বাচনী প্রহসন জেনে গেছে গোটা বিশ্ব। দেশের জনগণের আন্দোলন এবং গণতান্ত্রিক বিশ্বের সঙ্গে প্রকাশ্যে লড়াইয়ে নেমেছেন শেখ হাসিনা। অচিরেই তার ক্ষমতায় থাকার সাধ চূর্ণ-বিচূর্ণ হবেই। এখন একমাত্র করুণ পতনই শেখ হাসিনার নিয়তি।’রুহুল কবির রিজভী বলেন, ‘কম্বোডিয়ার ৩৮ বছরের একনায়ক হুন সেনের ‘রাজ্যাভিষেক’ মডেলের নির্বাচনের পথে হাঁটছেন বাংলাদেশের একনায়ক শেখ হাসিনা। কম্বোডিয়ায় যেভাবে বছরের পর বছর নির্বাচনী তামাশার মাধ্যমে স্বৈরাচার হুন সেন নিপীড়ন- দুঃশাসন চালিয়েছে, শেখ হাসিনার তার চেয়ে অনেক বেশি অত্যাচার চলাচ্ছেন। কম্বোডিয়ার মতোই শেখ হাসিনা বাংলাদেশের একমাত্র আস্থাভাজন সর্বাধিক জনপ্রিয় বিরোধী দল বিএনপিকে নিশ্চিহ্ন করার ষড়যন্ত্র করছে। আইনের ম্যারপ্যাঁচে ফেলে কম্বোডিয়ার প্রধান বিরোধী দল ক্যান্ডেললাইট পার্টিকে নিষিদ্ধ করে হুন সেন। গত জুলাইয়ের নির্বাচন হয়েছে সেদেশে।’তিনি বলেন, ‘বিশেষ বাহিনী এবং আইনশৃঙ্খলা রক্ষাকারী বাহিনীকে দিয়ে মামলা, হামলা এবং গণগ্রেপ্তার করে বিএনপিসহ ৬০টির বেশি রাজনৈতিক দলকে মাঠ ছাড়া করতে চালানো হচ্ছে অমানুষিক নিপীড়ন। রাজবাড়ীসহ জেলায় জেলায় লাল বাহিনী তৈরি করে বিরোধী দলীয় নেতাকর্মীদের গ্রেপ্তার নির্যাতনের প্রশিক্ষণ দেওয়া হয়েছে। নিম্ন আদালতকে ব্যবহার করে দণ্ড দিয়ে বিএনপির নেতাদের নির্বাচনে অযোগ্য ঘোষণা করা হয়েছে। পরিস্থিতি এমনভাবে তৈরি করা হয়েছে যে, বিএনপি চাইলেও নির্বাচনে অংশ নিতে পারবে না। এই পাতানো-নিয়ন্ত্রিত নির্বাচনের অন্যতম বৈশিষ্ট্য হলো প্রধান প্রতিপক্ষকে মাঠ ছাড়া করা এবং তারা যাতে নির্বাচনে অংশ নিতে না পারে তা নিশ্চিত করা।’বিএনপির এই নেতা আরও বলেন, ‘গতকাল শুক্রবার যুক্তরাষ্ট্রের প্রকাশিত ‘কান্ট্রি রিপোর্টস অন টেররিজম-২০২২’ শীর্ষক প্রতিবেদনে বাংলাদেশ অংশে বলা হয়েছে, বাংলাদেশের আইনশৃঙ্খলা রক্ষাকারী বাহিনী বিচারবহির্ভূত হত্যাকাণ্ড পরিচালনা করেছে এবং অন্যান্য মানবাধিকার লঙ্ঘন করেছে। জাতিসংঘসহ অন্যান্য সংস্থা ও গণতান্ত্রিক রাষ্ট্রসমূহ বাংলাদেশে বিরোধীদলের ওপর জুলুম নির্যাতনের চিত্র তুলে ধরছে। গতকাল জাতিসংঘ পুনরায় বলেছে, অংশগ্রহণমূলক নির্বাচন হতে হবে সবার অংশগ্রহণে। কিন্তু শেখ হাসিনা কোনো কিছু তোয়াক্কা না করে এক সর্বনাশা ধ্বংসের খেলায় মেতে উঠেছেন। এর পরিণতি তার জন্য শুভ হবে না।’",0,0,1,1,False
" দ্বাদশ জাতীয় নির্বাচনের তফসিল বাতিল, বেগম খালেদা জিয়াসহ বিরোধী নেতাকর্মীদের মুক্তি ও সরকার পতনের একদফা দাবিতে নবম দফা সর্বাত্মক অবরোধের সমর্থনে রাজধানীর কমলাপুরে মশাল মিছিল করেছে বিএনপির নেতাকর্মীরা। এতে নেতৃত্ব দেন বিএনপির আন্তর্জাতিক বিষয়ক কমিটির সদস্য ইঞ্জিনিয়ার ইশরাক হোসেন।আজ রবিবার রাতে মশাল মিছিলটি কমলাপুর স্টেশন থেকে শুরু হয়ে সাদেক হোসেন খোকা কমিউনিটি সেন্টার হয়ে মতিঝিলের মধুমিতা সিনেমা হলের সামনে গিয়ে শেষ হয়।মিছিলে ঢাকা মহানগর দক্ষিণ ছাত্রদলের আহ্বায়ক পাভেল শিকদার, ছাত্রদল ঢাকা মহানগর দক্ষিণের যুগ্ম আহ্বায়ক আব্দুর রহিম, ঢাকা মহানগর দক্ষিণ ছাত্রদলের সাবেক সহসভাপতি যুবনেতা জাবেদ হোসেন মুন্না, ওয়ারী থানা যুবদলের সাবেক সদস্য সচিব নাহিদ হোসেন প্রমুখ অংশ নেন।",0,0,1,1,False
" নাগরিক ঐক্য পরিষদের সভাপতি মাহমুদুর রহমান মান্না বলেন, ‘আমরা ‘‘মায়ের ডাক’’র পক্ষ থেকে গুম হত্যার প্রতিবাদে শাহবাগে দাঁড়াতে চেয়েছিলাম কিন্তু পুলিশ আমাদের ধাক্কা দিয়ে তাড়িয়ে দিয়েছে। আওয়ামী লীগ যতই বলুক এবার কোনো নির্বাচন হচ্ছে না। যেটা হবে সেটা পাতানো নির্বাচন। আওয়ামী লীগ নিজের দলের প্রার্থীদের বলছে স্বতন্ত্র দাঁড়াও, ডামি প্রার্থী দাও এর থেকে পাতানো নির্বাচন আর হতে পারে না।’‘আন্তর্জাতিক মানবাধিকার দিবস’ সামনে রেখে আজ শনিবার রাজধানীর শাহবাগে সমাবেশের ডাক দিয়েছিল দেশে বিভিন্ন সময়ে গুম হওয়া ব্যক্তিদের পরিবারের সদস্যদের সংগঠন ‘মায়ের ডাক’। তবে পুলিশের বাধায় শাহবাগে কর্মসূচি সে কর্মসূচি হয়নি। পরে মিছিল নিয়ে জাতীয় প্রেসক্লাবের সামনে মানববন্ধন করে সংগঠনটি।সেখানে মাহমুদুর রহমান মান্না এসব কথা বলেন।বিপ্লবী ওয়ার্কার্স পার্টির সাধারণ সম্পাদক কমরেড সাইফুল হক বলেন, ‘এই সরকারের আমলে মানবাধিকার সবচেয়ে বেশি লঙ্ঘিত হচ্ছে। আজ যেভাবে গুম হত্যা হচ্ছে, আজ শাহবাগে পুলিশ আমাদের ধাক্কা দিয়েছে সেটা মানবাধিকার লঙ্ঘনের চূড়ান্ত বহিঃপ্রকাশ। সরকার এতটাই জনবিচ্ছিন্ন, সরকার এতটাই জনগণের বিরুদ্ধে অবস্থান নিয়েছে যে মায়ের ডাকের মতো একটা অরাজনৈতিক সংগঠনকেও তারা শাহবাগে আন্দোলন করতে দেয়নি। আমরা সরকারের এ ধরনের আচরণের তীব্র নিন্দা জানাই।’তিনি বলেন, ‘সারা দুনিয়ার মধ্যে এখন আরেকটা মানবিক বিপর্যয় চলছে এখন বাংলাদেশে। বর্তমান সরকার অবৈধভাবে ক্ষমতায় থাকার জন্য মানুষকে গুম, হত্যা করছে। অসংখ্য মায়ের বুক খালি করছে। বাবাকে না পেয়ে ছেলেকে ধরছে, ছেলেকে না পেয়ে বাবাকে ধরছে। শুধুমাত্র ২৮ অক্টোবরের পর থেকে এ পর্যন্ত ২২ হাজারের বেশি বিএনপিসহ বিরোধী দলীয় নেতারা এখন জেলখানায়।’ সমাবেশে জাতীয়তাবাদী সমাজতান্ত্রিক দলের (জাসদের) সিনিয়র সহসভাপতি তানিয়া আক্তার বলেন, ‘মায়ের ডাকের পক্ষ থেকে যে মায়েরা এসেছে তাদের দুঃখ কষ্টের কথা বলতে, আর কোনো মায়ের বুক যাতে খালি না হয় সেই দাবি জানাতে তাদের কেন পুলিশ ধাক্কা দিল, যারা জনগণের ট্যাক্সের টাকায় বেতন-ভাতা পায়। আমি প্রধানমন্ত্রীর কাছে স্পষ্ট জানতে চাই আপনি কি দেশের প্রতিটি জায়গা, মহল্লাকে ভাগ করে ফেলছেন? তাহলে কোন ভাগটা আমাদের জন্য দয়া করে বলবেন কী?’সমাবেশে সমাপনী বক্তা হিসেবে বিএনপির স্থায়ী কমিটির সদস্য বেগম সেলিমা রহমান বলেন, ‘মায়ের ডাকের আন্দোলন শুধু আজকের না এরা দীর্ঘ ১৫ বছর ধরে এই সংগ্রাম করে আসছে কারণ। আমরা দেখতে পারছি কীভাবে বর্তমান ফ্যাসিস্ট সরকার জনগণের লাশের ওপর দিয়ে তাদের ক্ষমতা ধরে রাখার চেষ্টা করছে। জনগণের টাকায় যারা বেতন পায় তাদের পর্যন্ত লেলিয়ে দিয়েছে ক্ষমতায় থাকার জন্য। তারা হেলমেট বাহিনী লাঠিয়াল বাহিনী বানিয়ে মানুষকে ঘরে ঘরে গিয়ে অত্যাচার করছে। সেটার কোনো বিচার নাই।’তিনি আরও বলেন, ‘শ্রমিক আন্দোলনে তিনজন শ্রমিক মারা গেছে। তাদের পরিবারের কী অবস্থা তারা কীভাবে দিন পার করছে সেগুলো নিয়ে কোনো কথা নাই। তাদের কোনো বিচার নাই কিন্তু একজন পুলিশ মারা গেছে সেটা নিয়ে আলোচনা হয়। বিচার নাই কারণ বর্তমান সরকার জবাদিহিবিহীন সরকার, বিনা ভোটের অবৈধ সরকার। তারা আজকে আবার নতুন করে পাতানো নির্বাচন খেলা খেলছে।’মানববন্ধনে আরও বক্তব্য দেন গণসংহতি আন্দোলনের প্রধান সমন্বয়কারী জোনায়েদ সাকি ও ডা. ফয়জুল হাকিম।এর আগে, আজ বেলা ১১টায় কর্মসূচিতে অংশ নিয়ে জাতীয় জাদুঘরের সামনে উপস্থিত হন মায়ের ডাকের সংগঠক এবং অংশগ্রহণকারীরা। তবে আগে থেকেই সমাবেশ ঘিরে ছিল পুলিশের ব্যাপক উপস্থিতি। পরে পুলিশের বাধায় সেখানে সমাবেশ করতে পারেনি সংগঠনটি।",0,0,1,1,False
" রাজধানীর আগারগাঁওয়ে নির্বাচন কমিশন (ইসি) ভবনের সামনে কথা কাটাকাটির জেরে দুই প্রার্থীর সমর্থকদের মধ্যে হাতাহাতির ঘটনা ঘটেছে।বৃহস্পতিবার দুপুর সাড়ে ১২টার দিকে নৌকার প্রার্থী ও স্বতন্ত্র প্রার্থীর সমর্থকদের মধ্যে এই ঘটনা ঘটে। এ ঘটনায় পুলিশ দুজনকে আটক করেছে।সূত্র জানায়, ১ শতাংশ ভোটারের তথ্য নিয়ে গড়মিল থাকায় কুমিল্লা-১ আসনের স্বতন্ত্র প্রার্থী ব্যারিস্টার নাইম হাসানের প্রার্থিতা বাতিল করেছিল রিটানিং কর্মকর্তা। প্রার্থিতা ফিরে পাওয়ার শুনানিতে অংশ নিতে তিনি নির্বাচন কমিশনে আসেন। নির্বাচন কমিশনের ফটক দিয়ে বেরিয়ে আসার সময় আওয়ামী লীগ প্রার্থী ইঞ্জিনিয়ার আব্দুস সবুরের সমর্থকদের সঙ্গে বাকবিতণ্ডা হয়। একপর্যায়ে হাতাহাতির সৃষ্টি হয়। এ সময় পুলিশ দুজনকে আটক করে।ব্যারিস্টার নাঈম এ বিষয়ে বলেন, ‘আমাকে ও আমার সমর্থকদের কটূক্তিমুলক কথা বলায় আমার সমর্থকরা উত্তেজিত হয়। তারা আমার সমর্থকদের ওপর হামলা চালিয়েছে।’এসময় উপস্থিত আইনশৃঙ্খলা বাহিনীর সদস্যরা তাৎক্ষণিক প্লাবন ও সানজিদ নামে দুইজনকে নিজেদের হেফাজতে নেন। তারা দুইজনই কুমিল্লা-১ আসনের স্বতন্ত্র প্রার্থী নাঈম হাসানের সমর্থক।এ বিষয়ে শের-ই-বাংলা নগর থানার উপ-পরিদর্শক নিয়ামুল ইসলাম বলেন, ‘একটু উত্তেজনা তৈরি হয়েছিল। পরে পুলিশ এসে বিষয়টি নিয়ন্ত্রণে নিয়ে এনেছে। বর্তমানে সেখানকার পরিস্থিতি সুন্দর ও স্বাভাবিক রয়েছে। আমরা কাউকে আটক করিনি। বরং জিজ্ঞাসাবাদ করার জন্য হেফাজতে রাখা হয়েছে।’",0,0,1,1,False
" মহান বিজয় দিবস উপলক্ষে রাজধানীতে র‌্যালি করতে চায় বিএনপি। কর্মসূচি পালনের অনুমতি চেয়ে আজ বুধবার ঢাকা মেট্রোপলিটন পুলিশ (ডিএমপি) বরাবর আবেদন করেছে দলটি।বিকেল ৪টার দিকে ডিএমপির সদর দফতরে যান বিএনপির ভাইস-চেয়ারম্যান ও সাবেক মন্ত্রী নিতাই রায় চৌধুরী এবং জাতীয়তাবাদী আইনজীবী ফোরামের প্রচার সম্পাদক মাহবুবুর রহমান। তবে, পুলিশ কমিশনার না থাকায় অতিরিক্ত পুলিশ কমিশনারের কাছে আবেদনপত্র দেন তারা।নেতারা গণমাধ্যমকে জানান, ১৬ ডিসেম্বর দুপুর একটায় দলটির কেন্দ্রীয় কার্যালয় থেকে বের হয়ে পল্টন মোড় হয়ে মগবাজার মোড় পর্যন্ত র‌্যালি করতে চায়।এরআগে হঠাৎ ডিএমপিতে যাওয়ার বিষয়ে দলের মিডিয়া সেলের সদস্য শায়রুল কবির খান আমাদের সময়কে বলেন, সাম্প্রতিক বিষয়গুলো নিয়েই মূলত আলোচনা হবে। এছাড়া আগামীতে আন্দোলন মিছিল-মিটিংয়ের বিষয়ে আলোচনা হতে পারে।উল্লেখ্য, গত ১০ ডিসেম্বর একাদশ দফায় দুই দিনের অবরোধ কর্মসূচি ঘোষণা করে বিএনপি। আজ বুধবার সন্ধ্যা ছয়টায় দুই দিনের অবরোধ কর্মসূচি শেষ হবে।গত ২৮ অক্টোবর ঢাকায় মহাসমাবেশ পণ্ড হওয়ার ঘটনার প্রতিবাদে ২৯ অক্টোবর সারা দেশে সকাল-সন্ধ্যা হরতাল দেয় বিএনপি। এরপর দলটির মহাসচিব মির্জা ফখরুল ইসলাম আলমগীরসহ শীর্ষ পর্যায়ের অনেক নেতাকর্মীকে গ্রেপ্তার করা হয়।সরকারের পদত্যাগ, নির্দলীয় সরকারের অধীন নির্বাচন এবং দলের গ্রেপ্তার নেতাকর্মীদের মুক্তি ও হয়রানি বন্ধের দাবিতে এক-দুই দিন পরপর কখনো অবরোধ, কখনো হরতালের মতো কর্মসূচি দিয়ে যাচ্ছে দলটি। বিএনপির সঙ্গে যুগপৎ আন্দোলনে থাকা আরও কয়েকটি রাজনৈতিক দলও একই ধরনের কর্মসূচি পালন করে আসছে। ",0,0,1,1,False
" দ্বাদশ জাতীয় সংসদ নির্বাচন থেকে জাতীয় পার্টি সরে যেতে পারে বলে আশঙ্কা প্রকাশ করেছেন আওয়ামী লীগের সাধারণ সম্পাদক ওবায়দুল কাদের।আজ মঙ্গলবার বিকেলে তেজগাঁওয়ে ঢাকা জেলা আওয়ামী লীগের কার্যালয়ে দলের দপ্তর বিষয়ক উপকমিটির এক মতবিনিময় সভা শেষে এ মন্তব্য করেন তিনি।জাতীয় পার্টি নির্বাচন থেকে সরে যাবে কি না—এমন প্রশ্নের জবাবে আওয়ামী লীগের সাধারণ সম্পাদক বলেন, ‘আশঙ্কা আছে, আমাদের দলের অনেকেরই আশঙ্কা আছে; দেশের জনগণের মধ্যেও এটা নিয়ে একটা শঙ্কা আছে। কিন্তু এটা চূড়ান্ত কথা হিসেবে এই মুহূর্তে আমরা বিবেচনায় আনতে পারছি না।’ওবায়দুল কাদের বলেন, ‘ডেমোক্রেসিতে অনেক কিছু সম্ভব। গণতান্ত্রিক নির্বাচনে বয়কট করা, ওয়াকআউট করা—এসব বিষয় গণতান্ত্রিক নির্বাচনের সব জায়গাতেই আছে। কী হবে এটা তো এই মুহূর্তে বলতে পারছি না, হলেও হতে পারে।’জি এম কাদেরের সঙ্গে কোনো নির্বাচনী জোট না করার জন্য প্রধানমন্ত্রী ও আওয়ামী লীগ সভাপতি শেখ হাসিনার কাছে অনুরোধ জানিয়েছেন বিরোধীদলীয় নেতা রওশন এরশাদ। এ বিষয়ে আওয়ামী লীগ সাধারণ সম্পাদক বলেন, ‘প্রধানমন্ত্রীকে বেগম রওশন এরশাদ তার ক্ষোভের কথা জানাতে পারেন এবং তার সঙ্গে যারা নেই তাদের বিরুদ্ধে তিনি বলতে পারেন। কিন্তু দল হিসেবে জাতীয় পার্টির সঙ্গে আমাদের কোনো জোট থাকবে না বা আমরা ইলেকশন করব না—এমন কোনো সিদ্ধান্ত আমাদের পার্টিতে বা আমাদের নেত্রীও আমাদের কিছু বলেননি। কাজেই এ ব্যাপারে আমরা এখন শেষ কথা বলতে পারছি না।’",0,0,1,1,False
" পল্টনে সমাবেশ করে নির্বাচন কমিশন (ইসি) ঘেরাও করতে যাওয়ার পথে জাতীয় প্রেসক্লাবের কাছে কদম ফোয়ারার সামনে পুলিশের বাধার সম্মুখীন হয় বাম গণতান্ত্রিক জোটের নেতাকর্মীরা। এসময় পুলিশ ব্যারিকেড দিয়ে তাদের আটকানোর চেষ্টা করে। তখন পুলিশের সঙ্গে নেতাকর্মীদের ধস্তাধস্তির ঘটনাও ঘটে। পরে তারা কদম ফোয়ারার সামনে সংক্ষিপ্ত সমাবেশ করেন। আজ রবিবার দুপুর ১২টার দিকে এ ঘটনা ঘটে।সংক্ষিপ্ত সমাবেশে বাংলাদেশ কমিউনিস্ট পার্টির সাধারণ সম্পাদক রুহিন হোসেন প্রিন্স বলেন, ‘আমরা প্রস্তুতি নিয়েছিলাম এখান থেকে নির্বাচন কমিশনে যাবো এবং আমাদের কথা বলব। যদিও আমরা জানি, এ সরকার ভাগ-বাটোয়ারা করে ভোট শেষ করতে চায়। তারা নিজেরাই ঠিকঠাক করে সবকিছু শেষ করতে চায়। এ সরকার পুলিশ বাহিনী দিয়ে আমাদের এখানে আটকে দিয়েছে। এর নিন্দা জানানোর ভাষা নেই। এই স্বৈরাচারের বিরুদ্ধে লড়াই করে আমাদের ভোটাধিকার, গণতন্ত্র এবং মুক্তিযুদ্ধের চেতনাকে গড়ে তোলার সংগ্রাম আমরা করছি।’তিনি আরও বলেন, ‘সরকার ভয়ের রাজত্ব কায়েম করতেছে। সরকার এমন কিছু আইন করেছে— এখন কোনো কথা বললে জেলে যেতে হতে পারে, গুম করে দিতে পারে। তারা আরেকটি আইন করেছে সেটি হলো— আগামীকাল থেকে রাজনৈতিক সভা সমাবেশ নিষিদ্ধ করেছে। এইটার মানে কী? বাংলাদেশে কি জরুরি আইন জারি হয়েছে? এই আইন অনৈতিক, অন্যায় এবং অসাংবিধানিক। সরকার আমাদের কণ্ঠ বন্ধ করতে পারবে না। বাংলাদেশে আমরা প্রহসনের নির্বাচন হতে দেব না।’বাংলাদেশ জাতীয় সমাজতান্ত্রিক দলের (মার্কসবাদী) কেন্দ্রীয় সমন্বয়ক মাসুদ রানা বলেন, ‘বাম গণতান্ত্রিক জোট এবং ফ্যাসিবাদবিরোধী বাম মোর্চাসহ আজকে নির্বাচন কমিশনের অভিমুখে আমাদের কর্মসূচি ছিল। কিন্তু পুলিশ আমাদের এখানে বাধা দিয়েছে। আমাদের নেতাকর্মীদের ওপরে পুলিশ হামলা করেছে। আমরা এর তীব্র নিন্দা এবং প্রতিবাদ জানাই।’এ বিষয়ে রমনা জোনের শাহবাগ থানার পেট্রল ইন্সপেক্টর সরদার বুলবুল আহমেদ বলেন, ‘আজকে অফিস ডে, সেজন্য যান চলাচলে যাতে কোনো ধরনের ব্যাঘাত না ঘটে, তাই আমরা ওনাদের বলেছি, আপনাদের যদি কোনও দাবি থাকে, তাহলে সেটি লিখিত আকারে আমাদের দেন। আমরা সেটি সরকারের কাছে পৌঁছে দেব। কিন্তু তারা ব্যারিকেড ভাঙার চেষ্টা করেছে। আমরা ধৈর্যের সঙ্গে তাদের বোঝাতে সক্ষম হয়েছি। পরে তারা এখানে (কদম ফোয়ারা মোড়ে) সংক্ষিপ্ত সমাবেশ করেছে।’গণতান্ত্রিক বাম জোটের পক্ষ থেকে কোনো লিখিত দাবি দেওয়া হয়েছে কী না এমন প্রশ্নের জবাব তিনি বলেন, ‘এখনও পর্যন্ত তারা কোনো লিখিত দাবি আমাদের কাছে পাঠায়নি।’",0,0,1,1,False
" বিএনপির স্থায়ী কমিটির সদস্য নজরুল ইসলাম খান বলেছেন, ‘ডামি নির্বাচনের জন্য সাড়ে ৭ লাখ আইনশৃঙ্খলা রক্ষাকারী বাহিনীর লোক নিয়োগ দেওয়া হবে। ঘোষণা করে দিলেই হয় কোন আসনে কে নির্বাচিত হল। এই খেলার কী দরকার? এত লোকের কষ্টের কী দরকার? যে দেশের মানুষ এত কষ্টে আছে, সাধারণ মানুষ দুই বেলা খেতে পারে না সেখানে ২ হাজার কোটি টাকা খরচ করে এই নির্বাচন করার কী অর্থ আছে? ঘোষণা করে দিলেই হয় অমুক এমপি, তমুক মন্ত্রী।’বিজয় দিবস উপলক্ষে রাজধানীর নয়াপল্টনে কেন্দ্রীয় কার্যালয়ের সামনে শোভাযাত্রা শুরু করেছে বিএনপি। আজ শনিবার দুপুর ২টা ২২ মিনিটে শোভাযাত্রা শুরুর আগে সংক্ষিপ্ত সমাবেশে নজরুল ইসলাম খান এ কথা বলেন।রসিকতার জন্য আমরা দেশ স্বাধীন করিনি উল্লেখ করে নজরুল ইসলাম খান বলেন, ‘আমরা চাই বাংলাদেশে গণতন্ত্র প্রতিষ্ঠা হোক। নির্বাচনে সবাই অংশগ্রহণ করবে। প্রতিদ্বন্দ্বিতা হবে। জনগণ যাকে পছন্দ করবে তারা নির্বাচিত হবে। আমরা সেই নির্বাচন আদায়ের জন্য লড়াই করছি। এই লড়াইয়ে আমাদের অনেক সাথী জীবন দিয়েছে, অনেকে কষ্ট করেছে; এখনো করছে আমরা তাদের রক্তের সঙ্গে, কষ্টের সঙ্গে বেঈমানি করব না। এই লড়াই চলবে ততদিন পর্যন্ত যতদিন না জনগণের গণতান্ত্রিক অধিকার প্রতিষ্ঠা হয়।’নজরুল ইসলাম খান বলেন, ‘স্বাধীনতার ৫২ বছর পর বলতে হচ্ছে আমরা আবার গণতন্ত্র হারিয়েছি। গণতন্ত্রের নামে স্বৈরশাসন চলছে। জনগণের অধিকার কেড়ে নেওয়া হয়েছে। বিএনপির যারা সংগ্রামী নেতা, বীর মুক্তিযোদ্ধা— মির্জা ফখরুল ইসলাম আলমগীর, আমির খসরু মাহমুদ চৌধুরী, আমানুল্লাহ আমানসহ অসংখ্য নেতা কারারুদ্ধ। প্রতিদিন মিথ্যা মামলা দিয়ে আমাদের নেতাকর্মীদের নানাভাবে হয়রানি করা হচ্ছে, দন্ডিত করা হচ্ছে। আমাদের গণতান্ত্রিক অধিকার কেড়ে নেওয়া হচ্ছে। এসব হচ্ছে নির্বাচন নামের একটা খেলা খেলার জন্য।’কোনো বিরোধী দল নির্বাচনে অংশগ্রহণ করছে না উল্লেখ করে বিএনপির এই নেতা বলেন, ‘যারা এই নির্বাচনের খেলায় যোগ দিয়েছে তারা সবাই ক্ষমতাসীন দলের প্রধানকে পা ছুয়ে সালাম করে, তার দোয়া নিয়ে নির্বাচনে নামছে। সবাই জানে, পত্র-পত্রিকায় ছাপা হচ্ছে কারা, কোন দল কয়টা আসন পাবে, কোন নেতা কোন এলাকা থেকে নির্বাচন করবে। এটা কোনো নির্বাচন, ভাবতে পারেন? নির্বাচন হবে প্রতিযোগিদের মধ্যে। এখন সেই ব্যাপার নাই। কারণ জনগণ এই নির্বাচন চায় না। এই নির্বাচনে জনগণ ভোট দিতে যাবে না। ভোটার আনার জন্য এখন নিজের দলের লোকজনকেই ডামি প্রার্থী বানাচ্ছে। লোকে বলে, একবার নির্বাচন হলো প্রার্থী ছিল না, আরেকবার নির্বাচন হলো রাতের বেলায় ভোট হয়ে গেল আর এবারের নির্বাচন হলো ডামি নির্বাচন।’এর আগে, সমাবেশে অংশ নিতে আজ সকাল থেকেই নয়াপল্টনে বিএনপির নেতাকর্মীরা দলটির কেন্দ্রীয় কার্যালয়ে এসে জড়ো হন। তারা পোস্টার, ফেস্টুন ও প্ল্যাকার্ড হাতে নিয়ে সরকারবিরোধী স্লোগান দিতে দিতে সমাবেশস্থলে আসেন। সমাবেশের আগে নাইটিঙ্গেল মোড় থেকে ফকিরাপুল মোড় পর্যন্ত দলীয় কর্মী-সমর্থকদের অবস্থান করতে দেখা যায়। সমাবেশস্থল ও এর আশপাশে আইনশৃঙ্খলা বাহিনীর সদস্য বাড়ানো হয়েছে।",0,0,1,1,False
" ক্ষমতাসীন আওয়ামী লীগ সরকারকে নিপীড়ক আখ্যা দিয়ে বিএনপির সিনিয়র যুগ্ম মহাসচিব রুহুল কবির রিজভী বলেছেন, দেশ থেকে গণতন্ত্র ও মানবাধিকার উধাও হয়ে গেছে। সরকারের অকথ্য নির্বাচন ও পৈশাচিক অত্যাচারে বিএনপি চেয়ারপারসন খালেদা জিয়াসহ দলের শীর্ষ নেতৃবৃন্দ ও হাজার হাজার নেতাকর্মীরা কারাবন্দি হয়ে এখনও এক দম বন্ধ করা জীবন যাপন করছে।শনিবার (১৩ জানুয়ারি) দুপুরে রাজধানীর নয়াপল্টনে দলের কেন্দ্রীয় কার্যালয়ে আয়োজিত সংবাদ সম্মেলনে এক প্রশ্নের জবাবে বিএনপির সিনিয়র যুগ্ম মহাসচিব রুহুল কবির রিজভী এ কথা বলেন।তিনি বলেন, সমস্ত মানবিক মৌলিক অধিকার হরণ করে নিপীড়নের সর্বোচ্চ মাত্রা প্রয়োগ করা হয়েছে। বিএনপির কারাবন্দি মহাসচিব মির্জা ফখরুল ইসলাম আলমগীর, স্থায়ী কমিটির সদস্য মির্জা আব্বাস, আমির খসরু মাহমুদ চৌধুরী ও হাজার হাজার নেতাকর্মীরা অসুস্থ অবস্থায় চিকিৎসা না পেয়ে অমানবিক জীবন যাপন করছে।রিজভী বলেন, রাষ্ট্রের হাজার হাজার কোটি টাকা খরচ করে ডামি প্রধান নির্বাচন কমিশনার ঘুমিয়ে থেকে নির্বাচনের নামে যেই সংসদের জন্ম দিয়েছেন, আগামীতে দেশে জনগণের ভোটে জবাবদিহিতামূলক সরকার গঠিত হলে জনগণের কাছে প্রতিটি টাকার হিসাব দিতে হবে। এই 'ডামি নির্বাচনের মাধ্যমে গঠিত 'ডামি সরকারের এক ডামি মন্ত্রী বলেছেন, 'দেশের বিরুদ্ধে ষড়যন্ত্রের জাল ছিন্ন করা হবে'। এই কথার জবাবে বলতে চাই, যে দেশে 'ডামি নির্বাচন'র মাধ্যমে 'ডামি সরকার' আর 'ডামি মন্ত্রী' থাকে সেই দেশের অনিষ্ট করতে কোনো ষড়যন্ত্রের প্রয়োজন হয় না। জনম্যান্ডেটহীন 'ডামি সরকার'ই যথেষ্ট দেশকে প্রভুদের পদানত ও ধ্বংস করতে।তিনি বলেন, একজন মাত্র ব্যক্তির ক্ষমতালিপ্সার কারণে দেশ থেকে গণতন্ত্র ও মানবাধিকার উধাও হয়ে গেছে। মানুষের ভোটের অধিক লুণ্ঠন করা হয়েছে। বাস্তবতা হলো, দেশের গণতন্ত্রকামী জনগণই নয় বিশ্বের মানবাধিকার সংগঠনগুলোও এখন বাংলাদেশে নির্বাচনকালীন নিরপেক্ষ সরকারের অধীনে নতুন নির্বাচনের আহ্বান জানিয়েছে।রিজভী বলেন, শুক্রবার ছয়টি আন্তর্জাতিক মানবাধিকার সংগঠন যৌথ বিবৃতি দিয়ে গত ৭ জানুয়ারির 'ডামি নির্বাচন' নিয়ে গ্রহণযোগ্যতার প্রশ্ন তুলেছে। আমাদের বক্তব্য স্পষ্ট, দেশের গণতন্ত্রপ্রেমী জনগণের কাছে ২০১৪ কিংবা ২০১৮ সালের মতোই অবৈধ এবং অগণতান্ত্রিক। সংবিধান অনুযায়ী জনগণের প্রত্যক্ষ ভোটে জনপ্রতিনিধি নির্বাচিত হতে হবে। কিন্তু বর্তমান সরকার জনগণের প্রত্যক্ষ ভোটে নির্বাচিত হয়নি।তিনি বলেন, বিএনপিসহ গণতন্ত্রের পক্ষের ৬৩টি রাজনৈতিক দল এবং দেশের প্রায় প্রতিটি গণতন্ত্রকামী মানুষ ৭ জানুয়ারির ভুয়া নির্বাচন সম্পূর্ণভাবে বর্জন করেছে। এরপরও নির্বাচনে ভোট জালিয়াতি, ভোট ডাকাতি, ২০১৮ সালের মতো রাতের বেলায়ও ব্যালটে সিল মারার মতো অপকর্মের আশ্রয় নিতে হয়েছে। আওয়ামী লীগের 'ডামি প্রার্থীরা'ই এই অভিযোগ করেছেন। অপ্রিয় হলেও সত্য, ৭ জানুয়ারির ভাগবাটোয়ারার নির্বাচন নতুন প্রজন্মের সামনে ৭৩ সালের নির্বাচনের জাল জালিয়াতি আর সন্ত্রাসের চিত্র তুলে ধরেছে। অপ্রিয় হলেও সত্য, ভোট ডাকাতি মনে হয় আওয়ামী লীগের বংশানুক্রমিক ঐতিহ্যে পরিণত হয়েছে।তিনি আরো বলেন, বাংলাদেশের গণতন্ত্রকামী বিরোধী দলসহ আন্তর্জাতিক অধিকার গ্রুপ এবং গণতান্ত্রিক বিশ্ব বাংলাদেশে বিরোধীদের ওপর সরকারি নিপীড়নের বিরুদ্ধে সোচ্চার হলেও ফ্যাসিস্ট সরকার সেগুলোকে ভ্রূক্ষেপ করছে না। কয়েক সপ্তাহে কারা হেফাজতে মৃত্যুর সংখ্যা সর্বোচ্চ। হিটলারের কনসেন্ট্রেশন ক্যাম্পের দুর্বিষহ উৎপীড়নের সাথেই কেবল সরকারের কারাগারের মিল পাওয়া যায়। আমি অবিলম্বে বিএনপি চেয়ারপারসন বেগম খালেদা জিয়া, মির্জা ফখরুল ইসলাম আলমগীর, মির্জা আব্বাস, আমির খসরু মাহমুদ চৌধুরীসহ গ্রেপ্তারকৃত সকল নেতাকর্মীদের মুক্তি দাবি করছি।নতুন কর্মসূচির প্রসঙ্গে রিজভী বলেন, অবশ্যই একদফা দাবিতে সরকারের পতনের পরবর্তী আন্দোলনের ধারা ঠিক করা হচ্ছে। আমাদের নেতৃবৃন্দ প্রতিদিন প্রায় বসছেন। কর্মসূচি ঠিক করে তারা জানাবেন। আর আমরা কর্মসূচি ও আন্দোলনের মধ্যে আছি।আরেক প্রশ্নের জবাবে তিনি বলেন, আমরা কি আন্দোলন প্রত্যাহার করেছি? আন্দোলনে আমাদের নতুন কর্মসূচি প্রণয়ন, আবার নতুন কি কর্মসূচি আসবে, ৭ই জানুয়ারি পর্যন্ত এক ধারায় হয়েছে, এখন আমরা কোন ধারায় আন্দোলনে যাবো, আমাদের সঙ্গে আরও দল রয়েছে- তাদের সঙ্গে কথা বলার বিষয় আছে। কথা বলার পরে একটা কর্মসূচি ঠিক হয়। সেভাবেই আমাদের কর্মসূচি যাচ্ছে।অপর আরেক প্রশ্নের জবাবে রিজভী বলেন, আন্দোলনের পরিপূর্ণতায় স্রোত আমরা যত বয়ে দিবো, স্রোতের ধারা যত আসবে ততই আন্দোলন পরিপূর্ণ হবে এবং তারা (সরকার) পরাজিত হবে। আর কখন পরিস্থিতি হবে, সেটা বলা যায় না। শুধু একটা বলা যায়, জনগণের আন্দোলন যদি আদর্শ, ন্যায় ও গণতন্ত্রের পক্ষের হয়, সেই আন্দোলন কখনো বৃথা যাবে না। এটাই হচ্ছে ইতিহাসের রেকর্ড। এখানে জনগণ পরাজিত না। অপশক্তি কিছুদিন বাধা দিয়ে রাখতে পারে। কিন্তু তার স্রোতকে আটকে রাখা যাবে না। কোনো না কোনো দিক থেকে এটা প্রতিহত করে এগোবে।আরেক প্রশ্নের জবাবে তিনি বলেন, এটা তামাশার নির্বাচন। এটা কোনো সরকার না। কিসের মহাযাত্রা, কি হবে। ওটা সরকারের মরণযাত্রা তারা (আওয়ামী লীগ) করছে। সংবাদ সম্মেলনে বিএনপির কেন্দ্রীয় নেতা জয়নুল আবদীন ফারুক, অ্যাডভোকেট আব্দুস সালাম আজাদ, তাইফুল ইসলাম টিপু প্রমুখ উপস্থিত ছিলেন।",0,0,1,1,False
" দেশবাসীর ভোটাধিকার-গণতন্ত্র প্রতিষ্ঠা ও জনজীবনের সংকট দূর করতে বিভিন্ন শ্রেণী পেশার মানুষের সংগ্রাম অব্যাহত রাখার আহ্বান জানিয়েছে বাম গণতান্ত্রিক জোট। বৃহস্পতিবার (১১ জানুয়ারি) জোটের এক সভায় বলা হয়, বিরোধী সব রাজনৈতিক দল ও অধিকাংশ জনগণের মতামতকে উপেক্ষা করে সরকার একতরফা ভাবে প্রহসনের নির্বাচন করে বছরের শুরুতেই যে ন্যাক্কারজনক অধ্যায় শুরু করলো তা দেশের গণতন্ত্র ও মুক্তিযুদ্ধের চেতনার উপর চরম আঘাত হিসাবে চিহ্নিত হয়ে থাকবে। এই অবস্থা বহাল থাকলে সরকারের কর্তৃত্ববাদী ফ্যাসিবাদী দুঃশাসনের মাত্রা আরো বাড়বে। রাজনীতিতে দুর্বৃত্তায়িত ধারা, মূল্যবৃদ্ধির সিন্ডিকেটের দৌরাত্ম, দুর্নীতি, লুটপাট ও অর্থ পাচার বাড়বে যা দেশের সাধারণ মানুষের জীবনকে অতিষ্ঠ করে তুলবে। একই সাথে জনসমর্থনহীন সরকারের কারণে বিদেশি সাম্রাজ্যবাদী-আধিপত্যবাদী শক্তি নিজেদের স্বার্থ রক্ষায় নানা পদক্ষেপ নিতে সক্রিয় হবে।সভায় বলা হয়, যে ভোট দেশের অধিকাংশ মানুষ বর্জন করেছেন ওই ভোট সম্পর্কে সরকার ও তার তাবেদার নির্বাচন কমিশন দিয়ে যে তথ্য উত্থাপন করেছে তার বিপরীতে হেরে যাওয়া নৌকা মার্কার ও স্বতন্ত্র এবং জাতীয় পার্টি, ১৪ দল ও সরকার সমর্থিত কিংস পার্টিসহ অন্যান্য দলের প্রার্থীদের পক্ষ থেকে দেয়া যেসব তথ্য বেরিয়ে এসেছে তা শুধু নির্বাচনী প্রহসন নয় পুরো নির্বাচন ব্যবস্থার সংকট উন্মোচিত হয়েছে। ফলে এই আমি-ডামি নির্বাচনের মাধ্যমে সরকার গঠনের কোন নৈতিক অধিকার কারো নাই বলে সভায় উল্লেখ করা হয়।বৃহস্পতিবার এ সভা বাংলাদেশের কমিউনিস্ট পার্টি সিপিবির কার্যালয়ে বাম গণতান্ত্রিক জোটের কেন্দ্রীয় পরিচালনা পরিষদের সভা জোটের সমন্বয়ক কমিউনিস্ট লীগের সাধারণ সম্পাদক ইকবাল কবির জাহিদের সভাপতিত্বে অনুষ্ঠিত হয়। সভায় বাংলাদেশের কমিউনিস্ট পার্টির সভাপতি মো. শাহ আলম সাধারণ সম্পাদক রুহিন হোসেন প্রিন্স, বাংলাদেশের সমাজতান্ত্রিক দলের (বাসদ) সাধারণ সম্পাদক বজলুর রশিদ ফিরোজ, বিপ্লবী কমিউনিস্ট লীগের অধ্যাপক আব্দুস সাত্তার, বাসদ মার্কসবাদীর কেন্দ্রীয় সমন্বয়ক মাসুদ রানা, গণতান্ত্রিক বিপ্লবী পার্টির সাধারণ সম্পাদক মোশরেফা মিশু, সমাজতান্ত্রিক পার্টির কেন্দ্রীয় নেতা রুবেল শিকদার, সিপিবির সহকারী সাধারণ সম্পাদক মিহির ঘোষ, বাসদের সহসাধারণ সম্পাদক রাজেকুজ্জামান রতন, গণতান্ত্রিক বিপ্লবী পার্টির শহিদুল ইসলাম সবুজ প্রমুখ নেতারা এ সময়ে উপস্থিত ছিলেন ।সভায় নিত্য পণ্যের লাগাতার মূল্যবৃদ্ধি নির্বাচন পরবর্তী সহিংসতায় গভীর উদ্বেগ প্রকাশ করে চলমান রাজনৈতিক সংকট দূর ও অনিবার্য অর্থনৈতিক সংকট মোকাবিলা করতে অবিলম্বে ভুয়া ভোটে নির্বাচিত ভুয়া সাংসদদের নিয়ে সরকার গঠন না করে পদত্যাগ করে নির্বাচন কালীন নির্দলীয় সরকারের অধীনে নির্বাচনের দাবি পুনর্ব্যক্ত করা হয়। উপরোক্ত দাবীতে সকল বাম প্রগতিশীল রাজনৈতিক দল ও শ্রেণী পেশার গণসংগঠনের ঐক্যবদ্ধ গণআন্দোলন গড়ে তোলার জন্য সবার প্রতি আহ্বান জানানো হয়।",0,0,1,1,False
" নির্বাচন এলে আমাদের মাথা বিক্রি করেন, আমাদের মাথা বিক্রি করা টাকা আত্মসাৎ করেন। আর মাথা বিক্রি করবেন না। সংসার, দোকানপাট বিক্রি করে নির্বাচন করেছি, নিঃস্ব হয়ে গেছি। নৌকা-স্বতন্ত্র প্রার্থীদের হামলার মুখে নির্বাচনী মাঠে ছিলাম। কথা দিয়েও আমাদের একটা টাকা দিলেন না। চেয়ারম্যান-মহাসচিব একটিবার ফোন ধরলেন না। আপনাদের সহযোগিতা তো চাইনি, কিন্তু আমাদের জন্য যে টাকা আসল সেটা কোথায় গেল, আপনাদের জবাব দিতে হবে। জাতীয় পার্টির চেয়ারম্যান জিএম কাদের ও মহাসচিব মুজিবুল হক চুন্নুকে উদ্দেশ করে এভাবেই তুমুল সমালোচনায় বিদ্ধ করলেন দ্বাদশ জাতীয় নির্বাচনে ভরাডুবির জেরে পরাজিত প্রার্থীরা। রবিবার (১৪ জানুয়ারি) রাজধানীর কাকরাইলে ডিপ্লোমা ইঞ্জিনিয়ার্স ইনস্টিটিউশন হলে মতবিনিময় সভার আয়োজন করেন দলের বিক্ষুব্ধ পরাজিত প্রার্থীরা। বেলা ১১টায় সভা শুরু হয়ে চলে ২টা পর্যন্ত। অনুষ্ঠানে সভাপতিত্ব করেন দলের কো-চেয়ারম্যান ও ঢাকা-৪ থেকে নির্বাচনে অংশ নেয়া সৈয়দ আবু হোসেন বাবলা।নির্বাচনে ভরাডুবি, দলীয় ও নির্বাচনী ফান্ড কুক্ষিগত করে রাখা, জিএম কাদেরের স্ত্রী শেরিফা কাদেরের আসনের বিনিময়ে সিনিয়র নেতাদের বাদ দেয়া, নির্বাচনে অসহযোগিতার অভিযোগ এনে জাতীয় পার্টির প্রার্থী ও তৃণমূল নেতাকর্মীরা বেশ কয়েকদিন ধরে বিক্ষোভ করে আসছিলেন। তারই ধারাবাহিকতায় প্রার্থীদের নিয়ে মতবিনিময় সভার আয়োজন করা হয়। দলের পক্ষ থেকে চিঠি ও জরুরি সংবাদ বিজ্ঞপ্তি দিয়ে এই কর্মসূচিতে অংশ না নিতে অনুরোধ করা হলেও ঠেকানো যায়নি প্রার্থী ও নেতাকর্মীদের যোগদান। বেলা ১১টার মধ্যেই নেতাকর্মীদের উপস্থিতিতে সভাস্থল ভরে যায়। দেশের বিভিন্ন জেলা থেকে প্রায় ৭০ এর বেশি প্রার্থী উপস্থিত হন। সভায় নির্বাচনে দলের এমন ভরাডুবির জন্য জাপা চেয়ারম্যান, মহাসচিব ও চেয়ারম্যান পত্নীকে দায়ী করেন নেতারা। জিএম কাদের ও চুন্নুকে বাটপার, প্রতারক বলেও গালি দেন পরাজিত প্রার্থীরা।সভায় জাপার প্রেসিডিয়াম সদস্য ও ঢাকা মহানগর উত্তরের আহ্বায়ক শফিকুল ইসলাম সেন্টু বলেন, নির্বাচনের সময় সরকারের পক্ষ থেকে সবরকম সহযোগিতা দেয়া হয়েছে। প্রার্থীদের জাপা মহাসচিব টাকা দেবেন বলে প্রতিশ্রুতি দিয়েছিলেন জানিয়ে সেন্টু বলেন, কিন্তু পরবর্তীতে উনি বললেন, এটা শেরীফা কাদের (জিএম কাদেরের স্ত্রী) দেখবেন। নির্বাচনে সরকার কোনো কৃপণতা করেনি জানিয়ে সেন্টু বলেন, সিট আপনারা বাড়িয়ে নিতে পারেননি, এটা আপনাদের ব্যর্থতা। সেন্টু দাবি করেন, যতক্ষণ পর্যন্ত শেরীফা কাদেরের সিট কনফার্ম হয়নি, জিএম কাদের বললেন আমি ভোটে যাব না। যখনই তার স্ত্রীর সিটটা দিয়ে দিয়েছে, সে দৌঁড়ায়ে চলে গেছে। জিএম কাদেরকে উদ্দেশ্য করে সাবেক এমপি ও সিলেট এর প্রার্থী ইয়াহয়া চৌধুরী বলেন, আপনি গণতন্ত্র শিখিয়েছেন, আপনার মধ্যে গণতন্ত্র নেই। আপনি স্ত্রীর জন্য দলের জ্যেষ্ঠ নেতাদের কোরবানি দিয়েছেন। আমাদের টাকা আপনারা ভাগ বাটোয়ারা করেছেন। আপনাদের জবাব দিতে হবে। নোয়াখালীর ফজলে এলাহী সোহাগ বলেন, চেয়ারম্যান সাহেব, আপনি কোনো ওয়াদা রাখেননি। আপনি চেয়ারম্যান হওয়ার আগে নীতিকথা বলতেন, চেয়ারম্যান হওয়ার পর পরিবর্তন হয়ে গেছেন। সিরাজগঞ্জের প্রার্থী ফজলুল হক নুরু বলেন, দুই লাখ টাকার বিনিময়ে আওয়ামী লীগের প্রার্থীকে এনে লাঙল দেয়া হয়। এভাবে আপনারা মনোনয়ন বাণিজ্য করেছেন। সিরাজগঞ্জের মুখতার হোসেন বলেন, রক্ত মাংসে গড়া দোকানপাট বিক্রি করে নির্বাচন করেছি। স্বতন্ত্র ও নৌকার লোকদের হামলার মুখে জীবন যায়, কিন্তু‘ দলের কোনো সহযোগিতা পাইলাম না। আমাদের বরাদ্দকৃত টাকা নিয়ে ছিনিমিনি খেলেছেন। আমাদের আত্মসাৎ করা টাকার হিসাব দিতে হবে। ভৈরবের নুরুল কাদের সোহেল বলেন, আমরা সব কিছু দিয়ে নির্বাচন করেছি। একটু খবর তো নেয়নি, দশটা টাকা পর্যন্ত দেয়নি। আর কত মাথা বিক্রি করবেন। আর মাথা বিক্রি করবেন না। মুন্সীগঞ্জের আব্দুল হামিদ খান ভাসানি বলেন, চেয়ারম্যান ও মহাসচিব চার আন্ডাবেষ্টিত (ডিম) হয়ে পড়েছেন। এই আন্ডামুক্ত না হলে দল ধ্বংস হয়ে যাবে।সভায় উপস্থিত ছিলেন দলের প্রেসিডিয়াম সদস্য সাইফুদ্দিন আহমেদ মিলন, প্রেসিডিয়াম সদস্য লিয়াকত হোসেন খোকা, প্রেসিডিয়াম সদস্য ও মহানগর উত্তর সভাপতি শফিকুল ইসলাম সেন্টু, সাবেক এমপি ইয়াহয়া চৌধুরী, ভাইস চেয়ারম্যান জাহাঙ্গীর আলম পাঠান, আমানত হোসেন খান, যুগ্ম মহাসচিব আমির উদ্দিন আহমেদ ডালু, ফখরুল আহসান শাহজাদা, আব্দুল হামিদ খান ভাসানি, হাসান ইফতেখার, মিজানুর রহমান মিরু, সাহিন আরা চৌধুরী রিমা, সুজন দে, শাহনাজ পারভিন প্রমুখ। তৃণমূল প্রার্থীদের মধ্যে বক্তব্য রাখেন মুন্সীগঞ্জ-৩ এর আব্দুল বাতেন, সিরাজগঞ্জ-৫ এর ফজলুল হক নুরু, নোয়াখালী-৩ এর ফজলে এলাহী সোহাগ, সিরাজগঞ্জ-৬ এর মুখতার হোসেন, সিরাজগঞ্জ-১ এর জহিরুল ইসলাম, গাজীপুর-৪ এর শামসুদ্দিন খান, ভৈরবের নুরুল কাদের সোহেল প্রমুখ।",0,0,1,1,False
" বিএনপি নয়, সরকারই বিদেশিদের ওপর ভর করে ক্ষমতায় টিকে আছে বলে মন্তব্য করেছেন রুহুল কবির রিজভী। তিনি বলেছেন, গতকাল আওয়ামী লীগের সাধারণ সম্পাদক ওবায়দুল কাদের সাহেব বলেছেন, সরকার যাতে ক্ষমতায় থাকতে না পারে সেজন্য বিদেশি বন্ধুদের দিকে তাঁকিয়ে আছে। তারা কম্বেডিয়ার মতো নিষেধাজ্ঞা আশা করছে। রবিবার (১৪ জানুযারি) দুপুরে নয়া পল্টনে দলের কেন্দ্রীয় কেন্দ্রীয় কার্যালয়ে এই সংবাদ সম্মেলনে বিএনপির সিনিয়র যুগ্ম মহাসচিব এই প্রতিক্রিয়া বক্তব্য করেন। তিনি বলেন, আমি ওবায়দুল কাদের সাহেবকে বলতে চাই, বিএনপি নয়, আওয়ামী লীগই বিদেশীদের ভর করে ক্ষমতায় টিকে আছে। এটা এখন আমার বক্তব্য নয়, যারা বিএনপি করেন না এই ধরনের বুদ্ধিজীবী-কলামিস্ট-লেখক তারা প্রতিনিয়ত এ কথাগুলো বলছেন।রিজভী বলেন, একদিকের রাষ্ট্রশক্তিকে বানিয়েছেন তিনি আওয়ামী চেতনা লালিত করে, পুলিশ-র‌্যাব দিয়ে জনগণের ওপর ক্রমাগত অত্যাচার-নিপীড়ন-নির্যাতন-কারা নির্যাতন করে যাচ্ছেন। আর পেছনে তাদের রয়েছে একটি বড় শক্তি। এই শক্তিতে উদ্বুদ্ধ হয়েই প্রধানমন্ত্রী আহ্লাদিত আওয়ামী সরকার। আমি আওয়ামী লীগের সাধারণ সম্পাদককে বলতে চাই, ডামি নির্বাচনের মাধ্যমে ডামি সরকার গঠন করে আপনারা এখন ক্ষমতা হারানোর আতঙ্কে ভুগছেন। জনগণ থেকে প্রত্যাখ্যাত হয়ে এখন আপনারা ষড়যন্ত্র তত্ত্ব খুঁজছেন। ৭ জানুয়ারিতে জনগণ আপনাদেরকে চুড়ান্তভাবে একেবারে মাঠ থেকে বের করানোর জন্য যে লালকার্ড দেয় সেই লাল কার্ড জনগণ আপনাদের দেখিয়েছে। সেই একদলীয় একতরফা ভুয়া নির্বাচনে ভোটাররা যায়নি।তিনি বলেন, গণমাধ্যমসহ সামাজিক যোগাযোগ মাধ্যমে জাল ভোট ও অনিয়মের হাজারো চিত্র ভাইরাল হয়েছে। শিশুরাও দেদারসে সিল মারছে। আগে ভোট কেন্দ্রে গরু ছাগলসহ চতুস্পদ প্রাণীরা বিচরণ করলেও এবারের নির্বাচনে নতুন সংযোজন বানর। এই বারনরা বাদরামি করেছে যে, যার নজির অধিকাংশই ভাইরাল হচ্ছে বিভিন্ন সামাজিক যোগাযোগ মাধ্যমে। আওয়ামী লীগের পরাজিত দলীয় প্রার্থীরাও এই নির্বাচনকে প্রহসন ও তামাশার নির্বাচন বলে অভিহিত করেছে।এই প্রশ্নবিদ্ধ নির্বাচন দেশে-বিদেশে কোথাও গ্রহণযোগ্যতা পায়নি। জাতিসংঘ, আন্তর্জাতিক সংস্থা এবং আমাদের উন্নয়নে অংশীদারী দেশগুলোও তামাশার নির্বাচন বাতিল করে নতুনভাবে নির্বাচন আয়োজনের দাবি জানিয়েছে। সহিংসতা ও বিরোধী নেতাকর্মীদের দমনের মধ্য দিয়ে একতরফা নির্বাচন করলেও আন্তর্জাতিক সম্প্রদায় বলছে, এই নির্বাচনের মাধ্যমে জনগণের অধিকার ক্ষুণ্ন করা হয়েছে। নির্বাচনের পর কৃত্রিম আনন্দ-ফুর্তিতে মেতে থাকার চেষ্টা করলেও ক্ষমতাসীনদের প্রতিনিয়ত ক্ষমতার ভয় তাড়া করছে’ বলে মন্তব্য করেন রিজভী।‘প্রধানমন্ত্রীর রসিকতা করছেন’রিজভী বলেন, এখন অবৈধ সরকারের প্রধানমন্ত্রী টুঙ্গিপাড়ায় বসে দেশবাসীর সঙ্গে সস্তা রসিকতা করছেন। উনি বিএনপির শীর্ষ নেতাদের হুমকি দিচ্ছেন, ফুরফুরে মেজাজী ঢংয়ে পেয়ারা হিন্দুস্থানের হিন্দি গান শোনাচ্ছেন, রবীন্দ্র সংগীত শোনাচ্ছেন। এটা শুনে আমরা হতবাক হয়েছি। কালকে উনি গোপালগঞ্জের মতবিনিময় সভায় আমাদের অফিসের তালা ভেঙে ভেতরে প্রবেশের বিষয়টি নিয়ে বলেছেন যে, এক কামরা ম্যা বান্দ চাবি খো গিয়া হ্যা… এটা উদ্ধৃতি করেছেন তিনি। প্রধানমন্ত্রী হিন্দি গানের প্রতি খুব অনুরাগ… উনার মন তো সবসময় দিল হ্যায় হিন্দুস্থানি …এই হয়ে আছে। সুতরাং দিল হ্যায় হিন্দুস্থানি গানের কলি সব সময় উনার মুখ দিয়ে বেরিয়ে আসে। তারপরেও উনি একটা রবীন্দ্র সঙ্গীতের কলিও বলেছেন, ভেঙে মোর ঘরের চাবি এটা বাউল সুরের একটি গানের কলি নিঃসন্দেহে একটি ভালো গান এটা অন্য সময়ে শোনার গান।তিনি বলেন, কিন্তু আমরা যে বোধে উদ্ধুদ্ধ হয়ে একটি অন্যায় বাংলাদেশের বৃহত্তম একটি রাজনৈতিক দলের অফিস পুলিশ প্রশাসন যেভাবে বন্ধ করে দিয়ে ক্রাইম সিন লাগিয়ে এখানে অবরুদ্ধ করে রেখেছিলো… আপনারা গণমাধ্যমের যারা সাংবাদিকরা রয়েছেন আপনারা জানেন কিভাবে লাল ফিতা দিয়ে পুলিশ ব্যারিকেড করে রেখেছিলো। সেটার পর প্রচণ্ড দমনপীড়নের মধ্য দিয়ে তারা একতরফা নির্বাচন করেছে।এই পরিস্থিতিতে আমরা রবীন্দ্রনাথের ওই গানে উদ্বুদ্ধ হয়েছি বান ভেঙে দাও, বান ভেঙে দাও… এই গানের উদ্ধুদ্ধ হয়ে আমরা তালা ভাঙতে এসেছি আর জাতীয় কবি নজরুল ইসলামের কারা ওই লৌহ কপাট ভেঙে ফেল কররে লোপাট... এই দুই মহাকবি, বিখ্যাত কবির গান আমাদেরকে উদ্বুব্ধ করেছে এই স্বৈরাচারি সরকারের তালা ভাঙতে। সংবাদ সম্মেলনে বিএনপির কেন্দ্রীয় নেতা আবদুস সালাম আজাদ, মীর নেওয়াজ আলী, খান রবিউল ইসলাম রবি, আমিনুল ইসলাম, তারিকুল ইসলাম তেনজিং প্রমূখ উপস্থিত ছিলেন।",0,0,1,1,False
" বিএনপির সিনিয়র যুগ্ম মহাসচিব রুহুল কবির রিজভী বলেছেন, দ্বাদশ জাতীয় সংসদ নির্বাচনের ফলাফল ভোটের আগেই ঠিক হয়ে গেছে। শুধু রাষ্ট্রের কয়েক হাজার কোটি টাকা খরচ করা ছাড়া আর কিছু নেই। ডামি এই নির্বাচন ইতিমধ্যেই ড্যাম হয়ে গেছে। ভাগ-বাটোয়ারার এই নির্বাচন দেশের জনগণ প্রত্যাখ্যান করেছে।সোমবার (১ জানুয়ারি) সকাল ৭টায় মিরপুর ১৩ নম্বর পুলিশ কনভেনশন সেন্টারের আশপাশ এলাকায় কাফরুল থানা বিএনপি উদ্যোগে দ্বাদশ নির্বাচন বর্জন ও অসহযোগ আন্দোলন সফল করতে গণসংযোগ ও লিফলেট বিতরণ শেষে তিনি এসব কথা বলেন।তিনি বলেন, ‘জোর করে, জনগণকে ধমক দিয়ে আওয়ামী লীগ একটি অবৈধ নির্বাচন করতে চাইছে। এ নির্বাচনের বিরুদ্ধে গোটা দেশ, গোটা জাতি। তারা নিজেরা নিজেরা খুন করছে, নাশকতা করছে, মানুষ মারছে, আর এটা চাপিয়ে দিচ্ছে যারা গণতন্ত্ররে জন্য লড়াই করছে তাদের ওপর।’রিজভী আরো বলেন, ‘তারা জোর করে অবৈধ ক্ষমতা টিকিয়ে রাখতে চায়। তাই অবৈধ সরকার যাতে জোর করে ক্ষমতায় না থাকতে পারে তাদের বিরুদ্ধে বিরুদ্ধে আপনাদের শান্তিপূর্ণ অধিকার প্রয়োগ করুন, ভোট দিতে যাবেন না, অবৈধ নির্বাচন মানবেন না।’বিএনপির সিনিয়র যুগ্ম মহাসচিব আরো বলেন, আওয়ামী লীগ গণতন্ত্রকে আগেই হত্যা করেছে এখন ডামি নির্বাচনের মাধ্যমে গণতন্ত্রকে দাফন করতে চায়। মানুষের মানবাধিকার আজ ধ্বংসের পথে।",0,0,1,1,False
" আওয়ামী লীগের প্রেসিডিয়াম সদস্য শাহজাহান খান এমপি বলেছেন, এবারের নির্বাচনের মাধ্যমে খুনি ও সন্ত্রাসীদের দল বিএনপিকে প্রতিরোধ করা হবে। এ দলের প্রতিষ্ঠাতা পঁচাত্তরের খুনিদের প্রশ্রয়দাতা ছিলেন। একাত্তরের গণহত্যায় জড়িতদের তিনি ক্ষমতার ভাগ দিয়েছিলেন। জেলখানা হত্যাকাণ্ড, একুশে গ্রেনেড হামলার মাধ্যমে মাননীয় প্রধানমন্ত্রীসহ আওয়ামী লীগের কেন্দ্রীয় নেতৃবৃন্দকে হত্যাচেষ্টা, ২০১৪ সালের নির্বাচনের সময় জ্বালাও পোড়াওয়ের মাধ্যমে বহু মানুষকে হত্যা করেও তারা ক্ষান্ত হয়নি। ২০২৪ সালের নির্বাচন বন্ধের নামে গাড়ি ও ট্রেনে আগুন দিয়ে তারা আবারো মানুষ হত্যায় নেমেছে। কাজেই খুন ও হত্যা তাদের পুরনো নেশা। এমন নরহত্যায় যারা আসক্ত তাদের নিকট থেকে জাতি কিছু আশা করতে পারেনা। আওয়ামী লীগ যখন সমগ্র জাতির উন্নয়নের দিকে মনযোগী থাকে বিএনপি তখন বিদেশীদের পদলেহনে ব্যস্ত। বিদেশীদের অনুকম্পা পাওয়ার জন্য চাতক পাখির মতো তারা তাকিয়ে থাকে।সোমবার (১ জানুয়ারি) বিকেলে টাঙ্গাইলের গোপালপুর উপজেলার সাজানপুর উচ্চ বিদ্যালয় মাঠে টাঙ্গাইল-২ (গোপালপুর-ভূঞাপুর) আসনের নৌকার এমপি প্রার্থী ছোট মনির এমপির নির্বাচনী জনসভায় প্রধান অতিথির ভাষণে তিনি এসব কথা বলেন।শাহজাহান খান আরো বলেন, এমপি ছোট মনির এলাকায় অনেক উন্নয়ন করেছেন। এলাকা থেকে সন্ত্রাসী কর্মকান্ড ও দুর্নীতি বন্ধ করেছেন। তিনি মাননীয় প্রধানমন্ত্রীর খুবই অনুগ্রহভাজন। আপনারা তাকে নৌকা মার্কায় ভোট দিয়ে এলাকায় আরো উন্নয়ন করার সুযোগ দিন।এমপি ছোট মনির বলেন, ঈগল প্রতীকের প্রার্থী ১৫ বছর উপজেলা পরিষদের চেয়ারম্যান ছিলেন। কিন্তু তিনি এলাকায় কোন উন্নয়নমূলক কাজ না করে নিজের আখের গুছিয়েছেন। নৌকার জোয়ার দেখে তিনি নানা প্রকার কাল্পনিক অভিযোগ তুলে প্রশাসনকে বিব্রত করছেন। তিনি আগামী ৭ জানুয়ারি নৌকাকে বিজয়ী করার জন্য সকলকে মাঠে কাজ করার অনুরোধ জানান।ধোপাকান্দি ইউনিয়ন আওয়ামী লীগের সভাপতি আব্দুর রহিমের সভাপতিত্বে সভায় আরো বক্তব্য রাখেন, উপজেলা আওয়ামী লীগের সভাপতি আব্দুল মোমেন, সম্পাদক সাইফুল ইসলাম তালুকদার সুরুজ, বীর মুক্তিযোদ্ধা এবং উপজেলা আওয়ামী লীগের সাবেক সভাপতি এডভোকেট শামসুল আলম, টাঙ্গাইল বারের সাবেক সভাপতি এবং এমপি ছোট মনিরের পিতা এডভোকেট আব্দুল গফুর, ছাত্রলীগ সভাপতি শফিকুল ইসলাম, ঝাওয়াইল ইউনিয়ন পরিষদের সাবেক চেয়ারম্যান এবং আওয়ামী লীগ নেতা খায়রুল ইসলাম প্রমুখ। পরে শাহজাহান খান উপজেলার হেমনগরে অপর একটি নির্বাচনী জনসভায় প্রধান অতিথি হিসাবে বক্তব্য রাখেন।",0,0,1,1,False
" দ্বাদশ জাতীয় সংসদ নির্বাচনে অংশ নেয়া প্রার্থীদের অস্বাভাবিক সম্পদ বৃদ্ধি পাওয়ার তথ্য হলফনামায় প্রকাশ হলেও তাদের (প্রার্থীদের) ইমেজের কথা ভেবে ভোটের আগে কোনো ব্যবস্থা না নেয়ার সিদ্ধান্ত নিয়েছে দুর্নীতি দমন কমিশন (দুদক)। তবে নির্বাচনের পর প্রার্থীদের হলফনামা পর্যালোচনা করে অস্বাভাবিক কিছু পাওয়া গেলে প্রয়োজনে অনুসন্ধানের সিদ্ধান্ত নেয়া হবে। সোমবার (১ জানুয়ারি) দুপুরে রাজধানীর সেগুনবাগিচায় দুদকের প্রধান কার্যালয়ের সম্মেলন কক্ষে এমজিআই-রিপোর্টার্স এগেইনস্ট করাপশন (র‌্যাক) বেস্ট রিপোর্টিং অ্যাওয়ার্ড অনুষ্ঠানে এসব কথা বলেন সংস্থাটির চেয়ারম্যান মোহাম্মদ মঈনউদ্দীন আবদুল্লাহ। হলফনামা প্রসঙ্গে দুদক চেয়ারম্যান বলেন, নির্বাচন ৭ জানুয়ারি অনুষ্ঠিত হবে। আর ৬ দিন বাকী আছে। নির্বাচনটা সম্পন্ন হোক। এখন অনেক তথ্য আছে, কোনো একজনের হয়তো দুই লাখ টাকা ছিল, এখন এক কোটি টাকা হয়ে গেছে। প্রায় ৫০ গুণ অর্থ সম্পদ বেড়েছে। একজন সংসদ সদস্য মাসে কত টাকা ভাতা, বিভিন্ন অ্যালাউন্স পান, সেটা যদি যোগ করি এক কোটি টাকা হতেই পারে। এগুলো ধরে সঙ্গে সঙ্গে যদি অনুসন্ধান শুরু করি তার ইমেজটা কী হবে। তিনি বলেন, সম্পদ যদি বাড়ে এটা তামাদি হয়ে যাবে না। নির্বাচনটা শেষ হোক, সত্য-মিথ্যা যা আছে, এটা প্রমাণ করার সুযোগ তো আছেই।পরে দুর্নীতিবিরোধী সাংবাদিকতায় এমজিআই-র‌্যাক বেস্ট রিপোর্টিং অ্যাওয়ার্ড-২০২৩ পাওয়া তিনজন সাংবাদিকের হাতে পুরস্কার ও সম্মাননা স্মারক তুলে দেন দুদক চেয়ারম্যান। এ সময় দুদক কমিশনার মো. জহুরুল হক ও আছিয়া খাতুন এবং দুদক সচিব মো. মাহবুব হোসেনসহ কমিশনের ঊর্ধ্বতন কর্মকর্তারা উপস্থিত ছিলেন। দুর্নীতিবিরোধী বেস্ট রিপোর্টিয়ে পুরস্কার পাওয়া তিনজন হলেন- টেলিভিশন ক্যাটাগরিতে মাইটিভির মাহবুব সৈকত, প্রিন্ট ক্যাটাগরিতে দৈনিক বাংলার নুরুজ্জামান লাবু এবং অনলাইন ক্যাটাগরিতে ঢাকা পোস্টের এফ এম আবদুর রহমান মাসুম।",0,0,1,1,False
" সরকারদলীয় লোকজন ভোট ডাকাতির নির্বাচনের প্রস্তুতি নিয়েছেন বলে অভিযোগ করেছেন জাতীয় পার্টির চেয়ারম্যান জিএম কাদের। তিনি বলেন, জামালপুর-কুমিল্লাসহ বিভিন্ন জায়গায় আমাদের এজেন্টদের বের করে দেয়া হচ্ছে বলে খবর পেয়েছি। বারবার আশ্বস্ত করা হলেও পুরোনো কায়দায় আওয়ামী লীগ ভোটকেন্দ্র দখল করে ভোট ডাকাতির নির্বাচন করছে। রবিবার (৭ জানুয়ারি) দুপুরে রংপুর নগরের শিশুমঙ্গল সরকারি প্রাথমিক বিদ্যালয় কেন্দ্র পরিদর্শন শেষে সাংবাদিকদের সঙ্গে আলাপকালে তিনি এসব অভিযোগ করেন।তিনি বলেন, ইতোমধ্যে সকাল থেকে আমি তিনটি ঘটনা জেনেছি যে ভোট ডাকাতির নির্বাচনের প্রস্তুতি নেয়া হচ্ছে। ভোট স্বাভাবিক হবে না, সেই ধরনের একটা আবহ তৈরি করা হচ্ছে সেইসব জায়গায়। তবে সব জায়গার খবর এখনো পাইনি। আশা করেছিলাম ভোট স্বাভাবিক হবে। কিন্তু রংপুর ছাড়া বেশির ভাগ জায়গায় ভোট স্বাভাবিক হচ্ছে না। জিএম কাদের বলেন, সব সময় আশঙ্কা ছিল যে নির্বাচনে নিয়ে এসে আমাদের কোরবানি করা হবে। হয়ত বোঝা যাবে ভবিষ্যতে। কোরবানি করে নির্ভেজাল একদলীয় শাসনব্যবস্থা কায়েম করা হবে, এটাই আমরা আশঙ্কা করছিলাম। এসব আশঙ্কা সত্যি হয় কি না বিকেল হলেই বোঝা যাবে।",0,0,1,1,False
" বিভিন্ন সামাজিক যোগাযোগ মাধ্যমে দ্বাদশ জাতীয় সংসদ নির্বাচন উপলক্ষে ৫-৮ জানুয়ারি ছুটি ঘোষণা সংক্রান্ত প্রজ্ঞাপনটি বানোয়াট বলে জানিয়েছেন সরকারের জনপ্রশাসন মন্ত্রণালয়। ওই প্রজ্ঞাপনটি আমলে না নেওয়ার অনুরোধ করেছেন তারা। এর আগে গত ২৮ ডিসেম্বর জনপ্রশাসন মন্ত্রণালয়ের উপ-সচিব সোনিয়া হাসান স্বাক্ষরিত প্রজ্ঞাপনে এক দিনের সাধারণ ছুটি ঘোষণা করা হয়। ওই প্রজ্ঞাপনে বলা হয়, বাংলাদেশ নির্বাচন কমিশন সচিবালয়ের চাহিদা মোতাবেক দ্বাদশ জাতীয় সংসদ নির্বাচন উপলক্ষে রোববার (৭ জানুয়ারি) সব সরকারি, আধাসরকারি, স্বায়ত্তশাসিত ও বেসরকারি অফিস/প্রতিষ্ঠান/সংস্থার কর্মকর্তা/কর্মচারী এবং সরকারি-বেসরকারি শিক্ষাপ্রতিষ্ঠানের শিক্ষক/কর্মকর্তা/কর্মচারীদের ভোটাধিকার প্রয়োগ ও ভোটগ্রহণের সুবিধার্থে সারা দেশে নির্বাচনকালীন সাধারণ ছুটি ঘোষণা করা হলো।কিন্তু নির্বাচনী ছুটি নিয়ে সামাজিক যোগাযোগ মাধ্যমে একটি ভুয়া প্রজ্ঞাপন ছড়িয়ে পড়ে। এর পরিপ্রেক্ষিতে জনপ্রশাসন মন্ত্রণালয়ের যুগ্ম সচিব খালেদ মোহাম্মদ জাকী বুধবার (৩ জানুয়ারি) এক বিজ্ঞপ্তি জারি করেন। বিজ্ঞপ্তিটিতে বলা হয়, দ্বাদশ জাতীয় সংসদ নির্বাচন উপলক্ষে ৭ জানুয়ারি রবিবার সব সরকারি, আধাসরকারি, স্বায়ত্তশাসিত ও বেসরকারি অফিস/প্রতিষ্ঠান/সংস্থায় কর্মরত কর্মকর্তা/কর্মচারী এবং সরকারি-বেসরকারি শিক্ষাপ্রতিষ্ঠানের শিক্ষক/কর্মকর্তা/কর্মচারীদের ভোটাধিকার প্রয়োগ ও ভোটগ্রহণের সুবিধার্থে সারা দেশে নির্বাচনকালীন সাধারণ ছুটি ঘোষণা করা হয়েছে। প্রজ্ঞাপনটি জনপ্রশাসন মন্ত্রণালয়ের ওয়েবসাইটেও (www.mopa.gov.bd) দেয়া হয়েছে।কিন্তু বিভিন্ন সামাজিক যোগাযোগ মাধ্যমে দ্বাদশ জাতীয় সংসদ নির্বাচন উপলক্ষে ৫-৮ জানুয়ারি ২০২৪ তারিখ ছুটি ঘোষণা সংক্রান্ত একটি বানোয়াট প্রজ্ঞাপন প্রচার করা হচ্ছে। এটি জনপ্রশাসন মন্ত্রণালয় কর্তৃক জারীকৃত নয় বলে নিশ্চিত করা হয়েছে। এই প্রজ্ঞাপনটি আমলে না নেওয়ার জন্য সবাইকে অনুরোধ করা হয়েছে।",0,0,1,1,False
" একতরফা নির্বাচনেও আগের রাতে ব্যালট বাক্স ভরে রাখা হয়েছে বলে অভিযোগ করেছেন বিএনপির সিনিয়র যুগ্ম মহাসচিব অ্যাডভোকেট রুহুল কবির রিজভী। তিনি বলেন, আজকে সেই একতরফা নির্বাচন অনুষ্ঠিত হচ্ছে। ভোট কেন্দ্রে কোন ভোটার নেই, এ নির্বাচনে জনগণ যায়নি। এই একতরফা নির্বাচনেও গতকাল তারা ব্যালট বাক্স ভরে রেখেছে। আতঙ্কে তারা গভীর রাতে সিল মেরে রেখেছে। কারণ তারা অবৈধভাবে ক্ষমতায় আছে।  তিনি বলেন আমাদের আন্দোলন চলছে, চলবে। তিনি দেশবাসীকে আজকের হরতাল সফল করার আহবান জানান।নির্বাচন বর্জন ও হরতালের সমর্থনে রবিবার (৭ জানুয়ারি) সকাল ৯টায়  কুর্মিটোলা বাস-স্ট্যান্ড থেকে এয়ারপোর্ট অভিমুখে মিছিল শেষে তিনি এসব অভিযোগ করেন।এসময় আরো উপস্থিত ছিলেন কেন্দ্রীয় বিএনপির স্বাস্থ্য বিষয়ক সম্পাদক ডা. মো. রফিকূল ইসলাম, তাঁতি দলের আহ্বায়ক আবুল কালাম আজাদ, মৎস্যজীবী দলের সদস্য সচিব আব্দুর রহিম, যুব দল কেন্দ্রীয় কমিটির সহ-সভাপতি জাকির হোসেন সিদ্দিকী, সহ সাংগঠনিক সম্পাদক কামরুজ্জামান জুয়েল, কেন্দ্রীয় ছাত্রদলের সাবেক সহ-সভাপতি তারিক উজ জামান, কেন্দ্রীয় ড্যাব নেতা ডা. শরিফুল ইসলাম, ঢাকা মহানগর দক্ষিণ বিএনপির সদস্য নাদিয়া পাঠান পাপন, যুবদল কেন্দ্রীয় কমিটির সাবেক সহ সাংগঠনিক সম্পাদক সোহেল রানা, কেন্দ্রীয় স্বেচ্ছাসেবক দলের প্রশিক্ষণ সম্পাদক এম আর গণি (মোস্তফা), মহিলা দল কেন্দ্রীয় সংসদের সহ সম্পাদক ফাতেমা তুজ জোহরা মিতু, কৃষকদল কেন্দ্রীয় সংসদের সহ-পাঠাগার সম্পাদক ফারজানা ইয়াসমিন লিপিসহ বিএনপির অঙ্গ ও সংগঠের নেতাকর্মীরা।",0,0,1,1,False
" ৭ জানুয়ারি প্রহসনের নির্বাচন দেশের জনগণ একচেটিয়াভাবে প্রত্যাখ্যান করেছে। তাই নিরপেক্ষ সরকারের অধীনে নতুন নির্বাচনের দাবির পক্ষে জনগণকে সম্পৃক্ত করতে আগামীকাল মঙ্গলবার ও বুধবার (৯ ও ১০ জানুয়ারি) দুদিনের গণসংযোগ কর্মসূচি ঘোষণা করেছে বিএনপি। সোমবার (৮ জানুয়ারি) সকালে গুলশানে বিএনপি চেয়ারপার্সনের রাজনৈতিক কার্যালয়ে এক সংবাদ সম্মেলনে এ কর্মসূচি ঘোষণা করেন বিএনপির স্থায়ী কমিটির সদস্য ড. আবদুল মঈন খান। ৭২ দিন পর গুলশান কার্যালয়ে এ সংবাদ সম্মেলন অনুষ্ঠিত হয়। সংবাদ সম্মেলনে উপস্থিত ছিলেন- বিএনপির স্থায়ী কমিটির সদস্য নজরুল ও সেলিমা রহমান।বিএনপি আরো পাঁচ বছর অপেক্ষা করবে কিনা এমন প্রশ্নের জবাবে নজরুল ইসলাম খান বলেন, সরকার ভুয়া নির্বাচন করেছে। আমরা বলেছিলাম, দলীয় সরকারের অধীনে সুষ্ঠু নির্বাচন হতে পারে না। জনগণকে ভোট বর্জনের আহ্বান জানিয়েছিলাম। আমাদের আহ্বানে তারা ভোট দিতে যায়নি। তাই এই সরকারকে পদত্যাগ করতে হবে। নতুন নির্বাচন কমিশন গঠন করতে হবে। নিরপেক্ষ সরকারের অধীনে নতুন নির্বাচন দিতে হবে। যে নির্বাচনে জনগণ ভোট দিতে পারবে। নতুন নির্বাচনের দাবিতে কাল থেকেই আমাদের গণসংযোগ কর্মসূচি শুরু হবে।",0,0,1,1,False
" ফেনী ৩ (সোনাগাজী-দাগনভুঞা) আসনে স্বতন্ত্র প্রার্থী ও সাবেক এমপি হাজী রহিম উল্লাহ ভোট প্রত্যাখ্যান করে পুণঃ নির্বাচনের দাবী জানিয়েছেন।এর আগে তিনি বিকেল ৩টায় সোনাগাজীর নবাবপুর ইউনিয়নের বেলায়েত হোসেন উচ্চ বিদ্যালয়ে প্রিসাইডিং অফিসারের বিরুদ্ধে জাল ভোট দেয়ার অভিযোগ এনে তাকে লাঞ্ছিত করেন।এক পর্যায়ে প্রিসাইডিং অফিসার রহিম উল্লার উপর তেড়ে আসলে রহিমের ভাতিজা শেখ ফরিদ তাকে রক্ষা করে গাড়িতে তুলে ঘটনাস্থল ত্যাগ করেন । এরপর বিকেলে সোনাগাজীর জিরো পয়েন্টে তার কার্যালয়ে এক সংবাদ সম্মেলন করেন। ওই সংবাদ সম্মেলনে নির্বাচনের ফলাফল প্রত্যাখ্যান করে পুনঃ নির্বাচনের দাবি জানান। তিনি বলেন, নির্বাচনী এলাকার প্রতিটি কেন্দ্র দখল করে জাল ভোট দিয়েছে লাঙ্গলের এজেন্টরা। জাল ভোট দানে তাদের সহযোগিতা করেছে প্রিসাইডিং ও পোলিং এজেন্টরা।উল্লেখ্য, ফেনী-৩ আসনে প্রায় ৩০ শতাংশ ভোট কালেকশন হয়েছে। বিপুল ভোটের ব্যবধানে জয়ের পথে জাতীয় পার্টির প্রার্থী ও বতর্মান এমপি জেনারেল (অবঃ) মাসুদ উদ্দিন চৌধুরী।",0,0,1,1,False
" ভুয়া নির্বাচনে সরকার সংসদকে কুক্ষিগত করেছে বলে অভিযোগ করেছেন মঈন খান। তিনি বলেছেন, এই সরকার তারা সমস্ত সংসদকে নিজেদের ইচ্ছামতো কুক্ষিগত করে নিয়েছে এই ভুঁয়া প্রহসনের নির্বাচনের মাধ্যমে এবং এটা আজকে স্পষ্ট হয়ে গিয়েছে যে, ৭ জানুয়ারি কোনো নির্বাচন হয়নি।বৃহস্পতিবার (১১ জানুয়ারি) বিকেলে নয়া পল্টনে দলের কেন্দ্রীয় কার্যালয়ে এক সংবাদ সম্মেলনে বিএনপির স্থায়ী কমিটির সদস্য এই অভিযোগ করেন।মঈন খান বলেন, আজকে জাতীয় সংসদের তিন’শ সিটের মধ্যে ২৯৯ সিটে কে বিজয়ী, কে জয়ী, কে পরাজিত সেগুলো নির্বাচনে নির্ধারিত হয় নাই…, এগুলো সব নির্ধারিত ঢাকার সর্বোচ্চ একটি টেবিলে সেখানে সরকারের সর্বোচ্চ পর্যায় থেকে আগেই নির্ধারিত করে দেয়া হয়েছে কে কত ভোট পাবে, কে কত শতাংশ ভোট পাবে এবং কোন সিট থেকে কে নির্বাচিত হবে। এটা আর এখন আমাদের কথা নয়, দেশে বিদেশে সমস্ত প্রমাণসহ আজকে এটা বিশ্ববাসীর কাছে উদ্ভাসিত হয়েছে।বিএনপির এই নেতা বলেন, এই সরকারের সবচেয়ে দুঃখজনক, লজ্জাজনক, কলঙ্কজনক বিষয় হচ্ছে এই যে, মানুষ ভোট চুরি করে গোপনে। এই সরকার ভোট ডাকাতি করেছে প্রকাশ্যে। তারা প্রকাশ্যে আলোচনা করেছে, সিট ভাগাভাগি করেছে…. কে কোন সিটে নির্বাচিত হবে সেটা নির্ধারণ করেছে প্রকাশ্যে। আজকে এই সরকার কোথায় নেমেছে সেটা আর বলার অপেক্ষা রাখে না।৫৭ দিন পর সকালে নয়া পল্টনের কেন্দ্রীয় কার্যালয়ের প্রধান গেইটে তালা চাবি পুলিশ থেকে না পেয়ে দলের জ্যেষ্ঠ যুগ্ম মহাসচিব রুহুল কবির রিজভীর নেতৃত্বে নেতা-কর্মীরা তালা ভেঙে ভেতরে প্রবেশ করে। গত ২৮ অক্টোবর এই কার্যালয়ের সামনে মহাসমাবেশ পুলিশ পণ্ড করে দেয়ার পর পুলিশ কার্যালয়ের নেতা-কর্মীদের বের করে তালা দিয়ে চাবি নিয়ে যায়।বিকেল তিনটায় দলের স্থায়ী কমিটির সদস্য আবদুল মঈন খান, নজরুল ইসলাম খান, সেলিমা রহমান কেন্দ্রীয় কার্যালয়ে আসেন। সংবাদ সম্মেলনে গত ৭ জানুয়ারি দ্বাদশ সংসদ নির্বাচনে ভোট কারচুপির ওপর দলের তৈরি সচিত্র তথ্যচিত্র উপস্থাপন করা হয়। সেখানে কিভাবে ভোট কারচুপি করা হয়েছে, কেন্দ্রে ব্যালট পেপারে সিল মারা হয়েছে, ভোটার বিহীন কেন্দ্রে সরকার দলীয় লোকজন কিভাবে ভোট বাক্সে ব্যালট পেপার ঢুকিয়েছে ইত্যাদি সরকার ও নির্বাচন কমিশনের অপতৎপরতা এবং দেশী-বিদেশী মিডিয়ায় প্রচারিত ও প্রকাশিত রিপোর্টসমূহ তুলে ধরা হয়।‘কেন্দ্রীয় অফিস বেদখলে ছিলো’আবদুল মঈন খান বলেন, দীর্ঘ ৫৭ দিন পরে আমাদের নয়া পল্টনের অফিস খোলা হয়েছে। আপনারা জানেন, ২৮ অক্টোবর ক্রাকডাউনের পরে বাংলাদেশের সবচেয়ে বৃহত্তম রাজনৈতিক দল বিএনপির কেন্দ্রীয় অফিসটি সরকার বেদখল করে নিয়েছিলো। আজকে আমরা এখানে এসেছি জনগণের কথা বলার জন্য। আমরা রাজনীতি করি জনগণের জন্য, আমরা রাজনীতি করি জনগণকে নিয়ে এবং আমরা রাজনীতি করি জনগণের মঙ্গলের জন্য।তিনি বলেন, বিএনপি একটি উদারনৈতিক গণতান্ত্রিক রাজনৈতিক আদর্শে বিশ্বাসী। আমাদের প্রতিষ্ঠাতা শহীদ প্রেসিডেন্ট জিয়াউর রহমান বলেছেন, জনগণ সকল ক্ষমতার উৎস, আমরা জনগণের ক্ষমতায় বিশ্বাসী। সেই কারণে জনগণকে সঙ্গে নিয়ে আমরা বাংলাদেশে গণতন্ত্র পুণঃপ্রতিষ্ঠার সংগ্রামে আছি। যেভাবে একদিন শহীদ প্রেসিডেন্ট জিয়াউর রহমান দেশে বহুদলীয় গণতন্ত্র ফিরিয়ে দিয়েছিলেন এবং যেভাবে একদিন দেশনেত্রী বেগম খালেদা জিয়া এদেশে পার্লামেন্টারি গণতন্ত্র ফিরিয়ে দিয়েছিলেন। আমরা সেই আদর্শে আমাদের দলের ভারপ্রাপ্ত চেয়ারম্যান তারেক রহমানের নেতৃত্বে আমরা রাজপথে আন্দোলনে আছি, রাজপথে আন্দোলনে থাকব। ইনশাল্লাহ বিএনপি ক্ষমতার জন্য রাজনীতি করে না, বিএনপি রাজনীতি করে জনগণের অধিকার প্রতিষ্ঠার জন্যে। ফলে আমরা সেই আন্দোলনে আমরা আছি, আমরা জনগণের ভোটের অধিকার, জনগণের অর্থনীতির সাম্যের অধিকার এবং জনগণের গণতন্ত্রের অধিকার আমরা ইনশাল্লাহ জনগণের কাছে ফিরিয়ে দেবো এবং ভবিষ্যতে আমরা এমন একটি পরিবেশ বাংলাদেশে সৃষ্টি করব সেখানে সুষ্ঠু নিরপেক্ষ নির্বাচনের মাধ্যমে জনগণের সরকার বাংলাদেশে প্রতিষ্ঠা হয়।মঈন খান বলেন, দেশের মানুষের কাছে এবং বিশ্ববাসীর কাছে ৭ জানুয়ারি নির্বাচনে এটা প্রমাণিত যে, এই সরকার গণতন্ত্রের বিশ্বাস করে না, সরকার যেটাতে বিশ্বাস করে সেটা হচ্ছে একদলীয় বাকশালী শাসন। আমরা অতীতে বলেছি, এটা হচ্ছে অলিখিত বাকশাল। আজকে নির্বাচনের পরে যা দাঁড়িয়েছে সেটা অলিখিত বাকশাল ওয়ান।আপনারা জানেন অতীতে সরকার একটি গৃহপালিত অপজিশন তৈরি করেছিলো… এবার তারা চেষ্টা করেছিলো গৃহপালিত অপজিশন তৈরি করতে গিয়ে তাদের নিজেদের মধ্যে একটা বোঝাপড়া করছিলো যে ২৬টি সিট নাকি তারা দিবে তৃতীয় পার্টি… জাতীয় পার্টি রয়েছে। বাস্তবে আমরা দেখেছি তারা বোধহয় ১১টি সিট পেয়েছে। সংবাদ সম্মেলনে বিএনপির ভাইস চেয়ারম্যান মোহাম্মদ শাহজাহান, অ্যাডভোকেট জয়নাল আবেদীন, অ্যাডভোকেট নিতাই রায় চৌধুরী, চেয়ারপার্সনের উপদেষ্টা কাউন্সিলের সদস্য মনিরুল হক চৌধুরী, জয়নুল আবেদিন ফারুক, ফজলুর রহমান, জ্যেষ্ঠ যুগ্ম মহাসচিব রুহুল কবির রিজভী, কেন্দ্রীয় নেতা ব্যারিস্টার মাহবুব উদ্দিন খোকন, আবদুস সালাম আজাদ, শিরিন সুলতানা, মীর নেওয়াজ আলী, সেলিম রেজা হাবিব, তাইফুল ইসলাম টিপু প্রমুখ নেতারা ছিলেন।",0,0,1,1,False
" দ্বাদশ জাতীয় সংসদ নির্বাচনে সরকার গঠন করতে যাচ্ছে আওয়ামী লীগ। বৃহস্পতিবার (১১ জানুয়ারি) থেকে যাত্রা শুরু হচ্ছে নতুন সরকারের। বৃহস্পতিবার সন্ধ্যা ৭ টায় বঙ্গভবনে শপথ নেবেন প্রধানমন্ত্রী ও তার মন্ত্রীপরিষদ। বুধবার (১০ জানুয়ারি) আওয়ামী লীগ সংসদীয় দলের নেতা শেখ হাসিনাকে প্রধানমন্ত্রী হিসেবে নিয়োগ দিয়ে প্রজ্ঞাপন জারি করেন রাষ্ট্রপতি। এছাড়া মন্ত্রী-প্রতিমন্ত্রী হিসেবে ৩৬ জনকে নিয়োগ দেয়া হয়েছে। তাদের মধ্যে ২৫ জন পূর্ণমন্ত্রী ও ১১ জন প্রতিমন্ত্রী। যারা বাদ পড়লেন- কৃষিমন্ত্রী ড. আব্দুর রাজ্জাক, অর্থমন্ত্রী আ হ ম মুস্তফা কামাল, পররাষ্ট্রমন্ত্রী ড. একে মোমেন, পরিকল্পনা মন্ত্রী এম এ মান্নান, বস্ত্র ও পাট মন্ত্রী গোলাম দস্তগীর গাজী, স্বাস্থ্যমন্ত্রী জাহিদ মালেক, বাণিজ্য মন্ত্রী টিপু মুনশী, সমাজ কল্যাণ মন্ত্রী নুরুজ্জামান আহমেদ, মৎস্য ও প্রাণী সম্পদ মন্ত্রী শ ম রেজাউল করিম, বন ও পরিবেশ মন্ত্রী মো. সাহাব উদ্দিন, পার্বত্য চট্টগ্রাম বিষয়ক মন্ত্রী বীর বাহাদুর উশৈ সিং, ভূমিমন্ত্রী সাইফুজ্জামান চৌধুরী, রেলপথ মন্ত্রী নুরুল ইসলাম সুজন, প্রবাসী কল্যাণ ও কর্মসংস্থান মন্ত্রী ইমরান আহমেদ।    বাদ পড়া প্রতিমন্ত্রীরা হলেন- শিল্প প্রতিমন্ত্রী কামাল আহমেদ মজুমদার, যুব ও ক্রীড়া প্রতিমন্ত্রী জাহিদ আহসান রাসেল, সমাজ কল্যাণ প্রতিমন্ত্রী আশরাফ আলী খান খসরু, শ্রম ও কর্মসংস্থান প্রতিমন্ত্রী মুন্নুজান সুফিয়ান, প্রাথমিক ও গণশিক্ষা প্রতিমন্ত্রী জাকির হোসেন, পররাষ্ট্র প্রতিমন্ত্রী শাহরিয়ার আলম, পল্লী উন্নয়ন ও সমবায় প্রতিমন্ত্রী স্বপন ভট্টাচার্য, গৃহায়ণ ও গণপূর্ত প্রতিমন্ত্রী শরীফ আহমেদ, সংস্কৃতি বিষয়ক প্রতিমন্ত্রী কে এম খালিদ, দুর্যোগ ব্যবস্থাপনা ও ত্রাণ প্রতিমন্ত্রী ডা. এনামুর রহমান, বেসামরিক বিমান পরিবহন ও পর্যটন প্রতিমন্ত্রী মাহবুব আলী, মহিলা ও শিশু বিষয়ক প্রতিমন্ত্রী ফজিলাতুন নেছা।এছাড়া দুই জন উপ-মন্ত্রী বাদ গেছেন তারা হলেন- বন ও পরিবেশ বিষয়ক উপমন্ত্রী হাবিবুন নাহার ও পানি সম্পদ উপমন্ত্রী একে এম এনামুল হক শামীম।",0,0,1,1,False
" দ্বাদশ জাতীয় সংসদ নির্বাচন জনগণ স্বতঃস্ফূর্তভাবে বর্জন করেছে জানিয়ে বিএনপির সিনিয়র যুগ্ম মহাসচিব রুহুল কবির রিজভী বলেছেন, আমরা-আর মামুরা মিলে নির্বাচন করেছে আওয়ামী লীগ। একটি দলের নির্বাচন হয়েছে। নির্বাচনের দিন সকাল ১০টার মধ্যেই ইসি সচিব বলেন, কারা এমপি হবেন তা ঠিক করা আছে। তবুও এই নির্বাচনে তারা নিজেরা মারামারি ও সহিংসতা ঘটিয়েছে। একজন আরেকজনকে হত্যা করেছে। এভাবে মানুষের ভোটাধিকার নিয়ে ছিনিমিনি খেলছে সরকার।বিএনপি ও সমমনা দলগুলোর ডাকে নির্বাচন বর্জন করায় দেশবাসী ও সাধারণ মানুষকে ধন্যবাদ ও কৃতজ্ঞতা জানান রিজভী। মঙ্গলবার (৯ জানুয়ারি) সকালে রাজধানীর কমলাপুর রেলওয়ে স্টেশনের সামনে ও আশেপাশে ভোট দিতে না যাওয়ায় জনগণকে ধন্যবাদ জানিয়ে লিফলেট বিতরণকালে এসব কথা বলেন তিনি। এসময় পথচারী, রিকশাচালক ও সাধারণ মানুষের হাতে লিফলেট তুলে দেন এবং বিএনপির ভারপ্রাপ্ত চেয়ারম্যানের পক্ষ থেকে ধন্যবাদ জানান রিজভী। গত ৭ জানুয়ারি অনুষ্ঠিত দ্বাদশ জাতীয় সংসদ নির্বাচনকে ডামি ও প্রহসন আখ্যা দিয়ে অবিলম্বে তা বাতিলের দাবি জানিয়েছে বিএনপিসহ বিভিন্ন রাজনৈতিক দল। এই দাবিতে মঙ্গলবার এবং বুধবার ২দিন গণসংযোগ কর্মসূচি ঘোষণা করা হয়েছে। মঙ্গলবার প্রথম দিনে গণসংযোগ ও লিফলেট বিতরণকালে আরো উপস্থিত ছিলেন কেন্দ্রীয় বিএনপির স্বাস্থ্য সম্পাদক ডা. মো. রফিকুল ইসলাম, তাঁতী দলের আহ্বায়ক আবুল কালাম আজাদ, মৎস্যজীবী দলের কেন্দ্রীয় সদস্য সচিব মো. আব্দুর রহিম, যুবদলের কেন্দ্রীয় সহ সাংগঠনিক সম্পাদক কামরুজ্জামান জুয়েল, ঢাকা মহানগর দক্ষিণ বিএনপির সদস্য আরিফা সুলতানা রুমা, রামপুরা থানা বিএনপির যুগ্ম আহ্বায়ক নীলুফার ইয়াসমীন নীলু, কেন্দ্রীয় ছাত্রদলের যুগ্ম সাধারণ সম্পাদক ডা. তৌহিদুর রহমান আউয়াল, সহ সাধারণ সম্পাদক আজিজুল হক জিয়ন, সহ সাংগঠনিক সম্পাদক সাদেক মিয়া, ইডেন মহিলা কলেজ ছাত্রদলের ভারপ্রাপ্ত আহ্বায়ক সৈয়দা সুমাইয়া পারভীন, কেন্দ্রীয় মৎস্যজীবী দলের সদস্য এইচএম আবু সাঈদ, কেন্দ্রীয় যুবদল নেতা কাজী মনজুর রহমান, আলিয়া মাদ্রাসার সিনিয়র যুগ্ম আহ্বায়ক মো. ছানাউল্লাহ, প্যাব দপ্তর সম্পাদক হাসান, কেন্দ্রীয় ছাত্রদল নেতা মিরাজ হোসেন, ডা. মুশফিক, আশরাফুল আসাদ, টাঙ্গাইল জেলা ছাত্রদল নেতা আতিকসহ অন্যান্য নেতৃবৃন্দ।",0,0,1,1,False
" জাতীয়তাবাদী সমমনা জোটের আহবায়ক ও এনপিপি চেয়ারম্যান ড.  ফরিদুজ্জামান ফরহাদ বলেছেন, বিরোধী দলবিহীন অবৈধ ভোটারবিহীন নির্বাচনে ভোট ডাকাতি করে নৌকাকে জয়ী করতে হয়েছে। সরকারের আজ্ঞাবহ ইসি সরকারের প্রেসক্রিপশন মোতাবেক টিক মার্ক দিয়ে নির্বাচনী ফলাফল ঘোষণা করেছে। একতরফা অবৈধ নির্বাচন শুধু দেশবাসীই নয়, গণতান্ত্রিক বিশ্বও প্রত্যাখ্যান করেছে। আমেরিকা, ব্রিটেন, কানাডাসহ উন্নত রাষ্ট্রগুলো এই নির্বাচনকে প্রহসনমূলক বলে ইতোমধ্যে বিবৃতিতে দিয়েছে। মঙ্গলবার (৯ জানুয়ারি) দুপুরে নির্বাচন বর্জন করায় জনগণের কাছে শুভেচ্ছা সম্বলিত লিফলেট বিতরণকালে তিনি এসব কথা বলেন। প্রেসক্লাবের সামনে থেকে শুরু হয়ে পল্টন-বিজয়নগর-পল্টন হয়ে দৈনিক বাংলা মোড়ে গিয়ে জোট নেতারা লিফলেট বিতরণ শেষ করেন।তিনি বলেন, মীর জাফরদের স্থান কোথাও নেই। আওয়ামী লীগের পাশাপাশি যেসকল বিশ্বাসঘাতক জনগণের বিপক্ষে অবস্থান নিয়ে অবৈধ নির্বাচনে অংশ নিয়ে একদলীয় শাসনব্যবস্থাকে দীর্ঘস্থায়ী করার অংশীদার হয়েছে ইতিহাস তাদের মার্জনা করবে না। মীরজাফর ও ঘষেটি বেগমের মতো তাদেরও পতন হবে। বেঈমানদের ভবিষ্যৎ উত্তরসূরিদেরও মীরজাফরের বংশধর হিসেবে জনগণ আখ্যায়িত করবে। লিফলেট বিতরণকালে এনপিপি মহাসচিব মোস্তাফিজুর রহমান মোস্তফা, জাগপা সভাপতি বীর মুক্তিযোদ্ধা খন্দকার লুৎফর রহমান, সাধারণ সম্পাদক এস এম শাহাদাত, বাংলাদেশ ন্যাপের চেয়ারম্যান এম এন শাওন সাদেকী, এনডিপি মহাসচিব আব্দুলা আল হারুন সোহেল, এনপিপি প্রেসিডিয়া মেম্বার নবী চৌধুরী, ফখরুল ইসলামসহ জোট নেতারা উপস্থিত ছিলেন।",0,0,1,1,False
" ৭ জানুয়ারির নির্বাচন জনগণ স্বতঃস্ফূর্তভাবে প্রত্যাখ্যান করেছে বলে দাবি করেছে বিএনপি। দলটি বলছে, রাষ্ট্রশক্তির অপব্যবহার, ডামি নির্বাচন কমিশন, ডামি ভোটার, ডামি পর্যবেক্ষক দিয়ে সরকার সাফাই গাইলেও দেশের জনগণ একচেটিয়াভাবে এই নির্বাচন প্রত্যাখ্যান করেছে। হাতেগোনা ভোট করেছে। খাগড়াছড়িতে ১৯টি কেন্দ্রে ১টি ভোটও পড়েনি। এ সময় ভোট প্রত্যাখান করায় ৬৩ টি রাজনৈতিক দলের পক্ষ থেকে জনগণকে অভিনন্দন জানান বিএনপির নেতারা। সোমবার (৮ জানুয়ারি) বেলা ১১ টায় গুলশানে বিএনপির চেয়ারপার্সনের রাজনৈতিক কার্যালয়ে সংবাদ সম্মেলনে এসব কথা বলেন বিএনপির স্হায়ী কমিটির সদস্যরা। গত ২৮ অক্টোবরের পরে ৭২ দিন পরে আজ প্রথম গুলশান কার্যালয়ে নির্বাচন পরবর্তী প্রতিক্রিয়া জানাতে আসেন বিএনপির নেতারা। দলটি পক্ষ থেকে বিএনপির স্হায়ী কমিটির সদস্য ড. মঈন খান দাবি করেন, নিশিরাতের সরকারপ্রধান ভোটার উপস্থিতি বাড়াতে বিভিন্নরকম অপকৌশল নিয়েছিল। অথচ দেশের অনেক কেন্দ্রে ১টি ভোটও পড়েনি, কিছু কেন্দ্রে ১০-১২টি ভোট পড়েছে। নিজেদের মধ্যে কৃত্রিম প্রতিযোগিতা সৃষ্টি করেও ভোটার আনতে পারেনি। সামাজিক নিরাপত্তাবেষ্টনির আওতাভুক্তদের হুমকি দিয়ে, ডামি লাইন বা শিশুদেরও ভোটার বানিয়ে লাভ হয়নি।বর্তমান একদলীয় বাকশালি সরকারের অধীনে কোনওভাবেই সুষ্ঠু নির্বাচন হতে পারেনা জানিয়ে তিন বলেন,  ধারাবাহিকভাবে ভোটাধিকার ছিনিয়ে নিয়ে জনগণের নির্বাচনী ব্যবস্থার উপর আস্থা হারিয়ে ফেলেছে। তিনি বলেন, নির্বাচন কমিশনের ভোট গ্রহণের হার নিয়ে বক্তব্য হাস্যকর। যত সংখ্যাই পড়ুক না কেনো, কমিশন আগেই কত সংখ্যক ভোট পড়েছে তা পূর্বেই নির্ধারন করে রেখেছে।বিএনপির এই নেতার দাবি, ভোটারদের উপস্থিতি বাড়াতে নানা অপকৌশল নিয়েছিলো, নিজেদের মধ্যে কৃত্রিম প্রতিযোগী তৈরি করেও তারা ভোটারদের কেন্দ্রে নিতে পারেনি। ভোটের কৃত্রিম লাইন সৃষ্টি করেছে, শিশুদের দিয়ে ভোট দেয়ানো হয়েছে। এই ভুয়া নির্বাচনে কে বিজয়ী এগুলো সবই ছিলো পূর্ব নির্ধারিত। ভোট যত শতাংশই পড়ুক, সব আগে থেকে কমিশনকে শিখিয়ে দেয়া। ডামি প্রাথী, ডাৃি ভোটার, ডামি অবজারভার দিয়ে এমন ভাবে নির্বাচনকে প্রভাবিত করেছে; যাতে নির্বাচনী ব্যবস্হা সম্পূর্ণ ভেঙে পড়েছে।  বিএনপির স্হায়ী কমিটির সদস্য, নজরুল ইসলাম খান বলেন,  দেশের প্রতি দায়বদ্ধতা আমল না নিয়ে সরকাট যে নির্বাচন করেছে  জনগণ প্রত্যাখান করেছে। এ কারনে বিএনপি সহ সব রাজনৈতিক দাবি, অবিলম্বে এই ডামি নির্বাচন বাতিল করতে হবে, হাসিনাকে পদত্যাগ করে নতুন নির্বাচন দিতে হবে। এটিই হলো আজকের দিনে জনগণের প্রধান দাবি। আগামী দিনের আন্দোলনে সম্পৃক্ত হওয়ার আহ্বান জানাই। অসহযোগ এখনো বহাল আছে কিনা? ভোট বর্জনের আহ্বান ছিলো মূলত অসহযোগ, জনগণ তা সফল করেছে। ইতিহাস একটার পরে একটা হচ্ছে।  এই ক্ষমতাসীন দলের সিটিং এমপিও নির্বাচন করে জয়ী হয়েছে এটা হয় কখনো? নির্বাচন কোনো খেলা নয়, সরকার নির্বাচন নিয়ে যে খেলা খেলেছে এটা তামাশা ছাড়া কিছুই নয়। ক্রেন দিয়েও চেষ্টা করা হয়েছিল নিজ দলের প্রাথীদের টেনে তুলতে, এটা একজন মুক্তিযোদ্ধা হিসেবে দাবি করি, এটা নিয়ে রসিকতা করার অধিকার কারো নেই।",0,0,1,1,False
" দ্বাদশ জাতীয় সংসদ নির্বাচনে কুষ্টিয়া-২ আসনে স্বতন্ত্র প্রার্থীর কাছে হেরেছেন জাতীয় সমাজতান্ত্রিক দলের (জাসদ) সভাপতি হাসানুল হক ইনু। নির্বাচনে পরাজিত হয়ে প্রশাসনকে দায়ী করেছেন হাসানুল হক ইনু। সোমবার (৮ জানুয়ারি) হারের কারণ নিয়ে সংবাদমাধ্যমের কাছে এ অভিযোগ করেন তিনি।ইনু আরো বলেন, সারা দেশে নির্বাচন একটা পর্যায়ে হয়েছে। তবে কিছু জায়গায় ভোট কারচুপি হয়েছে। দুর্ভাগ্যজনকভাবে আমার এলাকাও এর মধ্যে পড়েছে। প্রশাসনের সরাসরি সহায়তায় ভোট কারচুপি হয়েছে। হারের জন্য আমি প্রশাসনকেই দায়ী করছি। তারা পরিকল্পিতভাবে আমার এলাকার ১৮টি কেন্দ্রে ভোট কারচুপি করেছে।তিনি বলেন, একটি কেন্দ্রে ২৯০০ ভোট পেয়েছে স্বতন্ত্র প্রার্থী আর নৌকা পেয়েছে মাত্র ৮৫টি ভোট। এতেই বিষয়টি স্পষ্ট। এমন আরো ১৮টি উদাহরণ তার কাছে বলেও জানান তিনি।স্থানীয় আওয়ামী লীগের কেউ তাকে সমর্থন করেছে কি না- এমন প্রশ্নের জবাবে ইনু বলেন, স্থানীয় আওয়ামী লীগের একাংশ করেছে। আর বাকি অংশ প্রকাশ্যেই স্বতন্ত্র প্রার্থীর হয়ে কাজ করেছে। ইতোমধ্যে স্বতন্ত্র প্রার্থীর সমর্থকরা বিভিন্ন জায়গায় তার কর্মীদের ওপর আক্রমণ করছে বলেও দাবি করেন তিনি।প্রসঙ্গত, দ্বাদশ জাতীয় সংসদ নির্বাচনে নৌকা প্রতীকে জাতীয় সমাজতান্ত্রিক দলের (জাসদ) সভাপতি হাসানুল হক ইনু পেয়েছেন ৯২ হাজার ৪৪৫ ভোট। এই আসনে ট্রাক প্রতীক নিয়ে প্রতিদ্বন্দ্বিতা করা স্বতন্ত্র প্রার্থী কামারুল আরেফিন ১ লাখ ১৫ হাজার ৭৯৯ ভোট পেয়ে বেসরকারিভাবে জয়ী হয়েছেন।",0,0,1,1,False
" ঢাকা-৪ আসনে বাংলাদেশ কংগ্রেসের প্রার্থী মাসুম বিল্লাহ সোহেল নির্বাচন বর্জনের ঘোষণা দিয়েছেন। রবিবার (৭ জানুয়ারি) বেলা সাড়ে ১১টার দিকে মুরাদপুর আদর্শ সরকারি প্রাথমিক বিদ্যালয় কেন্দ্র পরিদর্শনের পর এই ঘোষণা দেন তিনি।মাসুম বিল্লাহ অভিযোগ করে বলেন, হরিদাবাদ উচ্চবিদ্যালয় থেকে আমার এজেন্টদের বের করে দেয়া হয়েছে। জুরাইন হাজী সরিমুল্লাহ উচ্চবিদ্যালয় কেন্দ্রে আমাকে আধা ঘণ্টা আটকে রাখা হয়েছে। আধা ঘণ্টা পর কেন্দ্রে ঢুকতে পেরেছি। আমি প্রার্থী হয়ে ঢুকতে পারি নাই। নিশ্চয়ই সেখানে এমন কিছু হয়েছে, যাতে আমি সেটা দেখতে না পারি।  তিনি বলেন, আমার এজেন্টদের নিরাপত্তা না থাকার কারণে এবং ভোটারদের কেন্দ্রে ঢুকতে না দেয়ায় আমি এই নির্বাচন বর্জনের ঘোষণা দিচ্ছি।ঢাকা দক্ষিণ সিটি কর্পোরেশনের ৪৭, ৫১, ৫২, ৫৩, ৫৪, ৫৮ ও ৫৯ আসন নিয়ে গঠিত ঢাকা-৪ আসন। এই আসনে প্রার্থী সংখ্যা ৯ জন।  এই আসনে আওয়ামী লীগ মনোনীত প্রার্থী সাবেক সংসদ সদস্য সানজিদা খানম। এ ছাড়া আওয়ামী লীগের মনোনয়ন না পাওয়া আওলাদ হোসেন ট্রাক প্রতীক নিয়ে স্বতন্ত্র প্রার্থী হিসেবে আছেন ভোটের দৌড়ে।গত দুটি নির্বাচনে আওয়ামী লীগ ছাড় দেয়ায় এখানে জিতেছিলেন জাতীয় পার্টির আবু হোসেন বাবলা। এবার ছাড় না পেয়ে লাঙ্গল প্রতীকে লড়াই করছেন দলের এই কো-চেয়ারম্যান। তাই এখানে ত্রিমুখী লড়াইয়ের সম্ভাবনার কথা বলছেন স্থানীয়রা।",0,0,1,1,False
" সরকারের এই নির্বাচন যে সাজানো ও গোছানো এবং ভুয়া নির্বাচন তা আন্তর্জাতিক গণমাধ্যম বলে দিয়েছে বলে দাবি করেছেন বিএনপির স্থায়ী কমিটির সদস্য আব্দুল মঈন খান। তিনি বলেন, আর এই সাজানো নির্বাচনের নাটকের শেষ অংশ আজ সকাল থেকে মঞ্চস্থ হচ্ছে।রবিবার (৭ জানুয়ারি) রাজধানীর গুলশানে নিজ বাসভবনে তিনি এই কথা বলেন।দেশে এবং আন্তর্জাতিক বিশ্বের রিপোর্টে প্রকাশ করে দিয়েছে, এই নির্বাচন একটি ভুয়া নির্বাচন বলে উল্লেখ করেন মঈন খান। তিনি আরো বলেন, গত ১ বছর ধরে আমরা বলে আসছি, বাংলাদেশের মানুষ এই সরকারকে বর্জন করেছে। সেই কথাটি আজকে ভোট বর্জনের মধ্যে জনগণ দেশে-বিদেশে সবার সামনে প্রমাণ করেছে। সরকারের নির্বাচনের নাটক আজকে সারা বিশ্বে উন্মোচিত হয়ে গেছে।বিএনপির নেতৃত্বাধীন যুগপৎ আন্দোলনকারী ৬২ দল নির্বাচন বর্জন করছে বলেও দাবি করেন মঈন খান।   সাবেক এই মন্ত্রী বলেন, সকালের ভোট শুরুর পর থেকে আমরা বিভিন্ন ভোটে কেন্দ্রের ছবি সংগ্রহ করেছি। সেখানে যে শুধু ভোটার শূন্য তাই নয়, আজকে অবাক বিস্ময়ে লক্ষ্য করেছি, এই শীতের সকালে শত-শত ভোট কেন্দ্রের সামনে কুকুর রোদ পোয়াচ্ছে। এটাই আজকে বাংলাদেশে নির্বাচনের নামে যে প্রহসন, তার বাস্তবতা। এর আগে ২০১৪ সালের নির্বাচনে আমরা দেখেছি ভোট কেন্দ্রে মানুষ নয়, কুকুর-বিড়াল ভোট দেয়।কিছু-কিছু ভোট কেন্দ্রের সামনে কিছু লোককে দাড় করিয়ে রাখা হয়েছে বলে অভিযোগ করেন মঈন খান। তিনি বলেন, এটা দেখলে বোঝা যায়, তারা ভোটার নয়। আওয়ামী লীগের অঙ্গ-সংগঠনের নেতাকর্মীরা মানুষকে ভয়-ভীতি ও লোভ দেখিয়ে দাড় করিয়ে রেখেছে। এটা করে সরকার নিজেদেরকে প্রতারিত করতে পারবে, কিন্তু বিশ্বকে করতে পারবে না।  গত ৭৯ দিনে বিএনপির ২৬ হাজার নেতাকর্মীকে সরকার গ্রেফতার করেছে বলে দাবি করেন জনাব মঈন খান। বলেন, কিন্তু আমাদের যে আন্দোলন সেটা থেকে সরাতে পারেনি। আমরা শান্তিপূর্ণ আন্দোলনে বিশ্বাসী। আমাদের সেই আন্দোলন সফল হয়েছে। কিন্তু আওয়ামী লীগ যে রাস্তায় দাড়িয়ে লগি-বৈঠা আন্দোলন করে, মানুষ পুড়িয়ে মারে, সেটাতো বিএনপি করে না।মানুষ কথা বলতে চায়, ভোটাধিকার প্রয়োগ করতে চায় ও তাদের অধিকার ফিরে পেতে চায়- আর এই তিনটির জন্য বিএনপি আন্দোলন করে যাচ্ছে বলেও উল্লেখ করেন মঈন খান। বিএনপির পরবর্তী আন্দোলন কি হবে তা আগামী ২-১ দিনের মধ্যে জানিয়ে দেয়া হবে বলে জানান মঈন খান।",0,0,1,1,False
" ইসলামী আন্দোলন বাংলাদেশের আমীর মুফতী সৈয়দ মুহাম্মদ রেজাউল করীম পীর চরমোনাই বলেছেন, একতরফা প্রহসনের নির্বাচনকে জনগণ সর্বাত্মকভাবে বর্জনের মাধ্যমে অবৈধ সরকারকে একটি মেসেজ দিয়েছে। তিনি বলেন, ভোট বর্জন করে ভোটকেন্দ্রে গিয়ে ভোট না দেয়ায় দেশপ্রেমিক ইমানদার জনতাকে প্রাণঢালা অভিনন্দন, আন্তরিক ধন্যবাদ জানাই।ভোট বর্জনের মাধ্যমে সচেতন দেশবাসী স্বৈরাচারী সরকারকে লালকার্ড দেখিয়ে প্রমাণ করলো, দলীয় সরকারের পাতানো তথাকথিত এ নির্বাচনের নাটক শুধু দেখতেই চায় না বরং ঘৃণাভরে প্রত্যাখ্যান করেছে। রবিবার (৭ জানুয়ারি) সন্ধ্যায় গণমাধ্যমে পাঠানো এক বিবৃতিতে এসব কথা বলেন তিনি। গোটা দেশে ভোটারবিহীন ভোট কেন্দ্রগুলোর করুণ দৃশ্য পরিলক্ষিত হয়েছে উল্লেখ করে রেজাউল করীম বলেন, দলান্ধ, দলবাজ ও বধির নির্বাচন কমিশন ভোটের পার্সেন্টিজের যে কল্পকাহিনী উল্লেখ করেছে, তা শুধু হাস্যকর, মিথ্যাই নয় বরং কোথাও রাতে সিল মেরে ব্যালট বাক্স ভরে রাখা, কোথাও বা প্রকাশ্য দিবালোকে গুণ্ডাবাহিনীর ব্যালটপেপারে সিল মারার হলি খেলার ঘটনা ঘটিয়ে ভোটারবিহীন ভোটের আইওয়াশ কাউন্ট করা হয়েছে।চরমোনাই পীর বলেন, দেশব্যাপী ভোটাধিকার প্রতিষ্ঠার আন্দোলনের দাবানল যেভাবে জ্বলে উঠছে, দেশবাসী জাতীয় সরকারের অধীনে একটি গ্রহণযোগ্য সুষ্ঠ নির্বাচন অনুষ্ঠানের মাধ্যমে তা প্রশমিত করবে, ইনশাআল্লাহ। দেশের জনগণকে নতুন উদ্যমে সরকারবিরোধী আন্দোলন জোরদার করার আহ্বান জানান ইসলামী আন্দোলনের আমির।",0,0,1,2,False
" ফ্যাসিস্ট আওয়ামী সরকারের প্রহসনের তামাশার নির্বাচন প্রত্যাখ্যান করে ভোট বর্জন ও সর্বাত্মক হরতাল পালন করায় রাজধানীবাসি অভিনন্দন জানিয়েছে জামায়াতে ইসলামী। রবিবার (৭ জানুয়ারি) দলটির কেন্দ্রীয় নির্বাহী পরিষদ সদস্য ও ঢাকা মহানগরী দক্ষিণের আমীর নূরুল ইসলাম বুলবুল এক বিবৃতিতে এ অভিনন্দন জানান তিনি।তিনি বলেন, রাষ্ট্র-যন্ত্রের হাজারো জুলুম নিপীড়নের স্বীকার হয়েও বিরোধী দলসমূহের আন্দোলনের পাশাপাশি অধিকার বঞ্চিত বিক্ষুব্ধ জনগণ সব প্রকার ভয়ভীতি ও রক্তচক্ষুকে উপেক্ষা করে সরকারের একতরফা তামাশার নির্বাচনকে প্রত্যাখ্যান করে স্বতঃস্ফূর্তভাবে ভোট বর্জন করেছেন। বিবৃতিতে নূরুল ইসলাম বুলবুল বলেন, আওয়ামী সরকার গণতন্ত্রে বিশ্বাস করে না। তারা প্রশাসনের সহযোগিতায় বাড়ি বাড়ি গিয়ে ভোট কেন্দ্রে যাওয়ার জন্য ভোটারদের ভয়ভীতি দেখিয়েছে। অনেকের ভোটার আইডি কার্ড নিয়ে এসে সরকারি সুযোগ সুবিধা থেকে বঞ্চিত করার হুমকি দিয়েছে। আওয়ামী লীগের প্রার্থীসহ নেতাকর্মীরা প্রকাশ্যে ঘোষণা দিয়েছিলো, যারা ভোট দিতে আসবেনা তাদের বাড়িঘর পুড়িয়ে দেবে। সরকার প্রহসনের নির্বাচনের মাধ্যমে নাটক মঞ্চস্থ করে জনগণের সঙ্গে যে নির্মম উপহাস ও প্রতারণা করতে চলেছিল, সব প্রকার ষড়যন্ত্র ও ভয়ভীতিকে উপেক্ষা করে ভোট বর্জনের মাধ্যমে জনগণ তার সমুচিত জবাব দিয়েছে। তিনি আরো বলেন, বিবেকবোধ সম্পন্ন আওয়ামী লীগের সমর্থকেরাও এই নির্বাচন প্রত্যাখ্যান করেছে। সাধারণ জনগণ ভোট বর্জন করা সত্বেও আওয়ামী লীগ জাল ভোট ও জালিয়াতির মাধ্যমে ভোটের হার বৃদ্ধির ঘৃণ্য অপচেষ্টা চালিয়েছে। যা সোশ্যাল মিডিয়াসহ গণমাধ্যমে দেশবাসী প্রত্যক্ষ করেছে। মুক্তিকামী সংগ্রামী জনতা স্বৈরাচারী সরকারের কোনো ষড়যন্ত্রই এদেশে বাস্তবায়ন করতে দেবেনা",0,0,1,1,False
" দ্বাদশ জাতীয় সংসদ নির্বাচনে মানিকগঞ্জের ৩টি সংসদীয় আসনে এমপি প্রার্থী ছিলেন ২০ জন। এদের মধ্যে গণফোরামের কেন্দ্রীয় কমিটির সভাপতি সাবেক সাংসদ মফিজুল ইসলাম কামালসহ ১৫ জনের জামানত বাজেয়াপ্ত করা হয়েছে বলে জানা গেছে।গত রবিবার (৭জানুয়ারি) ভোট গ্রহণ শেষে রিটার্নিং কর্মকর্তার কার্যালয় থেকে ঘোষিত ফলাফল বিশ্লেষণ করে এ তথ্য পাওয়া যায়।বিধিমতে, নির্বাচনে কোন প্রার্থী প্রদত্ত ভোটের ৮ ভাগের ১ ভাগ ভোট না পেলে তার জামানত বাজেয়াপ্ত হবে।জেলা রিটার্নিং কর্মকর্তার স্বাক্ষরিত বেসরকারি ফলাফলে জানা যায়, মানিকগঞ্জ-১ (শিবালয়, ঘিওর ও দৌলতপুর) আসনে প্রার্থী ছিলেন ৪জন। এর মধ্যে ২ জনের জামানত হারিয়েছেন। এ আসনে ভোটার সংখ্যা ৪ লাখ ৩৬ হাজার ১৯৭ জন। তবে ভোট পড়েছে ১ লাখ ২৯ হাজার ৫২২টি। এর ৮ ভাগের ১ ভাগ হচ্ছে ১০ হাজার ৩৬১ টি, যা পাননি ২ জন প্রার্থী। এ আসনে ঈগল প্রতিকের স্বতন্ত্র প্রার্থী সালাউদ্দিন মাহমুদ জাহিদ ৮৬ হাজার ৯৪১টি ভোট পেয়ে বেসরকারি ভাবে নির্বাচিত হয়েছেন। তার নিকটতম প্রতিদ্বন্দ্বী ছিলেন জাতীয় পার্টির প্রার্থী জহিরুল আলম রুবেল। তিনি পেয়েছেন ৩৮ হাজার ৯৪২ টি ভোট। এছাড়া গণফন্টের মাছ প্রতিকের প্রার্থী মোহাম্মদ সাজাহান খান পেয়েছেন ১ হাজার ৮৭ টি ভোট এবং বাংলাদেশ জাতীয়তাবাদী আন্দোলনের প্রার্থী মোনায়েম খান পেয়েছেন ৬শ ৩৩ ভোট।মানিকগঞ্জ-২ (সিংগাইর-হরিরামপুর ও সদরের একাংশ) আসনে প্রার্থী ছিলেন ১০ জন। তাদের ৮জনই জামানত হারিয়েছেন। এ আসনে ভোটার সংখ্যা ৪ লাখ ৬৬ হাজার ৯৮৯। এখানে ভোট পড়েছে ১ লাখ ৯৪ হাজার ৭৫২টি। ভোট প্রয়োগের হার ৪১.৭০ ভাগ। প্রদত্ত ভোটের ৮ ভাগের ১ ভাগ হচ্ছে ১৫ হাজার ৫৮০টি। তবে এখানে ৮জন প্রার্থীর কেউ এই পরিমাণ ভোট পাননি।এ আসনে ট্রাক প্রতিকের স্বতন্ত্র প্রার্থী দেওয়ান জাহিদ আহমেদ টুলু ৮৮ হাজার ৩০৯ ভোট পেয়ে বেসরকারি ভাবে জয়ী হয়েছেন। তার নিকটতম প্রতিদ্বন্দ্বী ছিলেন নৌকা প্রতীকের মমতাজ বেগম। তিনি পেয়েছেন ৮২ হাজার ১৩৮ ভোট।এ আসনের ফলাফল বিশ্লেষণ করে দেখা গেছে জামানত হারানো প্রার্থীরা হলেন- স্বতন্ত্র প্রার্থী সাবেক উপজেলা চেয়ারম্যান মুশফিকুর রহমান খান হান্নান। তিনি কেটলী প্রতীকে ভোট পেয়েছিলেন ৯ হাজার ৭১১। সাহাবুদ্দিন আহমেদ চঞ্চল ঈগল প্রতীকে ৬ হাজার ১২৫ ভোট, সাবেক ফুটবলার দেওয়ান শফিউল আরেফিন টুটুল মোড়া প্রতীকে ৪ হাজার ৬৩১ ভোট, তরিকত ফেডারেশনের ফুলের মালা প্রতীকের প্রার্থী ফেরদৌস আহমেদ আশিফ ৫শ ৩৬ ভোট, কংগ্রেস পার্টির মো. জাকির হোসেন ডাব প্রতীকে ২শ ৫২ ভোট, সুপ্রিম পার্টির একে নাহিদ একতারা প্রতীকে ১শ ৯২ ভোট, একেএম ইকবাল হোসেন নোঙর প্রতীকে ৮৯ ভোট এবং গামছা প্রতিকের তানভীর হাসান পেয়েছিলেন ১৯ ভোট।মানিকগঞ্জ-৩ (মানিকগঞ্জ সদর ও সাটুরিয়া) আসনে প্রার্থী ছিলেন ৬জন। এ আসনে ভোটার সংখ্যা ৩ লাখ ৫৮ হাজার ৪৫৯। মোট ভোট পড়েছে ১ লাখ ৪১হাজার ৬৫২টি। প্রদত্ত ভোটের ৮ ভাগের ১ ভাগ হচ্ছে ১১ হাজার ৩৩২।এ আসনে আওয়ামী লীগের নৌকা প্রতীকের প্রার্থী জাহিদ মালেক ১ লাখ ২৬ হাজার ৭২০ ভোট পেয়ে বেসরকারিভাবে নির্বাচিত হয়েছেন। তার প্রতিদ্বন্দ্বী বাকি সবাই জামানত হারিয়েছেন। জামানত বাজেয়াপ্তরা হলেন- গণফোরামের কেন্দ্রীয় সভাপতি সাবেক সাংসদ মফিজুল ইসলাম খান কামাল। তার ভোটের সংখ্যা ৫ হাজার ৩৯১, জাতীয় পার্টির জহিরুল আলম রুবেল ৪ হাজার ৫৮৬ ভোট, গামছা প্রতীকের প্রার্থী এম হাবিবুল্লাহ ১ হাজার ১০ ভোট, সোনালী আঁশ প্রতীকের প্রার্থী মোহাম্মদ মোয়াজ্জেম আলী খান মজলিশ ৬শ ১৫ ভোট এবং নোঙর প্রতীকের প্রার্থী এম খালেক দেওয়ান ৪শ ৭১ ভোট পেয়েছিলেন।",0,0,1,1,False
" দ্বাদশ জাতীয় সংসদ নির্বাচন নিয়ে বিবৃতি দিয়েছে কানাডা। বিবৃতিতে নির্বাচন নিয়ে হতাশ প্রকাশ করেছে দেশটি। এছাড়া নির্বাচনের আগে ও পরে সহিংসতার ঘটনায় নিন্দাও জানানো হয়েছে। একইসঙ্গে কানাডা বাংলাদেশের নাগরিকদের গণতান্ত্রিক আকাঙ্ক্ষার প্রশংসা এবং সমর্থন করে বলেও জানিয়েছে দেশটি।স্থানীয় সময় মঙ্গলবার (৯ জানুয়ারি) এক বিবৃতিতে এসব কথা বলেছে কানাডা সরকারের ‘গ্লোবাল অ্যাফেয়ার্স কানাডা’ ডিপার্টমেন্ট। কানাডিয়ান সরকারের এই বিভাগটি কানাডার কূটনৈতিক এবং কনস্যুলার সম্পর্ক পরিচালনা করে, কানাডিয়ান আন্তর্জাতিক বাণিজ্যের দেখভাল ও কানাডার আন্তর্জাতিক উন্নয়ন ও মানবিক সহায়তা পরিচালনায় নেতৃত্ব দেয়।এই বিবৃতিতে বলা হয়েছে, ‘কানাডা বাংলাদেশি নাগরিকদের গণতান্ত্রিক আকাঙ্ক্ষার প্রশংসা ও সমর্থন করে এবং নির্বাচনের আগে ও নির্বাচনের সময়কালে ঘটে যাওয়া ভয়ভীতি দেখানোর মতো কাজ ও সহিংসতার নিন্দা জানাচ্ছে। যারা এসব সহিংসতায় ক্ষতিগ্রস্ত হয়েছে তাদের সকলের প্রতি আমরা সহানুভূতি জানাচ্ছি।’বিবৃতিতে আরো বলা হয়েছে, ‘কানাডা হতাশা প্রকাশ করছে যে, এই নির্বাচনী প্রক্রিয়া গণতন্ত্র ও স্বাধীনতার মূলনীতি থেকে ছিটকে পড়েছে যার ভিত্তিতে বাংলাদেশ প্রতিষ্ঠিত হয়েছিল। এছাড়া গণতন্ত্র, মানবাধিকারের প্রতি সম্মান এবং মৌলিক স্বাধীনতার দিকে এগিয়ে যাওয়ার জন্য সকল পক্ষের সাথে স্বচ্ছভাবে কাজ করতে সংশ্লিষ্ট কর্তৃপক্ষের প্রতি আহ্বান জানাচ্ছে কানাডা, যা হবে বাংলাদেশের জনগণের স্বার্থের সাথে সঙ্গতিপূর্ণ। একটি কার্যকর বিরোধী দল, স্বাধীন গণতান্ত্রিক প্রতিষ্ঠান এবং সংবাদপত্রের স্বাধীনতা শক্তিশালী এবং সুস্থ গণতন্ত্র নিশ্চিত করার জন্য সুষ্ঠু নির্বাচন হওয়াটা গুরুত্বপূর্ণ।’গ্লোবাল অ্যাফেয়ার্স কানাডার বিবৃতিতে বলা হয়েছে, ‘১৯৭১ সালে বাংলাদেশের স্বাধীনতাকে স্বীকৃতি দেয়া প্রথম দেশগুলোর মধ্যে কানাডাও ছিল এবং আরো স্থিতিশীল, সমৃদ্ধ ও গণতান্ত্রিক ভবিষ্যতের জন্য বাংলাদেশের জনগণকে তাদের আকাঙ্ক্ষার প্রতি সমর্থন দেওয়া অব্যাহত রাখতে কানাডা প্রতিশ্রুতিবদ্ধ রয়েছে।’এর আগে বাংলাদেশের দ্বাদশ জাতীয় নির্বাচন অবাধ ও সুষ্ঠু হয়নি বলে জানিয়ে দেয় যুক্তরাষ্ট্র। নির্বাচনে সব দলের অংশগ্রহণ ছিল না বলেও জানিয়েছে দেশটি। নির্বাচন নিয়ে বিবৃতি দিয়েছে ইউরোপীয় ইউনিয়নও।  সংস্থাটির উচ্চ পর্যায় থেকে দেয়া বিবৃতিতে বাংলাদেশের নির্বাচনে প্রধান সবকটি রাজনৈতিক দল অংশ না নেয়ায় হতাশা প্রকাশ করা হয়েছে। এছাড়া নির্বাচনে অনিয়মের অভিযোগগুলোর সময়োচিত ও পূর্ণাঙ্গ তদন্ত নিশ্চিত করতে সংশ্লিষ্ট কর্তৃপক্ষের প্রতি আহ্বান জানিয়েছে। ",0,0,1,1,False
" দ্বাদশ জাতীয় সংসদ নির্বাচন নিয়ে বিবৃতি দিয়েছে ইউরোপীয় ইউনিয়ন। সংস্থাটির উচ্চ পর্যায় থেকে দেয়া বিবৃতিতে বাংলাদেশের নির্বাচনে প্রধান সবকটি রাজনৈতিক দল অংশ না নেয়ায় হতাশা প্রকাশ করা হয়েছে। এছাড়া নির্বাচনে অনিয়মের অভিযোগগুলোর সময়োচিত ও পূর্ণাঙ্গ তদন্ত নিশ্চিত করতে সংশ্লিষ্ট কর্তৃপক্ষের প্রতি আহ্বান জানিয়েছে। ইইউর পক্ষে ইউরোপের ২৭ দেশের এই জোটের উচ্চপদস্থ প্রতিনিধি জোসেপ বোরেল মঙ্গলবার (৯ জানুয়ারি) এক বিবৃতিতে বাংলাদেশের নির্বাচন নিয়ে এমন প্রতিক্রিয়া জানিয়েছেন।  বিবৃতিতে বলা হয়, ‘ইউরোপীয় ইউনিয়ন ও বাংলাদেশের মাধ্যকার সম্পর্ক গণতন্ত্র, মানবাধিকার এবং আইনের শাসনের মূল্যবোধ দিয়ে প্রতিষ্ঠিত। ইউরোপীয় ইউনিয়ন গত রোববার বাংলাদেশে অনুষ্ঠিত জাতীয় সংসদ নির্বাচনের বিষয়টি আমলে নিয়েছে। নির্বাচনে সহিংসতা ও অনিয়মের তদন্ত করা প্রয়োজন।’এতে বলা হয়, ‘ইইউ নির্বাচনকালীন সহিংসতার নিন্দা জানায় এবং নির্বাচন পরবর্তী সহিংসতা থেকে বিরত থাকার আহ্বান জানায়। নির্বাচনকালে আইনের শাসন, বিচার বিভাগের স্বাধীনতা, যথাযথ প্রক্রিয়া এবং শান্তিপূর্ণ সমাবেশের অধিকারকে ইইউ সম্মান করে এবং সমুন্নত রাখার ওপর গুরুত্বারোপ করে। এ ক্ষেত্রে বিরোধী নেতৃত্বকে আটক অত্যন্ত উদ্বেগজনক।’বিবৃতিতে আরো বলা হয়, ‘রাজনৈতিক বহুত্ববাদ, গণতান্ত্রিক মূল্যবোধ এবং আন্তর্জাতিক মানবাধিকারের মানকে সম্মান করতে এবং শান্তিপূর্ণ সংলাপের জন্য ইইউ সব পক্ষকে আহ্বান জানায়। গণমাধ্যম, সুশীল সমাজ ও রাজনৈতিক দলগুলো কোনো ধরনের ভয়ভীতি ও বাধা ছাড়াই যেন তাদের কাজ চালিয়ে যেতে পারে সেই পরিবেশ নিশ্চিতের প্রতি গুরুত্বারোপ করে ইইউ।’জিএসপি প্লাস অগ্রাধিকারমূলক বাণিজ্য প্রকল্পে দেশের সম্ভাব্য ভবিষ্যৎ অ্যাক্সেসসহ রাজনৈতিক, মানবাধিকার, বাণিজ্য এবং উন্নয়ন ক্ষেত্রে দীর্ঘস্থায়ী সম্পর্ককে চিহ্নিত করে- এমন বিষয়কে অগ্রাধিকার দিয়ে বাংলাদেশ সরকারের সঙ্গে ইইউ কাজ করে যাবে। ",0,0,1,1,False
" ভোট কারচুপির অভিযোগ তুলে নির্বাচনের ফলাফল প্রত্যাখ্যান করে নতুন করে নির্বাচনের দাবি জানিয়েছেন রাজশাহী-৬ (বাঘা-চারঘাট) আসনের স্বতন্ত্র প্রার্থী জেলা আওয়ামী লীগের সদস্য ও সাবেক সংসদ সদস্য রাহেনুল হক রায়হান।বুধবার (১০ জানুয়ারি) দুপুর ১টার দিকে রাজশাহী মহানগরীতে এক মিলনায়তনে এক সংবাদ সম্মেলনে উপস্থিত হয়ে তিনি এ দাবি জানান।সংবাদ সম্মেলনে রাহেনুল হক রায়হান বলেন, ভোটে ব্যাপক অনিয়ম ও কারচুপির হয়েছে। আমি সন্তুষ্ট নই, আমি মনে করি নির্বাচন প্রশ্নবিদ্ধ হয়েছে। নির্বাচনে নৌকার প্রার্থী কালো টাকা ব্যবহার করেছেন।তিনি আরো বলেন, নির্বাচনের পরেও আমাদের কর্মীদের একেরপর এক মারধরসহ বাড়িঘর পুড়ানো হচ্ছে, আমার কর্মীরা অনেকে এখন মেডিকেলে ভর্তি আছেন।প্রশাসনের বিরুদ্ধে অভিযোগ তুলে রায়হান বলেন, যারা ভোটের কাজে নিয়োজিত ছিলেন পোলিং অফিসার থেকে শুরু করে প্রিজাইডিং অফিসার সবার আচরণ পক্ষপাত মূলক ছিলো। আমি যখন বিভিন্ন কেন্দ্রে যাই তখন দেখেছি কক্ষ বন্ধ রেখে তারা কাজ করছিলো। আমি তাদের প্রশ্ন করলে তারা কোনো সদুত্তর দিতে পারেননি।রাহেনুল হক রায়হান আওয়ামী লীগের মনোনয়ন প্রত্যাশী ছিলেন তবে এখানে মনোনয়ন পান বর্তমান পররাষ্ট্র প্রতিমন্ত্রী শাহরিয়ার আলম। মনোনয়ন বঞ্চিত হয়ে স্বতন্ত্র প্রার্থী হিসেবে কাঁচি প্রতীক নিয়ে নির্বাচন করেন বীর মুক্তিযোদ্ধা রাহেনুল হক রাহান। বেসরকারি ফলাফলে ১ লাখ ১ হাজার ৫৯৯ ভোটে জয়ী হয়েছেন বর্তমান সাংসদ শাহরিয়ার আলম আর কাঁচি প্রতীকের রায়হান পেয়েছেন ৭৪ হাজার ২৭৮ ভোট।",0,0,1,1,False
" প্রতিদ্বন্দ্বী প্রার্থীদের সমর্থকদের  মধ্য সংঘাত- সহিংসতা- হুমকি- ধামকি-নির্বাচনী ক্যাম্পে হামলা, ভোটকেন্দ্রে আগুন দেয়া, ভোটারদের মধ্যে টাকা ছড়ানোর মধ্য দিয়ে চট্টগ্রামের ১৬টি সংসদীয় আসনে এবার নির্বাচন হচ্ছে। তবে পুলিশ- বিজিবি-ব্যাব- সেনাবাহিনী ও প্রশাসনের কঠোর নজরদারির মধ্যে দৃশ্যত: সুষ্ঠু নিরপেক্ষ অবাধ শান্তিপূর্ণ নির্বাচন করতে বদ্ধপরিকর নির্বাচন কমিশন। সারাদেশের ন্যায় সকাল আটটা থেকে বিকেল চারটা পর্যন্ত বিরতিহীনভাবে চলবে এই নির্বাচন। তবে চট্টগ্রামে এবার, ১৬টি আসনে আওয়ামী লীগ সমর্থিত নৌকা প্রতীকের সঙ্গে আওয়ামী লীগের অন্য স্বতন্ত্র প্রার্থীদের মধ্যেই মূল প্রতিদ্বন্দ্বীতা হচ্ছে। তবে জাতীয় পার্টি, ইসলামী ঐক্যফ্রন্টসহ আরো কিছু ছোট ছোট দলের প্রার্থীরাও নির্বাচনে অংশ নিচ্ছি। আবার কোন কোন ক্ষেত্রে বিএনপি'র স্থানীয় কিছু নেতাকর্মীও কিন্তু এই নির্বাচনে নানাভাবে আওয়ামী লীগের প্রার্থীদের পক্ষে কাজ করছেন। যদিও বিএনপি বর্তমান দ্বাদশ জাতীয় সংসদ নির্বাচন বয়কট করা ও প্রতিহত করার সর্বাত্বক ঘোষণা দিয়েছে। কিন্তু বিএনপি- জামায়াত আহুত ৬ ও ৭ জানুয়ারিতে সারাদেশে হরতালের কোন প্রভাব পড়েনি মোটেই। কারণ চট্টগ্রামসহ সারাদেশই এখন নির্বাচনমুখী।  চট্টগ্রামের ১৬ সংসদীয় আসনে ২ হাজার ২৩টি ভোট কেন্দ্রে ভোট গ্রহণ চলবে।  সর্বত্র চলছে ভোটের হিসাব নিকাশ। পাশাপাশি নির্বাচনী মাঠে ভোটার এবং প্রার্থীরা ভোটের অপেক্ষার প্রহর গুণছেন। নির্বাচন সুষ্ঠু-নিরপেক্ষ ও শান্তিপূর্ণ করতে নির্বাচনী এলাকায় আইনশৃঙ্খলা রক্ষায় পুলিশসহ প্রশাসনের পক্ষ থেকে সর্বাত্মক প্রস্তুতি নেয়া হয়েছে। পুলিশের পক্ষ থেকে পাঁচ স্তরের নিরাপত্তা ব্যবস্থা গ্রহণ করা হয়েছে। এদিকে ভোটগ্রহণ কার্যক্রমের সঙ্গে যুক্ত কর্মকর্তা-কর্মচারীরা এখন প্রচণ্ড ব্যস্ত। তাদের যেন ঘুম হারাম হয়ে গেছে। অন্যদিকে নির্বাচনে ভোট দিতে বন্দরনগরীতে বসবাসকারী ভোটাররা গ্রামে চলে যাওয়ায় ফাঁকা হয়ে গেছে নগরী।চট্টগ্রামের ১৬ আসনে আওয়ামী লীগ, জাতীয় পার্টি, তৃণমূল বিএনপি, সুপ্রিম পার্টি, তরিকত ফেডারেশন, ইসলামী ফ্রন্ট, ইসলামিক ফ্রন্ট, কল্যাণ পার্টিসহ বিভিন্ন দলের এবং স্বতন্ত্রসহ ১২৫ জন প্রার্থী নিবাচনী মাঠে প্রতিদ্বন্দ্বীতায় রয়েছেন। ১৬টি সংসদীয় আসনের মধ্যে ৯ আসনে সংঘাতের আশঙ্কা করছেন ভোটাররা। এসব আসনে আওয়ামী লীগের নৌকা প্রতীকের বিপরীতে শক্তিশালী স্বতন্ত্র প্রার্থী রয়েছেন। বেশিরভাগ স্বতন্ত্র প্রার্থী আওয়ামী লীগের। এর মধ্যে একজন বর্তমান সংসদ-সদস্যও রয়েছেন। ইতোমধ্যে এসব আসনে কয়েক দফা নির্বাচনি সংঘাত হামলা ও গোলাগুলির ঘটনা ঘটেছে। নির্বাচনপূর্ব সহিংসতার ঘটনায় আইনশৃঙ্খলা বাহিনী বেশ কয়েকজনকে গ্রেপ্তার করেছে। এরপর থেকে ভোটারদের মাঝে ভয়-আতঙ্ক বিরাজ করছে।তবে আইনশৃঙ্খলা রক্ষাকারী বাহিনী নিরাপত্তা ব্যবস্থা জোরদার করেছে। পাশাপাশি এসব আসনে অতিরিক্ত নজরদারি করা হচ্ছে। চট্টগ্রামের ১৬টি আসনে সুষ্ঠু ও শান্তিপূর্ণ পরিবেশে ভোট গ্রহণের লক্ষ্যে চট্টগ্রাম জেলা ও চট্টগ্রাম মেট্রোপলিটন পুলিশের পক্ষ থেকে সাড়ে ৪ হাজার করে ৯ হাজার পুলিশের অফিসার ও সদস্য নির্বাচনী মাঠে মোতায়েন করা হয়েছে। নির্বাচনী এলাকায় আইনশৃঙ্খলা রক্ষায় পুলিশের পক্ষ থেকে গ্রহণ করা হয়েছে পাঁচ স্তরের নিরাপত্তা ব্যবস্থা। চট্টগ্রামের ১৬ আসনে ৯৬ প্লাটুন বর্ডার গার্ড বাংলাদেশ (বিজিবি) সদস্য মোতায়েন করা হয়েছে। এছাড়াও র‌্যাবের ৩২টি টহল টিম নির্বাচনী এলাকায় দায়িত্ব পালন করছেন। এছাড়াও চট্টগ্রামের ১৬ আসনে ৮২ জন এক্সিকিউটিভ ম্যাজিস্ট্রেট ও ৩২ জন জুডিসিয়াল ম্যাজিস্ট্রেট সুষ্ঠু নির্বাচনের লক্ষ্যে মাঠে কাজ করছেন।আইনশৃঙ্খলা বাহিনী নগরীর ৬টি সংসদীয় আসনের ৬৬০টি কেন্দ্রের মধ্যে ৪৪৬টি কেন্দ্রকে ‘গুরুত্বপূর্ণ’ এবং ২১৪টি কেন্দ্রকে ‘সাধারণ কেন্দ্র’ হিসাবে চিহ্নিত করেছে। একইভাবে চট্টগ্রাম জেলার ১০টি সংসদীয় আসনের ১৩৬৩টি ভোট কেন্দ্রের মধ্যে ১০১৩টি ভোট কেন্দ্রকে ‘গুরুত্বপূর্ণ’ এবং ৩৫০টি ভোটকেন্দ্রকে ‘সাধারণ’ হিসাবে চিহ্নিত করা হয়েছে। গুরুত্বপূর্ণ কেন্দ্রে চারজন ও কম গুরুত্বপূর্ণ কেন্দ্রে বা সাধারণ ভোটকেন্দ্রে তিনজন সশস্ত্র পুলিশ এবং ১৫ আনসার সদস্য থাকবেন। পাশাপাশি মোবাইল টিম, থানা এবং কন্ট্রোল রুমে স্ট্রাইকিং ফোর্স থাকবে। সোয়াট, বোম্ব ডিসপোজাল ইউনিট ও ডগ স্কোয়াডের কে-নাইন ইউনিটকেও স্ট্রাইকিং হিসাবে রাখা হচ্ছে।চট্টগ্রামের ১৬ সংসদীয় আসনে ২০২৩ ভোট কেন্দ্র এবং ১৩ হাজার ৭৩২টি ভোট কক্ষে ভোট গ্রহণের জন্য ৪৭ হাজার ৫৪৪ জন ভোটগ্রহণ কর্মকর্তাদের সংশ্লিষ্ট ভোট কেন্দ্রের দায়িত্ব বুঝিয়ে দেয়া হয়েছে রিটার্নিং অফিসারের কার্যালয় থেকে। জেলায় ১০টি আসনের রিটার্নিং অফিসারের দায়িত্বে আছেন জেলা প্রশাসক আবুল বাসার মোহাম্মদ ফখরুজ্জামান। অপর ছয়টি আসনের রিটার্নিং কর্মকর্তার দায়িত্ব আছেন বিভাগীয় কমিশনার মো. তোফায়েল ইসলাম। চট্টগ্রামের ১৬ আসনে মোট ভোটার সংখ্যা ৬৩ লাখ ৯৬৪ জন। এর মধ্যে পুরুষ ভোটার ৩২ লাখ ৭৯ হাজার ৬২ জন এবং নারী ভোটার ৩০ লাখ ২১ হাজার ৯০২ জন।সার্বিক প্রস্তুতির ব্যাপারে চট্টগ্রাম আঞ্চলিক নির্বাচন কর্মকর্তা মো. ইউনুচ আলী বলেন, নির্বাচন নিয়ে আমাদের সকল প্রস্তুতি শেষ। সকল নির্বাচনী সামগ্রী কেন্দ্রে চলে গেছে। সার্বিক বিষয়গুলো নির্বাচনের রিটার্নিং কর্মকর্তাগণ মনিটরিং করছেন। আইনশৃঙ্খলা রক্ষাকারী বাহিনীর সদস্যরা নির্বাচনী এলাকায় অবস্থান নিয়ে দায়িত্ব পালন করছেন।সংশ্লিষ্টরা জানান, বিএনপি-জামায়াত ভোটের মাঠে না থাকায় কিছু কিছু আসনে আওয়ামী লীগের প্রার্থীর প্রতিদ্বন্দ্বী আওয়ামী লীগের স্বতন্ত্র। যেসব আসনে ভোটের দিন সংঘাতের আশঙ্কা করা হচ্ছে তার মধ্যে রয়েছে চট্টগ্রাম-১ (মিরসরাই), চট্টগ্রাম-২ (ফটিকছড়ি), চট্টগ্রাম-১০ (ডবলমুরিং-হালিশহর), চট্টগ্রাম-১১ (বন্দর-পতেঙ্গা), চট্টগ্রাম-১২ (পটিয়া), চট্টগ্রাম-১৫ (লোহাগাড়া-সাতকানিয়া আংশিক) এবং চট্টগ্রাম-১৬ (বাঁশখালী)। ইতোধ্যে চট্টগ্রাম-১ (মিরসরাই), চট্টগ্রাম-৩ সন্দ্বীপ, চট্টগ্রাম-১২ (পটিয়া), চট্টগ্রাম-১৪ (চন্দনাইশ), চট্টগ্রাম-১৫ (লোহাগাড়া-সাতকানিয়া আংশিক) ও চট্টগ্রাম-১৬ (বাঁশখালী) আসনে নির্বাচনী সহিংসতার ঘটনা ঘটেছে। চট্টগ্রাম জেলার আলোচিত এসব আসনে সহিংসতা নিয়ে শঙ্কা রয়েছে ভোটারদের। তবে পুলিশ কর্মকর্তারাও প্রস্তুতি নিয়ে রেখেছেন।উৎসবমুখর পরিবেশ ভোটারদের ভোটকেন্দ্রে গিয়ে ভোট দেয়ার আহ্বান জানিয়েছেন চট্টগ্রামের জেলা প্রশাসক ও রিটার্নিং অফিসার আবুল বাসার মোহাম্মদ ফখরুজ্জামান। তিনি বলেন, অবাধ, সুষ্ঠু ও শান্তিপূর্ণ উৎসবমুখর পরিবেশে ভোট গ্রহণের জন্য প্রশাসনের পক্ষ থেকে সর্বাত্মক প্রস্তুতি নেয়া হয়েছে। আগামীকাল  রবিবার (৭ জানুয়ারি) ভোটাররা উৎসবমুখর পরিবেশে নির্বিঘ্নে ভোট দিতে পারবেন। এই ব্যাপারে আমরা কঠোর নিরাপত্তা ব্যবস্থা গ্রহণ করেছি। আমরা ভোটারদের আশ্বস্ত করে বলতে চাই-নির্বিঘ্নে ভোট কেন্দ্রে আসুন, উৎসবমুখর পরিবেশ ভোট দিন। তিনি আরও বলেন, চট্টগ্রামের সর্বত্র উৎসবমুখর পরিবেশে ভোট হবে। কোথাও কাউকে কোনো ধরনের প্রভাব বিস্তার করতে দেব না। প্রতিটি ভোট কেন্দ্রে পর্যাপ্ত আইনশৃঙ্খলা রক্ষাকারী বাহিনী মোতায়েন করা হয়েছে। প্রতিটি উপজেলায় আইনশৃঙ্খলা রক্ষাকারী বাহিনীর একাধিক স্তরের নিরাপত্তা বলয় গড়ে তোলা হয়েছে।নির্বাচনের সার্বিক প্রস্তুতি ব্যাপারে চট্টগ্রামের পুলিশ সুপার এস এম শফিউল্লাহ বলেন, সুষ্ঠু ও শান্তিপূর্ণ নির্বাচনের লক্ষ্যে পাঁচ স্তরের নিরাপত্তা ব্যবস্থা নেয়া হয়েছে। পাঁচ স্তরের নিরাপত্তার মধ্যে প্রথমে কেন্দ্রে থাকবে পুলিশ এবং আনসার সদস্যদের নিরাপত্তা বলয়, এরপর থাকবে মোবাইল টিমের সদস্যরা। তিনি বলেন, নির্বাচন হবে শতভাগ সুষ্ঠু। কেউ এদিক-ওদিক করার সুযোগ নেই। কোনো কেন্দ্রে যদি কেউ বিন্দুমাত্র প্রভাব খাটানোর চেষ্টা করলে সাথে সাথে তাকে গ্রেপ্তার করা হবে। কাউকে কোন ধরনের ছাড় দেয়া হবে না। এই ক্ষেত্রে কোনো প্রিসাইডিং অফিসারের যদি কোনো ধরনের দায়িত্ব অবহেলা থাকে- তার বিরুদ্ধেও ব্যবস্থা নেয়া হবে। পুলিশ এবং আনসার সদস্যদের দায়িত্ব পালনে কোনো ধরনের অবহেলা দেখা গেলে তার বিরুদ্ধেও ব্যবস্থা নেয়া হবে।",0,0,1,1,False
" ৭ জানুয়ারি (রবিবার) ভোট কেন্দ্রে না গিয়ে সরকারের প্রতি ‘গণঅনাস্থা’ জানানোর আহ্বান জানিয়েছে গণতন্ত্র মঞ্চ। শনিবার (৬ জানুয়ারি) দুপুরে জাতীয় প্রেসক্লাবের সামনে ভোট বর্জনের এক সমাবেশে মঞ্চের নেতা বাংলাদেশের বিপ্লবী ওয়ার্কার্স পার্টির সাধারণ সম্পাদক সাইফুল হক এই আহ্বান জানান।তিনি বলেন, আমরা ভোটারদেরকে বলতে চাই, আগামীকাল আপনারাদের যে ভোট বর্জন এবং আপনাদের যে এই নির্বাচন প্রত্যাখান-বর্জনের মধ্য দিয়ে এই সরকারের প্রতি গণঅনাস্থা আপনারা ব্যক্ত করবেন। আগামীকাল ভোট কেন্দ্রে যাওয়া মানে এই দুর্বৃত্ত শাসনকে দীর্ঘায়িত করা, আগামীকাল ভোট কেন্দ্রে যাওয়া মানে এই চোর, এই লুটপাটকারী, খুনি-মাফিয়া-সন্ত্রাসী ওদের অবৈধ-দখলদারিত্বকে আরও সেখানে দীর্ঘায়িত করার সহযোগী হওয়া। কোনো সচেতন মানুষ এই দুর্বৃত্তদের এই খেলাতে কেউ অংশ গ্রহণ করতে পারে না। আমরা সেই কথা বলে আগামীকাল আমরা মানুষকে ঘরে থেকে যার যার চেতনা অনুসারে ভোটকে প্রত্যাখ্যান-বর্জন করে এই সরকারের প্রতি আপনারা আরেকবার অনাস্থা ব্যক্ত করবেন, লাল কার্ড দেখানোর মধ্য দিয়ে এই সরকারের বিদায়কে আপনারা নিশ্চিত করবেন।একই সঙ্গে নির্বাচন প্রক্রিয়ার সাথে জড়িত কর্মকর্তা-কর্মচারী, আইনশৃঙ্খলা রক্ষাকারী বাহিনীর সদস্যদের উদ্দেশ্যে সাইফুল হক বলেন, আপনারা পেশাগত দায়িত্ব পালন করেন। আওয়ামী লীগের অঙ্গসংগঠনের মতন করে এই ভোট ডাকাত এই ভোট চোর সরকারের ক্ষমতাকে প্রলম্বিত করবার জন্যে, দীর্ঘায়িত করবার জন্যে কোনোভাবে এদের সহযোগী হবেন না। নির্বাচনের প্রক্রিয়ার সাথে সম্পৃক্তদের বলতে চাই, বিবেকের দংশন থেকে এই অবৈধ ভোট ডাকাতির ভাগাভাগি যে নির্বাচন, ডামি নির্বাচন এই তৎপরতা থেকে নিজেদের প্রত্যাহার করুন।ভোট বর্জনের দাবিতে বেলা ১২টার দিকে গণতন্ত্র মঞ্চ বিজয় নগর, পল্টন মোড় সড়ক, তোপখানা রোডে মিছিল এবং এরপর তারা জাতীয় প্রেসক্লাবের সামনে সমাবেশ করে।‘ভোট আনতে টাকা দিচ্ছে’সাইফুল হক বলেন, একেকটা ভোটের দাম নাকি শুনছি এক হাজার টাকা থেকে ২ টাকায় বিক্রি হচ্ছে। কোথাও কোথাও নাকি দেড় হাজার, তিন হাজার, পাঁচ হাজার থেকে বেড়ে দশ হাজার টাকায় একেকটা ভোটের দাম নির্ধারণ করা হয়েছে। এভাবে তারা টাকা ছড়িয়ে দিচ্ছে, হাজার হাজার কোটি টাকা, পুলিশ প্রশাসন, ব্যবহার করে বাড়ি বাড়ি গিয়ে আওয়ামী লীগের লোকেরা হুমকি দিচ্ছে, পুলিশ হুমকি দিচ্ছে… তারা ভোট কেন্দ্রে আসার জন্য একটা পরোয়ানা জারি করে দিয়েছে, যারা ভোট কেন্দ্রে আসবে না তাদেরকে নাকি দেখে নেয়া হবে। এর নাম কি ভোট? এর নাম কি গণতন্ত্র?  শুনছি নির্বাচনের কেন্দ্র গুলোর আশে-পাশে নাকি আওয়ামী লীগ ব্যাপক খানা-পিনার ব্যবস্থা করবে। গরু-ছাগল-হাঁস-মুরগী অনেক কিছু কোরবানি দিয়ে একটা মানুষ জড়ো করার একটা তৎপরতা চলবে…. দেশব্যাপী লুটের টাকাটা ভোট ভোট দেখানোর জন্য তারা বণ্টন করছে। ভোট কেন্দ্রে নেবার জন্য মানুষকে গ্রেফতার করে একটা পরিস্থিতি তৈরি করে এরা ভোট কেন্দ্রে মানুষকে হাজির করতে চায়। এসব করে কি সরকার শেষ রক্ষা করতে পারবে ? ‘নাশকতা করে বিরোধী দলের ওপরে দোষ চাপাচ্ছে’গণসংহতি আন্দোলনের প্রধান সমন্বয়ক জোনায়েদ সাকি বলেন, গণতন্ত্র মঞ্চ আমরা পরিষ্কার করে বলেছি, আমরা জনগণের ঐক্যের ওপর দাঁড়িয়ে আমরা শক্তির ওপর দাঁড়িয়ে অহিংসভাবে এই একতরফা নির্বাচনের বিরুদ্ধে আন্দোলন করছি। আমরা বলেছি, সরকার নানা রকম ষড়যন্ত্র করছে, নানাভাবে তারা নাশকতার তৈরি করে তার দায় বিরোধী দলের আন্দোলনের ওপর চাপিয়ে দিচ্ছে।”‘‘বাংলাদেশের মানুষের কাছে আমরা আহ্বান জানাই এই যে মানুষের জীবন নিয়ে খেলা, এই খেলার বিরুদ্ধে আমাদেরকে সম্মিলিতভাবে রুখে দাঁড়াতে হবে। এই যে ট্রেনের ঘটনা ঘটেছে, আগুনে পুঁড়ে নিহত হতে দেখলাম… আমাদের তীব্র ক্ষোভ, শোক, ঘৃণা আমাদের প্রকাশের কোনো ভাষা নেই। আমরা আগেই বলেছিলাম এরকম নানা নাশকতার ঘটনা ঘটছে। এই ঘটনা কারা ঘটাচ্ছে সেগুলো খুঁজে বের করুন। আমরা স্বাধীন তদন্তের দাবি করেছি, আমরা এখনো দাবি করছি এই ঘটনা নিরপেক্ষ তদন্ত করে দোষীদের বিচারের ‍মুখোমুখি করতে হবে।তিনি বলেন, প্রধানমন্ত্রী বলেছেন, দেশে যে গণতন্ত্র আছে সেই গণতন্ত্রের জন্য আগামীকাল ভোট কেন্দ্রে যান, ভোট দেন। দেশে কি গণতন্ত্র আছে? মানুষ কি ভোট দিতে পারে? এই সময়ে কর্মী-সমর্থকরা সমস্বরে ‘না’ সূচক শ্লোগান দেন।সাকি বলেন, এই ভোট এটা মানুষের ভোট দেয়া নয়। মানুষের ভোটের অধিকার তার ভোটের কার্যকারিতা কেড়ে নিয়ে এরা ভোট নামক একটা তামাশা একটা রঙ্গমঞ্চ তৈরি করেছে। কাজেই তামাশার রঙ্গমঞ্চে বাংলাদেশের মানুষ অংশ নেবে না।এটাই আমাদের নীরব প্রতিবাদ হিসাবে প্রতিটি মানুষ ঘরে থেকে এই নীরব প্রতিবাদে অংশ নেবে।রাষ্ট্রীয় সুবিধাবাদী কার্ডধারীদের কার্ড বাতিলের হুমকি দিয়ে ভোট কেন্দ্রে আসার বিভিন্ন ঘটনা তুলে ধরে তিনি বলেন, এতো আপনাদের (সরকার) দাপট। সমস্ত রাষ্ট্রযন্ত্রকে ব্যবহার করে আপনারা দাপট দেখিয়ে যাচ্ছেন। তারপরও আপনারা ভয়ে কম্পমান। মানুষকে ভয় দেখানো ছাড়া ভোট কেন্দ্রে কাক-পক্ষীকেও তারা নিতে পারবে না।ঢাকা বিশ্ববিদ্যালয়ের ছাত্ররা তা অল্পসংখ্যক ছাত্র মেরুদণ্ড সোজা করে এই একতরফা ভোটের প্রতিবাদ করছে। সাড়ে তিন কোটি তরুণ যারা আজকে প্রথম ভোটার তাদের ভোটের অধিকার, ভোটের কার্যকারিতা কেড়ে নিয়ে এই সরকার তার নাগরিকদের যে অপমান করছে তার বিরুদ্ধে ওই ছাত্ররা দাঁড়িয়েছেন। আমরা দেখলাম, বিশ্ববিদ্যালয়ের প্রশাসন, আইনশৃঙ্খলা বাহিনী ও গোয়েন্দা সংস্থা তাদের টেলিফোন নাম্বার, পিতা-মাতার ফোন নাম্বার সব নিয়ে তাদের বাবা-মাকে টেলিফোন করছেন, হুমকি দিচ্ছেন ….এই হচ্ছে আপনাদের শক্তি…আপনারা ঢাকা বিশ্ববিদ্যালয়ের কয়েকজন ছাত্রের প্রতিবাদ সহ্য করতে পারছেন না।”ভোট বর্জন করে ‘নীরব’ প্রতিবাদের মধ্য দিয়ে সরকার পতন করার প্রত্যয় ব্যক্ত করেন গণতন্ত্র মঞ্চের এই নেতা।সভাপতির বক্তব্যে রাষ্ট্র সংস্কার আন্দোলনের প্রধান সমন্বয়কারী হাসনাত কাইয়ুম বলেন, ‘‘ আগামীকাল ৭ জানুয়ারি ভোট বর্জন করুন। ৭ জানুয়ারির পরে নতুন পর্যায়ে নতুন কর্মসূচি নিয়ে গণতন্ত্র মঞ্চ নতুন লড়াই, নতুন সংগ্রামের সূচনা করবে।রাষ্ট্র সংস্কার আন্দোলনের কেন্দ্রীয় নেতা প্রিতম দাসের সঞ্চালনায় সমাবেশে জাতীয় সমাজতান্ত্রিক দল-জেএসডির শহীদ উদ্দিন মাহমুদ স্বপন, ভাসানী অনুসারী পরিষদের হাবিবুর রহমান রিজু ও নাগরিক ঐক্যের মোফাখখারুল ইসলাম নবাব প্রমুখ বক্তব্য রাখেন।এছাড়া ১২ দলীয় জোট, জাতীয়তাবাদী সমমনা জোট, গণঅধিকার পরিষদ, গণফোরাম-পিপলস পার্টি, এলডিপি, লেবার পার্টি প্রভৃতি সংগঠন আলাদা আলাদাভাবে তোপখানা রোড ও বিজয় নগর সড়কে মিছিল করে ভোট বর্জনের আহ্বান জানায়।",0,0,1,1,False
" ঢাকার ভোটার হওয়ার কারণে জাতীয় পার্টির চেয়ারম্যান গোলাম মোহাম্মদ (জিএম) কাদের ভোট দিতে পারছেন না। আসন্ন দ্বাদশ জাতীয় সংসদ নির্বাচনে রংপুর-৩ আসন থেকে লাঙ্গল প্রতীকে প্রতিদ্বন্দিতা করলেও তিনি ভোটার হয়েছেন ঢাকার। তবে ভোট দিতে না পারলেও নির্বাচনের দিন নিজ আসনের ভোটের পরিস্থিতি ঘুরে দেখবেন এবং সারাদেশের ভোট পর্যবেক্ষণ করবেন। শনিবার (৬ জানুয়ারি) দুপুরে বিষয়টি নিশ্চিত করেছেন তার নির্বাচন পরিচালনা কমিটির সদস্য সচিব ও জেলা জাতীয় পার্টির সদস্য সচিব আলহাজ্ব আব্দুর রাজ্জাক।আব্দুর রাজ্জাক আরো জানান, জাতীয় পার্টির চেয়ারম্যান নির্বাচনের দিন রংপুরে অবস্থান করবেন। তিনি সকাল ৯টার মধ্যেই বাসা থেকে বের হয়ে ভোটকেন্দ্র পরিদর্শন করবেন। রংপুরে থেকেই সারাদেশের জাতীয় পার্টির নেতাকর্মীদের সঙ্গে যোগাযোগ রাখবেন এবং দেশের ভোট পর্যবেক্ষণ করবেন।জাপা সূত্রে জানা যায়, জিএম কাদের জন্মসূত্রে রংপুরের বাসিন্দা এবং এইচএসসি পর্যন্ত রংপুরেই পড়ালেখা করেছেন। মেকানিক্যাল বিএসসি ইঞ্জিনিয়ারিং শেষ করেন। শিক্ষাজীবন শেষে তিনি নারায়ণগঞ্জ ডকইয়ার্ডে মেকানিক্যাল প্রকৌশলী হিসেবে যোগদানের মাধ্যমে কর্মজীবন শুরু করেন। পরবর্তীতে বাংলাদেশ টোব্যাকো কোম্পানি, ইরাকের কৃষি মন্ত্রণালয় ও যমুনা তেল কোম্পানিতে চাকরি করেন।সবশেষ বাংলাদেশ পেট্রোলিয়াম কর্পোরেশনে পরিকল্পনা ও অপারেশন্স পরিচালক থাকাকালীন চাকরি থেকে পদত্যাগ করে রাজনীতিতে যুক্ত হন। জিএম কাদের মূলত বড়ভাই সাবেক রাষ্ট্রপতি ও জাতীয় পার্টির প্রতিষ্ঠাতা চেয়ারম্যান প্রয়াত হুসেইন মুহম্মদ এরশাদের আহ্বানে রাজনীতিতে যুক্ত হন। বর্তমানে তিনি জাতীয় পার্টির চেয়ারম্যান হিসেবে দায়িত্ব পালন করছেন।জিএম কাদের সপ্তম, অষ্টম, নবম ও একাদশ জাতীয় সংসদ নির্বাচনে সংসদ সদস্য হিসেবে নির্বাচিত হয়ে দায়িত্ব পালন করেন। তিনি লালমনিরহাট-৩ ও রংপুর-৩ আসন থেকে জাতীয় পার্টির মনোনয়নে সংসদ সদস্য নির্বাচিত হন। বেসামরিক বিমান পরিবহন ও পর্যটন মন্ত্রণালয় এবং বাণিজ্য মন্ত্রণালয়ের মন্ত্রীও ছিলেন জিএম কাদের।উল্লেখ্য, রংপুর-৩ আসনে সংসদ সদস্য হতে ছয়জন প্রতিদ্বন্দ্বিতা করছেন। সমঝোতার কারণে আওয়ামী লীগের প্রার্থী তুষার কান্তি মন্ডল প্রার্থিতা প্রত্যাহার করে নেন। জাপা চেয়ারম্যান ছাড়াও আসনটিতে যারা লড়ছেন তারা হলেন- বাংলাদেশ সুপ্রিম পার্টির আব্দুর রহমান রেজু, বাংলাদেশ কংগ্রেসের একরামুল হক, জাতীয় সমাজতান্ত্রিক দলের (জাসদ) সহিদুল ইসলাম, ন্যাশনাল পিপলস পার্টির শফিউল আলম ও ঈগল প্রতীক নিয়ে তৃতীয় লিঙ্গের প্রতিনিধি হিসেবে আনোয়ারা ইসলাম রানী।রংপুর-৩ আসনে মোট ভোটার ৪ লাখ ৯৪ হাজার ৭৬৮ জন। এরমধ্যে পুরুষ ভোটার ২ লাখ ৪৭ হাজার ৪৭২ জন এবং নারী ভোটার ২ লাখ ৪৭ হাজার ২৯৪ জন, আর তৃতীয় লিঙ্গের ভোটার মাত্র দুইজন। ১৭৫টি কেন্দ্রে এবং ১০১৬টি ভোট কক্ষে ভোটাররা তাদের ভোটাধিকার প্রয়োগ করবেন।",0,0,1,1,False
" ৭ জানুয়ারি সারাদেশে 'ডামি' ও ভাড়াটিয়া এমপি প্রার্থীদের 'ভোটার কেনার' অর্থ-উৎসবের প্রতিযোগিতা চলছে দাবি করে ১২ দলীয় জোটের শীর্ষ নেতৃবৃন্দ বলেছেন, আওয়ামী লীগ নির্লজ্জ ও বেহায়া রাজনৈতিক দলে পরিণত হয়েছে। এই নির্বাচনে জন-সম্পৃক্ততা না থাকায় আওয়ামী লীগ এখন দেউলিয়া হয়ে ভোট কেনা শুরু করেছে। নেতৃবৃন্দ বলেন, ২০১৪ ও ১৮ সালের মতই আজ রাত থেকেই ভোটের আনুষ্ঠানিকতা শুরু করবে আওয়ামী লীগ ও আইনশৃঙ্খলা বাহিনী। কারণ আওয়ামী লীগের অধীনে জনগণ ভোট কেন্দ্রে যাবে না। তাই রাতের ভোট-ই আওয়ামী লীগের এখন একমাত্র ভরসা।শনিবার দুপুরে প্রেসক্লাব, পল্টন এলাকায় 'আগামীকাল ভোট বর্জন ও অসহযোগ আন্দোলন, সফল করার লক্ষ্যে হরতাল সমর্থনে ১২ দলীয় জোট আয়োজিত বিক্ষোভ মিছিল শেষে সংক্ষিপ্ত বক্তব্যে নেতৃবৃন্দ এসব কথা বলেন। ১২ দলীয় জোটের মুখপাত্র ও বাংলাদেশ এলডিপির মহাসচিব শাহাদাত হোসেন সেলিম বলেন, এই ডামি নির্বাচনে ভোট দিতে জনগণ আগামীকাল ভোট কেন্দ্রে যাবে না। এই নির্বাচন জনগণ বর্জন করেছে। তিনি বলেন, আওয়ামী লীগের রাজনৈতিক ভাবে পরাজয় হয়েছে। তাই তারা জনগণের সাথে প্রতারণার মাধ্যমে নির্বাচন সম্পন্ন করতে চায়। তবে নির্বাচনের পরে এই ফ্যাসিস্ট সরকার আর ক্ষমতায় থাকতে পারবে না। বিদেশিরা এই সরকারের কাছ থেকে মুখ ফিরিয়ে নিয়েছে।১২ দলীয় জোটের প্রধান সমন্বায়ক ও  জাতীয় গণতান্ত্রিক পার্টি-জাগপার সহ-সভাপতি রাশেদ প্রধান বলেন, আওয়ামী লীগ নিজেরাই অগ্নি-সন্ত্রাস করে, আর দায় চাপায় বিরোধী দলের উপর। আওয়ামী লীগের অতীতের ইতিহাস অগ্নি-সন্ত্রাস করে মানুষকে কাবাব বানিয়ে পুড়ানোর ইতিহাস। সুতরাং বিএনপি -১২ দলীয় জোট অগ্নি-সন্ত্রাস করে না। আওয়ামী লীগই অগ্নি-সন্ত্রাসের জনক। তিনি বলেন, আমরা আন্দোলনে সফল হয়েছি। ইনশাআল্লাহ আগামীকাল জনগণ ভোট কেন্দ্রে যাবে না। জনগণ ভোট বর্জন করবে।জমিয়তে উলামায়ে ইসলাম বাংলাদেশের মহাসচিব মাওলানা গোলাম মহিউদ্দিন ইকরাম বলেন, এই সরকারের সময় শেষ, যে কোন সময় তাদের পতন হবে। জনগণ তাদের আর ক্ষমতায় দেখতে চায় না। আগামীকাল কেউ ভোট কেন্দ্রে যাবে না।হরতাল সমর্থনে বিক্ষোভ মিছিল শেষে বক্তব্য রাখেন, বাংলাদেশ এলডিপির মহাসচিব শাহাদাত হোসেন সেলিম, জমিয়তে উলামায়ে ইসলামি বাংলাদেশের মহাসচিব মাওলানা ড.গোলাম মহিউদ্দিন ইকরাম, জাতীয় গণতান্ত্রিক পার্টি-জাগপার সহ-সভাপতি ও ১২ দলীয় জোটের প্রধান সমন্বয়ক রাশেদ প্রধান, জাতীয় পার্টির (কাজী জাফর) ভাইস চেয়ারম্যান হান্নান আহমেদ বাবলু, বাংলাদেশ জাতীয় দলের ভাইস চেয়ারম্যান শামসুল আহাদ, বাংলাদেশ লেবার পার্টির চেয়ারম্যান লায়ন মো. ফারুক রহমান, বাংলাদেশ কল্যাণ পার্টির ভারপ্রাপ্ত চেয়ারম্যান মো. শামসুদ্দীন পারভেজ।উপস্থিত ছিলেন  বাংলাদেশ এলডিপির তমিজউদদীন টিটু, এম এ বাশার, আবদুল হাই নোমান, গোলাম মুর্তুজা মানিক, মো. ফরিদ উদ্দিন, জাতীয় পার্টির (কাজী জাফর) মো. ফারুক, জমিয়তে উলামায়ে ইসলাম বাংলাদেশের মুফতী আতাউর রহমান খান, মাওলানা এম এ কাসেম ইসলামাবাদী, জাগপার অধ্যাপক ইকবাল হোসেন, মনোয়ার হোসেন, মো. সাজু মিয়া, বাংলাদেশ জাতীয় দলের বেলায়েত হোসেন শামীম, আল মাসুদ হাসান, বাংলাদেশ কল্যাণ পার্টির মুহাম্মদ আবু হানিফ, উমার আল রাযী, ইমরান হোসেন, যুব জাগপার নজরুল ইসলাম বাবলু, এলডিপি যুবদলের ফয়সাল আহমেদ, যুব সংহতির নিজাম উদ্দিন সরকার,ছাত্র সমাজের কাজী ফয়েজ আহমেদ, মো. ফাহিম হোসেন, ছাত্র জমিয়ত বাংলাদেশের নিজাম উদ্দিন আল আদনান, হাফেজ খালেদ মাহমুদ,  মো. মিকাইল হোসাইন প্রমুখ।",0,0,1,1,False
" আওয়ামী লীগ সভাপতি ও প্রধানমন্ত্রী শেখ হাসিনা মন্তব্য করে বলেছেন, ২০০৮ সালের নির্বাচনে ৩০ সিট পয়ে হেরে যাওয়ায় বিএনপি নির্বাচনে আসতে ভয় পায়।বৃহস্পতিবার (৪ জানুয়ারি) বিকেলে নারায়ণগঞ্জ শহরের ইসদাইর এলাকায় শামসুজ্জোহা ক্রীড়া কমপ্লেক্স মাঠে আওয়ামী লীগের নির্বাচনী জনসভায় প্রধানমন্ত্রী এসব কথা বলেন।তিনি বলেন, আমরা ১৫ বছর সরকারে আছি। ২০০৮ সালের নির্বাচনে আমরা জয়লাভ করেছিলাম। সেবার বিএনপির নেতৃত্বে ২০ দলীয় ঐক্যজোট আর আওয়ামী লীগের নেতৃত্বে আমাদের মহাজোট ছিল। সেই নির্বাচনে শুধুমাত্র নৌকা মার্কায় আওয়ামী লীগ পেয়েছিল ২৩৩টি সিট। আর বিএনপি পেয়েছিল মাত্র ৩০ সিট। বাকিগুলো আমাদের যারা জোটে ছিল তারা পেয়েছিল। তারপর থেকে বিএনপি আর নির্বাচনে আসতে চায় না। তারা ভয় পায়। শেখ হাসিনা বলেন, ২০১৪ সালের নির্বাচন বন্ধ করার জন্য ২০১৩ থেকে তারা অগ্নিসন্ত্রাস শুরু করে। তিন হাজারের ওপর তারা মানুষ পুড়িয়েছে। তার মধ্যে ৫০০ মানুষ মারা গেছে। তিন হাজার আটশ’র বেশি গাড়ি পুড়িয়ে দিয়েছে। জ্বালাও-পোড়াও, মানুষ খুন এটাই হচ্ছে বিএনপির একমাত্র গুণ। এটাই তারা পারে। আর কিছু পারে না। মানুষকে কিছু দিতে পারে না।  এর আগে, বিকেল সোয়া ৩টার দিকে শহরের একেএম শামসুজ্জোহা ক্রীড়া কমপ্লেক্স মাঠে জনসভাস্থলে পৌঁছান প্রধানমন্ত্রী শেখ হাসিনা। জনসভাস্থলে পৌঁছালে নেতাকর্মীরা তাকে স্লোগানে স্লোগানে বরণ করে নেন। প্রধানমন্ত্রীও হাত নেড়ে উপস্থিত জনতাকে শুভেচ্ছা জানান।প্রধানমন্ত্রী বিকেল পৌনে ৪টায় বক্তব্য শুরু করেন। বক্তব্য চলাকালে আসরের আজান শুনে বিরতি দেন তিনি, আজান শেষ হলে ফের বক্তব্য শুরু করেন প্রধানমন্ত্রী।দলীয় সূত্র জানায়, সর্বশেষ ২০০৮ সালে নবম জাতীয় সংসদ নির্বাচন উপলক্ষ্যে নারায়ণগঞ্জ শহরের ওসমানী পৌর স্টেডিয়ামে নির্বাচনী জনসভায় এসেছিলেন আওয়ামী লীগ সভাপতি শেখ হাসিনা।",0,0,1,1,False
" দ্বাদশ জাতীয় সংসদ নির্বাচনে ৭ জানুয়ারি ভোটের শান্তিপূর্ণ পরিবেশ বজায় রাখার আহ্বান জানিয়ে গত শুক্রবার কমনওয়েলথ মহাসচিবের দেয়া এক প্রেস বিবৃতির প্রতিক্রিয়া জানিয়েছে বাংলাদেশ জাতীয়তাবাদী দল (বিএনপি)। শনিবার (৬ জানুয়ারি) দলটির সিনিয়র যুগ্ম মহাসচিব রুহুল কবির রিজভী স্বাক্ষরিত এক বিবৃতিতে এ প্রতিক্রিয়া জানায়।কমনওয়েলথ মহাসচিব বাংলাদেশে নির্বাচনের ঠিক ২ দিন আগে এ বিবৃতি দিয়েছেন। যেখানে ৭ জানুয়ারি ২০২৪, জনগণের ইচ্ছার বিরুদ্ধে নির্বাচন হতে চললেও ওইদিন ‘একটি অনুকূল পরিবেশে নাগরিকদের জন্য শান্তিপূর্ণভাবে তাদের ভোটাধিকার প্রয়োগ করতে’ বাংলাদেশের সকল রাজনৈতিক ও নাগরিক নেতাদের অবদান রাখতে আহ্বান জানানো হয়েছে।বিএনপির বিবৃতিতে বলা হয়- কমনওয়েলথ মহাসচিবের এমন আহ্বান বাংলাদেশের গণতন্ত্রপ্রেমী জনগণকে হতবাক করেছে। যারা এক দশকেরও বেশি সময় ধরে শাসন থেকে বঞ্চিত হয়েছে। কিন্তু তিনি প্রহসনমূলক ৭ জানুয়ারির নির্বাচনকে ঘিরে অনেক গুরুত্বপূর্ণ বিষয় মিস করেছেন। তার বক্তব্য বাংলাদেশের বাস্তবতাকে প্রতিফলিত করে না। আমরা বিশ্বাস করি, তার বক্তব্য গণতন্ত্রপন্থি বাংলাদেশিদের আকাঙ্ক্ষা ও আকাঙ্ক্ষার পরিপন্থি, যারা এক দশকেরও বেশি সময় ধরে একটি অবাধ, সুষ্ঠু, অন্তর্ভুক্তিমূলক এবং বিশ্বাসযোগ্য নির্বাচনের জন্য সংগ্রাম করে আসছে।বিএনপির দাবি, প্যাটিসিয়া স্কটল্যান্ডকে অবশ্যই সচেতন থাকতে হবে যে, বাংলাদেশের সব প্রধান গণতন্ত্রপন্থি রাজনৈতিক দল আসন্ন নির্বাচন বয়কট করেছে। শুধু ক্ষমতাসীন দলের মনোনীত ডামি/স্বতন্ত্র প্রার্থী এবং ক্ষমতাসীন দলের আশীর্বাদ নিয়ে ভুয়া বিরোধীদের নির্বাচনে অংশগ্রহণ করানো হয়। যেহেতু নির্বাচনের ফল ইতোমধ্যেই পূর্বনির্ধারিত এবং জনগণের কাছে প্রকৃত প্রতিদ্বন্দ্বীদের মধ্য থেকে বেছে নেয়ার কোনো বিকল্প নেই। কোনো অনুকূল পরিবেশ এবং সমান খেলার সুযোগ নেই, ভোটাররাও একতরফা ভোট প্রত্যাখ্যান করেছে। শাসকদল এখন ভোটকেন্দ্রে জনগণের উপস্থিতি প্রদর্শনের জন্য বিভিন্ন অনৈতিক পদক্ষেপ নিয়েছে যাতে ভোটার বা ভোটার নন এমন ব্যক্তিদের বলপ্রয়োগ ও ভয়ভীতি প্রদর্শনের মাধ্যমে ভোটকেন্দ্রে নিয়ে নির্বাচনকে অংশগ্রহণমূলক দেখানো যায়।বলা হয়, এ ধরনের কাল্পনিক গল্পগুলো স্থানীয় মিডিয়া (সীমাবদ্ধতা সত্ত্বেও), সোশ্যাল মিডিয়া এবং খ্যাতিমান আন্তর্জাতিক প্রিন্ট এবং ইলেকট্রনিক মিডিয়া দ্বারা ভালোভাবে কভার করা হয়েছে। তবে কমনওয়েলথ সচিবালয় এবং পরিদর্শনকারী কর্তৃপক্ষকে অবশ্যই সচেতন হওয়া উচিত যে, গত ৩ মাসে বিচারবহির্ভূত হত্যা, জোরপূর্বক গুম এবং নির্বিচারে ব্যাপক গ্রেপ্তারের মতো চরম মানবাধিকার লঙ্ঘনের মাধ্যমে দুঃশাসন, সন্ত্রাস ও ভয়ের অবস্থা তৈরি করা হয়েছে। কাল্পনিক অভিযোগে কারাগারে বন্দি বিএনপির মহাসচিব ও এর শীর্ষ নেতাসহ ২৭ হাজারের বেশি বিরোধী ভিন্নমতাবলম্বী নেতাকর্মী। পুলিশ হেফাজতে অসংখ্য মানুষ নিহত, নির্যাতন ও মারা গেছেন।বিএনপির বিবৃতিতে বলা হয়, সমস্ত গণতান্ত্রিক বিশ্ব এবং আমাদের আন্তর্জাতিক অংশীদার যারা আইনের শাসন এবং উদার মূল্যবোধে বিশ্বাসী তারাও বাংলাদেশে একটি আন্তর্জাতিক মানের অবাধ, সুষ্ঠু, অন্তর্ভুক্তিমূলক এবং বিশ্বাসযোগ্য নির্বাচনের জন্য তাদের মতামত ব্যক্ত করেছেন।অন্যদিকে, সব গণতন্ত্রপন্থী রাজনৈতিক দলকে নির্বাচন থেকে বাধ্য করে, ভয়ের সংস্কৃতি তৈরি করে এবং ডামি প্রার্থী, ডামি নির্বাচন পর্যবেক্ষক এবং ডামি ভোটারদের দ্বারা একটি মঞ্চস্থ নির্বাচনের পরিকল্পনা করে। বাংলাদেশের ক্ষমতাসীন স্বৈরাচারী শাসন পরিচালনা করছে। এটি একটি ভুয়া নির্বাচন।আরো বলা হয়, বাংলাদেশের জনগণ গণতন্ত্র, মানবাধিকার এবং মত প্রকাশের স্বাধীনতার প্রতি কমনওয়েলথের অঙ্গীকার স্বীকার করে। কমনওয়েলথের মহাসচিব যদি সত্যিকার অর্থে বাংলাদেশের জনগণের অনুভূতির প্রতিধ্বনি করতে চান, যেমন তিনি তার বিবৃতিতে উল্লেখ করেছেন, জনগণ তার কাছে একটি নিরপেক্ষ সরকার ও প্রশাসনের অধীনে জনগণের ভোটের অধিকার আদায়ে সক্রিয় ভূমিকা পালন করবে বলে প্রত্যাশা করে। কিন্তু তার বক্তব্য বাস্তবতার সংস্পর্শের বাইরে, কারণ ৭ জানুয়ারি এ প্রহসনমূলক অনুশীলনটি জাতিসংঘের মানবাধিকার ঘোষণার অনুচ্ছেদ ২১ এবং ২১-এর অধীনে কোনো মানদণ্ডের নির্বাচন হিসাবে স্বীকৃত বা আখ্যায়িত হওয়ার ন্যূনতম যোগ্যতাও পূরণ করে না।",0,0,1,1,False
" দ্বাদশ জাতীয় সংসদ নির্বাচন বর্জন করার জন্য বিএনপি আবারও নতুন কর্মসূচি ঘোষণা করেছে। সে অনুযায়ী শুক্রবার (৫ জানুয়ারি) ঢাকাসহ সারা দেশে মিছিল ও গণসংযোগ করবে বিএনপি।বৃহস্পতিবার (৪ জানুয়ারি) দুপুরে এক ভার্চুয়াল সংবাদ সম্মেলনে বিএনপির সিনিয়র যুগ্ম মহাসচিব রুহুল কবির রিজভী এই ঘোষণা দেন।তিনি জনগণের উদ্দেশে বলেন, আমরা আগামী ৭ জানুয়ারি প্রহসনের সংসদ নির্বাচন বর্জন করতে দেশবাসী ও সম্মানিত ভোটারদের প্রতি আহ্বান জানাই।তিনি বলেন, একতরফা নির্বাচনে সরকার নিজেরা নিজেরা পরিকল্পিতভাবে সহিংসতা ঘটিয়ে বিএনপি ও বিরোধীদলীয় নেতাকর্মীদের ওপর দোষ চাপাচ্ছে। গণতন্ত্র মঞ্চ ও গণঅধিকার পরিষদের কর্মসূচিতে ক্ষমতাসীন দলের নেতাকর্মীরা হামলা করেছে। আমি এসব ঘটনায় তীব্র নিন্দা ও প্রতিবাদ জানাচ্ছি।গত ২৮ অক্টোবর নয়াপল্টনে বিএনপির মহাসমাবেশ পণ্ড হওয়ার পর ২৯ অক্টোবর থেকে দলটি চার দফা হরতাল ও ১৩ দফা অবরোধ কর্মসূচি পালন করে। এরপর লিফলেট বিতরণ ও গণসংযোগ কর্মসূচি দিয়ে আসছে দলটি। এরই ধারাবাহিকতায় নতুন করে এই কর্মসূচির ঘোষণা দিলো বিএনপি।",0,0,1,1,False
"  ভোটের মাঠে জমিদার সাহেবের টাকা বিতরণ বড় চ্যালেঞ্জ এমন মন্তব্য করে রাজশাহী-১ (গোদাগাড়ী-তানোর) আসনের স্বতন্ত্র প্রার্থী শারমিন আক্তার নিপা (চিত্রনায়িকা মাহিয়া মাহি) অভিযোগের আঙুল তুলেছেন একই আসনের আওয়ামী লীগের বর্তমান সংসদ সদস্য ও নৌকা প্রার্থী ওমর ফারুক চৌধুরীর বিরুদ্ধে।বৃহস্পতিবার (৪ জানুয়ারি) সকাল সাড়ে ১১টার দিকে রাজশাহীর তানোর উপজেলার মন্ডুমালা বাজারে নির্বাচনী কার্যালয়ে সংবাদ সম্মেলনে তিনি এসব কথা বলেন। এ সময় ১৭ দফার ইশতেহার ঘোষণা করেন স্বতন্ত্র প্রার্থী মাহিয়া মাহি।১৭ দফার নির্বাচনী ইশতেহার ঘোষণা করে স্বতন্ত্র প্রার্থী মাহিয়া মাহি ভোটারদের উদ্দেশে বলেন, জমিদারের লোকেরা টাকা দিলে নিয়ে নিবেন। কিন্তু ভোটটা ট্রাক প্রতীকেই দিবেন।তিনি জমিদার সম্মোধন করে আরো বলেন, জমিদারের অত্যাচার থেকে তানোর-গোদাগাড়ীবাসীকে মুক্ত করার জন্যই তিনি নির্বাচনে নেমেছেন। জয়-পরাজয় যেটাই আসুক না কেন, নির্বাচন শেষেও এলাকার মানুষের পাশে থাকবেন ও দ্বারে দ্বারে যাবেন বলেও আশ্বাস দেন মাহিয়া মাহি।",0,0,1,1,False
" বাংলাদেশের নির্বাচন ও গণতান্ত্রিক ব্যবস্থার বিরুদ্ধে ওয়াশিংটন-ভিত্তিক সংগঠন রাইট টু ফ্রিডমের সভাপতি ও রাষ্ট্রদূত উইলিয়াম বি মাইলামের বিবৃতির নিন্দা ও প্রতিবাদ জানিয়েছে বিশ্ববিদ্যালয় শিক্ষকদের সংগঠন ইআরডিএফবি।দেশের ৪৪টি নিবন্ধিত দলের মধ্যে ৩০টি অংশগ্রহণ করার পরেও বাংলাদেশের নির্বাচন ব্যবস্থাকে নিয়ে মার্কিন প্ল্যাটফর্ম ‘রাইট টু ফ্রিডমের’ উদ্বেগকে এডুকেশন, রিসার্চ অ্যান্ড ডেভেলপমেন্ট ফোরাম অব বাংলাদেশ (ইআরডিএফবি) বিশেষ দলের প্রতি রাজনৈতিক সমর্থন হিসেবে দেখছে বলে বৃহস্পতিবার এক বিজ্ঞপ্তিতে বলা হয়।সম্প্রতি এক বিবৃতিতে উইলিয়াম বি মাইলাম বলেছেন, বিগত ২০১৪ ও ২০১৮ সালের নির্বাচনের পর ২০২৪ সালের জাতীয় নির্বাচনের ঝুঁকি নিয়ে বিদেশী বন্ধুরা উদ্বেগ জানিয়ে আসছেন।মাইলামের এই বক্তব্যের প্রতিবাদ জানিয়ে, বিশ্ববিদ্যালয় মঞ্জুরী কমিশন (ইউজিসির) সদস্য এবং ইআরডিএফবির সভাপতি অধ্যাপক সাজ্জাদ হোসেন বলেন, প্রধানমন্ত্রী শেখ হাসিনার উদারনৈতিক রাজনীতির ফলস্বরূপ নির্বাচন কমিশন স্বাধীন ভাবে কাজ করছেন। মোট ৩৫ দেশের ১৮০ জন বিদেশী পর্যবেক্ষণ আসছেন আসন্ন জাতীয় নির্বাচন। ইতোমধ্যে ১০ দেশ তাদের পর্যবেক্ষণ নিশ্চিত করেছে। বাংলাদেশের নির্বাচন নিয়ে পশ্চিমা শক্তির বাইরে কোন দেশের উদ্বেগ নেই জানিয়ে তরুণসহ সকল ভোটারকে নির্বাচনে স্বাধীনভাবে ভোটাধিকার প্রয়োগের আহবান জানান অধ্যাপক সাজ্জাদ। সকল রাজনৈতিক মতাদর্শের বাইরে গিয়ে ৪৪টি নিবন্ধিত দলের মধ্যে ৩০টির প্রার্থী অংশ গ্রহণ করছে আসন্ন নির্বাচনে যেখানে ক্ষমতাসীন দলের অনেকই কঠিন প্রতিযোগিতার সম্মুখীন হচ্ছেন বলে দাবি ইআরডিএফবির।অধ্যাপক সাজ্জাদ হোসেন বলেন, ৭ জানুয়ারির সাধারণ নির্বাচনে ২৮টি নিবন্ধিত দল প্রতিদ্বন্দ্বিতা করায় প্রধানমন্ত্রী শেখ হাসিনা সকল রাজনৈতিক মতাদর্শের জন্য সমান স্থান নিশ্চিত করেছেন এবং নির্বাচন কমিশন জিরো টলারেন্সের ভূমিকা পালন করছে। মার্কিন ও পশ্চিমা মহল বিশ্বের বিভিন্ন কোণে সেনা মোতায়েন করে শান্তি ও গণতন্ত্র বিনষ্টে জড়িত রয়েছে বলে দাবি করছে শিক্ষাবিদদের এই সংগঠন।ইআরডিএফবি সভাপতি আরো বলেন, পশ্চিমা দেশগুলো অস্ত্র ব্যবসা বাড়ানোর জন্য যুদ্ধে ইন্ধন যোগাচ্ছে এবং উপসাগরীয় প্রতিরক্ষাকারীরা প্রতিটি ক্ষেপণাস্ত্র কেনার জন্য মিলিয়ন মিলিয়ন ডলার প্রদান করছে। ইরাক, লিবিয়া, ইয়েমেন, সিরিয়ার মতো আরব দেশগুলো পরিকল্পিতভাবে ধ্বংসযজ্ঞ চালাচ্ছে মার্কিন সেনারা। মানুষ বাস্তুচ্যুত হয়েছে এবং সম্পদ লুট হয়েছে। এখন পর্যন্ত ২১ হাজারেরও বেশি ফিলিস্তিনি নিহত হয়েছে।আসন্ন ৭ জানুয়ারির সাধারণ নির্বাচনে গণতন্ত্রের উৎসবে যোগ দিয়ে স্বাধীন বাংলাদেশের বিরুদ্ধে বিদেশি ষড়যন্ত্রের জবাব দিতে তরুণ-তরুণীসহ জনগণের প্রতি আহ্বান জানিয়েছেন অধ্যাপক সাজ্জাদ হোসেন।",0,0,1,1,False
" সরকারকে বিদায় নিতেই হবে মন্তব্য করে বিএনপির স্থায়ী কমিটির সদস্য ড. আবদুল মঈন খান বলেছেন, ক্ষমতাসীন আওয়ামী লীগ সরকার দেশের নির্বাচন ব্যবস্থা ধ্বংস করেছে। গণতান্ত্রিক বিশ্ব এই নির্বাচনকে সমর্থন করছে না।বৃহস্পতিবার (৪ জানুয়ারি) দুপুরে রাজধানীর জাতীয় প্রেসক্লাবের সামনে এক সমাবেশে প্রধান অতিথির বক্তব্যে তিনি এসব কথা বলেন।ড. আবদুল মঈন খান সরকারের উদ্দেশে বলেন, জনগণের সঙ্গে প্রতারণা করে কিছুদিন হয়তো ক্ষমতায় থাকা যাবে। তবে আজ হোক বা কাল হোক আওয়ামী লীগ সরকারকে বিদায় নিতেই হবে। জনগণকে সঙ্গে নিয়ে ঐক্যবদ্ধ ও শান্তিপূর্ণ আন্দোলনের মাধ্যমে আমরা এই সরকারের বিদায় করেই ঘরে ফিরব ইনশাআল্লাহ।‘প্রহসনের নির্বাচন বর্জন ও সর্বাত্মক অসহযোগ আন্দোলনের সমর্থনে জনসংযোগ ও লিফলেট বিতরণ‘ কর্মসূচির আয়োজন করে বাংলাদেশ সম্মিলিত পেশাজীবী পরিষদ (বিএসপিপি)।অ্যাসোসিয়েশন অব ইঞ্জিনিয়ার্স বাংলাদেশ- এ্যাব‘র সভাপতি প্রকৌশলী রিয়াজুল ইসলাম রিজুর সভাপতিত্বে ও বিএসপিপির সদস্য সচিব কাদের গণি চৌধুরীর সঞ্চালনায় অনুষ্ঠানে বক্তব্য দেন ফেডারেল সাংবাদিক ইউনিয়নের সভাপতি রুহুল আমিন গাজী, বরেণ্য রাষ্ট্রবিজ্ঞানী অধ্যাপক দিলারা চৌধুরী, জিয়া পরিষদের ডা. আবদুল কুদ্দুস, ইউট্যাবের প্রেসিডেন্ট অধ্যাপক ড. এবিএম ওবায়দুল ইসলাম, সাবেক যুগ্ম সচিব তপন মজুমদার, ঢাকা বিশ্ববিদ্যালয় সাদা দলের আহ্বায়ক অধ্যাপক লুৎফর রহমান, জাহাঙ্গীরনগর বিশ্ববিদ্যালয়ের অধ্যাপক ড. শামসুল আলম সেলিম, কৃষিবিদ ড. জিকেএম মোস্তাফিজুর রহমান, ড. এমতাজ হোসেন, ড্যাবের ডা. মো. মেহেদী হাসান, এডভোকেট আবেদ রাজা, রফিকুল ইসলাম, ডিইউজের সাঈদ খান, এ্যামট্যাবের দবির উদ্দিন তুষার প্রমুখ।এ সময় আরও উপস্থিত ছিলেন এ্যাবের মহাসচিব প্রকৌশলী আলমগীর হাছিন আহমেদ, প্রকৌশলী মো. মোস্তাফা-ই জামান সেলিম, প্রকৌশলী একেএম আসাদুজ্জামান চুন্নু, মৎস্যজীবী দলের অধ্যক্ষ সেলিম মিয়া, ডা. রফিকুল কবির লাবু, ডা. আদনান হাসান মাসুদ, অধ্যাপক ড. শেখ মনির উদ্দিন, অধ্যাপক ড. এম এ করিম, আবদুল্লাহিল মাসুদ, যুবদলের কামাল আনোয়ার আহমেদসহ বিভিন্ন পেশাজীবী সংগঠনের নেতাকর্মীরা।রাষ্ট্রবিজ্ঞানী অধ্যাপক দিলারা চৌধুরী বলেন, এই বয়সে আমার চাওয়া পাওয়ার কিছু নেই। আমি বিবেকের তাড়নায় রাজপথে দাঁড়িয়েছি। বাংলাদেশ আজ খাদের কিনারায়। মহান মুক্তিযুদ্ধের যে সনদ সাম্য, আইনের শাসন ও গণতন্ত্র এখানে নেই। পরপর কতগুলো প্রহসনের নির্বাচনের মাধ্যমে দেশের মানুষের অধিকার কেড়ে নেওয়া হয়েছে। ডান্ডাবেরি পড়ে একজন রাজবন্দির মৃত্যু হয়!তিনি বলেন, আজকে সবাই চিন্তা করুন ও ভাবুন আমরা কোথায় এসে দাঁড়িয়েছি? মনে রাখতে হবে দেশ ক্ষতিগ্রস্ত হলে আমরা সবাই ক্ষতিগ্রস্ত হবো।দ্বাদশ সংসদ নির্বাচন প্রসঙ্গে দিলারা চৌধুরী বলেন, এ ধরনের প্রহসনের নির্বাচন বর্জন করুন। আজকে ড. ইউনূসের মতো ব্যক্তিকে সাজা দেওয়া হয়েছে। তাহলে আপনার আমার অবস্থা কোথায়? আপনারা বাংলাদেশকে কোথায় নিতে চান? চলমান আন্দোলন শুধু বিএনপির একার নয়। এটা দেশের সকল জনগণের আন্দোলন।ইউট্যাবের প্রেসিডেন্ট ড. এবিএম ওবায়দুল ইসলাম বলেন, আমাদের দফা এখন দাবি এক। এই সরকারকে পদত্যাগ করে নির্দলীয় নিরপেক্ষ তত্ত্বাবধায়ক সরকারের অধীনে নির্বাচন দিতে হবে। কেননা দেশের মানুষ বিগত কোনো নির্বাচনে জনগণ ভোট দিতে পারেনি। তারা ভোটের স্বাদ পায়নি। অথচ জনগণ ভোট দিতে চায়। সুতরাং আমরা এই সরকারের আসন্ন প্রহসনের নির্বাচন বর্জন করছি।সভাপতির বক্তব্যে প্রকৌশলী রিয়াজুল ইসলাম রিজু বলেন, আওয়ামী লীগ সরকার পরিকল্পিতভাবে দেশের সাংবিধানিক প্রতিষ্ঠানগুলো ধ্বংস করেছে। এই সরকারের অধীনে নির্বাচন হওয়া মানে রীতিমতো ডাকাতি। সুতরাং সচেতন দেশবাসী ও সম্মানিত ভোটারদের প্রতি আহ্বান আপানারা ৭ জানুয়ারি ভোট কেন্দ্রে যাবেন না।",0,0,1,1,False
" ঝিনাইদহে প্রতিদ্বন্দ্বী দুই প্রার্থীর কর্মী ও সমর্থকরা শহরের ২টি স্থানে একই সময়ে নির্বাচনী সভা আহ্বান করায় দুপুর ১২টা থেকে সন্ধ্যা ৭টা পর্যন্ত ১৪৪ ধারা জারি করেছে জেলা প্রশাসন।বৃহস্পতিবার (৪ জানুয়ারি) সকালে ঝিনাইদহ শহরের ওয়াজীর আলী স্কুল মাঠ ও পানি উন্নয়ন বোর্ড মাঠে ১৪৪ ধারা জারি করা হয়। ঝিনাইদহের জেলা প্রশাসক এসএম রফিকুল ইসলাম বলেন, ঝিনাইদহ শহরে একই সময়ে পৃথক দুই স্থানে প্রতিদ্বন্দ্বী দুই প্রার্থীর সমর্থকরা সভা আহ্বান করেছে। এতে আইনশৃঙ্খলা পরিস্থিতির অবনতি হওয়ার শঙ্কায় দুপুর ১২টা থেকে আজ সন্ধ্যা ৭টা পর্যন্ত ১৪৪ ধারা জারি করা হয়।তিনি বলেন, ওই দুই এলাকায় ৪০০ গজের মধ্যে জননিরাপত্তার স্বার্থে সব ধরনের সভা-সমাবেশ, গণজমায়েত ও মিছিল-মিটিং সম্পূর্ণ অবৈধ ঘোষণা করা হয়েছে। এ আদেশ অমান্য করলে জড়িতদের বিরুদ্ধে আইনানুগ ব্যবস্থা গ্রহণ করা হবে।",0,0,1,1,False
" দেশ ও জাতির স্বার্থে ৭ জানুয়ারি ভোট বর্জন করার আহ্বান জানিয়েছেন বিএনপির সিনিয়র যুগ্ম মহাসচিব অ্যাডভোকেট রুহুল কবির রিজভী।তিনি বলেন, শুধু বিনা ভোটে অবৈধভাবে ক্ষমতা কুক্ষিগত করে রাখার জন্য গত ১৫ বছর ধরে অব্যাহতভাবে সংবিধান লঙ্ঘন করে চলেছে সরকার। সংবিধানকে দুমড়ে-মুচড়ে কাগজের নৌকা বানিয়েছে তারা। গত তিনটি নির্বাচনে দেশের তরুণ প্রজন্ম ভোট দিতে পারেনি। তাদের ভোট ডাকাতি করা হয়েছে। এভাবে ভোটাধিকার হরণ করে দেশের জনগণকে রিফিউজিতে পরিণত করেছে। অতএব ৭ জানুয়ারি নির্বাচন বর্জন করুন।নির্বাচন বর্জনে ও অসহযোগ আন্দোলনের পক্ষে বৃহস্পতিবার (৪ জানুয়ারি) সকালে রাজধানীর উত্তরা রাজউক কলেজের সামনে লিফলেট বিতরণ শেষে এ আহ্বান জানান রিজভী।এ সময় আরও উপস্থিত ছিলেন ঢাকা মহানগর উত্তর বিএনপির যুগ্ম আহ্বায়ক কফিল উদ্দিন, দক্ষিণখান বিএনপির আহ্বায়ক মোতালেব হোসেন রতন, যুগ্ম আহ্বায়ক আকরাম হোসেন, দক্ষিণখান শ্রমিকদলের সাধারণ সম্পাদক সাইফুল ইসলাম সুরুজ, কেন্দ্রীয় ছাত্রদলের যুগ্ম সাধারণ সম্পাদক ডা. তৌহিদুর রহমান আউয়াল, ঢাকা মহানগর উত্তর ছাত্রদলের সাবেক আহ্বায়ক জসিম সিকদার রানা, ঢাবি ছাত্রদলের যুগ্ম সম্পাদক রাজু আহমেদ, প্যাব দপ্তর সম্পাদক হাসান, কেন্দ্রীয় ছাত্রদল নেতা ডা. মুনতাসির, ডা. রাহাত, ডা. দিয়া, আশরাফুল আসাদসহ নেতারা।রিজভী বলেন, জোর করে জবরদস্তি করে ডামি ও একতরফা নির্বাচন করে দেশের বিপদ ডেকে আনবেন না। এভাবে পাতানো নির্বাচন করে, জনগণের সঙ্গে প্রতারণা করে ক্ষমতা ধরে রাখা যাবে না। ডামি নির্বাচনের বিরুদ্ধে অবস্থান নিয়ে সকল পর্যায়ের মানুষকে ভোট বর্জনের আহ্বান জানান তিনি।",0,0,1,1,False
" নির্বাচন বর্জন ও গ্রেপ্তারকৃত নেতাকর্মীদের মুক্তির দাবিতে আগামী ৬ জানুয়ারি সকাল ৬টা থেকে ৮ জানুয়ারি সকাল ৬টা পর্যন্ত ৪৮ ঘণ্টার হরতাল কর্মসূচি ঘোষণা করেছে বিএনপি।বৃহস্পতিবার (৪ জানুয়ারি) বিকেলে এক জরুরি ভার্চুয়াল সংবাদ সম্মেলনে এ ঘোষণা দেন দলটির সিনিয়র যুগ্ম মহাসচিব রুহুল কবির রিজভী।এছাড়া, শুক্রবার (৫ জানুয়ারি) মিছিল ও গণসংযোগ কর্মসূচি ঘোষণা দেয়া হয়েছে।এ সরকারের পদত্যাগ ও নির্দলীয় নিরপেক্ষ সরকারের অধীনে নির্বাচনের দাবিতে দেশব্যাপী সর্বাত্মক এ হরতাল কর্মসূচি ঘোষণা করেছে বিএনপি।",0,0,1,1,False
" প্রধানমন্ত্রী শেখ হাসিনা বলেছেন, দোয়া করবেন, এখনো চক্রান্ত শেষ হয়নি। ষড়যন্ত্র এখনো চলছে। তারা (বিএনপি-জামায়াত চক্র) এখন নির্বাচন বাতিলের দাবি করছে। তারা জানে জনগণ তাদের বর্জন করেছে। এ কারণেই তারা নির্বাচনে অংশ নিতে চায় না। তাই, তারা নির্বাচনী প্রক্রিয়াকে ধ্বংস করে ক্ষমতা যাওয়ার জন্য বিভিন্ন উপায় খুঁজছে। তারা এখন নির্বাচনে আলোর পথ এড়িয়ে অন্ধকারের গলির দিকে তাকিয়ে আছে।টানা চতুর্থ মেয়াদে সরকার গঠনের পর মঙ্গলবার (১৬ জানুয়ারি) গণভবনে প্রবাসী আওয়ামী লীগ নেতৃবৃন্দের সঙ্গে সাক্ষাতে শেখ হাসিনা আরো বলেন, দোয়া করবেন, এখনো চক্রান্ত শেষ হয়নি। এখনো শুনি তারা আবার লাফালাফি করে। নির্বাচন বাতিল করতে হবে, এই করতে হবে সেই করতে হবে। যাই হোক জনগণের ভোটে আমরা সরকারে এসেছি জনগণের কল্যাণেই কাজ করে যাব। ২০০৮ সালের সংসদীয় নির্বাচনের প্রসঙ্গ উল্লেখ করে প্রধানমন্ত্রী বলেন, ওই নির্বাচনে বিএনপি-জামায়াত জোট মাত্র ৩০টি আসন পেয়েছিল। অপরদিকে বাংলাদেশ আওয়ামী লীগ এককভাবে ২৩৩ আসন পেয়েছিল। তখন থেকেই তারা কোনো নির্বাচনে আসতে চায় না। তারা বাস, লঞ্চ এবং ট্রেনে আগুন লাগিয়ে মানুষকে পুড়িয়ে মারছে। তারা যত বেশি সন্ত্রাসী কর্মকাণ্ড অগ্নিসন্ত্রাস করবে, জনগণ তত বেশি তাদের প্রত্যাখ্যান করবে।আওয়ামী লীগ সভাপতি ও প্রধানমন্ত্রী শেখ হাসিনা বলেন, ‘কাজেই তারা জানে যে, জনগণ বিএনপি-জামায়াত জোটকে বর্জন করেছে সেজন্য নির্বাচন করতে চায় না। এজন্যই নির্বাচন বানচাল করে কীভাবে অবৈধভাবে ক্ষমতায় যাওয়া যায় তারা সেই পথ খুঁজে বেড়ায়। অন্ধকার গলি খুঁজে বেড়ায়, আলো ঝলমল নির্বাচন আর জনগণের পথ হারিয়ে ফেলে। শেখ হাসিনা বিএনপি সম্পর্কে বলেন, তাদের একটাই দক্ষতা আছে, অগ্নিসন্ত্রাস, বাসে আগুন, লঞ্চে ট্রেনে আগুন দেওয়া, রেলের লাইন খুলে দিয়ে, রেলের পাত খুলে ফেলে মানুষ হত্যা করা। মানুষ মারার ফাঁদ পাতায় তারা ওস্তাদ। তাদেরকে জনগণ শুধু নির্বাচন নয়, বারবারই তারা প্রত্যাখ্যাত হয়েছে এবং হারার ভয়েই নির্বাচন করেনি। কিন্তু জনগণ স্বতঃস্ফূর্তভাবে নির্বাচনে অংশগ্রহণ করেছেন।প্রধানমন্ত্রী বলেন, জনগণের প্রতি কৃতজ্ঞতা জানাই কারণ জনগণ এবার স্বতস্ফূর্তভাবে ভোট দিয়েছে। একটা সুষ্ঠু নির্বাচন হয়েছে। আপনারাও নির্বাচনের জন্য এসেছেন এবং নিজের নিজের এলাকায় দেখেছেন জনগণ কিভাবে স্বতস্ফূর্তভাবে ভোট দিয়েছেন। এই নির্বাচনে আর একটি বিষয় লক্ষণীয় নারীদের অংশগ্রহণ। সেই ১৩০ বছরের বয়োবৃদ্ধ বলেছেন ‘হাসিনাকে ভোট দেব’। এর থেকে বড় পাওয়া মনে হয় জীবনে আর কিছু নেই, এই যে মানুষের আস্থা ও বিশ্বাস এটাই সব থেকে বড় পাওয়া।জনগণের সেবক হিসেবে কাজ করে যাওয়াই তাঁর লক্ষ্য উল্লেখ করে জাতির পিতার কন্যা বলেন, যেন জনগণের ভাগ্য পরিবর্তন করতে পারি। অন্তত এটুকু বলতে পারি গত ১৫ বছর আমরা সরকারে আছি বলেই আজকে বাংলাদেশে খাদ্যের অভাব নেই। চিকিৎসা সেবা মানুষের দোরগোড়ায় পৌঁছে দিয়েছি। ঘরে ঘরে বিদ্যুৎ দিয়েছি, ডিজিটাল বাংলাদেশ গড়ে তুলেছি, বাংলাদেশের মানুষ এখন আরো উন্নত জীবনের স্বপ্ন দেখে। প্রধানমন্ত্রী আরো বলেন, আমরা ফিলিস্তিনের জনগণের পক্ষে রয়েছি। সেখানে নারী হত্যা, শিশু হত্যা হচ্ছে যা গণহত্যার শামিল। আমরা এর তীব্র নিন্দাও জানিয়েছি।  কিছু সহযোগিতাও পাঠানো হয়েছে এবং আরো পাঠানো হবে। তিনি এই হত্যাযজ্ঞ বন্ধের জন্য বিভিন্ন ফোরামে, যখনি বিদেশে গিয়েছেন কথা বলেছেন বলেও উল্লেখ করেন।বাংলাদেশ সবসময় শান্তির পক্ষে এবং জাতির পিতার রেখে যাওয়া পররাষ্ট্র নীতি ‘সকলের সঙ্গে বন্ধুত্ব, কারো সঙ্গে বৈরিতা নয়’ এর  উল্লেখ করে তিনি বলেন, সকলের সঙ্গে বন্ধুত্ব রেখে আমরা এগিয়ে যাচ্ছি। গত ১৫ বছরের বাংলাদেশ, বদলে যাওয়া বাংলাদেশ।মিয়ানমারের প্রায় ১১ লাখ রোহিঙ্গাকে আমাদের দেশে আশ্রয় দেওয়ার প্রসঙ্গের উল্লেখ করে তিনি বলেন, মিয়ানমারে যখন ঝামেলা হয়েছিল তখন আমরা তাদেরকে আশ্রয় দিয়েছি এবং এ নিয়ে আমরা মিয়ানমারের সঙ্গে কোন বিবাদে জড়াইনি বরং আমরা আলোচনার মাধ্যমে এই সমস্যার সমাধানের চেষ্টা চালিয়ে যাচ্ছি।বিশ্বে চলমান অস্ত্র প্রতিযোগিতা বন্ধের আহবান পুনর্ব্যক্ত করে তিনি বলেন, আমি বিভিন্ন ফোরামে যেখানে কথা বলেছি সেখানেই অস্ত্র প্রতিযোগিতা বন্ধ করে এই অস্ত্রের টাকা শিশুদের খাদ্য, শিশুদের চিকিৎসা এবং তাদের শিক্ষার জন্য এবং মানবকল্যাণে ব্যয় করার কথা বলেছি।  প্রবাসীদের পাঠানো রেমিটেন্স আমাদের উন্নয়নে একটি উল্লেখযোগ্য ভূমিকা রাখে উল্লেখ করে প্রধানমন্ত্রী এসময় রেমিটেন্স বৈধ চ্যানেলে পাঠানোর জন্য প্রবাসীদের প্রতি আহ্বান জানান। অনলাইন ব্যাংকিং ব্যবস্থার উল্লেখ করে তিনি বলেন, তারা যদি অনলাইনে ব্যাংকিং এর সুযোগ নিয়ে টাকাটা পাঠায় তাহলে যেটুকু পরিবারের জন্য খরচ হবে বাকিটা তার একাউন্টে জমা থাকবে এবং নিজেরও একটা ভরসার জায়গা থাকবে। তিনি তাঁর সরকারের চালু করা সার্বজনীন পেনশন স্কিম এবং প্রবাসী পেনশন স্কিম গ্রহণ করার জন্য তাদের প্রতি আহ্বান জানান। যুক্তরাষ্ট্র, যুক্তরাজ্য ও ইতালিসহ ২৯টি দেশের প্রবাসী আওয়ামী লীগ নেতা-কর্মীরা অনুষ্ঠানে তাদের দলীয় প্রধান শেখ হাসিনাকে রেকর্ড পঞ্চম এবং টানা চতুর্থ বারের মতো প্রধানমন্ত্রী নির্বাচিত হওয়ায় ফুলেল শুভেচ্ছা জানান।",0,0,1,1,False
" তিনশ আসনের জাতীয় সংসদে ছয়শজন সদস্য থাকার বৈধতা নিয়ে প্রশ্ন তুলেছেন বিএনপি চেয়ারপারসনের উপদেষ্টা কাউন্সিলের সদস্য জয়নুল আবদিন ফারুক।তিনি বলেন, বাংলাদেশে এখন এমপি ছয়শ জন। ২৯ তারিখ পর্যন্ত এই সংসদ (একাদশ), সেই সংসদের সদস্যরা এখনো বহাল আছেন। কি করে সম্ভব? সংবিধানের কোন আইনে লেখা আছে এরা শপথ করতে পারবেন? আমি বলতে চাই, আপনারা (সরকার) সংবিধান মানেন না, সংবিধানের কথা বলে বাংলাদেশের মানুষকে আর অপমান কইরেন না। দয়া করে সংবিধানের নিয়ম মত চলেন, পদত্যাগ করেন, গণতন্ত্র ফিরিয়ে দেন।বুধবার (১৭ জানুয়ারি) দুপুরে জাতীয় প্রেস ক্লাবের সামনে এক মানববন্ধন কর্মসূচিতে নির্বাচন নিয়ে কথা বলছিলেন নবম সংসদের বিরোধী দলের প্রধান হুইপ ফারুক।সংবিধানের নিয়ম অনুযায়ী গত বছরের ১ নভেম্বর থেকে ২৯ জানুয়ারির মধ্যে দ্বাদশ সংসদ নির্বাচন করার বাধ্যবাধকতা ছিল। এর মধ্যে ৭ জানুয়ারির নির্বাচনে জয়ী হয়ে টানা চতুর্থবারের মত সরকার গঠনের পর গত ১১ জানুয়ারি শপথ নিয়েছে শেখ হাসিনার নতুন মন্ত্রিসভা।তার আগে ১০ জানুয়ারি দ্বাদশ সংসদের নতুন এমপিরা শপথ নিয়েছেন। অথচ একাদশ সংসদে মেয়াদ আছে ২৯ জানুয়ারি পর্যন্ত। সেই প্রসঙ্গ ধরে ফারুক বলেন, ৭ জানুয়ারি যে নির্বাচন হয়ে গেল, এটা কোনো নির্বাচন হয়নি, ভোট কেন্দ্রে ভোটাররা যায়নি, এটা দেশবিদেশের গণমাধ্যমে ফলাও করে প্রচার হয়েছে। এটা লজ্জার।বিএনপি নেতাদের মামলা-কারাগারের ভয় দেখিয়ে লাভ হবে না মন্তব্য করে বিএনপির এই নেতা বলেন, এই সরকার যত কলাকৌশল করুক না কেন তারা এরকম ভুয়া পাতানো নির্বাচন করে ক্ষমতায় টিকে থাকতে পারবে না। জনগণ অবশ্যই তাদেরকে আন্দোলনের মাধ্যমে বিদায় করবেই।”বিএনপি চেয়ারপারসন খালেদা জিয়া, মহাসচিব মির্জা ফখরুল ইসলাম আলমগীর, স্থায়ী কমিটির সদস্য মির্জা আব্বাস, আমির খসরু মাহমুদ চৌধুরীসহ কারাবন্দি নেতা-কর্মীদের মুক্তির দাবিতে জাতীয় প্রেস ক্লাবের সামনে এই মানববন্ধনের আয়োজন করে গণতন্ত্র ফোরাম।সংগঠনের সভাপতি ভিপি ইব্রাহিমের সভাপতিত্বে মানববন্ধনে বিএনপির শিশু বিষয়ক সম্পাদক আবুল কালাম আজাদ সিদ্দিকী, তথ্য ও গবেষণা সহ-সম্পাদক কাদের গণি চৌধুরী, কৃষক দলের ওবায়দুর রহমান টিপু, সাহাদাত হোসেন বিপ্লব, তাঁতী দলের কাজী মনিরুজ্জামান, মৎস‌্যজীবী দলের সেলিম মিয়া, জাসাসের আরিফুর রহমান বক্তব্য দেন।",0,0,1,1,False
" সদ্য শেষ হওয়া দ্বাদশ সংসদ নির্বাচনকে একপাক্ষিক ও ‘পাতানো প্রতিদ্বন্দ্বিতাপূর্ণ’ বলে দাবি করেছে দুর্নীতি বিরোধী সংগঠন ট্রান্সপারেন্সি ইন্টারন্যাশনাল বাংলাদেশ (টিআইবি)। দুর্নীতিবিরোধী সংস্থাটির দাবি, দ্বাদশ জাতীয় সংসদ নির্বাচনের প্রাপ্তি-অপ্রাপ্তিসহ সার্বিক অভিজ্ঞতা বাংলাদেশে গণতন্ত্র ও গণতান্ত্রিক নির্বাচনের ভবিষ্যতের জন্য অশনি সংকেত; গৌরবময় মুক্তিযুদ্ধ ও স্বাধীনতার চেতনা ও স্বপ্নের সঙ্গে সাংঘর্ষিক। এবং জাতীয় ও আন্তর্জাতিকভাবে অস্বস্তি ও বিব্রতকর। দ্বাদশ জাতীয় সংসদ নির্বাচন প্রক্রিয়া ট্রাকিং’ শীর্ষক এক গবেষণা প্রতিবেদনের পর্যবেক্ষণে এমন কথা তুলে ধরেছে (টিআইবি)। বুধবার (১৭ জানুয়ারি) রাজধানীর ধানমন্ডিতে নিজেদের কার্যালয়ে এই গবেষণা প্রতিবেদন উপস্থাপন করেন টিআইবির গবেষক মাহফুজুর হক, নেওয়াজুল মওলা, সাজেদুল ইসলাম। গবেষণা প্রতিবেদনে বলা হয়েছে, একপাক্ষিক ও পাতানো প্রতিদ্বন্দ্বিতাপূর্ণ দ্বাদশ সংসদ নির্বাচন অবাধ ও অন্তর্ভুক্তিমূলক হয়নি। সংসদে ব্যবসায়ী আধিপত্যের মাত্রাও একচেটিয়া পর্যায়ে উন্নীত হয়েছে। বেশিরভাগ আসনেই নির্বাচন প্রতিদ্বন্দ্বিতাপূর্ণ হয়নি। অন্তত ২৪১টি আসনে প্রতিদ্বন্দ্বিতা হয়নি। 'বিএনপিসহ ১৫টি নিবন্ধিত দলের অনুপস্থিতি ও তাদের নির্বাচন বর্জনের প্রেক্ষাপটে নির্বাচনকে অংশগ্রহণমূলক, প্রতিদ্বন্দ্বিতাপূর্ণ ও উৎসবমুখর দেখাতে ক্ষমতাসীন দল বিবিধ কৌশল গ্রহণ করে। আওয়ামী লীগের দলীয় প্রার্থীর চেয়ে স্বতন্ত্র প্রার্থী বেশি ছিল। ২৬৬ জন দলীয় প্রার্থীর বিপরীতে স্বতন্ত্র ২৬৯ জন।ভোটের হারের বিতর্ক নিয়ে টিআইবি জানায়, নির্বাচনে শেষের এক ঘণ্টায় ১৫.৪৩ শতাংশ ভোটসহ মোট ৪১.৮ শতাংশ ভোট পড়া বিতর্কের জন্ম দিয়েছে। এই প্রতিবেদন ছিল নির্বাচন কেন্দ্রীক প্রাথমিক গবেষণা প্রতিবেদন। পরবর্তীতে চূড়ান্ত প্রতিবেদন প্রকাশ করবে বলে জানিয়েছে টিআইবি। গবেষণায় ৫০টি আসন দৈবচয়ন পদ্ধতিতে বাছাই করে প্রত্যক্ষ ও পরোক্ষভাবে সকল বিষয়ের তথ্য-উপাত্ত নেয়া হয়েছে।টিআইবির নির্বাহী পরিচালক ইফতেখারুজ্জামান বলেন, ক্ষমতায় অব্যাহত থাকার কৌশল বাস্তবায়নের একতরফা নির্বাচন সাফল্যের সঙ্গে সম্পন্ন হয়েছে, যার আইনগত বৈধতা নিয়ে কোনো চ্যালেজ্ঞ হয়তো হবে না বা হলেও টিকবে না। তবে এ সাফল্য রাজনৈতিক শুদ্ধাচার, গণতান্ত্রিক ও নৈতিকতার মানদন্ডে চিরকাল প্রশ্নবিদ্ধ থাকবে। গণতান্ত্রিক নির্বাচনের ধারণা এবং জাতীয় ও আন্তর্জাতিক উত্তম চর্চার অন্যতম উপাদানসমুহ, তথা অবাধ, অংশগ্রহণমূলক, নিরপেক্ষ ও সর্বোপরি সমান প্রতিযোগিতার ক্ষেত্র নিশ্চিতের যে পূর্বশর্ত, তা দ্বাদশ সংসদ নির্বাচনে প্রতিপালিত হয়নি। অর্থবহ রাজনৈতিক প্রতিপক্ষহীনদ্বাদশ জাতীয় সংসদ নির্বাচনে সরকার দলের প্রার্থীর সঙ্গে একই দলের ‘স্বতন্ত্র’ ও অন্য দলের সরকার সমর্থিত প্রার্থীদের যে পাতানো খেলা সংগঠিত হয়েছে, তাতেও ব্যাপক আচরণবিধি লঙ্ঘনসহ অসুস্থ ও সহিংস প্রতিযোগিতা হয়েছে, যার সাথে ক্ষমতার দ্বন্দ্বের বাইরে রাজনৈতিক আদর্শ বা জনস্বার্থের সম্পর্ক খুঁজে পাওয়া কঠিন।তিনি বলেন,  সরকারের টানা চতুর্থ মেয়াদের সম্ভাব্য সাফল্য-ব্যর্থতা নিয়ে যতটুকু আগ্রহ থাকবে, তার চেয়ে অনেক বেশি প্রাসঙ্গিক হবে শুদ্ধাচার ও নৈতিকতার মানদন্ডে সরকারের প্রতি জনআস্থা ও গ্রহণযোগ্যতার প্রশ্ন ও তার প্রভাব।",0,0,1,1,False
" সমৃদ্ধ বাংলাদেশ গড়তে এবং এদেশের মানুষের ভাগ‍্যোন্নয়নে আওয়ামী লীগ সরকার নিরলসভাবে কাজ করে যাচ্ছেন। মানুষের ভোটাধিকার প্রয়োগের মাধ‍্যমে এ সরকার টানা চতুর্থবারের মতো ক্ষমতায় এসেছে। আবারও সরকার গঠন করেছে। আওয়ামী লীগ সরকারকে ক্ষমতাচ্যুত করার জন‍্য বিএনপি নির্বাচন বানচালের চেষ্টা করে ব‍্যর্থ হয়েছে। বিদেশিদের কাছে নালিশ করেও কোন লাভ হয়নি বলে বলেছেন স্থানীয় সরকার মন্ত্রী মো. তাজুল ইসলাম।শনিবার (২০ জানুয়ারি) বিকেলে দ্বিতীয়বারের মতো একই মন্ত্রণালয়ের মন্ত্রী হওয়ায় লাকসাম উপজেলা ও পৌর আওয়ামী লীগ এবং সহযোগী সংগঠনের আয়োজনে দলীয় কার্যালয়ে ফুলেল শুভেচ্ছা ও বিভিন্ন সংগঠন এবং পেশাজীবীদের সঙ্গে মতবিনিময় কালে মন্ত্রী এসব কথা বলেন। উপজেলা আওয়ামী লীগের সভাপতি ও উপজেলা পরিষদের চেয়ারম্যান এডভোকেট ইউনুছ ভূঁইয়ার সভাপতিত্বে অনুষ্ঠানে উপস্থিত ছিলেন- উপজেলা আওয়ামী লীগের সহ-সভাপতি এডভোকেট আবু তাহের, ঢাকাস্থ লাকসাম-মনোহরগঞ্জ বঙ্গবন্ধু পরিষদের সভাপতি অহিদ উল্ল‍্যাহ মজুমদার, উপজেলা আওয়ামী লীগের সাধারণ সম্পাদক ও উপজেলা পরিষদের ভাইস চেয়ারম্যান মহব্বত আলী, পৌরসভা আওয়ামী লীগের সভাপতি তাবারক উল্ল‍্যাহ কায়েস, সাধারণ সম্পাদক এডভোকেট রফিকুল ইসলাম হিরা, উপজেলা যুবলীগের আহবায়ক ও পৌর মেয়র অধ্যাপক মো. আবুল খায়ের, উপজেলা স্বেচ্ছাসেবক লীগ সভাপতি ও ইউপি চেয়ারম্যান নিজাম উদ্দিন শামীম প্রমুখ। মতবিনিময় অনুষ্ঠানে মন্ত্রী বলেন, ২০০১ থেকে ২০০৬ সাল পর্যন্ত বিএনপি সরকার ক্ষমতায় থেকে এদেশের উল্লেখযোগ্য কোন উন্নয়ন করতে পারেনি। ২০০৮ সালে আওয়ামী লীগ সরকার ক্ষমতায় এসে দেশে অভূতপূর্ব উন্নয়ন করার কারণে এদেশের মানুষ বারবার আওয়ামী লীগ সরকারকে ক্ষমতায় অধিষ্ঠিত করেছে। ফলে টানা চারবার সরকার গঠন করতে সক্ষম হয়েছে আওয়ামী লীগ। বিএনপিকে মানুষ বিশ্বাস করেনা বলেই তারা ভয়ে নির্বাচনে আসেনা। তারা মানুষের মনের কথা বুঝেনা বলেই সহিংসতা করে ক্ষমতায় আসতে চেয়েছিল। অগ্নি সন্ত্রাসের মাধ‍্যমে কত মানুষকে পুড়িয়ে মেরেছে তারা। প্রধান বিচারপতির বাসভবনে তারা হামলা করেছে। রাস্তায় প্রকাশ‍্যে পিটিয়ে পুলিশ মেরেছে। বিএনপি ক্ষমতায় আসলে এদেশকে নরকে পরিণত করবে বলেই এদেশের সাধারণ মানুষ তাদের বারবার প্রত্যাখ্যান করেছে। মন্ত্রী আরো বলেন, আওয়ামী লীগ সরকার ক্ষমতায় থাকলে মানুষের ভাগ‍্যের উন্নয়ন হয়। দেশের উন্নয়ন হয়। পদ্মা সেতু, মেট্রোরেল, বঙ্গবন্ধু ট‍্যানেল, পারমাণবিক বিদ‍্যুৎ কেন্দ্র, পায়রা সমুদ্র বন্দর, এক্সপ্রেস এলিভেটেড অন‍্যতম নজির। এছাড়াও বাংলাদেশ এখন খাদ‍্যেও স্বয়ংসম্পন্ন। এদেশের উন্নয়ন দেখলে বাংলাদেশকে ইউরোপের মতো মনে হয়। বিদেশীরাও আমাদের প্রশংসা করছে। আওয়ামী লীগ সরকার বারবার ক্ষমতায় থাকলে বঙ্গবন্ধু কন‍্যা জননেত্রী প্রধানমন্ত্রী শেখ হাসিনার বলিষ্ঠ নেতৃত্বে এদেশের উন্নয়ন অগ্রযাত্রা অব‍্যাহত থাকবে ইনশাআল্লাহ। ",0,0,1,1,False
" বর্তমান সরকারের ‘জনভিত্তি নেই, তারা শূন্যের ওপরে দাঁড়িয়ে আছে’ বলে মন্তব্য করেছেন আবদুল মঈন খান। তিনি বলেছেন, ৭ জানুয়ারি প্রহসনের নির্বাচনে এই সরকার চরমভাবে পরাজিত হয়েছে। তাদের পায়ের নিচে মাটি সরে গিয়েছে।  রবিবার (২১ জানুয়ারি) বিকালে সেগুন বাগিচায় ঢাকা রিপোর্টার্স ইউনিটি কার্যালয়ের মিলনায়তনে জাতীয়তাবাদী মুক্তিযোদ্ধা দলের উদ্যোগে বিএনপির প্রতিষ্ঠাতা জিয়াউর রহমানের ৮৮তম জন্মবার্ষিকী উপলক্ষে আলোচনা সভায় তিনি এসব কথা বলেন। মঈন খান বলেন, আমাকে অনেকে প্রশ্ন করেন, বাস্তবে এই সরকার কি আরো পাঁচ বছর থাকবে? আমি তাদের উত্তরে বলি, ১৯৯০ সালের যেদিন এরশাদ সরকার এদেশ থেকে বিদায় নিতে বাধ্য হয়েছিলেন তার একদিন আগেও কি সেই সরকার জানতো যে, এভাবে তাদের চলে যেতে হবে। জানতো না। আজকে আওয়ামী লীগ তাদের যে কথাটা বলছি, জনগণই হচ্ছে একটি এদেশের সরকারের ভিত্তি। সেই জনগণের ভিত্তি আস্তে সরে গিয়েছে। আওয়ামী লীগ শূণ্যের ওপরে দাঁড়িয়ে আছে। তাদের পায়ের তলায় মাটি নেই। যেকোনো মুহুর্তে এই সরকার বিদায় নিতে বাধ্য হবে।বিএনপির এই সিনিয়র নেতা বলেন, আমরা রক্ত দিয়েছি, রক্ত আরো দিতে হবে। আমরা রাজপথে আন্দোলনে রয়েছি, আমাদের রাজপথে আন্দোলনে থাকতে হবে। তবে এই আন্দোলন হবে সম্পূর্ণ শান্তি প্রিয় এবং নিয়মতান্ত্রিক। আমরা বিশ্বাস করি, একটি গণতান্ত্রিক পদ্ধতি এদেশে ফিরিয়ে আনার আমাদের যে আন্দোলনের প্রক্রিয়া সেই প্রক্রিয়া হবে সম্পূর্ণ গণতান্ত্রিক। আমরা নিয়মনীতিতে বিশ্বাস করি, বিএনপি লগি-বৈঠার রাজনীতিতে বিশ্বাস করে না। আওয়ামী লীগের সঙ্গে বিএনপির এটাই হচ্ছে তফাৎ।তিনি আরো বলেন, সরকার কথায় কথায় সংবিধানের দোহাই দেয়। বাংলাদেশের সংবিধান স্পষ্টভাষায় বলে দিয়েছে, এই রাষ্ট্রের মালিক কোনো রাজনৈতিক দল নয়, এই রাষ্ট্রের মালিক হচ্ছে জনগণ এবং শহীদ প্রেসিডেন্ট জিয়াউর রহমানের যে অমোঘ বানী তিনি বলেছিলেন, জনগণ সকল ক্ষমতার উৎস। প্রতি পাঁচ জনগণ তাদের সেই ক্ষমতা একটি নির্দিষ্ট সময়ে পাঁচ বছরের জন্য কারো ওপরে তারা দেয় ; কেননা ১৮ কোটি মানুষ তো দেশ শাসন করতে পারে না। সংসদে যাদের সংখ্যাগরিষ্ঠ প্রতিনিধি থাকে তারা একটি সরকার গঠন করে সেই সরকার যদি ভুল করে যে, আমরা চিরদিনের জন্য ক্ষমতা পেয়ে গেছে সেটা আজকের সরকার মনে করছে। তাহলে কিন্তু তারা মারাত্মক ভুল করবে।মুক্তিযোদ্ধা দলের নেতা প্রকৌশলী নুরুল ইসলামের সভাপতিত্বে ও সাধারণ সম্পাদক সাদেক আহমেদ খানের সঞ্চালনায় আলোচনা সভায় বিএনপি চেয়ারপারসনের উপদেষ্টা কাউন্সিলের সদস্য ফজলুর রহমান, জয়নুল আবদিন ফারুক, মুক্তিযুদ্ধ বিষয়ক সম্পাদক জয়নুল আবেদীন, এবি পার্টির যুগ্ম সদস্য সচিব ব্যারিস্টার আসাদুজ্জামান ফুয়াদসহ মুক্তিযোদ্ধা দলের কেন্দ্রীয় নেতারা বক্তব্য রাখেন।",0,0,1,1,False
" বাংলাদেশে আজ গণতন্ত্র মৃত বলে মন্তব্য করে বিএনপির স্থায়ী কমিটির সদস্য ড. আবদুল মঈন খান বলেছেন, এখানে মানুষের কথা বলার অধিকার নেই, মানুষের মৌলিক অধিকার নেই, মানুষের ভোটের অধিকার নেই এবং এখানে মানুষের গণতন্ত্রের অধিকার নেই।শুক্রবার (১৯ জানুয়ারি) সকালে রাজধানীর চন্দ্রিমা উদ্যানে বিএনপির প্রতিষ্ঠাতা সাবেক প্রেসিডেন্ট জিয়াউর রহমানের কবরে শ্রদ্ধা নিবেদন শেষে সাংবাদিকদের এ মন্তব্য করেন তিনি। এর আগে, বিএনপি ও এর অঙ্গ-সহযোগী সংগঠনের নেতাকর্মীদের নিয়ে জিয়াউর রহমানের কবরে ফুল দিয়ে শ্রদ্ধা জানান তিনি।মঈন খান বলেন, জাতির এই ক্রান্তিলগ্নে জিয়াউর রহমানের ৮৮তম জন্মবার্ষিকী পালন করছি। আজকে এটা উপলব্ধি করতে হবে যে, বাংলাদেশ স্বাধীন হয়েছিলো গণতন্ত্রের জন্য। বাংলাদেশে আজকে সেই গণতন্ত্র মৃত। এটা শুধু আমাদের এবং বাংলাদেশের মানুষের কথা নয়, সারাবিশ্বে যারা গণতন্ত্রকামী মানুষ রয়েছেন- গণতন্ত্রকামী যেসব দেশগুলো রয়েছে এবং মানবাধিকার প্রতিষ্ঠানগুলো রয়েছে, তারা সবাই এক বাক্যে একটি কথা বলেছেন- বাংলাদেশ আজকে একদলীয় শাসনে পরিণত হয়েছে। তিনি বলেন, বিএনপি আওয়ামী লীগের মতো লগি-বৈঠার রাজনীতিতে বিশ্বাস করে না। আমরা শান্তিপূর্ণ, নিয়মতান্ত্রিক, গণতান্ত্রিক রাজনীতিতে বিশ্বাসী। আর আমাদের যে কর্মসূচি তা চলমান রয়েছে। এই চলমান কর্মসূচি আমরা সম্পূর্ণ শান্তিপূর্ণ এবং নিয়মতান্ত্রিকভাবে অব্যাহত রাখবো। এই প্রক্রিয়ার মাধ্যমে আমরা গণতন্ত্র পুনরুদ্ধার করবো। নির্বাচন নিয়ে ট্রান্সপারেন্সি ইন্টারন্যাশনাল বাংলাদেশের (টিআইবি) বক্তব্যের বিষয়ে দৃষ্টি আকর্ষণ করা হলে ড. মঈন খান বলেন, টিআইবি যা বলেছে, সেটা জনমতের প্রতিফলন। আমরা যা বলেছি, সেটাও জনমতের প্রতিফলন। ফলে আমাদের কথা যদি মিলে সেটা একজন আরেকজনকে পছন্দ করার জন্য না। সত্য বলার জন্য। বিএনপির সত্য কথাগুলোই সবাই বলছে। এতেই সরকারি দলের গাত্রদাহ।   নির্বাচন পরবর্তী পরিকল্পনা কিংবা আন্দোলন কেমন হবে- এই প্রশ্নের জবাবে বিএনপির আরেক স্থায়ী কমিটির সদস্য নজরুল ইসলাম খান বলেন, মূল কথা জিয়াউর রহমানের যে আর্দশ, তিনি দেশকে পুনর্গঠন করেছেন, দেশের অর্থনীতিকে উন্নত করেছেন, সমৃদ্ধ বাংলাদেশের সূচনা করেছেন- আজকে সেটা ধ্বংস করে ফেলা হচ্ছে। সেখান থেকে দেশকে রক্ষা, তিনি যে গণতন্ত্র পুন:প্রতিষ্ঠা করেছিলেন, সেই গণতন্ত্রকে আবার মেরে ফেলা হয়েছে। সেটাকে পুনরুজ্জীবিত করার যে লড়াই, সেই লড়াই চলছে। আর সেই লড়াইয়ের যে বিভিন্ন কর্মসূচি তা আপনাদেরকে (সাংবাদিক) জানানো হয়। পরবর্তী কর্মসূচি যেটা হবে তা আপনাদেরকে জানানো হবে। এ সময় উপস্থিত ছিলেন- বিএনপির ভাইস চেয়ারম্যান ডা. এজেডএম জাহিদ হোসেন, চেয়ারপার্সনের উপদেষ্টা জয়নুল আবদিন ফারুক, যুগ্ম মহাসচিব ব্যারিস্টার মাহবুব উদ্দিন খোকন, আইন বিষয়ক সম্পাদক ব্যারিস্টার কায়সার কামাল, সহ দপ্তর সম্পাদক তাইফুল ইসলাম টিপু প্রমুখ।",0,0,1,1,False
" ৭ জানুয়ারি অনুষ্ঠিত নির্বাচনে সাধারণ মানুষের পাশাপাশি আওয়ামী লীগের সচেতন নেতাকর্মীরাও ভোটবর্জন করেছে বলে মন্তব্য করেছেন বিএনপির স্থায়ী কমিটির সদস্য গয়েশ্বর চন্দ্র রায়। তিনি বলেন, সমস্ত পর্যবেক্ষণ মিলিয়ে দেখা যায় ভোটের আগের দিন ভোট প্রতিহত নয়; বিএনপির ভারপ্রাপ্ত চেয়ারম্যান তারেক রহমান বিএনপির পক্ষ থেকে দেশবাসীকে ভোট বর্জনের আহ্বান জানান। সেই আহ্বানে সাড়া দিয়ে দেশের ৯০ শতাংশ ভোটার সেদিন ভোট দিতে যাননি। হিসাব করে দেখা যায়, আওয়ামী লীগের সচেতন ভোটারাও ভোট কেন্দ্রে যাননি। অর্থাৎ দেশের ৯০ ভাগ জনগণের নেতা এখন তারেক রহমান। পক্ষান্তরে ১০ ভাগ মানুষের নেতা শেখ হাসিনা।সাবেক রাষ্ট্রপতি বিএনপি প্রতিষ্ঠাতা জিয়াউর রহমানের বীর উত্তম’র ৮৯তম জন্মদিন উপলক্ষ্যে শুক্রবার বিকালে নয়াপল্টনে ঢাকা জেলার দক্ষিণ কেরাণীগঞ্জ থানা বিএনপির উদ্যোগে অনুষ্ঠিত মিলাদ মাহফিল পূর্ব সংক্ষিপ্ত আলোচনা সভায় ভার্চুয়ালি যুক্ত হয়ে গয়েশ্বর চন্দ্র রায় এ মন্তব্য করেন। এতে অংশ নেন ঢাকা জেলা বিএনপির সাধারণ সম্পাদক অ্যাডভোকেট নিপুন রায় চৌধুরী, কেন্দ্রীয় নেতা নাজিম উদ্দিন মাস্টার, কেরাণীগঞ্জ দক্ষিণ থানা বিএনপির সাধারণ সম্পাদক মোজাদ্দেদ আলী বাবু প্রমুখ।   গয়েশ্বর চন্দ্র রায় বলেন, ৭ জানুয়ারি নিজেরা নিজেরা নির্বাচন করে ক্ষমতাসীন আওয়ামী লীগ একাদশ জাতীয় সংসদ বহাল রেখে দ্বাদশ জাতীয় সংসদের এমপি’রা শপথ নিয়েছে। এখন দেশে শপথবদ্ধ ৬৪৮ জন এমপি রয়েছে। এটি সংবিধা",0,0,1,1,False
" গণতন্ত্র পুনরুদ্ধার না হওয়া পর্যন্ত ‘আন্দোলনরত বিরোধী দল’ রাজপথ ছাড়বে না বলে ঘোষণা দিয়েছেন বিএনপির স্থায়ী কমিটির সদস্য ড. আবদুল মঈন খান।শনিবার (২০ জানুয়ারি)  সকালে জাতীয় প্রেসক্লাবের সামনে নাগরিক ঐক্যের আয়োজিত গণতন্ত্রের পক্ষে গণস্বাক্ষর কর্মসূচিতে বিএনপির স্থায়ী কমিটির সদস্য এই ঘোষণা দিলেন।তিনি বলেন, আমরা স্পষ্টভাষায় বলে দিতে চাই, বাংলাদেশে গণতন্ত্র ব্যাতিরেখে অন্য কোনো পদ্ধতি কোনোদিন চলবে না। এই সরকার গায়ের জোরে ক্ষমতায় আছে, বন্দুকের নলের জোরে ক্ষমতায় আছে, এটা আজকে শুধু আমরাই একথা বলছি না, সারা বিশ্বের মিডিয়া দেখুন, বিভিন্ন রাষ্ট্রের যে বক্তব্য এসেছে সেগুলো দেখুন ৭ জানুয়ারির প্রহসনের নির্বাচন সম্পর্কে প্রত্যেকে স্পষ্টভাষায় আমরা বিরোধী বিরোধী গণতান্ত্রিক দলগুলো যে কথা বলে গিয়েছি বিগত কয়েক বছর ধরে… তারা এই কথার প্রতিধ্বনি করেছে বিগত প্রহসনের নির্বাচনের সময়।কাজেই আজকে এটা প্রতিষ্ঠিত দেশে এবং আন্তর্জাতিকভাবে যে, বাংলাদেশে গণতন্ত্র মৃত। আমাদের একটি মাত্র প্রতিজ্ঞা একটি মাত্র লক্ষ্য আমরা বাংলাদেশে গণতন্ত্র ফিরিয়ে আনব। ইনশাল্লাহ আমাদের গণতন্ত্রের আন্দোলন চলতেই থাকবে… যতক্ষণ না আমরা বাংলাদেশের মানুষের মনের যে আকাঙ্ক্ষা সেই আকাঙ্ক্ষা হচ্ছে গণতন্ত্র… সেই গণতন্ত্রের অধিকার যতক্ষণ না আমরা বাংলাদেশের মানুষকে ফিরিয়ে দিতে পারব, আমরা ততক্ষণ রাজপথ ছাড়বো না।নাগরিক ঐক্যে প্রহসনের নির্বাচনের বিরুদ্ধে গণস্বাক্ষরতার কর্মসূচিতে দেশের প্রতিটি মানুষ স্বাক্ষর করে এই সরকারকে আবারো প্রত্যাখান করবে বলে আশাবাদ ব্যক্ত করেন মঈন খান।সকাল সাড়ে ১১টায় জাতীয় প্রেসক্লাবের সামনে নাগরিক ঐক্যের উদ্যোগে ‘প্রহসনের নির্বাচন মানী না  : গণতন্ত্রের পক্ষে গণস্বাক্ষর’ শীর্ষক এই কর্মসূচি হয়। টেবিলে বিছানো কাপড়ে সর্বস্তরের মানুষজন ৭ জানুয়ারির ভোটের বিরুদ্ধে সই করছে।নাগরিক ঐক্যের এই গণস্বাক্ষরতা ঢাকা মহানগরীর বিভিন্ন স্থানে জেলা-উপজেলায় এবং",0,0,1,1,False
" দ্বাদশ জাতীয় সংসদ নির্বাচনের পূর্ব ও পরবর্তীকালে হামলা, হুমকি ও সহিংস কর্মকাণ্ডের প্রতিবাদে সারাদেশে মানববন্ধন ও বিক্ষোভ কর্মসূচির অংশ হিসেবে মানিকগঞ্জ জেলা পূজা উদযাপন পরিষদের পক্ষ থেকে এক জোরালো মানববন্ধন কর্মসূচি পালন করা হয়েছে।শনিবার (২০ জানুয়ারি) বেলা ১১টায় জেলা পূজা উদযাপন পরিষদের সভাপতি অধ্যাপক বাসুদেব সাহার সভাপতিত্বে ও সাধারণ সম্পাদক অনির্বাণ পালের সঞ্চালনায়   মানিকগঞ্জ প্রেসক্লাবের সামনে পালিত মানববন্ধনে বাংলাদেশ পূজা উদযাপন পরিষদের কেন্দ্রীয় কমিটির কার্যকরী সদস্য ও মানিকগঞ্জ জেলা আওয়ামী লীগের আইন বিষয়ক সম্পাদক এডভোকেট অসীম কুমার বিশ্বাস, মানিকগঞ্জ জেলা পূজা উদযাপন পরিষদের সম্মানিত উপদেষ্টা ও ঘাতক দালাল নির্মূল কমিটির সভাপতি এডভোকেট দীপক কুমার ঘোষ, গুরুদাস রায়, মানিকগঞ্জ জেলা হিন্দু বৌদ্ধ খ্রিস্টান ঐক্য পরিষদের সভাপতি কালিপদ ঘোষ, সাধারণ সম্পাদক অধ্যাপক আশুতোষ রায়, জেলা পূজা পরিষদের সহ-সভাপতি বাসুদেব গোস্বামী, যুগ্ম সাধারণ সম্পাদক ডা. রুহিদাস তরফদার, শিবালয় উপজেলার পূজা উদযাপন পরিষদের সভাপতি রথীন সাহা, সাধারণ সম্পাদক এডভোকেট সুকুমার সরকার, সদর উপজেলা পরিষদের সভাপতি সুব্রত ঘোষ সুভাষ, সাধারণ সম্পাদক নিরঞ্জন রাজবংশী, পৌর শাখার সভাপতি প্রভাষক শ্রীধাম মন্ডল দৌলতপুর উপজেলা পূজা উদযাপন পরিষদের সভাপতি দিলীপ ফৌজদার, সাধারণ সম্পাদক প্রভাষক মানিক দাস, সিংগাইর উপজেলা পূজা উদযাপন পরিষদের সাধারণ সম্পাদক এডভোকেট ইতি সাহা এবং বিভিন্ন উপজেলা ইউনিয়ন ও ওয়ার্ড শাখার পূজা উদযাপন পরিষদের নেতৃবৃন্দ বক্তব্য রাখেন। এসময় অবৈধভাবে দখলকৃত বলড়া আশ্রমের জায়গা আগামী ১৫ দিনের মধ্যে কর্তৃপক্ষের নিকট বুঝিয়ে দেয়ার জন্য আলটিমেটাম দেন হিন্দু নেতৃবৃন্দ।",0,0,1,1,False
" ভোটবিহীন ডামি নির্বাচন করে অবৈধ সরকার আন্তর্জাতিক বিশ্বের কাছে দেশকে হাস্য-রসে পরিণত করেছে বলে মন্তব্য করেছেন বিএনপির সিনিয়র যুগ্ম-মহাসচিব অ্যাডভোকেট রুহুল কবির রিজভী।আওয়ামী লীগের সাধারণ সম্পাদক ওবায়দুল কাদেরের বক্তব্যের কঠোর সমালোচনা করে তিনি বলেন, আওয়ামী লীগের সাধারণ সম্পাদক ওবায়দুল কাদের বলেছেন বিএনপি নির্বাচনে না এসে দেশের সার্বভৌমত্ব নষ্ট করার চেষ্টা করছে। অজ্ঞ ওবায়দুল কাদেররা এই দেশটাকে দোজখে পরিণত করেছে। আমরা তো সার্বভৌমত্ব ফিরিয়ে আনার আন্দোলন করছি। আপনারা তো সার্বভৌমত্বকে বন্ধক রেখেছেন। দেশের সার্বভৌমত্বকে বন্ধক রেখে একটি ভোটবিহীন ডামি নির্বাচন করে দেশকে আন্তর্জাতিক বিশ্বের কাছে হাস্য-রসে পরিণত করেছেন। আমরা যদি সার্বভৌমত্ব বন্দক রাখতাম প্রভুদের কথা শুনতাম নিজেদের শক্তি বলে আন্দোলন করতাম না। এ দেশের জনগণ আমাদের শক্তি তাদের ভরেই আমরা রাজনীতি করছি। কোন প্রভুদের ভরে নয়। যারা প্রভু রাষ্ট্রের ভরে রাজনীতি করে তারাই এ দেশের সার্বভৌমত্বকে বিক্রি করে।শনিবার (২০ জানুয়ারি) বিএনপির প্রতিষ্ঠাতা সাবেক রাষ্ট্রপতি জিয়াউর রহমানের ৮৮তম জন্মবার্ষিকী উপলক্ষে গুলশানে বিএনপির চেয়ারপারসনের রাজনৈতিক কার্যালয়ে জাতীয়তাবাদী মহিলা দলের উদ্যোগে দুস্থদের মাঝে কম্বল বিতরণকালে প্রধান অতিথির বক্তব্যে তিনি এসব কথা বলেন।রিজভী বলেন, শহীদ প্রেসিডেন্ট জিয়াউর রহমান ও খালেদা জিয়ার আদর্শে আমরা চলছি যার কারণে দুর্নীতিবাজ সরকারের নির্যাতনের মধ্যেও আমাদের আন্দোলন চলমান। এই ফ্যাসিবাদ ও দুর্নীতিবাজ সরকার আমাদের দলের পুরুষ নেতাকর্মীদের ওপর জেল জুলুম অত্যাচার তো করছেই সেই সাথে আমাদের নারী নেত্রীদের ওপর ও জুলুম অত্যাচার করছে এর মধ্যেও আমাদের নারী নেত্রীরা পুরুষ নেতাকর্মীদের সাথে আন্দোলন সংগ্রাম চালিয়ে যাচ্ছে।সরকারের সমালোচনা করে রিজভী আরও বলেন, আজ আমরা নদীর পানি আনতে পারি না। টিপাই মুখ বাঁধ পদ্মাবাধ আটক করে রেখেছে। আপনার (আওয়ামী লীগ) কথা বলতে পারেন না। কারণ আপনারা সার্বভৌমত্ব বিক্রি করা লোক। জনগণের ভোটের অধিকার হরণ করে একদলীয় কর্তৃবাদ হয়েছেন শেখ হাসিনা। তিনি (শেখ হাসিনা) আজ নিজেকে সম্রাট হিসেবে পরিণত করেছে তার কথায় তার ইশারায় দেশ চলছে। এর মধ্যেও আমাদের এখানে যারা নেতৃবৃন্দ আছেন তারা গণতন্ত্র ফিরিয়ে আনার জন্য সার্বভৌমত্ব রক্ষা ও শক্তিশালী করার জন্য জীবনকে বাজিয়ে রেখে আন্দোলন চালিয়ে যাচ্ছে। আমাদের জীবন চলে যাবে তারপরও বাংলাদেশের এক ইঞ্চি মাটি এজরা দিতে দেবো না আমরা। এটাই হচ্ছে বিএনপি।কারণ এই শিক্ষাটাই স্বাধীনতা সার্বভৌমত্ব গণতন্ত্র এই তিনটি সুরক্ষার বাণী শুনিয়েছিলেন শহীদ প্রেসিডেন্ট জিয়াউর রহমান। বাণী শুনিয়েছিলেন বলেই আন্তর্জাতিক চক্রান্ত দ্বারা তাকে হত্যা করা হয়েছে।তিনি বলেন, অকুতোভয় দেশপ্রেমী শহীদ প্রেসিডেন্ট জিয়াউর রহমানের যে পতাকা সেই পতাকা হাতে তুলেছিলেন দেশনেত্রী বেগম খালেদা জিয়া । এই অবৈধ সরকার তাকে জেলে ভরে নিপীড়ন নির্যাতন করছে। তিনি এখন রোগে আক্রান্ত হয়েছে তারপরও তার সাথে আপোশ করা যায়নি। তিনি আপোশ হননি তার মাথা নোয়াতে পারেনি। এটাই হচ্ছে সার্বভৌমত্ব রক্ষার বড় প্রমাণ দেশনেত্রী বেগম খালেদা জিয়ার।এ সময় বিএনপি'র স্বাস্থ্য বিষয়ক সম্পাদক ডা. রফিকুল ইসলাম, মহিলা দলের সাধারণ সম্পাদক সুলতানা আহমেদ সহ-মহিলা দলের নেতৃবৃন্দ উপস্থিত ছিলেন।",0,0,1,1,False
" বাংলাদেশের দ্বাদশ জাতীয় সংসদ নির্বাচন ঘিরে বিরোধীদলের নেতা-কর্মীদের গ্রেপ্তারে উদ্বেগ প্রকাশ করেছে যুক্তরাষ্ট্র। একই সঙ্গে এই নির্বাচন নিয়ে দেশটির অবস্থান পরিবর্তন না করে তারা ফের বলছে, 'নির্বাচন অবাধ ও সুষ্ঠু হয়নি'।স্থানীয় সময় বৃহস্পতিবার (১৮ জানুয়ারি) নিয়মিত প্রেস ব্রিফিংয়ে এক প্রশ্নের জবাবে এ কথা জানিয়েছেন যুক্তরাষ্ট্রের পররাষ্ট্র মন্ত্রণালয়ের মুখপাত্র ম্যাথিউ মিলার।ব্রিফিংয়ে বাংলাদেশের নির্বাচন ইস্যু নিয়ে এক সাংবাদিক প্রশ্ন করেন, 'বাংলাদেশে গণতন্ত্রকে খর্ব করে এবং বিরোধীদলের হাজার হাজার নেতা-কর্মীকে কারাগারে আটক রেখে রিপোর্ট অনুসারে যে জাল নির্বাচন অনুষ্ঠিত হয়েছে সে বিষয়ে কী পদক্ষেপ নেবে যুক্তরাষ্ট্র? নির্বাচন নিয়ে আপনার দেয়া বিবৃতিতেই উল্লেখ করেছেন যে, নির্বাচন অবাধ এবং সুষ্ঠু এর কোনোটাই হয়নি।'উত্তরে মিলার বলেন, 'বিরোধীদলের হাজার হাজার নেতা-কর্মীকে যেভাবে জেলে আটকে রাখা হয়েছে তা নিয়ে এখনও আমরা উদ্বিগ্ন। পাশাপাশি নির্বাচনে যেভাবে কারচুপি হয়েছে তা নিয়েও আমাদের উদ্বেগ অব্যাহত রয়েছে। অন্যান্যদের মতো নির্বাচন নিয়ে আমাদের মন্তব্য হচ্ছে- এই নির্বাচন অবাধ এবং সুষ্ঠু হয়নি।'এসময় সব রাজনৈতিক দল নির্বাচনে অংশগ্রহণ করতে না পারায় যুক্তরাষ্ট্র হতাশ জানিয়ে মিলার বলেন, 'নির্বাচনকে কেন্দ্র করে যেসব সহিংসতার ঘটনা ঘটেছে আমরা এর নিন্দা জানাই। সহিংসতার ঘটনাগুলোর বিশ্বাসযোগ্য এবং স্বচ্ছ তদন্ত নিশ্চিত করতে আমরা বাংলাদেশ সরকারকে আহ্বান জানাই। প্রকৃত দোষীদের শাস্তির আওতায় আনার পাশাপাশি আমরা সব রাজনৈতিক পক্ষকে আহ্বান জানাবো, তারা যেনো সহিংসতা পরিহার করে।'",0,0,1,1,False
" মার্কিন রাষ্ট্রদূত পিটার হাস বলেছেন, ওয়াশিংটন আগামী দিনে বাণিজ্য, জলবায়ু পরিবর্তন ও রোহিঙ্গা ইস্যুতে বাংলাদেশের নতুন সরকারের সঙ্গে ঘনিষ্ঠভাবে কাজ করবে।  বুধবার (১৭ জানুয়ারি) নবনিযুক্ত পররাষ্ট্রমন্ত্রী ডা. হাছান মাহমুদের সঙ্গে পিটার হাসের প্রথম বৈঠকের পর তিনি সাংবাদিকদের বলেন, ‘আগামী মাসগুলোতে আমাদের পারস্পরিক স্বার্থকে এগিয়ে নিতে (বাংলাদেশের সাথে) ঘনিষ্ঠভাবে কাজ করার জন্য আমি উন্মুখ।’রাষ্ট্রদূত বলেন, যুক্তরাষ্ট্র ও বাংলাদেশ কীভাবে ভবিষ্যতে একসঙ্গে কাজ করবে সে বিষয়ে নতুন মন্ত্রীর সঙ্গে তার সূচনা বৈঠক হয়েছে। তিনি বলেন, ‘আমরা বাংলাদেশ-মার্কিন সম্পর্কের ভবিষ্যত ও কীভাবে আমরা পারস্পরিক গুরুত্বপূর্ণ বিষয়- যেমন ব্যবসার সুযোগ সম্প্রসারণ ও রোহিঙ্গাদের বিষয়ে একসঙ্গে কাজ করার ব্যাপারে কথা বলেছি।’উল্লেখ্য, গত ৭ জানুয়ারির ভোটে ২২৩টি আসনে জিতে টানা চতুর্থবারের মত সরকার গঠন করেছে আওয়ামী লীগ। এ নির্বাচন নিয়ে বিদেশি পর্যবেক্ষকদের একাংশ সন্তোষ প্রকাশ করলেও ভোট ‘সুষ্ঠু হয়নি’ বলে বিবৃতিতে দেয় যুক্তরাষ্ট্র ও যুক্তরাজ্য।ভোটের পর দেশটির পররাষ্ট্র দপ্তরের মুখপাত্র ম্যাথু মিলার এক বিবৃতিতে বলেন, “যুক্তরাষ্ট্র বাংলাদেশের বিরোধী রাজনৈতিক দলের হাজারো সদস্যদের গ্রেপ্তার ও নির্বাচনের অনিয়মের খবরে উদ্বিগ্ন। অন্যান্য পর্যবেক্ষকদের সঙ্গে যুক্তরাষ্ট্র একমত যে, এই নির্বাচন অবাধ বা সুষ্ঠু হয়নি এবং সব দল এতে অংশ না নেওয়ায় আমরা হতাশ।” এর আগে বাংলাদেশের গণতান্ত্রিক নির্বাচন প্রক্রিয়াকে বাধাগ্রস্ত করার জন্য দায়ী ব্যক্তিদের বিরুদ্ধে ভিসা নিষেধাজ্ঞা আরোপের কথা জানিয়েছিল যুক্তরাষ্ট্র।",0,0,1,1,False
" বাংলাদেশের দ্বাদশ জাতীয় সংসদ নির্বাচন ও বিএনপির সন্ত্রাস কার্যক্রম নিয়ে প্রশ্ন করায় ক্ষুব্ধ হয়েছেন জাতিসংঘ মহাসচিব অ্যান্তোনিও গুতেরেসের মুখপাত্র স্টিফেন ডুজাররিক। সোমবার (১৫ জানুয়ারি) জাতিসংঘের নিয়মিত প্রেস ব্রিফিংয়ে এক সাংবাদিক প্রশ্ন করতে গিয়ে বাংলাদেশে অনুষ্ঠিত দ্বাদশ জাতীয় সংসদ নির্বাচন অবাধ, অংশগ্রহণমূলক এবং স্বচ্ছ হয়েছে বলে তথ্য দেন। অন্যদিকে বিএনপি ‘সন্ত্রাসী কার্যক্রমের’ মধ্য দিয়ে নির্বাচন ভণ্ডুলের চেষ্টা করে বলে তিনি মন্তব্য করেন। এসময় দৃশ্যত ক্ষুব্ধ হন স্টিফেন ডুজাররিক। তিনি জবাবে বলেন, কি ঘটেছে আমার সেটা জানার প্রয়োজন নেই। আপনার প্রশ্নটা কি? আবার ওই সাংবাদিক দ্বিতীয় প্রশ্ন করা শুরু করেন। তিনি এবারো বিএনপি নির্বাচনকালে সন্ত্রাসী কর্মকাণ্ড করেছে বলে উল্লেখ করতে থাকেন। আবারো স্টিফেন ডুজাররিক তার ওপর বিরক্ত হন। ডুজাররিক আবার তাকে প্রশ্ন করেন- দয়া করে আপনি কি আমাকে প্রশ্ন করবেন? এবার আবারো একইভাবে বিএনপি সন্ত্রাসী কর্মকাণ্ড করেছে বলে তিনি উল্লেখ করেন এবং এর প্রেক্ষিতে জাতিসংঘের অবস্থান জানতে চান।প্রশ্নের জবাবে স্টিফেন ডুজাররিক বলেন, দ্বাদশ জাতীয় সংসদ নির্বাচন নিয়ে আপনার একজন সহকর্মী আমাকে প্রশ্ন করেছিলেন। আমি আগে যা বলেছি এখনো তাই বলবো। তা হলো সব দলের প্রতি সব রকম সহিংসতা পরিহার করার আহ্বান জানাই। মানবাধিকার এবং আইনের শাসন নিশ্চিত করার আহ্বান জানাই। ওই সাংবাদিক আবারো প্রশ্ন করেন যাত্রী বোঝাই বাস ও ট্রেনে আগুন দিয়ে মানুষ হত্যার বিষয়ে জাতিসংঘ কি নিন্দা জানাবে না, যেখানে মানবাধিকার লংঘিত হয়েছে? এর জবাবে স্টিফেন ডুজাররিক বলেন, যেই করুক কোনো সহিংসতাকে প্রশ্রয় দেয় না জাতিসংঘ।",0,0,1,1,False
" দ্বাদশ জাতীয় সংসদ নির্বাচনে জামালপুর-২ আসনে প্রকাশ্যে ভোটদানের বিষয়ে নির্বাচন কমিশনকে (ইসি) ব্যাখ্যা দিয়েছেন ধর্মমন্ত্রী ফরিদুল হক খান। ব্যাখ্যা প্রদান শেষে তিনি বলেন, আমার বিশ্বাস গুরুতর কোনো অপরাধ যদি না থাকে তারপরও আইনের প্রতি শ্রদ্ধাশীল থেকে ক্ষমা সুন্দর দৃষ্টিতে দেখার অনুরোধ করেছি।সোমবার (১৫ জানুয়ারি) বিকেলে আগারগাঁও নির্বাচন ভবনের সভাকক্ষে অভিযোগের বিষয়ে তিনি ব্যাখ্যা দেন।ধর্মমন্ত্রী আরো বলেন, বাংলাদেশ সরকার সংবিধান রেখেছে। আইন রেখেছে এবং আমি আইনের ঊর্ধ্বে নই। কেউই আইনের ঊর্ধ্বে নয়। বিধান অনুসারে নির্বাচন কমিশন আমাদের উপস্থিত হওয়ার জন্য বলেছে। আমি উপস্থিত হয়েছি, আমার কথা বলেছি। ইসি কী বলেছে জানতে চাইলে উত্তরে মন্ত্রী বলেন, কমিশন বলেছে বিষয়টি দেখবে।আওয়ামী লীগ ধর্মমন্ত্রীর কর্মকাণ্ডে বিব্রত কি না- এমন প্রশ্নের জবাবে তিনি বলেন, না, আওয়ামী লীগ বিব্রত না, কেউ বিব্রত না।গত ১১ জানুয়ারি বিভিন্ন গণমাধ্যমে জামালপুর-২ আসনের কয়েকটি কেন্দ্রে প্রকাশ্যে ভোট প্রদানের খবর প্রকাশিত হয়। প্রকাশ্যে ভোট দিয়ে ভোটের গোপনীয়তা রক্ষা না করা গণপ্রতিনিধিত্ব আদেশ, ১৯৭২ এর ৮৩ অনুচ্ছেদের বিধান অনুসারে শাস্তিযোগ্য নির্বাচনী অপরাধ উল্লেখ করে ইসি। একইসঙ্গে এ বিষয়ে কেন আইনি ব্যবস্থা নেয়া হবে না এ মর্মে জামালপুর-২ আসনের নৌকার প্রার্থী বর্তমান ধর্মমন্ত্রী ফরিদুল হক খানকে তলব করা হয়।",0,0,1,1,False
" আমার অর্জন ও সুনাম যারা কোনদিনই সহ্য করতে পারেনি তবুও তাদেরকে আমি সাধ্যমত সহযোগিতা ও সম্মান করে আসছি কিন্তু তারা ঠিকই সুযোগ বুঝে আমাকে টেনে হেছরে নিচে নামিয়ে দিচ্ছে। আল্লাহ তাদের হেদায়েত দান করুন।সোমবার (১৫ জানুয়ারি) রাত পৌনে ১০টার দিকে মানিকগঞ্জ-২ আসনের সাবেক এমপি ও কণ্ঠশিল্পী মমতাজ বেগম তার নিজ ফেসবুক পেজ ‘Momotaz Begom’ থেকে আবেগঘন এ স্ট্যাটাস দেন । মমতাজ বেগমের স্ট্যাটাস নিয়ে রাজনৈতিক অঙ্গনসহ বিভিন্ন মহলে ব্যাপক আলোচনা চলছে।মানিকগঞ্জ-২ আসনের টানা দুইবার জাতীয় সংসদের সদস্য ও একবার সংরক্ষিত মহিলা আসনের এমপি ছিলেন কণ্ঠশিল্পী মমতাজ বেগম। সদ্য সমাপ্ত দ্বাদশ জাতীয় সংসদ নির্বাচনেও আওয়ামী লীগের দলীয় মনোনয়ন পেয়েছিলেন তিনি। কিন্তু নির্বাচনে নৌকা প্রতীক নিয়ে নিজ দলের স্বতন্ত্র প্রার্থী জেলা আওয়ামী লীগের কোষাধ্যক্ষ শিল্পপতি দেওয়ান জাহিদ আহমেদ টুলুর কাছে পরাজিত হন এই কণ্ঠশিল্পী।নির্বাচনের এক সপ্তাহ পর নিজের সুনাম ও খ্যাতি নষ্ট করার জন্য স্বার্থপর কিছু মানুষের মিথ্যা অপবাদ ও অত্যাচার সহ্যের কথা জানিয়ে যে স্ট্যাটাসটি দেন তা এখানে হুবহু তুলে ধরা হলো- নিজের খ্যাতিটাও মাঝে মাঝে গলার কাঁটা মনে হয়। সুনাম নষ্ট হবে এই ভয়ে মুখ বুজে কত যে অত্যাচার সহ্য করতে হয় তা আমি আর আল্লাহ ছাড়া কেউ জানে না। যা কিছু অর্জন করেছি তা আমার অনেক কষ্টের অর্জন। মা-বাবা পীর মুর্শিদের দোয়াও আছে।আমার এই অর্জনের পেছনে নির্দিষ্ট কোনো ব্যক্তির হাত না থাকলেও আজ সেটাকে ধ্বংস করতে কতিপয় কিছু ব্যক্তি উঠে পড়ে লেগেছে। যারা কোনোদিনই আমার সুনাম, খ্যাতি, অর্জন, ভালো থাকা কোনোভাবেই সহ্য করতে পারে নাই, তবুও আমি আমার সাধ্যমতো তাদেরকে সম্মান ও সহযোগিতা করে আসছি, কিন্তু লাভ হয়নি! সুযোগ বুঝে ঠিকই আমাকে টেনে-হিঁচড়ে নিচে নামিয়ে দিচ্ছে। কষ্টটা হলো আমি যা না, আমি যা করিনি সেই অপবাদ আমাকে দিচ্ছে শুধুমাত্র কিছু অর্থ স্বার্থের বিনিময়ে। আমি জানি সত্যটা ঠিকই একদিন এ দেশের মানুষ জানবে শুধু সময়ের অপেক্ষা মাত্র। আল্লাহ তুমি এই স্বার্থপর মানুষগুলোকে হেদায়েত দান করো।সামাজিক যোগাযোগমাধ্যমে মমতাজ বেগমের স্ট্যাটাসটি ভাইরাল হয়ে পড়লে তার শুভাকাঙ্ক্ষী ও ভক্তরা সহমর্মিতা ও সাহস যুগিয়ে ধৈর্য ধারণ করার পরামর্শ দিয়ে যাচ্ছেন । উল্লেখ্য, কণ্ঠশিল্পী মমতাজ বেগম স্বতন্ত্র প্রার্থী জেলা আওয়ামী লীগের কোষাধ্যক্ষ শিল্পপতি দেওয়ান জাহিদ আহমেদ টুলুর কাছে ৬ হাজার ১৭১ ভোটের ব্যবধানে পরাজিত হন। ট্রাক প্রতীক নিয়ে দেওয়ান জাহিদ আহমেদ টুলু ৮৮ হাজার ৩০৯ ভোট পেয়ে বিজয়ী হন। আর নৌকা প্রতীক নিয়ে মমতাজ বেগম পান ৮২ হাজার ১৩৮ ভোট",0,0,1,1,False
" বাংলাদেশে দ্বাদশ জাতীয় সংসদ নির্বাচন নিয়ে শুক্রবার (১২ জানুয়ারি) একটি যৌথ বিবৃতি দিয়েছে ছয়টি আন্তর্জাতিক সংগঠন। বিবৃতিতে বাংলাদেশে রাজনৈতিক বন্দীদের মুক্তি দিয়ে নতুন করে জাতীয় নির্বাচন অনুষ্ঠানের আহ্বান জানানো হয়েছে। এছাড়া গত ৭ জানুয়ারি অনুষ্ঠিত বাংলাদেশের দ্বাদশ জাতীয় সংসদ নির্বাচন নিয়ে গভীর উদ্বেগ জানানো হয়েছে।  বলা হয়েছে, এই নির্বাচন যথাযথ বা প্রতিদ্বন্দ্বিতামূলক—কোনোটিই হয়নি। গণতান্ত্রিক মূল্যবোধসমূহ ও আন্তর্জাতিক নির্বাচনী মানদণ্ড মেনে এই নির্বাচন হয়েছে কি না, সে বিষয়েও গুরুতর প্রশ্ন উঠেছে। যৌথ বিবৃতি দেয়া সংগঠনগুলো হলো- এশিয়ান নেটওয়ার্ক ফর ফ্রি ইলেকশনস (এএনএফআরইএল), ওয়ার্ল্ড অ্যালায়েন্স ফর সিটিজেন পার্টিসিপেশন (সিআইভিআইসিইউএস), ইন্টারন্যাশনাল ফেডারেশন ফর হিউম্যান রাইটস (এফআইডিএইচ), এশিয়ান ডেমোক্রেসি নেটওয়ার্ক (এডিএন), ক্যাপিটাল পানিশমেন্ট জাস্টিস প্রোজেক্ট (অস্ট্রেলিয়া) ও অ্যান্টি-ডেথ পেনাল্টি এশিয়া নেটওয়ার্ক (এডিপিএএন)।সংগঠনগুলো বলেছে, এমন বহু খবর ও তথ্য-প্রমাণ আছে, যেগুলো নির্বাচনের আগে ও নির্বাচনের দিন ব্যাপক অনিয়মের চিত্র দেয়। এরমধ্যে ভোটারদের চাপ প্রয়োগ এবং ভোটের ফলাফলে কারচুপির মতো বিষয়ও রয়েছে। এগুলো গুরুতরভাবে গণতন্ত্রের মূল নীতিসমূহ ক্ষুণ্ন করে। নির্বাচন সামনে রেখে বেপরোয়াভাবে বিরোধীদের কণ্ঠ রোধ এবং রাজনৈতিক ভিন্নমতাবলম্বীদের দমনের ঘটনা ছিল উদ্বেগজনক। ভয় দেখানো, পরোয়ানা ছাড়া হয়রানি, মিথ্যা অভিযোগে বহু মানুষকে আটক এবং বিরোধী রাজনীতিক ও তাঁদের সমর্থকদের ওপর পরিচালিত সহিংসতা একটি বিশৃঙ্খল নির্বাচনী পরিবেশের চিত্র দেয়—যা কর্তৃপক্ষের নিপীড়নের কারণেই সম্ভব হয়ে থাকে। আইনশৃঙ্খলা রক্ষাকারী বাহিনীগুলোদেশজুড়ে বিরোধী নেতা-কর্মী ও সমর্থকদের ধারপাকড় করে।বিবৃতিতে বলা হয়েছে, সভা-সমাবেশের স্বাধীনতার অধিকার, শান্তিপূর্ণ সমাবেশের অধিকার এবং মতপ্রকাশের স্বাধীনতা শুধু সরকারপন্থী দল, সংগঠন ও ব্যক্তিদের ক্ষেত্রে রক্ষিত হয়েছে। পক্ষান্তরে বিরোধী নেতা-কর্মী ও ভিন্নমতাবলম্বীদের ক্ষেত্রে এসব মৌলিক অধিকার প্রাতিষ্ঠানিক প্রক্রিয়ার মধ্য দিয়ে ধারাবাহিকভাবে সীমিত রাখা হয়েছিল।বাংলাদেশ জাতীয়তাবাদী দল (বিএনপি), বাম গণতান্ত্রিক জোট, গণতন্ত্র মঞ্চসহ প্রধান বিরোধী রাজনৈতিক দল ও জোটগুলো নির্বাচন বর্জন করেছে। নির্বাচন কমিশনসহ রাষ্ট্রীয় প্রতিষ্ঠানগুলোতে পক্ষপাতমূলক অবস্থান, নির্বাচন প্রক্রিয়ায় সুস্পষ্ট পক্ষপাত এবং বিরোধী নেতা-কর্মীদের দমন-পীড়নের কারণে তারা নির্বাচন বর্জনের সিদ্ধান্ত নেয়। একই ধরনের উদ্বেগ ও বিষয়াবলির কারণে প্রার্থী একটি বড় অংশ প্রতিদ্বন্দ্বিতা থেকে সরে দাঁড়িয়েছে।অধিকন্তু নির্বাচন প্রক্রিয়াতেই বহু অনিয়মের খবর রয়েছে। তার মধ্যে রয়েছে ভোটকেন্দ্রের নিয়ন্ত্রণ নেওয়া। যেখানে ক্ষমতাসীন দলের সমর্থকেরা জোরজবরদস্তি, বলপ্রয়োগ বা ভয়ভীতি দেখিয়ে বুথের নিয়ন্ত্রণ নিয়ে ভোটদান প্রক্রিয়া নিজেদের ইচ্ছেমতো পরিচালিত করে বিশেষ প্রার্থীর বিজয় নিশ্চিত করেছেন। বিভিন্ন জায়গায় স্বতন্ত্র প্রার্থীদের এজেন্টদের বের করে দিতে গেছে। এ ছাড়া ব্যালটে সিল মারা, ভুয়া ভোট নেওয়া এবং এমনকি ক্ষমতাসীন দলের প্রার্থীদের পক্ষে ভোট দেওয়ানোর জন্য অপ্রাপ্তবয়স্কদের ভাড়া করা হয়।  নির্বাচন কমিশন ৪১ দশমিক ৮ শতাংশ ভোট পড়েছে বলে যে তথ্য দিয়েছে, তা নিয়েও প্রশ্ন রয়েছে। সারা দেশের ভোটকেন্দ্রগুলোতে থেকে যেসব খবর পাওয়া গেছে এবং প্রত্যক্ষদর্শীরা যেসব তথ্য দিয়েছেন, তাতে ভিন্ন চিত্র পাওয়া যায়।যৌথ বিবৃতিতে বলা হয়, ‘বাংলাদেশের মানুষ এমন একটি নির্বাচন প্রক্রিয়া পাওয়ার অধিকারী, যেটা স্বচ্ছ, জবাবদিহিমূলক হবে এবং যে নির্বাচনের মাধ্যমে সম্মিলিতের আকাঙ্ক্ষার প্রতিফলন ঘটবে, যে নির্বাচন প্রক্রিয়ার প্রতি সব শ্রদ্ধা ও আস্থা রাখবে। একটি অংশগ্রহণমূলক শাসনব্যবস্থা নিশ্চিত করার লক্ষ্যে আমরা একটি অবাধ ও সুষ্ঠু নির্বাচনের প্রয়োজনীয়তার ওপর গুরুত্ব আরোপ করছি। আমরা বাংলাদেশের সরকারের প্রতি একটি অবাধ, সুষ্ঠু, অংশগ্রহণমূলক ও অন্তর্ভুক্তিমূলক নতুন নির্বাচন অনুষ্ঠানের জন্য পদক্ষেপ নিতে জোরালো আহ্বান জানাচ্ছি। আর এই নির্বাচন হতে হবে সব রাজনৈতিক দলের মতৈক্যের ভিত্তিতে একটি নিরপেক্ষ নির্বাচন ব্যবস্থাপনা সংস্থা ও একটি নিরপেক্ষ অন্তর্বর্তীকালীন সরকারের অধীনে।’শুধু রাজনৈতিক মতভিন্নতার কারণে যাঁদের সাজানো মামলায় কারাবন্দী করে রাখা হয়েছে, সেই সব ব্যক্তিকে মুক্তি দেওয়ার জন্য বাংলাদেশ সরকারের প্রতি আহ্বান জানানো হয়েছে বিবৃতিতে। এছাড়া নাগরিক সমাজ যাতে ঠিকমতো কাজ করতে পারে, এমন পরিবেশ সৃষ্টি, যেখানে ব্যক্তি ও গোষ্ঠী তাদের মতপ্রকাশের স্বাধীনতা, একত্র হওয়ার ও শান্তিপূর্ণ সমাবেশ করার অধিকার পায়, তা নিশ্চিত করার আহ্বান জানিয়েছে সংগঠনগুলো।",0,0,1,1,False
" বিএনপি ও সমমনা দলগুলোর নতুন করে নির্বাচনের দাবিকে মামা বাড়ির আবদার বলে মন্তব্য করেছেন সড়ক পরিবহন ও সেতুমন্ত্রী ওবায়দুল কাদের।রবিবার (১৩ জানুয়ারি) সচিবালয়ে মন্ত্রীর কক্ষে সাংবাদিকদের এ কথা বলেন তিনি।নতুন সরকারের সামনে কি চ্যালেঞ্জ রয়েছে? জানতে চাইলে ওবায়দুল কাদের বলেন, মানুষের জীবনে রাজনীতি বলুন, অর্থনীতি বলুন সবক্ষেত্রেই চ্যালেঞ্জ আছে। বর্তমান বৈশ্বিক পরিস্থিতিতে সেই চ্যালেঞ্জ আরও কঠিন। তবে আমি মনে করি কোনো চ্যালেঞ্জই মোকাবিলা করা অসম্ভব নয়।কাদের বলেন, আমরা যখন পদ্মাসেতুর কাজ শুরু করেছিলাম তখন কেউ ভাবেনি এটা শেষ করা সম্ভব হবে। বিশ্বব্যাংকও পাশে ছিল না। কিন্তু আমরা পদ্মাসেতু করতে পেরেছি। মেট্রোরেল দিয়ে যে এ শহর সমৃদ্ধ হবে এ কথাও কেউ ভাবেনি। কিন্তু সেটাও শেখ হাসিনার সরকার উপহার দিয়েছে। আমাদের অনেক কাজ আছে সামনে। অনেক চ্যালেঞ্জ আছে। তবে এখনো আমরা সড়কে যানবাহনের শৃঙ্খলা আনতে পারিনি। বিশ্বব্যাংকের সঙ্গে একযোগে আমরা একটা প্রকল্প হাতে নিয়েছি। এটা করতে পারলে রোড সেফটি নিশ্চিত হবে। আজ অনেক রাস্তা হচ্ছে। রাস্তাগুলো স্মার্ট করতে হবে। এ বিষয়গুলোও আমরা দেখব। অনেক সড়কের নির্মাণকাজ শেষ করতে হবে।মন্ত্রিসভায় দেশি বিদেশি চাপ আছে কি না এমন প্রশ্নের জবাবে সেতুমন্ত্রী বলেন, দেশি বিদেশি চাপ প্রসঙ্গে আমাদের প্রধানমন্ত্রী বলেছেন চাপ বিদেশ থেকে আছে। দেশে তো আছেই। আমরা সব চাপ মোকাবিলা করার সক্ষমতা রাখি। আমাদের শক্তি এ দেশের জনগণ। দেশের জনগণ সঙ্গে থাকলে কোনো চাপই মোকাবিলা করা অসম্ভব নয়। অনেকেই ভেবেছে নির্বাচন করতে পারবেনা। কিন্তু তাদের স্বপ্ন স্বপ্নই রয়ে গেছে। অর্থনৈতিক চাপও রয়েছে। এগুলোকে ভয় পেলে হবে না। আজকাল আমাদের গ্রামীণ বাজার পর্যন্ত ভরপুর খাদ্য সামগ্রী, ফলমূল সব আছে। সীমান্তেও একই অবস্থা। কিছু নিম্ন আয়ের মানুষের কষ্ট হচ্ছে। মানুষ যাতে সহজে দ্রব্য কিনতে পারে সেক্ষেত্রে আমরা জোর দেব।বিরোধী দলের প্রতি বার্তা দিতে চান কি না এমন প্রশ্নের উত্তরে কাদের বলেন, এ দেশটা সকলের। দেশ যে শুধু আওয়ামী লীগের সেটা তো বলতে পারি না। সত্যিকার অর্থে গণতান্ত্রিক রাজনৈতিক চর্চায় আসতে হবে। আমরা চিরজীবন ক্ষমতায় থাকব না। একটা দল চিরজীবন ক্ষমতায় থাকেও না। এ দেশের সকল সম্পদ জনগণের। বিরোধী দলের যারা আছে তারাও এ সম্পদের অংশীদার। কাজেই উন্নয়নের যে যাত্রা শুরু হয়েছে সেটা ২০৪১ সাল অবধি আমাদের ভিশনে নিয়ে যেতে হবে।",0,0,1,1,False
" জাতীয় পার্টির প্রধান পৃষ্ঠপোষক ও সংসদের বিরোধী দলীয় নেতা রওশন এরশাদ বলেছেন, হুসেইন মুহাম্মদ এরশাদের আদর্শে অনুপ্রাণিত হয়ে যেসব নেতাকর্মী দেশপ্রেমে উদ্বুদ্ধ হয়ে জাতীয় পার্টির রাজনীতির সঙ্গে সংশ্লিষ্ট, তাদেরকে দল থেকে বহিষ্কার বা অব্যাহতি দেয়া অতীব দুঃখজনক। তিনি আরো বলেন, বিশেষ করে দ্বাদশ জাতীয় সংসদ নির্বাচনকে কেন্দ্র করে তথাকথিত দলীয় শৃঙ্খলা ভঙ্গের ভঙ্গুর অজুহাত তুলে দলের নিবেদিত প্রাণ কর্মী ও সংসদ নির্বাচনে অংশ নেয়া প্রার্থীদের দল থেকে বহিষ্কার করা অত্যন্ত দুঃখজনক। সোমবার (২২ জানুয়ারি) গণমাধ্যমে পাঠানো নিজ স্বাক্ষরিত এক বিজ্ঞপ্তিতে এসব কথা বলেন তিনি।  রওশন এরশাদ বলেন, যেই মুহূর্তে প্রয়োজন সব স্তরের নেতাকর্মীদের ঐক্যবদ্ধ প্রয়াসের মাধ্যমে নির্বাচনে বিপর্যয় এড়িয়ে দলকে শক্তিশালী করা, সেই মুহূর্তে নিবেদিত প্রাণ নেতাকর্মীদের দল থেকে বের করে দিয়ে দলকে ন্যাপ মোজাফ্ফর, ন্যাপ ভাসানী ও মুসলিম লীগে রূপান্তরের সামিল। তাই অনতিবিলম্বে দলকে ঐক্যবদ্ধ করার সব প্রয়াস নেয়ার জন্য পার্টির চেয়ারম্যানসহ সংশ্লিষ্ট সবার প্রতি আহবান জানান তিনি। বিবৃতিতে অনতিবিলম্বে অব্যাহতি-প্রাপ্ত ও বহিষ্কৃত নেতাকর্মীদের দলে ফিরিয়ে এনে স্ব-স্ব পদে বহালের আহবান জানান তিনি। ",0,0,1,1,False
" দেশের মানুষ এবারের নির্বাচন গ্রহণ করেছে এমন মন্তব্য করে আওয়ামী লীগ সভাপতি ও প্রধানমন্ত্রী শেখ হাসিনা বলেছেন, এবারের নির্বাচন নতুন ইতিহাস সৃষ্টি করেছে। দেশে-বিদেশে দ্বাদশ জাতীয় সংসদ নির্বাচন গ্রহণযোগ্যতা পেয়েছে। ভোটের মাধ্যমে জনগণের মতের প্রতিফলন ঘটেছে। কিন্তু কিছু আঁতেল নির্বাচন নিয়ে ধুম্ররজাল সৃষ্টির চেষ্টা করছে। সোমবার (২২ জানুয়ারি) রাতে গণভবনে আওয়ামী লীগের কেন্দ্রীয় কার্যনির্বাহী সংসদের জরুরি সভায় সূচনা বক্তব্যে এসব কথা বলেন তিনি। ভরা মৌসুমে চালের দাম কেন বাড়ছে, এমন প্রশ্ন রেখে এর পেছনের চক্রটিকে খুঁজে বের করার নির্দেশনা দেন তিনি।আওয়ামী লীগ সভাপতি শেখ হাসিনার সভাপতিত্বে অনুষ্ঠিত এ সভায় দলের কেন্দ্রীয় কার্যনির্বাহী সংসদের সদস্যরা উপস্থিত ছিলেন। প্রধানমন্ত্রীর সূচনা বক্তব্যের পর রুদ্ধদ্বার বৈঠক অনুষ্ঠিত হয়।সূচনা বক্তব্যে প্রধানমন্ত্রী বলেন, বাংলাদেশের উন্নয়নে স্থিতিশীল পরিবেশের জন্য এবারের নির্বাচন জরুরি ছিলো। তিনি বলেন, ভোট হতে দেবে না, ভোটকেন্দ্রে যেতে দেবে না, এমন হুমকির মধ্যেও জনগণ স্বতঃস্ফূর্তভাবে তাদের ভোটাধিকার প্রয়োগ করেছে।নির্বাচনে অংশ নেয়া প্রতিটি রাজনৈতিক দলের নিজস্ব বিষয় উল্লেখ করে প্রধানমন্ত্রী বলেন, নির্বাচন করা না করার সিদ্ধান্ত নির্ভর করে রাজনৈতিক দলের ওপর। এ দেশের মানুষ এবারের ভোটগ্রহণ করেছে। হ্যাঁ এই নির্বাচন অনেকের পছন্দ না-ও হতে পারে। কিন্তু মানুষ তো ভোট দিয়েছে। অথচ কিছু আঁতেল ভোট নিয়ে ধুম্রজাল তৈরির চেষ্টা করে যাচ্ছে।অবৈধ মজুতদারদের বিরুদ্ধে হুঁশিয়ারি উচ্চারণ করে শেখ হাসিনা বলেন, ভোটের পর হঠাৎ দেখলাম বাজারে চালের দাম বেড়ে গেল। ভরা মৌসুমে কেন চালের দাম বেড়ে গেল, এই চক্রকে খুঁজে বের করা হবে। অস্বাভাবিকভাবে দুরভিসন্ধিমূলক কোনো মজুত পাওয়া গেলে প্রয়োজনে মোবাইল কোর্ট চালিয়ে ওদেরকে জেলে দেয়া হবে। মজুতদারদের রুখতে সাধারণ মানুষকেও এগিয়ে আসার আহ্বান জানিয়ে তিনি বলেন, মজুতদারি করে কেউ যাতে মানুষের খাবার নিয়ে খবরদারি করতে না পারে, সেদিকে খেয়াল রাখতে হবে। কোথাও কোনো অস্বাভাবিক কিছু দেখলে সঙ্গে সঙ্গে সংশ্লিষ্ট সংস্থাগুলোকে জানাতে হবে।প্রধানমন্ত্রী বলেন, নির্বাচন বানচালে ব্যর্থ হয়ে বিএনপি অন্যভাবে কিছু করার চেষ্টা চালাচ্ছে। তবে আমরা সরকারের শুভফল মানুষের কাছে পৌঁছে দিতে চাই।",0,0,1,1,False
" দ্বাদশ জাতীয় সংসদ নির্বাচন ‘একপাক্ষিক ও পাতানো’ ছিল অভিযোগ করে এ নির্বাচন প্রতিদ্বন্দ্বিতাপূর্ণ, অবাধ ও অন্তর্ভুক্তিমূলক হয়নি বলে মন্তব্য করেছে ট্রান্সপারেন্সি ইন্টরন্যাশনাল বাংলাদেশ (টিআইবি)। নির্বাচনে শেষের এক ঘণ্টায় ১৫ দশমিক ৪৩ শতাংশ ভোট কাস্ট হওয়া এবং মোট ৪১ দশমিক ৮ শতাংশ ভোট পড়ার বিষয়টি বিতর্কের জন্ম দিয়েছে বলে মনে করে জার্মানভিত্তিক এই দুর্নীতিবিরোধী সংস্থা। গতকাল বুধবার সকালেরাজধানীর ধানমন্ডির মাইডাস সেন্টারে টিআইবির কার্যালয়ে আয়োজিত ‘দ্বাদশ জাতীয় সংসদ নির্বাচন প্রক্রিয়া ট্র্যাকিং’ শীর্ষক গবেষণা প্রতিবেদন প্রকাশ অনুষ্ঠানে এক সংবাদ সম্মেলনে এ তথ্য জানায় সংস্থাটি।বিএনপিসহ ১৫টি নিবন্ধিত দলের অনুপস্থিতি ও তাদের নির্বাচন বর্জনের কারণে বেশিরভাগ আসনেই নির্বাচন প্রতিদ্বন্দ্বিতা হয়নি মন্তব্য করে প্রতিবেদনে বলা হয়, নির্বাচনে ২৯৯ আসনের মধ্যে ২৪১টি আসনেই প্রকৃত অর্থে প্রতিদ্বন্দ্বিতা হয়নি। নির্বাচন প্রতিদ্বন্দ্বিতাপূর্ণ এবং অংশগ্রহণমূলক দেখাতে নিজ দলীয় স্বতন্ত্র প্রার্থী দিয়ে নির্বাচন করলেও বেশিরভাগ আসনে নির্বাচনে প্রতিদ্বন্দ্বিতা হয়নি।টিআইবির গবেষণা প্রতিবেদনে আরও বলা হয়, ভোটের দিন সারাদেশে অধিকাংশ কেন্দ্রে আওয়ামী লীগ এবং স্বতন্ত্র প্রার্থী ছাড়া অন্য দলের প্রার্থীদের পোলিং এজেন্ট ছিল না। প্রতিপক্ষের এজেন্টদের হুমকির মাধ্যমে কেন্দ্রে প্রবেশ করা থেকে বিরত রাখা হয়।ভোটের দিন স্বল্প ভোটার আগমন এবং ডামি লাইন তৈরি, বিভিন্ন আসনে অন্য দলের প্রার্থীর এজেন্ট বের করে দেওয়া, ভোটের আগে ব্যালটে সিল মারা, ভোট চলাকালে প্রকাশ্য সিল মারাসহ বিভিন্ন অনিয়মের অভিযোগ আওয়ামী লীগের পরাজিত প্রার্থী ও স্বতন্ত্র প্রার্থীরা অভিযোগ করেছে বলে টিআইবির প্রতিবেদনে উল্লেখ করা হয়েছে।আসন ভাগাভাগি ও সমঝোতার পাশাপাশি প্রতিটি আসনে আওয়ামী লীগের স্বতন্ত্র প্রার্থী রাখা- দলীয় গঠনতন্ত্র ও শৃঙ্খলা ভেঙে নিজ দলের মনোনয়ন দেওয়া হয়েছে উল্লেখ করে প্রতিবেদনে বলা হয়, আওয়ামী লীগের দলীয় প্রার্থীর চেয়ে স্বতন্ত্র প্রার্থী বেশি ছিল। ২৬৬ জন দলীয় প্রার্থীর বিপরীতে স্বতন্ত্র ২৬৯ জন।প্রতিবেদনের বিষয়ে সংবাদ সম্মেলনে টিআইবির নির্বাহী পরিচালক ড. ইফতেখারুজ্জামান বলেন, একপাক্ষিক ও পাতানো প্রতিদ্বন্দ্বিতাপূর্ণ দ্বাদশ সংসদ নির্বাচন অবাধ ও অন্তর্ভুক্তিমূলক হয়নি। প্রাপ্তি-অপ্রাপ্তিসহ সার্বিক অভিজ্ঞতা বাংলাদেশে গণতন্ত্র ও গণতান্ত্রিক নির্বাচনের ভবিষ্যতের জন্য অশনি সংকেত। যা গৌরবময় মুক্তিযুদ্ধ ও স্বাধীনতার চেতনা ও স্বপ্নের সঙ্গে সাংঘর্ষিক।নির্বাহী পরিচালক আরও বলেন, নির্বাচনকালীন সরকার ইস্যুতে দুই বড় দলের বিপরীতমুখী ও অনড় অবস্থানের কারণে অংশগ্রহণমূলক ও অবাধ নির্বাচন হয়নি এবং এ বিপরীতমুখী ও অনড় অবস্থানকেন্দ্রিক এজেন্ডা বাস্তবায়নের লড়াইয়ে বাংলাদেশের গণতান্ত্রিক ভবিষ্যতের জিম্মিদশা প্রকটতর হয়েছে।ক্ষমতায় অব্যাহত থাকার কৌশল বাস্তবায়নের একতরফা নির্বাচন সাফল্যের সঙ্গে সম্পন্ন হয়েছে মন্তব্য করে ড. ইফতেখারুজ্জামান বলেন, যার আইনগত বৈধতা নিয়ে কোনো চ্যালেঞ্জ হয়তো হবে না বা হলেও টিকবে না। তবে এ সাফল্য রাজনৈতিক শুদ্ধাচার, গণতান্ত্রিক ও নৈতিকতার মানদ-ে চিরকাল প্রশ্নবিদ্ধ থাকবে। নির্বাচনের নামে ক্ষমতার দ্বন্দ্বের দীর্ঘকাল যাবৎ চলমান সংস্কৃতির রাজনৈতিক আদর্শের যে কোনো সংশ্লিষ্টতা নেই, তা আবারও প্রমাণিত হয়েছে।টিআইবির গবেষক মাহফুজুর হক, নেওয়াজুল মওলা, সাজেদুল ইসলাম গবেষণা প্রতিবেদন উপস্থাপন করেন। তারা জানান, এটা ছিল নির্বাচনকেন্দ্রিক প্রাথমিক গবেষণা প্রতিবেদন। পরে চূড়ান্ত প্রতিবেদন প্রকাশ করা হবে। গবেষণায় ৫০টি আসন দৈবচয়ন পদ্ধতিতে বাছাই করে প্রত্যক্ষ ও পরোক্ষভাবে সব বিষয়ের তথ্য-উপাত্ত নেওয়া হয়েছে।",0,0,1,1,False
" নির্বাচন ব্যবস্থার ওপর জনগণের আস্থা অনেকটা কমে গেছে বলে মন্তব্য করেছেন প্রধান নির্বাচন কমিশনার (সিইসি) কাজী হাবিবুল আউয়াল। আজ বৃহস্পতিবার নির্বাচন ভবনের অডিটোরিয়ামে আয়োজিত ‘দ্বাদশ জাতীয় সংসদ নির্বাচন সুষ্ঠু ও সফলভাবে সম্পন্ন করায়’ ধন্যবাদ জ্ঞাপন অনুষ্ঠানে প্রধান অতিথির বক্তব্যে তিনি এ মন্তব্য করেন।কাজী হাবিবুল আউয়াল বলেন, ‘সরকারের সহায়তা ছাড়া এতো বড় কর্মযজ্ঞ সফল করা সম্ভব ছিল না। আমাদের অপবাদ, বদনাম দুটোই নিতে হবে। উদ্বেগ, সংকট থেকে জাতি উঠে এসেছে। তবে এটা স্থায়ী সমাধান নয়। রাজনীতিবিদদের যদি আস্থা না থাকে তাহলে নির্বাচন কমিশনের গ্রহণযোগ্যতা থাকে না।’তিনি আরও বলেন, ‘নির্বাচন খুব যে অংশগ্রহণমূলক হয়েছে তা নয়। একটি বড় দল শুধু বর্জন করেনি, প্রতিহত করতে চেয়েছিল। নির্বাচন উঠিয়ে আনায় জাতি স্বস্তিবোধ করছে, আমরা স্বস্তিবোধ করছি। তবে নির্বাচন ব্যবস্থার ওপর জনগণের আস্থা অনেকটা কমে গেছে।’নির্বাচন কমিশনার মো. আহসান হাবিব খান বলেন, ‘ঈমানের সঙ্গে কাজ করে সফল হয়েছি। যে স্ট্যান্ডার্ডে পৌঁছেছি, সে স্ট্যান্ডার্ড থেকে নামতে পারব না। আমরা দেখিয়ে দেব, কীভাবে এই কমিশন কাজ করে, যা ভবিষ্যতের জন্য অনুকরণীয় হয়ে থাকবে।’নির্বাচন কমিশনার রাশেদা সুলতানা বলেন, ‘আমরা একটা ভালো নির্বাচন করতে চেয়েছিলাম। না করতে পারলে হয়তো আমরা একটা সিদ্ধান্ত নিতাম। আমাদের সরকার সহায়তা দিয়েছে। না হলে একভাবে কাজ করা সম্ভব হতো না। আশা করি, মান-সম্মানের সঙ্গে চলে যেতে পারব।’নির্বাচন কমিশনার মো. আলমগীর বলেন, ‘দলগুলো যারা অংশগ্রহণ করেছে তারা এবং সরকার, সবাই আন্তরিকভাবে সহযোগিতা করেছে। আনসার থেকে শুরু করে সবাই সহায়তা করেছে। সকলের সহযোগিতা যদি না পেতাম, সুষ্ঠুভাবে নির্বাচন করতে পারতাম না। সব দল অংশগ্রহণ করলে নির্বাচন আরও গ্রহণযোগ্য হতো।’নির্বাচন কমিশনার মো. আনিছুর রহমান বলেন, ‘আমরা দৃঢ়তার সঙ্গে ছিলাম অবাধ, সুষ্ঠু ও শান্তিপূর্ণ নির্বাচন করতে না পারলে, আমরা আমাদের সিদ্ধান্ত নেব।’",0,0,1,1,False
" দ্বাদশ জাতীয় সংসদ নির্বাচন অবাধ ও অন্তর্ভুক্তিমূলক হয়নি বলে দাবি করেছে ট্রান্সপারেন্সি ইন্টারন্যাশনাল বাংলাদেশ (টিআইবি)। ‘দ্বাদশ জাতীয় সংসদ নির্বাচন প্রক্রিয়া ট্রাকিং’শীর্ষক এক গবেষণা প্রতিবেদনে এই দাবি করেছে টিআইবি।আজ বুধবার রাজধানীর ধানমন্ডিতে নিজেদের কার্যালয়ে এই গবেষণা প্রতিবেদন উপস্থাপন করেন টিআইবির গবেষক মাহফুজুর হক, নেওয়াজুল মওলা ও সাজেদুল ইসলাম।প্রতিবেদনে বলা হয়, নির্বাচনে শেষের এক ঘণ্টায় ১৫.৪৩ শতাংশ ভোটসহ মোট ৪১.৮ শতাংশ ভোট পড়া বিতর্কের জন্ম দিয়েছে। অন্যদিকে, বিএনপিসহ ১৫টি নিবন্ধিত দলের অনুপস্থিতি ও তাদের নির্বাচন বর্জনের কারণে অন্তত ২৪১টি আসনে প্রতিদ্বন্দ্বিতা হয়নি।সংস্থাটির মতে, নির্বাচন প্রতিদ্বন্দ্বিতা পূর্ণ এবং অংশগ্রহণমূলক দেখাতে নিজ দলীয় স্বতন্ত্র প্রার্থী দিয়ে নির্বাচন করলেও বেশিরভাগ আসনে নির্বাচন প্রতিদ্বন্দ্বিতাপূর্ণ হয়নি।গবেষণা প্রতিবেদনে আরও বলা হয়, সারাদেশে অধিকাংশ ভোটকেন্দ্রে আওয়ামী লীগ এবং স্বতন্ত্র প্রার্থী ছাড়া অন্য দলের প্রার্থীদের পোলিং এজেন্ট ছিল না। প্রতিপক্ষের প্রার্থীদের এজেন্টদের হুমকির মাধ্যমে কেন্দ্রে প্রবেশ করা থেকে বিরত রাখা হয়।টিআইবি জানায়, এটি ছিল নির্বাচন কেন্দ্রীক প্রাথমিক গবেষণা প্রতিবেদন। পরবর্তীতে চূড়ান্ত প্রতিবেদন প্রকাশ করা হবে। গবেষণায় ৫০টি আসন দৈবচয়ন পদ্ধতিতে বাছাই করে প্রত্যক্ষ ও পরোক্ষভাবে সকল বিষয়ের তথ্য-উপাত্ত নেওয়া হয়েছে।",0,0,1,1,False
" দ্বাদশ জাতীয় সংসদ নির্বাচন সার্বিকভাবে সুষ্ঠু হয়নি বলে মন্তব্য করেছেন জাতীয় পার্টির (জাপা) মহাসচিব মুজিবুল হক চুন্নু। আজ বুধবার রাজধানীর বনানীতে জাপা চেয়ারম্যানের কার্যালয়ে সাংবাদিকদের সঙ্গে আলাপকালে এ কথা বলেন তিনি।নির্বাচনে জাপার সম্মুখীন হওয়া সমস্যাগুলো তুলে ধরে দলের মহাসচিব বলেন, ‘আমরা কোনো ট্র্যাক চেঞ্জ করিনি। যেহেতু এখন পার্লামেন্টে নির্বাচন হয়েছে, সে নির্বাচনে আমাদের অনেকগুলো সমস্যা হয়েছে। বিভিন্ন মহল যারা আমাদের আশ্বস্ত করেছিল যে নির্বাচনটা ফেয়ার (সুষ্ঠু) হবে, তারা কথা রাখেনি। আমাদের ময়মনসিংহের প্রার্থী ৪৪ হাজার ভোট পেয়েছেন। পাস করেছেন (প্রতিদ্বন্দ্বী প্রার্থী) ৫১ হাজার ভোটে।’মুজিবুল হক চুন্নু বলেন, ‘তিনিই (জাপার প্রার্থী) বলেছেন, ২টার পরে অনেক কেন্দ্রেই প্রিসাইডিং অফিসার নিজে সিল মেরেছেন এবং এটা তার কাছে প্রুফও আছে। তিনি এই বিষয়ে নির্বাচন কমিশনে দরখাস্ত দিয়েছেন, এ ধরনের কাজ অনেক জায়গায় হয়েছে। আমার এলাকায় হয়তো বা ফেয়ার হয়েছে, এটা আমার কারণে হোক বা যেভাবেই হোক। কিন্তু অনেক জায়গায় ফেয়ার হয়নি। যার জন্য আমরা আমাদের কাঙ্ক্ষিত ফলাফল পাইনি।’তিনি বলেন, ‘নির্বাচন সার্বিকভাবে ফেয়ার হয়েছে এ কথা বলার কোনো সুযোগ নেই। কিছু কিছু জায়গায় ফেয়ার হয়েছে। কিছু কিছু জায়গায় আনফেয়ার হয়েছে। এখানে সরকারের লোকেরাই জড়িত ছিল।’দ্বাদশ জাতীয় সংসদের অধিবেশনে জাপা জনগণের কথা তুলে ধরবে জানিয়ে দলটির মহাসচিব বলেন, ‘আমরা কাঙ্ক্ষিত ফলাফল না পেলেও জনগণের পক্ষে সংসদে উচ্চস্বরেই কথা বলব। সরকারকে জবাবদিহি করার জন্য সংসদে যা যা করা দরকার, আমরা তাই তাই করব।’",0,0,1,1,False
" ইসরায়েলের আগামী নির্বাচনে ক্ষমতা হারাতে পারেন দেশটির ক্ষমতাসীন প্রধানমন্ত্রী বেনিয়ামিন নেতানিয়াহু। একটি জরিপের বরাত দিয়ে সোমবার এ খবর দিয়েছে আল জাজিরা। চ্যানেল ফোরটির একটি মতামত জরিপে দেখা গেছে, আসন্ন নির্বাচনে নেতানিয়াহুর শাসক জোট ৫৬টি আসনে ভোট পেয়েছেন যেখানে বিরোধীরা পেয়েছেন ৬৪টি আসন।পার্লামেন্টে সবচেয়ে বড় দল হিসেবে মর্যাদা রয়েছে নেতানিয়াহুর লিকুদ পার্টির। তবে এবার সেই মর্যাদা হারাতে যাচ্ছে দলটি।",0,0,1,1,False
" জাতিসংঘের প্রেস ব্রিফিংয়ে আবারও উঠে এসেছে বাংলাদেশের নির্বাচন প্রসঙ্গ। স্থানীয় সময় সোমবার সাংবাদিকের এক প্রশ্নের জবাবে জাতিসংঘ মহাসচিব অ্যান্তোনিও গুতেরেসের মুখপাত্র স্টিফেন ডুজারিক সব ধরনের সহিংসতা প্রত্যাখ্যান, সব মানবাধিকার এবং আইনের শাসনকে সম্মান নিশ্চিত করার আহ্বান জানান।নির্বাচনের সময় বিএনপির কার্যক্রম নিয়ে প্রশ্ন করা হলে মুখপাত্র স্টিফেন ডুজারিক বলেন, ‘আগে যা বলেছি তা আবারও পুনরাবৃত্তি করব- আমরা দলগুলোকে সব ধরনের সহিংসতা প্রত্যাখ্যান করতে ও সব মানবাধিকার এবং আইনের শাসনকে সম্মান নিশ্চিত করার আহ্বান জানাই।’অপর এক প্রশ্নে নির্বাচনের আগে গণপরিবহনে আগুন দেওয়ার বিষয়ে প্রশ্ন করা হলে তিনি বলেন, ‘আমরা কোনো সহিংসতাকে প্রশ্রয় দিই না তা নির্বিশেষে যেই করুক না কেন।’এর আগে গত ৯ জানুয়ারি সাংবাদিকের এক প্রশ্নের জবাবে স্টিফেন ডুজারিক বাংলাদেশে গণতন্ত্র সুসংহত ও অর্থনৈতিক অগ্রগতির জন্য প্রতিটি মানুষের মানবাধিকার নিয়ে কথা বলেন।ওইদিন স্টিফেন ডুজারিকের কাছে এক সাংবাদিক জানতে চান- নির্বাচনের নামে শাসকগোষ্ঠীর বেপরোয়া দমনপীড়নের শিকার হচ্ছেন বাংলাদেশের জনগণ। নিষ্পেষিত এবং ভোটাধিকার বঞ্চিত জনগণের পাশে দাঁড়াতে কী ব্যবস্থা নিচ্ছেন জাতিসংঘ মহাসচিব, যেখানে আমরা প্রত্যক্ষ করেছি সপ্তাহান্তে বাংলাদেশে সব বড় রাজনৈতিক দলের ভোট বর্জন, ভোট জালিয়াতি, ভীতি প্রদর্শনের মাধ্যমে একপক্ষীয় ডামি নির্বাচন হয়েছে।তার এ প্রশ্নের জবাবে স্টিফেন ডুজারিক বলেন, ‘আগেই আমি বলেছি মহাসচিব একেবারে প্রকাশ্যে সব দলের প্রতি আহ্বান জানিয়েছেন, সব রকম সহিংসতা বন্ধ ও প্রতিটি মানুষের মানবাধিকার নিশ্চিত করতে। একই সঙ্গে প্রতিটি মানুষের আইনি সুবিধা পাওয়ার ক্ষেত্রে পূর্ণাঙ্গ সম্মান নিশ্চিত করতে। বাংলাদেশে গণতন্ত্র সুসংহত এবং অর্থনৈতিক সমৃদ্ধি নিশ্চিত করতে এটা অত্যাবশ্যক। আমরা যেসব সহিংসতা দেখেছি, তাতে অবশ্যই উদ্বিগ্ন মহাসচিব।’",0,0,1,1,False
" বিএনপির যুগ্ম মহাসচিব ব্যারিস্টার মাহবুব উদ্দিন খোকন বলেছেন, ‘আইনের দৃষ্টিতে এটি কোন নির্বাচনই হয়নি। ২ শতাংশ ভোট দিয়েছে, ৯৮ শতাংশ এটা বর্জন করেছে। সরকার জনগণের প্রতিনিধিত্ব করে না। নির্বাচন কমিশনকে পোষা একটা সংগঠনের মত ব্যবহার করেছে। সামাজিক যোগাযোগ মাধ্যম থেকে শুরু করে ওই পরাজিত আওয়ামী লীগ নেতারা, স্বতন্ত্র প্রার্থীরাও বলছে কিভাবে ভোট কারচুপি হয়েছে। নির্বাচন কমিশন কি অন্ধ? তারা অন্ধ হয়ে বসে আছে। আমাদের নির্বাচন কমিশনের চোখ নাই। তারা কানে কম শোনে, চোখেও কম দেখে।’আজ মঙ্গলবার দুপুরে সাংবাদিকদের তিনি এসব কথা বলেন।ব্যারিস্টার খোকন বলেন, ‘আওয়ামী লীগ আইন মানে না, সংবিধান মানে না। এই যে শপথ নিয়ে নিছে, কিভাবে শপথ নিলেন? সংবিধানে এর বৈধতা কোথায়? পূর্বের অবৈধ রাতের তিনশ’ এমপি, নতুন করে শপথ নিয়েছে আরও তিনশ’, এখন তো ছয়শ’ এমপি হয়ে গেলো। মেয়াদ শেষের ১৯ দিন আগে শপথ পড়ালেন কিভাবে?’",0,0,1,1,False
" বিএনপির যুগ্ম মহাসচিব ব্যারিস্টার মাহবুব উদ্দিন খোকন বলেছেন, ‘ভাগাভাগির নির্বাচনে আওয়ামী লীগ খান খান হয়ে যাবে। তারা ভাগাভাগি করে নিজেরা নিজেরা নির্বাচন নির্বাচন খেলা করবে, নিজেরা নিজেরা মারামারি করে শেষ হয়ে যাবে। এসব করে কোনো লাভ হবে না, সরকার পার পাবে না।’আজ শুক্রবার ঢাকা রিপোর্টার্স ইউনিটি মিলনায়তনে এক আলোচনাসভায় তিনি এ কথা বলেন। বিজয় দিবস উপলক্ষে গণঅধিকার পরিষদের (রেজা কিবরিয়া) উদ্যোগে এ আলোচনাসভায় আয়োজন করা হয়। সেখানে অতিথি হয়ে এসেছিলেন বিএনপি নেতা মাহবুব। মাহবুব উদ্দিন খোকন বলেন, ‘১৫ বছর এভাবে নির্বাচন প্রক্রিয়াকে তারা ধ্বংস করে একতরফা সাজানো নির্বাচন করেছে। এবার তারা একতরফা ভাগাভাগির নির্বাচনের পথে হাঁটছে। জনসমর্থন ‘না থাকায়’ ক্ষমতাসীন দল আওয়ামী লীগ ‘অবাধ ও সুষ্ঠু’ নির্বাচনের মুখোমুখি হতে চায় না। প্রতিদিন গণমাধ্যমে ভাগ-বাটোয়ারার খবর প্রকাশ হচ্ছে। কতটা দেউলিয়া হলে আওয়ামী লীগের মত একটি প্রাচীন রাজনৈতিক দল আজকে এই ধরনের ভাগাভাগি নির্বাচনের নীলনকশা ধরে এগোচ্ছে।’কৌশল করে টিকে থাকা যাবে না মন্তব্য করে বিএনপির এই নেতা বলেন, ‘যত কৌশল করুক না কেন, আওয়ামী লীগ সরকারকে চলে যেতে হবে। এই আন্দোলন জনগণের আন্দোলন; বিএনপির আন্দোলন নয়, গণঅধিকার পরিষদের আন্দোলন নয় বা কোনো রাজনৈতিক দলের একক আন্দোলন নয়। এটা ভোটাধিকার ফিরে পাবার আন্দোলন।’তিনি বলেন, ‘৭ জানুয়ারি নির্বাচন নিয়ে জনগণের মধ্যে কোনো উৎসাহ নেই। এই নির্বাচন করে তারা শেষ রক্ষা পাবেন না। জনগণের বিরুদ্ধে গিয়ে কোনো স্বৈরাচারই টিকতে পারেনি, শেখ হাসিনাও টিকতে পারবে না।’আলোচনাসভায় বক্তব্য দেন জাতীয় পার্টির (কাজী জাফর) চেয়ারম্যান মোস্তফা জামাল হায়দার, গণঅধিকার পরিষদের (রেজা কিবরিয়া) ভারপ্রাপ্ত সদস্য সচিব ফারুক হাসান, ন্যাশনাল ডেমোক্রেটিক মুভমেন্টের ববি হাজ্জাজ, এবি পার্টির মজিবুর রহমান মঞ্জু, গণফোরাম নেতা অ্যাডভোকেট মহসিন রশিদ।",0,0,1,1,False
" নির্বাচনব্যবস্থার ওপর জনগণের আস্থা অনেকটা কমে গেছে বলে মন্তব্য করেছেন প্রধান নির্বাচন কমিশনার (সিইসি) কাজী হাবিবুল আউয়াল। তিনি বলেন, সরকারের সহায়তা ছাড়া এত বড় কর্মযজ্ঞ সফল করা সম্ভব ছিল না। আমাদের অপবাদ, বদনাম দুটোই নিতে হবে। উদ্বেগ, সংকট থেকে জাতি উঠে এসেছে। তবে এটা স্থায়ী সমাধান নয়। রাজনীতিবিদদের যদি আস্থা না থাকে, তা হলে নির্বাচন কমিশনের গ্রহণযোগ্যতা থাকে না। গতকাল নির্বাচন ভবনে ‘দ্বাদশ সংসদ নির্বাচন সুষ্ঠু ও সফলভাবে সম্পন্ন করায়’ ধন্যবাদ জ্ঞাপন অনুষ্ঠানে প্রধান অতিথির বক্তব্যে তিনি এসব কথা বলেন।সিইসি বলেন, নির্বাচন খুব যে অংশগ্রহণমূলক হয়েছে তা নয়, একটি বড় দল শুধু বর্জন করেনি, প্রতিহত করতে চেয়েছিল। নির্বাচন সম্পন্ন করায় জাতি স্বস্তিবোধ করছে, আমরা স্বস্তিবোধ করছি। তবে নির্বাচনব্যবস্থার ওপর জনগণের আস্থা অনেকটা কমে গেছে।ইসি সচিব মো. জাহাংগীর আলমের সভাপতিত্বে অনুষ্ঠানে নির্বাচন কমিশনার মো. আহসান হাবিব খান বলেন, ইমানের সঙ্গে কাজ করে সফল হয়েছি। যে স্ট্যান্ডার্ডে পৌঁছেছি, সেখান থেকে নামতে পারব না। নির্বাচন কমিশনার রাশেদা সুলতানা বলেন, একটা ভালো নির্বাচন করতে চেয়েছিলাম, না পারলে হয়তো আমরা একটা সিদ্ধান্ত নিতাম।নির্বাচন কমিশনার মো. আলমগীর বলেন, সব দল অংশগ্রহণ করলে নির্বাচন আরও গ্রহণযোগ্য হতো। নির্বাচন কমিশনার মো. আনিছুর রহমান বলেন, আমরা দৃঢ় ছিলাম- অবাধ, সুষ্ঠু নির্বাচন করতে না পারলে, আমরা আমাদের সিদ্ধান্ত নেব।",0,0,1,1,False
" বাংলাদেশের দ্বাদশ জাতীয় সংসদ নির্বাচন ঘিরে বিরোধীদলের নেতা-কর্মীদের গ্রেপ্তারে আবারও উদ্বেগ প্রকাশ করেছে যুক্তরাষ্ট্র। একই সঙ্গে এই নির্বাচন নিয়ে দেশটির অবস্থান পরিবর্তন না করে তারা ফের বলছে, ‘নির্বাচন অবাধ ও সুষ্ঠু হয়নি’।স্থানীয় সময় বৃহস্পতিবার নিয়মিত প্রেস ব্রিফিংয়ে এক প্রশ্নের জবাবে এ কথা জানিয়েছেন যুক্তরাষ্ট্রের পররাষ্ট্র মন্ত্রণালয়ের মুখপাত্র ম্যাথিউ মিলার।ব্রিফিংয়ে বাংলাদেশের নির্বাচন ইস্যু নিয়ে এক সাংবাদিক প্রশ্ন করেন, ‘বাংলাদেশে গণতন্ত্রকে খর্ব করে এবং বিরোধীদলের হাজার হাজার নেতা-কর্মীকে কারাগারে আটক রেখে রিপোর্ট অনুসারে যে জাল নির্বাচন অনুষ্ঠিত হয়েছে সে বিষয়ে কী পদক্ষেপ নেবে যুক্তরাষ্ট্র? নির্বাচন নিয়ে আপনার দেয়া বিবৃতিতেই উল্লেখ করেছেন যে, নির্বাচন অবাধ এবং সুষ্ঠু এর কোনোটাই হয়নি।’উত্তরে মিলার বলেন, ‘বিরোধীদলের হাজার হাজার নেতা-কর্মীকে যেভাবে জেলে আটকে রাখা হয়েছে তা নিয়ে এখনও আমরা উদ্বিগ্ন। পাশাপাশি নির্বাচনে যেভাবে কারচুপি হয়েছে তা নিয়েও আমাদের উদ্বেগ অব্যাহত রয়েছে। অন্যান্যদের মতো নির্বাচন নিয়ে আমাদের মন্তব্য হচ্ছে- এই নির্বাচন অবাধ এবং সুষ্ঠু হয়নি।’এসময় সব রাজনৈতিক দল নির্বাচনে অংশগ্রহণ করতে না পারায় যুক্তরাষ্ট্র হতাশ জানিয়ে মিলার বলেন, ‘নির্বাচনকে কেন্দ্র করে যেসব সহিংসতার ঘটনা ঘটেছে আমরা এর নিন্দা জানাই। সহিংসতার ঘটনাগুলোর বিশ্বাসযোগ্য এবং স্বচ্ছ তদন্ত নিশ্চিত করতে আমরা বাংলাদেশ সরকারকে আহ্বান জানাই। প্রকৃত দোষীদের শাস্তির আওতায় আনার পাশাপাশি আমরা সব রাজনৈতিক পক্ষকে আহ্বান জানাবো, তারা যেনো সহিংসতা পরিহার করে।’এর পর অন্য এক প্রশ্নে ম্যাথিউ মিলারের কাছে জানতে চাওয়া হয়— যখন আপনারা বলছেন, বাংলাদেশে এই নির্বাচন অবাধ, সুষ্ঠু, বিশ্বাসযোগ্য হয়নি, তা হলে যুক্তরাষ্ট্র কি টানা চতুর্থ মেয়াদে প্রধানমন্ত্রী শেখ হাসিনাকে স্বীকৃতি দেবে না? জবাবে ম্যাথিউ মিলার ইংরেজিতে দুটি শব্দ উচ্চারণ করেন। তা হলো—‘নো, নো’।",0,0,1,1,False
" বাংলাদেশে নিরপেক্ষ সরকারের অধীনে নতুন নির্বাচনের আহ্বান জানিয়ে একটি যৌথ বিবৃতি দিয়েছে ছয়টি আন্তর্জাতিক সংগঠন। বিবৃতিতে রাজবন্দিদের মুক্তি দেওয়ার আহ্বান জানানো হয়েছে। বলা হয়েছে, গত ৭ জানুয়ারি অনুষ্ঠিত নির্বাচন যথাযথ বা প্রতিদ্বন্দ্বিতামূলক হয়নি।বিবৃতি দেওয়া সংগঠনগুলো হলো- এশিয়ান নেটওয়ার্ক ফর ফ্রি ইলেকশনস (এএনএফআরইএল), ওয়ার্ল্ড অ্যালায়েন্স ফর সিটিজেনপার্টিসিপেশন (সিআইভিআইসিইউএস),ইন্টারন্যাশনাল ফেডারেশন ফর হিউম্যানরাইটস (এফআইডিএইচ), এশিয়ান ডেমোক্রেসি নেটওয়ার্ক (এডিএন), ক্যাপিটাল পানিশমেন্ট জাস্টিস প্রোজেক্ট (অস্ট্রেলিয়া) ও অ্যান্টি-ডেথ পেনাল্টি এশিয়া নেটওয়ার্ক (এডিপিএএন)। গতকাল শুক্রবার এই যৌথ বিবৃতি দিয়েছে সংগঠনগুলো।যৌথ বিবৃতিতে বলা হয়েছে, এমন বহু খবর ও তথ্য-প্রমাণ আছে, যেগুলো নির্বাচনের আগে ও নির্বাচনের দিন ব্যাপক অনিয়মের চিত্র দেয়। এর মধ্যে ভোটারদের চাপ প্রয়োগ এবং ভোটের ফলাফলে কারচুপির মতো বিষয়ও রয়েছে। নির্বাচন সামনে রেখে বেপরোয়াভাবে বিরোধীদের কণ্ঠ রোধ এবং রাজনৈতিক ভিন্নমতাবলম্বীদের দমনের ঘটনা ছিল উদ্বেগজনক।বিবৃতিতে বলা হয়েছে, সভা-সমাবেশের স্বাধীনতার অধিকার, শান্তিপূর্ণ সমাবেশের অধিকার এবং মতপ্রকাশের স্বাধীনতা শুধু সরকারপন্থি দল, সংগঠন ও ব্যক্তিদের ক্ষেত্রে রক্ষিত হয়েছে। পক্ষান্তরে বিরোধী নেতাকর্মী ও ভিন্নমতাবলম্বীদের ক্ষেত্রে এসব মৌলিক অধিকার প্রাতিষ্ঠানিক প্রক্রিয়ার মধ্য দিয়ে ধারাবাহিকভাবে সীমিত রাখা হয়েছিল। বাংলাদেশ জাতীয়তাবাদী দল (বিএনপি), বাম গণতান্ত্রিক জোট, গণতন্ত্র মঞ্চসহ প্রধান বিরোধী রাজনৈতিক দল ও জোটগুলো নির্বাচন বর্জন করেছে। নির্বাচন কমিশনসহ রাষ্ট্রীয় প্রতিষ্ঠানগুলোতে পক্ষপাতমূলক অবস্থান, নির্বাচন প্রক্রিয়ায় সুস্পষ্ট পক্ষপাত এবং বিরোধী নেতাকর্মীদের দমন-পীড়নের কারণে তারা নির্বাচন বর্জনের সিদ্ধান্ত নেয়।নির্বাচন কমিশন ৪১ দশমিক ৮ শতাংশ ভোট পড়েছে বলে যে তথ্য দিয়েছে, তা নিয়েও প্রশ্ন রয়েছে। একটি অংশগ্রহণমূলক শাসনব্যবস্থা নিশ্চিত করার লক্ষ্যে আমরা একটি অবাধ ও সুষ্ঠু নির্বাচনের প্রয়োজনীয়তার ওপর গুরুত্বারোপ করছি। আমরা বাংলাদেশের সরকারের প্রতি একটি অবাধ, সুষ্ঠু, অংশগ্রহণমূলক ও অন্তর্ভুক্তিমূলক নতুন নির্বাচন অনুষ্ঠানের জন্য পদক্ষেপ নিতে জোরালো আহ্বান জানাচ্ছি।",0,0,1,1,False
" বাংলাদেশের দ্বাদশ জাতীয় সংসদ নির্বাচন ‘বাইরে থেকে’ প্রভাবিত করার চেষ্টা হয়েছিল বলে দাবি করেছে রাশিয়া। দেশটির পররাষ্ট্র মন্ত্রণালয়ের মুখপাত্র মারিয়া জাখারোভার দেওয়া এক বিবৃতিতে এ অভিযোগ তোলা হয়। আজ শুক্রবার বিবৃতিটি ঢাকাস্থ রুশ দূতাবাসের অফিসিয়াল ফেসবুক পেজে পোস্ট করা হয়েছে।বিবৃতিতে মারিয়া জাখারোভা বলেন, ‘নির্বাচন সফলভাবে সম্পন্ন করায় বাংলাদেশের জনগণকে আমরা অভিনন্দন জানাতে চাই। তবে কিছু বিরোধী রাজনৈতিক দল দুঃখজনকভাবে নির্বাচনী প্রক্রিয়ায় অংশগ্রহণ থেকে বিরত ছিল। বাইরে থেকেও নির্বাচনকে প্রভাবিত করার চেষ্টা করা হয়েছিল। আমরা গত বছরের ২২ নভেম্বর এবং ১৫ ডিসেম্বরও বিষয়টি উল্লেখ করেছি। ’তিনি বলেন, ‘কিছু দলের বর্জন ও বিদেশ থেকে হস্তক্ষেপ করার পরিস্থিতিতে ভোটারদের স্বাধীনভাবে মতপ্রকাশের জন্য প্রয়োজনীয় পরিবেশ সৃষ্টি করায় বাংলাদেশের নেতৃত্বের প্রশংসা করা উচিত। রাশিয়াসহ স্থানীয় ও আন্তর্জাতিক পর্যবেক্ষকরা বাংলাদেশের ওই নির্বাচনের বৈধতা ও গৃহীত মান পূরণ হওয়ার বিষয়টি নিশ্চিত করেছেন। ’রুশ পররাষ্ট্র মন্ত্রণালয়ের মুখপাত্র বলেন, ‘নির্বাচনের ফলাফলের ভিত্তিতে গত ১১ জানুয়ারি প্রধানমন্ত্রী শেখ হাসিনার নেতৃত্বে বাংলাদেশের নতুন সরকার গঠিত হয়। শেখ হাসিনা আগেও এই পদে ছিলেন।’তিনি বলেন, ‘রুশ প্রেসিডেন্ট ভ্লাদিমির পুতিন এবং রুশ ফেডারেশন সরকারের চেয়ারম্যান মিখাইল মিশুস্টিন বাংলাদেশের প্রধানমন্ত্রী শেখ হাসিনাকে অভিনন্দন জানিয়েছেন।’ ",0,0,1,1,False
" বিএনপির সিনিয়র যুগ্ম মহাসচিব রুহুল কবির রিজভী বলেছেন, গত ৭ জানুয়ারি দ্বাদশ জাতীয় সংসদ নির্বাচনের ফলাফল যে পূর্বনির্ধারিত ছিল, তা নির্বাচন কমিশন (ইসি) সচিব ফাঁস করে দিয়েছেন। আজ মঙ্গলবার এক ভার্চ্যুয়াল সংবাদ সম্মেলনে তিনি এ কথা বলেন।জাতীয় পরিচয় নিবন্ধন অনুবিভাগের মহাপরিচালক একেএম হুমায়ূন কবীরের সঙ্গে নির্বাচন কমিশন সচিব জাহাঙ্গীর আলমের আলাপ সামাজিক যোগাযোগমাধ্যমে ছড়িয়ে পড়ার সূত্র ধরে তিনি বলেন, ‘নির্বাচনের ফলাফল যে পূর্বনির্ধারিত তা প্রকাশ্যে নির্বাচন কমিশন সচিব জাহাঙ্গীর আলম গত রবিবার রাতে ফলাফল ঘোষণার সময় মিডিয়ার মাইক্রোফোন অন রেখে আওয়ামী দলদাস কর্মকর্তাদের সঙ্গে সলাপরামর্শ করার সময় ফাঁস করে দিয়েছেন। যা মিডিয়া ও সামাজিক যোগাযোগমাধ্যমে ভাইরাল হলে গোটা দেশের জনগণ দেখেছেন।’রুহুল কবির রিজভী বলেন,‘সেখানে মঞ্চে পাশে বসা জাতীয় পরিচয় নিবন্ধন অনুবিভাগের মহাপরিচালক একেএম হুমায়ূন কবীরের সঙ্গে আলাপের সময় ইসি সচিবকে বলতে শোনা যায়, ‘‘যেয়ে ঘুমাইয়া যামুগা। এখানে বসে থেকে লাভ আছে? সবাই রেজাল্ট জানে। ৬৪ ডিসিদের মেসেজ আছে। ৬৪টা জেলার রেজাল্ট কি হবে সবাই জানে। পড়ে চলে যামুগা। ডিসিরা পাঠাইছে না। সব আছে। আমার কাছে আছেত।’’ এ সময় পাশে থাকা কর্মকর্তা ইসি সচিবের কানে কানে ফলাফল নিয়ে কিছু বলছিলেন। তখন ইসি সচিব বলেন- ‘‘বিতর্কিত বানাইয়া ফালাইছে”।’তিনি আরও বলেন, ‘জাতীয় পার্টির চেয়ারম্যান গোলাম মোহাম্মদ (জি এম) কাদের বলেছেন, ‘‘সরকার যেখানে যাকে জেতাতে চেয়েছে সে জিতেছে।” এই নির্বাচন সরকারের নিয়ন্ত্রণেই হয়েছে। যেখানে তাদের প্রার্থীকে জেতাতে চেয়েছে, সেখানে তারা সেই ব্যবস্থা নিয়েছে।অংশগ্রহণমূলক নির্বাচন দেখানোর নাটক করতে, গোয়েন্দা সংস্থা দিয়ে নকল দল তথাকথিত কুইন্স পার্টি, ভূইঁফোড় পার্টি, ড্রিঙ্কস পার্টি, ছিন্নমূল পার্টি এবং খুচরা কিছু পার্টি, উচ্ছিষ্টভোজী জোট, গৃহপালিত বিরোধীদলকে এমপি বানানোর মূলার প্রলোভন দেখিয়ে নির্বাচনে এনেছিল। শেখ হাসিনা তাদের হাতে হারিকেন ধরিয়ে দেওয়ার পর এখন তারা গাল ফুলিয়ে প্রকাশ্যে কিভাবে ভোট ডাকাতি হয়েছে তার সরল সত্য গল্প বলে হা হুতাশ করে বেড়াচ্ছেন।’রুহুল কবির রিজভী বলেন,‘৭ জানুয়ারি বাংলাদেশের ইতিহাসে জনগণের অভাবনীয়-অভূতপূর্ব নীরব প্রতিবাদে একটি উদ্ভট, গণবর্জিত প্রহসনের প্রকাশ্য অটো ভোট ডাকাতির মঞ্চায়ন দেখল দেশবাসীসহ গোটা বিশ্বের মানুষ।’তিনি বলেন, ‘৭ জানুয়ারি গভীর রাত থেকে চুরি-ডাকাতি, জালভোট, শিশু কিশোর ভোট, রাস্তা থেকে পথিক ধরে নিয়ে ভোট, একই ব্যক্তির ৫০ ভোট, মিনিটে ৫০ ভোট, একই লাইন থেকে ঘুরেফিরে বারবার জাল ভোট দিয়েও বিকেল তিনটা পর্যন্ত ২৭ দশমিক ১৫ শতাংশ ভোটের ঘোষণা দিয়ে গণভবনের চাপে আবার এক ঘণ্টা পরেই ৪০ শতাংশ এবং গতকাল দুপুরে তা আরেক দফা বাড়িয়ে ৪১ দশমিক ৯৯ শতাংশ ভোটের গোঁজামিলের ভৌতিক হিসাব বানানোর এই ভুয়া হাস্যকর নির্বাচন ভোটের ইতিহাসে কলঙ্ক তিলক উৎকীর্ণ করল ডামি সরকার।’রহুল কবির রিজভী বলেন, ‘জাতিসংঘ, মার্কিন যুক্তরাষ্ট্র, যুক্তরাজ্যসহ গণতান্ত্রিক বিশ্ব এই অংশগ্রহণহীন ভোটারবিহীন একতরফা নির্বাচন প্রত্যাখ্যান করে বিবৃতি দিয়েছে। বিশ্বের সমস্ত মিডিয়া এবং পর্যবেক্ষকরা এই নির্বাচনকে একদলীয় শাসন প্রতিষ্ঠা এবং জনগণ ও ভোটার সম্পর্কহীন পুরোপুরি ‘ওয়ান উয়োম্যান শো’-এর ঘোষিত জয়-পরাজয়ের ভোট বলে আখ্যায়িত করেছে। পাতানো ডামি নির্বাচনের ফাঁদে পা দেয়নি দেশের গণতন্ত্রকামী মানুষ। সারাদেশের ভোট কেন্দ্রগুলো ছিল ভোটারশূন্য। শেখ হাসিনার এই প্রহসনমূলক নির্বাচন দেশকে অভ্যন্তরীণ ও বৈশ্বিক রাজনীতিতে দীর্ঘস্থায়ী সংকটের দিকে ঠেলে দিয়েছে। নির্বাচন পর্যবেক্ষণে আসা ব্রিটিশ পর্যবেক্ষক জেজ কৌলসন সাংবাদিকদের বলেছেন, ‘‘আই ফাউন্ড দ্য নর্থ কোরিয়া মডেল হিয়ার।” বাংলাদেশে উত্তর কোরিয়া স্টাইলের একদলীয় নির্বাচন হয়েছে।’তিনি আরও বলেন, ‘ডামি নির্বাচনের অসংখ্য ভিডিও দেখেছি। অগণিত ছবি দেখেছি। অনেকগুলো রিপোর্ট পর্যালোচনা করেছি। তাতে প্রকৃত ভোট প্রদান শতকরা হারের মধ্যেই পড়বে না। ভোট ডাকাত সরকার ভোট প্রদানের পার্সেনটিস যতই বাড়িয়ে বলুক এটা এখন জনগণের কাছে হাস্যকর হয়েছে। দুর্নীতিবাজ ডামি সরকার দিয়ে দেশ চলতে পারে না।’রুহুল কবির রিজভী বলেন, ‘জনগণই বিএনপির সকল রাজনৈতিক ক্ষমতার উৎস। জনগণ বিএনপির কাছ থেকেই দেশে গণতন্ত্র প্রতিষ্ঠার চলমান আন্দোলনের নেতৃত্ব আশা করে। সুতরাং, আপনারা নিজ নিজ সাংগঠনিক এলাকায় গণতন্ত্রের পক্ষের রাজনৈতিক দলগুলোর সঙ্গে যোগাযোগ বাড়িয়ে দিন। চলমান আন্দোলন সফল করতে হলে শেখ হাসিনার পদত্যাগের বিকল্প নেই। শেখ হাসিনার পদত্যাগ না করা পর্যন্ত আন্দোলন চলবে।’",0,0,1,1,False
" বাংলাদেশের দ্বাদশ জাতীয় সংসদ নির্বাচন অবাধ বা সুষ্ঠু হয়নি বলে মন্তব্য করেছে যুক্তরাষ্ট্র।একই সঙ্গে নির্বাচনে সব দল অংশগ্রহণ না করায় হতাশা প্রকাশ করেছে দেশটি। গতকাল সোমবার দেশটির পররাষ্ট্র দপ্তর এক বিবৃতিতে এই প্রতিক্রিয়া জানিয়েছে।বিবৃতিতে বলা হয়েছে, যুক্তরাষ্ট্র বাংলাদেশের জনগণ এবং গণতন্ত্র, শান্তিপূর্ণ সমাবেশের স্বাধীনতা ও মতপ্রকাশের স্বাধীনতার প্রতি তাদের আকাঙ্ক্ষাকে সমর্থন করে। যুক্তরাষ্ট্র লক্ষ্য করেছে, ৭ জানুয়ারির সংসদ নির্বাচনে আওয়ামী লীগ সংখ্যাগরিষ্ঠ আসনে জয়লাভ করেছে। যুক্তরাষ্ট্র বাংলাদেশে রাজনৈতিক বিরোধী দলের হাজার হাজার সদস্যকে গ্রেপ্তার এবং নির্বাচনের দিন অনিয়মের খবরে উদ্বিগ্ন।পররাষ্ট্র দপ্তর বলেছে, ‘যুক্তরাষ্ট্র অন্যান্য পর্যবেক্ষকদের সঙ্গে একমত যে, এই নির্বাচন অবাধ বা সুষ্ঠু হয়নি। নির্বাচনে সব দল অংশগ্রহণ না করায় আমরা হতাশ।’বিবৃতিতে নির্বাচনের সময়ে এবং এর আগের মাসগুলোতে যেসব সহিংসতার ঘটনা ঘটেছে, তার নিন্দা জানিয়েছে যুক্তরাষ্ট্র। এসব সহিংসতার গ্রহণযোগ্য তদন্ত এবং দায়ীদের জবাবদিহির আওতায় আনতে বাংলাদেশ সরকারের প্রতি আহ্বান জানিয়েছে দেশটি। একই সঙ্গে সব দলের প্রতি সহিংসতাকে পরিহার করারও আহ্বান জানিয়েছে ওয়াশিংটন।মার্কিন পররাষ্ট্র দপ্তর বলেছে, যুক্তরাষ্ট্র বাংলাদেশের সঙ্গে একটি অবাধ ও মুক্ত ভারত-প্রশান্ত মহাসাগরীয় (ইন্দো–প্যাসিফিক) অঞ্চল প্রতিষ্ঠার অভিন্ন লক্ষ্যে কাজ করা, বাংলাদেশে মানবাধিকার সুরক্ষা ও নাগরিক সমাজের প্রতি সমর্থন অব্যাহত রাখা এবং দুই দেশের জনগণের মধ্যে ও অর্থনৈতিক সম্পর্ক উন্নয়নে অংশীদারিত্বের ভিত্তিতে কাজ করতে প্রতিশ্রুতিবদ্ধ।",0,0,1,1,False
" বাংলাদেশের দ্বাদশ জাতীয় সংসদ নির্বাচন অবাধ ও সুষ্ঠু নির্বাচনের মানদণ্ড অনুযায়ী হয়নি বলে জানিয়েছে যুক্তরাজ্য। গতকাল সোমবার এক বিবৃতিতে এ তথ্য জানায় দেশটির পররাষ্ট্র মন্ত্রণালয়।নির্বাচনে সব দল অংশ না নেওয়ায় মানুষের ভোট দেওয়ার যথেষ্ট বিকল্প ছিল না বলেও অভিমত যুক্তরাজ্যের।বিবৃতিতে বলা হয়েছে, গণতান্ত্রিক নির্বাচন নির্ভর করে গ্রহণযোগ্য, অবাধ ও সুষ্ঠু প্রতিদ্বন্দ্বিতার ওপর। মানবাধিকার, আইনের শাসন ও যথাযথ প্রক্রিয়ার প্রতি শ্রদ্ধা গণতান্ত্রিক প্রক্রিয়ার অপরিহার্য উপাদান। নির্বাচনের সময় এসব মানদণ্ড যথাযথভাবে মানা হয়নি। এছাড়া নির্বাচনে সব দল নির্বাচনে অংশ নেয়নি বলে বাংলাদেশের মানুষের ভোট দেওয়ার যথেষ্ট বিকল্প ব্যবস্থা ছিল না।বিবৃতিতে ভোটের আগে বিরোধী দলের নেতাকর্মীকে গ্রেপ্তার করার ঘটনায় উদ্বেগ উল্লেখ করা হয়েছে।এতে আরও বলা হয়, নির্বাচন সামনে রেখে এবং নির্বাচনের প্রচার চলাকালে সহিংসতা ও ভয়ভীতি দেখানোর কর্মকাণ্ডের নিন্দা জানায় যুক্তরাজ্য। রাজনীতিতে এ ধরনের কর্মকাণ্ডের কোনো স্থান নেই।বিবৃতিতে আরও বলা হয়, যুক্তরাজ্য ও বাংলাদেশের ঐতিহাসিক ও গভীর বন্ধুত্বপূর্ণ সম্পর্ক রয়েছে। বাংলাদেশে একটি টেকসই রাজনৈতিক সমঝোতা ও সুশীল সমাজের জন্য অনুকূল পরিবেশ সৃষ্টি হলে দীর্ঘ মেয়াদে দেশের প্রবৃদ্ধি অর্জন সম্ভব হবে। এছাড়া বাংলাদেশে সব রাজনৈতিক দলের প্রতি মতভিন্নতা দূর করার আহ্বান জানায় যুক্তরাজ্য।এদিকে নির্বাচন অবাধ ও সুষ্ঠু হয়নি বলে বিবৃতি দিয়েছে মার্কিন যুক্তরাষ্ট্র। একইসঙ্গে নির্বাচনে সব দলের অংশগ্রহণ ছিল না বলেও মত দিয়েছে দেশটি।ওয়াশিংটন স্থানীয় সময় সোমবার বাংলাদেশের নির্বাচন নিয়ে এক বিবৃতিতে যুক্তরাষ্ট্র তাদের অবস্থান জানিয়েছে।",0,0,1,1,False
" গত ৭ জানুয়ারি দ্বাদশ জাতীয় সংসদ আওয়ামী লীগ দলীয় নির্বাচন হলেও নিজ দলের একজন আরেকজনকে হত্যা করেছে বলে মন্তব্য করেছেন বিএনপির সিনিয়র যুগ্ম মহাসচিব রুহুল কবির রিজভী। আজ মঙ্গলবার সকালে রাজধানীর কমলাপুর রেলওয়ে স্টেশনের সামনে এবং আশেপাশের এলাকায় সচেতনতামূলক লিফলেট বিতরণকালে তিনি এ সব কথা বলেন।এ সময় রিজভী বলেন, জনগণ স্বতঃস্ফূর্তভাবে এক দলীয় নির্বাচন বর্জন করেছে। তিনি বলেন, ‘আমরা-আর মামুরা মিলে নির্বাচন করেছে আওয়ামী লীগ। এটি একটি দলের নির্বাচন হয়েছে। নির্বাচনের দিন সকাল ১০টার মধ্যে ইসি সচিব বলেন, কারা এমপি হবেন তা ঠিক করা আছে। তবুও এই নির্বাচনে তারা নিজেরা মারামারি ও সহিংসতা ঘটিয়েছে। একজন আরেকজনকে হত্যা করেছে। এভাবে মানুষের ভোটাধিকার নিয়ে ছিনিমিনি খেলছে সরকার।’বিএনপি ও সমমনা দলগুলোর ডাকে নির্বাচন বর্জন করায় দেশবাসী ও সাধারণ মানুষকে ধন্যবাদ ও কৃতজ্ঞতা জানান রিজভী। এ সময় পথচারী, রিকশাচালক ও সাধারণ মানুষের হাতে লিফলেট তুলে দেন এবং বিএনপির ভারপ্রাপ্ত চেয়ারম্যানের পক্ষ থেকে ধন্যবাদ জানান বিএনপির সিনিয়র যুগ্ম মহাসচবি।গত ৭ জানুয়ারি অনুষ্ঠিত দ্বাদশ জাতীয় সংসদ নির্বাচনকে ডামি ও প্রহসন আখ্যা দিয়ে অবিলম্বে তা বাতিলের দাবি জানিয়েছে বিএনপিসহ বিভিন্ন দল। এই দাবিতে আজ মঙ্গলবার ও আগামীকাল বুধবার দুদিন গণসংযোগ ও লিফলেট বিতরণ কর্মসূচি ঘোষণা করা হয়েছে।আজ প্রথম দিনে গণসংযোগ ও লিফলেট বিতরণে আরও অংশ নেন-কেন্দ্রীয় বিএনপির স্বাস্থ্য সম্পাদক ডা. মো. রফিকুল ইসলাম, তাঁতীদলের আহ্বায়ক আবুল কালাম আজাদ, মৎস্যজীবী দলের সদস্যসচিব মো. আব্দুর রহিম, যুবদলের কেন্দ্রীয় সহ সাংগঠনিক সম্পাদক কামরুজ্জামান জুয়েল, ঢাকা মহানগর দক্ষিণ বিএনপির সদস্য আরিফা সুলতানা রুমা, রামপুরা থানা বিএনপির যুগ্ম আহ্বায়ক নীলুফার ইয়াসমীন নীলু, কেন্দ্রীয় ছাত্রদলের যুগ্ম সাধারণ সম্পাদক ডা. তৌহিদুর রহমান আউয়াল, সহ সাধারণ সম্পাদক আজিজুল হক জিয়ন, সহ সাংগঠনিক সম্পাদক সাদেক মিয়া, ইডেন মহিলা কলেজ ছাত্রদলের ভারপ্রাপ্ত আহ্বায়ক সৈয়দা সুমাইয়া পারভীন, কেন্দ্রীয় মৎস্যজীবী দলের সদস্য এইচএম আবু সাঈদ, কেন্দ্রীয় যুবদল নেতা কাজী মনজুর রহমান, আলিয়া মাদ্রাসার সিনিয়র যুগ্ম আহ্বায়ক মো. ছানাউল্লাহ, প্যাব দপ্তর সম্পাদক হাসান, কেন্দ্রীয় ছাত্রদল নেতা মিরাজ হোসেন, ডা. মুশফিক, আশরাফুল আসাদ, টাঙ্গাইল জেলা ছাত্রদল নেতা আতিকসহ নেতৃবৃন্দ।",0,0,1,1,False
" জাতীয় পার্টির চেয়ারম্যান জিএম কাদের বলেছেন, সার্বিকভাবে নির্বাচন ভালোভাবে হয়নি, সুষ্ঠু হয়নি। আমরা যা আশঙ্কা করেছিলাম, শেষ পর্যন্ত তাই হয়েছে। সরকার আমাদের যে কথা দিয়েছিল, সেই কথা রাখেনি। সরকারের নিয়ন্ত্রণে নির্বাচন হয়েছে। সরকার যেখানে সুষ্ঠু ও নিরপেক্ষ নির্বাচন করতে চেয়েছে, সেখানে সুষ্ঠু করেছে। আর যেখানে তাদের লোকজনকে জেতাতে চেয়েছে, সেখানে তারা আমাদের লোকজনকে ভয়ভীতি দেখিয়ে ও জোর করে সিল মেরে হারিয়ে দিয়েছে।এই নির্বাচন দেশে-বিদেশে গ্রহণযোগ্যতা পাবে না।সোমবার দুপুরে রংপুর নগরীর স্কাইভিউ নিবাসে সাংবাদিকদের সঙ্গে আলাপকালে এসব কথা বলেন জাপা চেয়ারম্যান ।জিএম কাদের বলেন, আমরা নির্বাচনের দিন অসহায় ছিলাম। সকাল থেকেই বিভিন্ন আসনের সমস্যা নিয়ে নির্বাচন কমিশনকে জানিয়েছিলাম। কিন্তু সমাধানের কথা বললেও সমাধান হয়নি। প্রিসাইডিং অফিসারসহ প্রশাসন তাদের পক্ষে কাজ করেছে। ঢাকা-১ আসনে জোর করে সিল মেরে সালমা ইসলামকে হারিয়ে দিয়েছে। কুমিল্লা-১ আসনে আমির হোসেন ভূইয়া, জামালপুর-৩ আসনে সামসুল ইসলাম লিপ্টন, নরসিংদী-২ আসনে রফিকুল ইসলাম, লালমনিরহাট-৩ আসনে জাহিদ হাসান, গাইবান্ধা-৩ আসনে মইনুল রাব্বী, নারায়ণগঞ্জ-১ আসন, রংপুর-৪ ও ৬ আসনে আমাদের লোককে বের করে সিল মেরে জোর করে হারিয়েছে। আমরা অসহায় হয়ে গেছি। এই সব আসনে আমরা প্রশাসন কিংবা নির্বাচন কমিশনের কোনো সহযোগিতা পাইনি। প্রশাসন নিরপেক্ষ থাকলে আমরা এসব আসনে জয়ী হয়ে আসতাম।দল হিসেবে জাতীয় পার্টির অবস্থান এখন কী? সাংবাদিকের এক প্রশ্নের উত্তরে জিএম কাদের বলেন, জাতীয় পার্টি যেখানে ছিল সেখানেই আছে। আমাদের বিরুদ্ধে সব সময় ষড়যন্ত্র হয়, আমরা সেই ষড়যন্ত্র মোকাবিলা করে এগিয়ে যাব।নির্বাচনে অংশ নেওয়া ভুল ছিল কিনা- উত্তরে বলেন, নির্বাচনে অংশ নেওয়া ভুল না সঠিক ছিল এখনই বলা যাবে না। সেটা সময়ই বলে দেবে। সংসদে যাওয়ার ব্যাপারে আমরা নির্বাচিত সংসদ সদস্যদের সঙ্গে কথা বলে সিদ্ধান্ত নেব।এরপর জিএম কাদের জাতীয় পার্টির প্রতিষ্ঠাতা চেয়ারম্যান এইচএম এরশাদের কবর জিয়ারত করার উদ্দেশ্যে রওয়ানা হন। এ সময় উপস্থিত ছিলেন জাতীয় পার্টির কো-চেয়ারম্যান ও রংপুর সিটি করপোরেশনের মেয়র মোস্তাফিজার রহমান মোস্তফা, জাপা চেয়ারম্যানের উপদেষ্টা আলাউদ্দিন মিয়াসহ অন্য নেতারা।",0,0,1,1,False
" দ্বাদশ জাতীয় সংসদ নির্বাচন দেশের জনগণ একচেটিয়াভাবে প্রত্যাখ্যান করেছে বলে দাবি করেছে বিএনপি। তাই নিরপেক্ষ সরকারের অধীনে নতুন নির্বাচনের দাবির পক্ষে জনগণকে সম্পৃক্ত করতে আগামীকাল মঙ্গলবার ও পরের দিন বুধবার দুই দিনের গণসংযোগ কর্মসূচি পালন করবে দলটি।আজ সোমবার দুপুরে গুলশানে বিএনপি চেয়ারপারসনের রাজনৈতিক কার্যালয়ে আয়োজিত সংবাদ সম্মেলনে এ কর্মসূচি ঘোষণা করেন দলটির স্থায়ী কমিটির সদস্য ড. আব্দুল মঈন খান।ড. মঈন খান বলেন, ‘দেশের জনগণ একচেটিয়াভাবে এ নির্বাচন প্রত্যাখ্যান করেছে। ৬৩টি রাজনৈতিক দল এ নির্বাচনে অংশ নেয়নি, এ জন্য আমি সবাইকে ধন্যবাদ জানাচ্ছি।’তিনি বলেন, ‘আওয়ামী লীগ ডামি নির্বাচন করেছে, ডামি প্রার্থী দিয়েছে, ডামি পর্যবেক্ষক দিয়েছে, তবু ভোটারদের ভোট কেন্দ্রে নিতে পারেনি। সরকারের প্রতি যদি মানুষের আস্থা থাকত মানুষ নিজেই ভোট দিতে আসত।’৪০ শতাংশ ভোট নিয়ে নির্বাচন কমিশনের বক্তব্য প্রসঙ্গে বিএনপির স্থায়ী কমিটির এ সদস্য বলেন, ‘প্রথমে বলা হলো ২৭ দশমিক ১৫ পার্সেন্ট ভোট পড়েছে। টেকনোলজির কল্যাণে জানা গেছে, পাশ থেকে এক কর্মকর্তা বলছেন ৪০ পারসেন্ট বলতে হবে।’তিনি বলেন, ‘জনগণ ডামি নির্বাচন বর্জন করে প্রমাণ করেছে দ্বাদশ জাতীয় নির্বাচন ভুয়া। নির্বাচন কমিশন দুই একটা কেন্দ্র বন্ধ করে প্রমাণ করতে চেয়েছে সুষ্ঠু ভোট হয়েছে। এসব নাটক জনগণ বুঝে গেছে।’আরেকটি নির্বাচনের জন্য বিএনপি আরও পাঁচ বছর অপেক্ষা করবে কি না, এমন প্রশ্নের জবাবে বিএনপির স্থায়ী কমিটির সদস্য নজরুল ইসলাম খান বলেন, ‘সরকার ভুয়া নির্বাচন করেছে। আমরা বলেছিলাম, দলীয় সরকারের অধীনে সুষ্ঠু নির্বাচন হতে পারে না। জনগণকে ভোট বর্জনের আহ্বান জানিয়েছিলাম। আমাদের আহ্বানে জনগণ ভোট দিতে যায়নি। তাই এই সরকারকে পদত্যাগ করতে হবে। নতুন নির্বাচন কমিশন গঠন করতে হবে। নিরপেক্ষ সরকারের অধীনে নতুন নির্বাচন দিতে হবে। যে নির্বাচনে জনগণ ভোট দিতে পারবে। নতুন নির্বাচনের দাবিতে কাল থেকেই আমাদের গণসংযোগ কর্মসূচি শুরু হবে।’",0,0,1,1,False
" নির্বাচন নিয়ে দলের প্রতিক্রিয়া জানাতে গিয়ে বিএনপির স্থায়ী কমিটির সদস্য আব্দুল মঈন খান বলেছেন, ‘জনগণ গতকাল ভোট বর্জন করে এই বার্তা স্পষ্ট করে দিয়েছে যে, বর্তমান সরকার, বর্তমান নির্বাচন কমিশন এবং সর্ব শেষ দ্বাদশ জাতীয় সংসদ নির্বাচন সব কিছুই হচ্ছে ভুয়া।’আজ সোমবার দুপুরে এক সংবাদ সম্মেলনে তিনি এসব কথা বলেন।আব্দুল মঈন খান বলেন, ‘বাংলাদেশের কোটি কোটি মানুষ গতকাল এই সরকারকে বর্জন করেছে। তারা শুধু ভোট বর্জন করেনি, গতকাল তারা যে কাজটি করেছে তারা বিদ্যমান আওয়ামী লীগের এই একদলীয় বাকশাল সরকারকে বর্জন করেছে।’সাংবাদিকদের তিনি বলেন, ‘বিভিন্ন মিডিয়াতে দেখেছেন ভোটের কেন্দ্রের সামনে কৃত্রিম লাইন তৈরি করা হয়েছে। স্কুল ছাত্র, এমনকি শিশুরাও লাইনে দাঁড়িয়ে ভোট দিয়েছে। সোশ্যাল মিডিয়ার কল্যাণে এসব আমরা দেখতে পেরেছি। সুতারাং এদেশের মানুষ বিশ্বাস করে বর্তমান একদলীয় বাকশালি সরকারের অধিনে কোন ভাবেই সুষ্ঠু নিরপেক্ষ নির্বাচন হতে পারে না। এখানে যেটা হয়েছে সেটা হচ্ছে, ভোট ডাকাতি আর ভোট জালিয়াতি।’তিনি জানান, ডামি নির্বাচনের ভোটগ্রহণ শেষ হলেও সরকারের পদত্যাগের দাবিতে আন্দোলন অব্যাহত রাখবে বিএনপি ও সমমনা দল।নতুন করে বড় কোনো কর্মসূচি ঘোষণার আগে বিএনপি গণসংযোগ অব্যাহত রাখবে এবং জনগণের মাঝে লিফলেট বিতরণ করবে বলে জানান তিনি।",0,0,1,1,False
" জাতীয় পার্টির (জাপা) চেয়ারম্যান গোলাম মোহাম্মদ কাদের বলেছেন, ‘আমার বিশ্বাস এই নির্বাচন গ্রহণযোগ্যতা পাবে না। কারণ সরকারের নিয়ন্ত্রণে নির্বাচন হয়েছে।’আজ সোমবার দুপুরে রংপুর নগরীর স্কাইভিউ নিবাসে সাংবাদিকদের সঙ্গে আলাপকালে তিনি এসব কথা বলেন।জি এম কাদের বলেন, ‘আমরা নির্বাচনের দিন অসহায় ছিলাম। সকাল থেকেই বিভিন্ন আসনে সমস্যা নিয়ে কথা বলেছি। নির্বাচন কমিশনকে কিন্তু সমাধানের কথা বললেও সমাধান হয়নি। প্রিজাইডিং অফিসারসহ প্রশাসন তাদের পক্ষে কাজ করেছে। ঢাকা-১ আসনে জোর করে সিল মেরে সালমা ইসলামকে হারিয়ে দিয়েছে। কুমিল্লা-১ আসনে আমির হোসেন ভুইয়া, জামালপুর-৩ আসনে সামসুল ইসলাম লিপ্টন, নরসিংদী-২ আসনে রফিকুল ইসলাম, কক্সবাজার-৪, লালমনিরহাট-৩ জাহিদ হাসান, গাইবান্ধা-৩ আসনে মইনুল রাব্বী, নারায়নগঞ্জ-১ আসন, রংপুরের-৪ ও ৬ আসনে আমাদের লোককে মেরে সিল মেরে জোর করে নিয়েছে। আমরা অসহায় হয়ে গেছি। এইসব আসনে আমরা প্রশাসনের কিংবা নির্বাচন কমিশনের কোন সহযোগিতা পাইনি। প্রশাসন নিরপেক্ষ থাকলে আমরা এসব আসনে জয়ী হয়ে আসতাম।’তিনি আরও বলেন, ‘আমরা জোটগতভাবে নির্বাচনে অংশ নেইনি এই কথা আমরা অনেক আগে থেকেই বলছি। সরকার তাদের মিডিয়া দিয়ে জোটের কথা বলে বিভ্রান্ত ছড়িয়েছে। সরকার সমঝোতার কথা বলে, ২৬ আসনে নৌকার প্রার্থী প্রত্যাহার করে নিয়েছে। তবে সেই সব আসনে শক্তিশালী আওয়ামী লীগের স্বতন্ত্র প্রার্থী দিয়ে, তাদের পক্ষে কাজ করেছে। আমরা এজন্যই বলেছি, আমরা কোন জোটে বা সমঝোতায় নির্বাচনে অংশ নেইনি।’দল হিসেবে জাতীয় পার্টির অবস্থান এখন কি সাংবাদিকের এক প্রশ্নের উত্তরে তিনি বলেন, ‘জাতীয় পার্টি যেখানে ছিল সেখানেই আছে। আমাদের বিরুদ্ধে সবসময় ষড়যন্ত্র হয়, আমরা সেই ষড়যন্ত্র মোকাবেলা করে এগিয়ে যাবো ‘জি এম কাদের বলেন, ‘নির্বাচনে অংশ নেওয়া ভুল কি শুদ্ধ এখনই এটি মূল্যায়ন করা যাবে না। সামনের দিনগুলো দেখতে হবে তারপরই আমরা সঠিকভাবে বুঝতে পারব। সার্বিকভাবে বাংলাদেশের নির্বাচন ভালো হয়নি। যেমন আশঙ্কা করেছিলাম সেটাই হয়েছে। সরকার যেখানে নিরপেক্ষ চেয়েছে সেখানে নিরপেক্ষ হয়েছে, সরকার যেখানে যাকে জিতাতে চেয়েছেন সেটিই করেছেন।’তিনি আরও বলেন, ‘লোকে ভোট দেওয়ার সুযোগ পায়নি। যারা ভোট দিতে এসেছে তাদেরকে অনেক সময় বাধাগ্রস্থ করা হয়েছে। পরবর্তীকালে যেসব জায়গায় ভোট হয়নি, ১০ থেকে ২০ শতাংশ ভোট পড়েছে, বাকি জায়গায় ব্যালটে ছিল মেরে নেওয়া হয়েছে। এটা আমাদের কাছে পরিষ্কার।’এখন পর্যন্ত সংসদে যাব কি না এমন কোন সিদ্ধান্ত নেওয়া হয়নি বলে জানান তিনি।এ সময় তার সঙ্গে আরও উপস্থিত ছিলেন জাতীয় পার্টির কো-চেয়ারম্যান ও রংপুর সিটি কর্পোরেশনের মেয়র মোস্তাফিজার রহমান মোস্তফা, জাপা চেয়ারম্যানের উপদেষ্টা আলাউদ্দিন মিয়াসহ অন্যান্য নেতৃবৃন্দ।",0,0,1,1,False
" নড়াইল-২ আসনে জালভোট ও কেন্দ্র থেকে এজেন্টদের বের করে দেওয়ার অভিযোগে নির্বাচন প্রত্যাখ্যান করেছেন ওয়ার্কার্স পার্টির প্রার্থী অ্যাডভোকেট শেখ হাফিজুর রহমান। গতকাল দুপুর ২টায় নড়াইল প্রেসক্লাবে সংবাদ সম্মেলনের মাধ্যমে তিনি নির্বাচন ও ফল প্রত্যাখ্যান করেন। পরে বেলা ২টা ১৫ মিনিটের দিকে হাতুড়ি প্রতীকের এই প্রার্থী একই অভিযোগ এনে টেলিফোনে নির্বাচন প্রত্যাখ্যানের ঘোষণা দেন।এর আগে, কমনওয়েলথের একটি (বিদেশি) পর্যবেক্ষক দল নড়াইলের বিভিন্ন ভোটকেন্দ্র পরিদর্শন করেন। এদিকে, এদিন সকাল ১১টার দিকে শহরের নড়াইল টেকনিক্যাল স্কুল অ্যান্ড কলেজ কেন্দ্রে ভোট দিয়েছেন মাশরাফি বিন মোর্ত্তজা। এ সময় দলীয় নেতাকর্মী ও সমর্থকরা উপস্থিত ছিলেন। নড়াইল-২ আসনে আওয়ামী লীগ প্রার্থী মাশরাফি বিন মোর্ত্তজাসহ সাত প্রার্থী প্রতিদ্বন্দ্বিতা করেন।",0,0,1,1,False
" বরিশাল-৫ (সিটি-সদর) আসনের ট্রাক প্রতীকের স্বতন্ত্র প্রার্থী সালাহউদ্দিন রিপন নির্বাচন স্থগিত করে পুনরায় ভোটগ্রহণের দাবি জানিয়েছেন। গতকাল দুপুর ১টায় সরকারি বরিশাল কলেজ কেন্দ্র পরিদর্শন শেষে তিনি দাবি জানান।তিনি বলেন, ভোটের পরিস্থিতি কেন্দ্র দেখেই বোঝা যাচ্ছে একেবারে জনমানব শূন্য। সকালে ভোটগ্রহণ শুরুর পর আমাদের নেতা আরেফিন মোল্লার বাড়িতে হামলা চালনো হয়েছে। বরিশাল সদর উপজেলা যুবলীগের যুগ্ম আহ্বায়কের পরিবারকে হুমকি দেওয়া হয়েছে। তার মেয়েকে অপহরণের চেষ্টা করা হয়েছে। অধিকাংশ কেন্দ্রে জালভোট দেওয়া হচ্ছে, কোথাও সিল মারা হচ্ছে, কেন্দ্র দখল করে নেওয়া হচ্ছে। প্রশাসনের সহযোগিতায় নৌকার সমর্থকরা এটা করছে। প্রশাসনের লোক গেলে বন্ধ থাকলেও তারা চলে গেলে আবার শুরু হচ্ছে। বিভিন্ন জায়গায় আমাদের একাধিক কর্মীর ওপর হামলা চালিয়ে আহত করা হয়েছে।তিনি আরও বলেন, আমি নির্বাচন কমিশন, সরকারসহ সংশ্লিষ্টদের কাছে আহ্বান জানাব, যেন দ্রুতসময়ে বরিশাল-৫ (সদর) আসনের নির্বাচন স্থগিত করে পুনরায় ভোটগ্রহণ করা হয়। যাতে সম্পূর্ণ নিরপেক্ষভাবে ভোটগ্রহণ করা করা যায়। ট্রাক প্রতীকের প্রার্থী বলেন, রিটার্নিং কর্মকর্তার সঙ্গে দেখা করলে বারবার আশ্বাস দিলেও তার কোনো প্রতিফলন দেখছি না। বরিশাল সরকারি কলেজ কেন্দ্রে একজনও ভোটর নেই। এটাই প্রমাণ করে নির্বাচনে কতটা মানুষকে বিমুখ করা হয়েছে। এখানে যারা আছে তারা সম্পূর্ণ একটি দলের সমর্থক, নেতাকর্মী; সাধারণ মানুষের কোনো অংশগ্রণ নেই।",0,0,1,1,False
" ভোট বর্জনের মধ্য দিয়ে দ্বাদশ জাতীয় সংসদ নির্বাচনকে দেশের জনগণ প্রত্যাখ্যান করেছে বলে মন্তব্য করেছেন বিএনপির সঙ্গে যুগপৎ আন্দোলনে থাকা বিভিন্ন দল ও জোট। গতকাল রবিবার পৃথক সমাবেশ ও বিবৃতিতে তারা এ প্রতিক্রিয়া ব্যক্ত করে পাঁচ দলীয় গণতন্ত্র মঞ্চ, ১২ দলীয় জোট, ১২ দলীয় জাতীয়তাবাদী সমমনা জোট, চার দলীয় গণতান্ত্রিক বাম ঐক্য, এলডিপি, ন্যাশনাল পিপলস পার্টি, গণফোরাম, গণঅধিকার পরিষদ ও বাংলাদেশ লেবার পার্টি। একই প্রতিক্রিয়া ব্যক্ত করেছে যুগপৎ আন্দোলনের বাইরে থাকা বাংলাদেশ জামায়াতে ইসলামী, ইসলামী আন্দোলন বাংলাদেশ এবং আমার বাংলাদেশ পার্টিও (এবি পার্টি)। ভোট বর্জন করায় দলগুলো জনগণকে ধন্যবাদ জানায়।গণতন্ত্র মঞ্চ : গতকাল দুপুরে জাতীয় প্রেসক্লাবের সামনে অনুষ্ঠিত সমাবেশে গণমঞ্চের নেতা নাগরিক ঐক্যের সভাপতি মাহমুদুর রহমান মান্না বলেন, এটি ছিল ডামি নির্বাচন, ডামি ভোটের নির্বাচন। ভোটকেন্দ্রে ভোটার নেই। এটা একটি ভোটার ছাড়া নির্বাচনহয়ে গেল। ভয়ভীতি, গ্রেপ্তার চালিয়ে কোনো লাভ হয়নি। ভোটাররা ভোট দিতে যায়নি। মিডিয়াতে ভোটকেন্দ্রগুলোর যে চিত্র উঠে এসেছে তাতে এটা পরিষ্কার যে, জনগণ এই নির্বাচনকে প্রত্যাখ্যান করেছে। আগামীতে এই ফ্যাসিস্ট সরকারের বিরুদ্ধে আন্দোলন চলবে।মঞ্চের আরেক নেতা বাংলাদেশের বিপ্লবী ওয়ার্কার্স পার্টির সাধারণ সম্পাদক সাইফুল হক বলেন, দেশের মানুষ সরকার ও নির্বাচন কমিশনের ডাকে সাড়া দেয়নি। এই ডামি নির্বাচন বর্জনের ডাকে জনগণ সাড়া দিয়েছে। সরকারের নাশকতা ও উসকানি মোকাবিলা করে তারা ভোট বর্জন করেছে। গণসংহতি আন্দোলনের প্রধান সমন্বয়কারী জোনায়েদ সাকি বলেন, মানুষ মনে করে দেশে গণতন্ত্রের ছিটেফোঁটাও নেই। সে কারণে মানুষ ভোটকেন্দ্রে না গিয়ে জবাব দিয়েছে।জেএসডির সাধারণ সম্পাদক শহীদ উদ্দিন মাহমুদ স্বপনের সভাপতিত্বে ও কামাল উদ্দিন পাটোয়ারীর পরিচালনায় সমাবেশে রাষ্ট্র সংস্কার আন্দোলনের প্রধান সমম্বয়ক হাসনাত কাইয়ুম ও ভাসানী অনুসারী পরিষদের সদস্য সচিব হাবিবুর রহমান রিজু প্রমুখ বক্তব্য রাখেন।জামায়াতে ইসলামী : বাংলাদেশ জামায়াতে ইসলামীর ভারপ্রাপ্ত আমির মুজিবুর রহমান এক বিবৃতিতে একতরফা নির্বাচন প্রত্যাখ্যান করায় দেশবাসীকে অভিনন্দন জানান। তিনি বলেন, বাংলাদেশের ইতিহাসে এই দিনটি একটি কালো দিবস হিসেবে চিহ্নিত হয়ে থাকবে। তিনি বলেন, বাংলাদেশের প্রায় শতভাগ মানুষ এই ডামি নির্বাচন প্রত্যাখ্যান করায় গণতন্ত্রকামী মানুষের বিজয় অর্জিত হয়েছে এবং অগণতান্ত্রিক ফ্যাসিস্ট সরকারের নৈতিক পরাজয় হয়েছে।ইসলামী আন্দোলন বাংলাদেশ : ইসলামী আন্দোলন বাংলাদেশের আমির মুফতি সৈয়দ মুহাম্মদ রেজাউল করীম (চরমোনাই পীর) এক বিবৃতিতে বলেন, একতরফা অবৈধ প্রহসনের নির্বাচন জনগণ সর্বাত্মকভাবে বর্জনের মাধ্যমে অবৈধ সরকারকে একটি ম্যাসেজ দিয়েছে। ভোট বর্জন করে ভোটকেন্দ্রে গিয়ে ভোট না দেওয়ায় দেশপ্রেমিক জনগণকে অভিনন্দন ও শুভেচ্ছা জানান তিনি। তিনি বলেন, ভোট বর্জনের মাধ্যমে সচেতন দেশবাসী স্বৈরাচার সরকারকে লালকার্ড দেখিয়ে প্রমাণ করল দলীয় সরকারের পাতানো তথাকথিত এ নির্বাচনের নাটক শুধু দেখতেই চায় না, বরং ঘৃণাভরে প্রত্যাখ্যান করেছে।১২ দলীয় জোট : গতকাল রবিবার রাজধানীতে মিছিল শেষে সংক্ষিপ্ত সমাবেশে ১২ দলীয় জোটের শীর্ষনেতারা বলেন, আওয়ামী লীগের ডামি নির্বাচনে জনগণের ভোট বর্জন ইতিহাসের মাইলফলক হয়ে থাকবে। তিনি বলেন, আওয়ামী লীগকে এখনই নাকে খত দিয়ে পদত্যাগ করা উচিত। কারণ জনগণ ভোটকেন্দ্রে যায়নি। ভোট বর্জন করায় দেশবাসীকে আন্তরিক ধন্যবাদ ও কৃতজ্ঞতা জানান ১২ দলীয় জোটের নেতারা।এ সময় বক্তব্য রাখেন ১২ দলীয় জোটের বাংলাদেশ এলডিপির মহাসচিব শাহাদাত হোসেন সেলিম, জাতীয় পার্টির (কাজী জাফর) প্রেসিডিয়াম সদস্য নওয়াব আলী খান আব্বাস, জমিয়তে উলামায়ে ইসলামী বাংলাদেশের মহাসচিব মাওলানা ড. গোলাম মহিউদ্দিন ইকরাম, জাতীয় গণতান্ত্রিক পার্টি- জাগপার সহ-সভাপতি ও ১২ দলীয় জোটের প্রধান সমন্বয়ক রাশেদ প্রধান, বাংলাদেশ জাতীয় দলের ভাইস চেয়ারম্যান শামসুল আহাদ, বাংলাদেশ লেবার পার্টির চেয়ারম্যান লায়ন মো. ফারুক রহমান, বাংলাদেশ কল্যাণ পার্টির ভারপ্রাপ্ত চেয়ারম্যান মো. শামসুদ্দীন পারভেজ, ইসলামি ঐক্যজোটের সিনিয়র ভাইস চেয়ারম্যান বীর মুক্তিযোদ্ধা শওকত আমিন।",0,0,1,1,False
" দ্বাদশ জাতীয় সংসদ নির্বাচনকে বাতিল করে নির্দলীয় সরকারের অধীনে ভোটের দাবিতে দুই দিনের বিক্ষোভ সমাবেশের ঘোষণা করেছে বাম গণতান্ত্রিক জোট। আজ রবিবার বিকেলে বাংলাদেশের কমিউনিস্ট পার্টির (সিপিবি) কেন্দ্রীয় কার্যালয়ে বাম গণতান্ত্রিক জোটের সভায় এমন সিদ্ধান্ত নেওয়া হয়। সভা শেষে এক সংবাদ বিজ্ঞপ্তিতে বিষয়টি জানানো হয়েছে।বাম গণতান্ত্রিক জোটের ঘোষিত কর্মসূচির মধ্যে রয়েছে আগামীকাল সোমবার বিকেলে জাতীয় প্রেসক্লাবের সামনে বিক্ষোভ সমাবেশ করবে তারা। এ ছাড়া পরদিন মঙ্গলবার দেশব্যাপী বিক্ষোভ সমাবেশের কর্মসূচি করা হবে।বিজ্ঞপ্তিতে বাম গণতান্ত্রিক জোট সরকারের ভয়ভীতি, প্রলোভন উপেক্ষা করে আজকের ‘একতরফা প্রহসনের’ নির্বাচন বর্জন করায় দেশবাসীকে অভিনন্দন জানিয়েছে।এতে বলা হয়, ‘গণদাবি ও জনমত উপেক্ষা করে সরকার ‘‘একতরফা প্রহসনের’’ নির্বাচন করে যে তামাশার জন্ম দিল, তা দেশের ইতিহাসে ন্যক্কারজনক ঘটনা হিসেবে লিপিবদ্ধ হয়ে থাকবে। সংসদ ভেঙে দিয়ে নির্দলীয় সরকারের অধীনে নির্বাচনের দাবিতে সংগ্রাম চালিয়ে যেতে হবে।’বাম গণতান্ত্রিক জোটের সমন্বয়ক ও বাংলাদেশের বিপ্লবী কমিউনিস্ট লীগের সাধারণ সম্পাদক ইকবাল কবিরের সভাপতিত্বে অনুষ্ঠিত সভায় উপস্থিত ছিলেন বাংলাদেশের কমিউনিস্ট পার্টির (সিপিবি) সভাপতি মোহাম্মদ শাহ আলম ও সাধারণ সম্পাদক রুহিন হোসেন প্রিন্স, বাংলাদেশের সমাজতান্ত্রিক দলের (বাসদ) সাধারণ সম্পাদক বজলুর রশিদ, সহকারী সাধারণ সম্পাদক রাজেকুজ্জামান রতন, সম্পাদকমণ্ডলীর সদস্য নিখিল দাস, গণতান্ত্রিক বিপ্লবী পার্টির সাধারণ সম্পাদক মোশরেফা মিশু প্রমুখ।",0,0,1,1,False
"দ্বাদশ জাতীয় সংসদ নির্বাচনে সব দল এবং অংশীজনরা অর্থবহ ও উল্লেখযোগ্যভাবে অংশ নিতে পারেনি বলে মন্তব্য করেছে অস্ট্রেলিয়া। সদ্য সমাপ্ত নির্বাচনে সব পক্ষের অংশ নিতে না পারার ঘটনাকে ‘দুঃখজনক’ বলে অভিহিত করেছে দেশটি। মঙ্গলবার অস্ট্রেলিয়ার ডিপার্টমেন্ট অব ফরেন অ্যাফেয়ার্স অ্যান্ড ট্রেডের এক বিবৃতিতে বাংলাদেশের নির্বাচন নিয়ে এই মন্তব্য করা হয়েছে।এতে বলা হয়েছে, লাখ লাখ বাংলাদেশি ভোটার নির্বাচনের দিন তাদের ভোটাধিকার প্রয়োগ করেছেন, আমরা এই বিষয়টিকে স্বাগত জানাই। তবে এটা দুঃখজনক যে, নির্বাচন এমন এক পরিবেশে অনুষ্ঠিত হয়েছে; যেখানে সব অংশীজন অর্থবহ এবং উল্লেখযোগ্যভাবে অংশগ্রহণ করতে পারেনি।বিবৃতিতে আরও বলা হয়, ‘‘বাংলাদেশের দীর্ঘদিনের বন্ধু হিসেবে অস্ট্রেলিয়া নির্বাচনকে কেন্দ্র করে সংঘটিত সহিংসতা এবং রাজনৈতিক বিরোধী সদস্যদের গ্রেপ্তারের ঘটনায় উদ্বিগ্ন। অস্ট্রেলিয়া ধারাবাহিকভাবে বাংলাদেশের কাছে অবাধ ও সুষ্ঠু নির্বাচনের গুরুত্ব তুলে ধরেছে।’’বিবৃতিতে অস্ট্রেলিয়ার সরকার মানবাধিকারের সুরক্ষা, আইনের শাসন এবং উন্নয়নের ধারাবাহিকতা রক্ষায় বাংলাদেশে গণতান্ত্রিক প্রতিষ্ঠানগুলোকে শক্তিশালী করার বিষয়টিকে অগ্রাধিকার দেওয়ার আহ্বান জানিয়েছে।এতে বলা হয়, ঘনিষ্ঠ অংশীদার হিসেবে অস্ট্রেলিয়া একটি উন্মুক্ত, স্থিতিশীল, সমৃদ্ধ এবং অন্তর্ভুক্তিমূলক অঞ্চলের জন্য আমাদের অভিন্ন লক্ষ্য অর্জনে বাংলাদেশের সাথে কাজ করতে প্রতিশ্রুতিবদ্ধ।",0,0,1,1,False
" প্রচারে বাধা, ভয়ভীতি প্রদর্শনসহ নানাবিধ অভিযোগে সংবাদ সম্মেলন করেছেন রাজবাড়ী-২ (পাংশা, কালুখালী ও বালিয়াকান্দি উপজেলা) আসনের স্বতন্ত্র প্রার্থী কেন্দ্রীয় কৃষক লীগের সাংগঠনিক সম্পাদক নুরে আলম সিদ্দিকী হক। মঙ্গলবার (২ জানুয়ারি) দুপুরের দিকে রাজবাড়ী শহরে স্থানীয় একটি পত্রিকা অফিসে এ সংবাদ সম্মেলন করেন নুরে আলম সিদ্দিকী হক।স্বতন্ত্র প্রার্থী নুরে আলম সিদ্দিকী হক অভিযোগ করে বলেন, প্রার্থী হওয়ার পর থেকেই নানা ষড়যন্ত্রের শিকার হচ্ছি। প্রথমে প্রার্থীতা বাতিল করা হলেও পরে আপিলে ফিরে পাই। প্রতীক বরাদ্দের পর থেকে প্রচারে বাধা, পোস্টার ছেঁড়া, হুমকি-ধমকি দিয়ে নির্বাচন বাধাগ্রস্ত করতে ষড়যন্ত্র করা হচ্ছে।এসময় ভোটারদের উদ্দেশে তিনি বলেন, আপনারা ভয়ভীতি ও হুমকি-ধমকিতে ভয় পাবেন না। নির্বাচন অবাধ, সুষ্ঠ ও নিরপেক্ষ করতে আইনশৃঙ্খলা বাহিনী তৎপর রয়েছে। ফলে আমি আশাবাদী ৭ জানুয়ারি পাংশা, বালিয়াকান্দি ও কালুখালীর মানুষ ঈগল প্রতীকে ভোট দিয়ে আমাকে বিজয়ী করবে।",0,0,1,1,False
" দ্বাদশ জাতীয় সংসদ নির্বাচনকে অবৈধ আখ্যা দিয়ে বিএনপির সিনিয়র যুগ্ম মহাসচিব অ্যাডভোকেট রুহুল কবির রিজভী বলেছেন, এই নির্বাচনের মাধ্যমে জাতির সঙ্গে প্রতারণা করা হচ্ছে, এটি গোটা জাতিকে প্রবঞ্চিত করা। এ অবৈধ নির্বাচনের বিরুদ্ধে রুখে দাঁড়াতে হবে, এ নির্বাচন বর্জন করতে হবে।মঙ্গলবার দুপুরে গুলশান-২ নম্বরের আশপাশের এলাকায় নির্বাচন বর্জন ও অসহযোগ আন্দোলন সফল করতে লিফলেট বিতরণকালে এসব কথা বলেন তিনি।বিএনপির সিনিয়র যুগ্ম মহাসচিব বলেন, এটি কোনো নির্বাচন নয়, এটি জনগণের সঙ্গে প্রতারণা। তারা মানুষের ভোটের অধিকার কেড়ে নিয়েছে, বাকস্বাধীনতা হরণ করেছে। তারা আবারও মানুষকে ভোটের অধিকার থেকে বঞ্চিত করার আরেকটি সাজানো নাটক বাস্তবায়ন করতে চাচ্ছে। কিন্তু এবার আর প্রতারণার নির্বাচন করে পার পাওয়া যাবে না।এ সময় মহিলা দলের সাধারণ সম্পাদক সুলতানা আহমেদ, মহিলা দলের নেত্রী জাকিয়া আক্তার, পান্না ইয়াসমিন, আয়েশা আক্তার মিলি, হাসিনা আক্তারসহ নেতাকর্মীরা। এছাড়াও কেন্দ্রীয় ছাত্রদলের যুগ্ম সাধারণ সম্পাদক ডা. তৌহিদুর রহমান আউয়াল, কেন্দ্রীয় ছাত্রদল নেতা আশরাফুল আসাদ-সহ নেতৃবৃন্দ উপস্থিত ছিলেন।",0,0,1,1,False
" দ্বাদশ সংসদ নির্বাচন বর্জন করতে দেশবাসীর প্রতি আহ্বান জানিয়ে বিএনপির সিনিয়র যুগ্ম মহাসচিব রুহুল কবির রিজভী বলেছেন, এটি কোনো নির্বাচন নয়, এটি জনগণের সঙ্গে প্রতারণা মাত্র। একতরফা নির্বাচন করে দেশকে জাহান্নামের দিকে নিয়ে যাওয়া হচ্ছে।বুধবার (৩ জানুয়ারি) সকালে নির্বাচন বর্জন ও অসহযোগ আন্দোলনের পক্ষে মতিঝিল এজিবি কলোনি বাজারে লিফলেট বিতরণ ও গণসংযোগ শেষে তিনি এসব কথা বলেন।রিজভী বলেন, অবৈধ সরকার আরও বেশি টাকা লুট করতে, বিদেশে টাকা পাচার করতে আবারও একতরফা নির্বাচন করতে চায়। তারা চায় বাংলাদেশকে আরও লুটপাট করতে। আপনারা দেখছেন একজন এমপি বাংলাদেশে থেকে টাকা লুট করে ইংল্যান্ডে কিভাবে টাকা পাচার করেছে, তারা এরকম পাচার করতে চায়।বিএনপির সিনিয়র যুগ্ম মহাসচিব বলেন, ‘ব্যাংক ডাকতি করে, জনগণের টাকা লুট করতে চায়, টাকা লুট ও পাচার করে তারা আরও বেশি সুখে থাকতে চায়। কিন্তু দেশ জাহান্নামে যাক, জনগণ জাহান্নামে যাক তাতে তাদের কিছু যায় আসে না।রিজভী বলেন, অবৈধ সরকার জোর করে একতরফা নির্বাচন করে দেশটাকে জাহান্নামের দিকে নিয়ে যাচ্ছে। দেশে কোনো নির্বাচন নেই, এখানে জনগণের কোনো ভোটাধিকার নেই, জনগণের কথা বলার স্বাধীনতা নেই। এটি কোনো নির্বাচন নয়, এটি জনগণের সঙ্গে প্রতারণা মাত্র। আপনারা ভোট কেন্দ্রে যাবেন না, এ নির্বাচন বর্জন করুন। তাদের বিরুদ্ধে সবাই একসঙ্গে রুখে দাঁড়ান।’এ সময় আরও উপস্থিত ছিলেন কেন্দ্রীয় বিএনপি’র স্বাস্থ্য বিষয়ক সম্পাদক ডা. মো. রফিকুল ইসলাম, সহ যুব-বিষয়ক সম্পাদক মীর নেওয়াজ আলী নেওয়াজ, সহ স্বাস্থ্যবিষয়ক সম্পাদক ডা. পারভেজ রেজা কাকনসহ আরো অনেকে।",0,0,1,1,False
" দ্বাদশ জাতীয় সংসদ নির্বাচনের আগ মুহূর্তে ভোটের মাঠ থেকে একে একে সরে দাঁড়াচ্ছেন জাতীয় পার্টির প্রার্থীরা। সর্বশেষ মঙ্গলবার দলটির পাঁচজন প্রার্থী নির্বাচনে না থাকার ঘোষণা দেন। এর মধ্যদিয়ে সবমিলিয়ে গত তিন দিনে জাতীয় পার্টির ১০ প্রার্থী নির্বাচন থেকে সরে গেলেন।মঙ্গলবার টাঙ্গাইল-৭, দিনাজপুর-২ , গাজীপুর-৪ , চুয়াডাঙ্গা-১ ও সুনামগঞ্জ-১ আসনের প্রার্থী নির্বাচন থেকে সরে দাঁড়ানোর ঘোষণা দেন।।এরআগে সোমবার (১ জানুয়ারি) হবিগঞ্জ-২ আসনের জাতীয় পার্টির মনোনিত প্রার্থী নির্বাচন না করার ঘোষণা দেন।তারও আগে গত ৩১ ডিসেম্বর বরিশাল-২, বরিশাল-৫, বরগুনা-১ ও গাজীপুর- ১ আসনের প্রার্থীরাও নির্বাচন থেকে সরে দাঁড়ানোর ঘোষণা দেন।নির্বাচনে আসা জাতীয় পার্টির নেতারা জানিয়েছেন, নির্বাচনের শুরুতে প্রার্থীদের দল থেকে আর্থিক সহায়তা দেওয়ার আশ্বাস দেওয়া হয়েছিল। এজন্য তারা মাঠে নেমেছিলেন। শুরুতে নিজেদের টাকা খরচ করে অনেক প্রার্থী নিজ নিজ এলাকায় পোস্টার ও নির্বাচনী প্রচারণা চালিয়েছেন। কিন্তু প্রার্থীরা এখন দলের প্রতিশ্রুত আর্থিক সাপোর্ট পাচ্ছেন না। যার ফলে অনেকে নির্বাচন থেকে সরে দাঁড়াচ্ছেন।আবার অনেকে মান-সম্মান ও চাপের কারণে নির্বাচন থেকে সরে না দাঁড়ালেও নিষ্ক্রিয় হয়ে পড়েছেন। এছাড়া, এখন পর্যন্ত কেন্দ্র থেকেও প্রার্থীদের নির্বাচনের মাঠে রাখার কোনো পরিকল্পনা নেই। কেন্দ্রের সঙ্গে কোনো যোগাযোগ না করেই প্রার্থীরা নির্বাচন থেকে সরে দাঁড়াচ্ছেন। বর্তমানে দলটির কতজন প্রার্থী মাঠে আছে, তার সঠিক হিসাবও কেন্দ্রের কাছে নেই!চুয়াডাঙ্গা-১ আসন থেকে সরে যাওয়া জাপার প্রার্থী অ্যাডভোকেট সোহরাব হোসেন অভিযোগ করেছেন, তাদের দলের পক্ষ থেকে কোনো ধরনের সহযোগিতা করা হচ্ছে না। এমনকি দলের চেয়ারম্যান ও মহাসচিবকে ফোন দিলে তারা ফোনও ধরছেন না।তিনি বলেন, গত বুধবার থেকে আমি নির্বাচনী সব প্রচার-প্রচারণা থেকে বিরত আছি। কেননা আমার প্রতিদ্বন্দ্বী প্রার্থীদের টাকার পাল্লার কাছে নির্বাচন করার মতো আমার অবস্থা নেই। এ ছাড়া দলের চেয়ারম্যান এবং মহাসচিবের সঙ্গে কোনো যোগাযোগ নেই। ফোন দিলেও তারা ধরেন না। কেন্দ্রে যারা আছেন তারা কেউ সহযোগিতা করছেন না। সারা বাংলাদেশে জাতীয় পার্টির ৩৮৩ জনের মধ্যে সরকারের লোকজনের সঙ্গে কথা বলে ২৬ জনকে উনারা আসন দিয়েছেন। আমাদেরকে সকল দিক থেকে বঞ্চিত করা হয়েছে।জাতীয় পার্টির চেয়ারম্যান ও রংপুর-৩ আসনের সংসদ সদস্য প্রার্থী গোলাম মোহাম্মদ (জিএম) কাদের জানিয়েছেন, যারা দলকে না জানিয়ে নির্বাচন থেকে সরে গেছে তাদের বিরুদ্ধে শৃঙ্খলা ভঙ্গের অভিযোগে ব্যবস্থা নেওয়া হবে বলে।",0,0,1,1,False
" নির্বাচন নিয়ে দেশে এখনো ষড়যন্ত্র হচ্ছে বলে মন্তব্য করেছেন প্রধানমন্ত্রীর বেসরকারি শিল্প ও বিনিয়োগবিষয়ক উপদেষ্টা সালমান এফ রহমান। তিনি বলেন, ‘নির্বাচন নিয়ে দেশে এখনো ষড়যন্ত্র হচ্ছে। বিরোধীদের কোনো ষড়যন্ত্রই কাজ হবে না। বিএনপি এত দিন গুজব ছড়িয়েছে, বিদেশীরা প্রধানমন্ত্রী শেখ হাসিনার পদত্যাগ চায়। কিন্তু দেশের মানুষ আর তাদের গুজব শুনতে চায় না, এমনকি তাদের দলের লোকজনও না।’মঙ্গলবার (২ জানুয়ারি) দুপুরে ঢাকার নবাবগঞ্জ উপজেলায় নির্বাচনী মতবিনিময় সভায় এসব কথা বলেন ঢাকা-১ (নবাবগঞ্জ ও দোহার) আসনে আওয়ামী লীগ মনোনীত নৌকার প্রার্থী সালমান এফ রহমান। গতকাল সরকারি নবাবগঞ্জ পাইলট স্কুল অ্যান্ড কলেজ মাঠে উপজেলার ব্যবসায়ীদের সঙ্গে ওই মতবিনিময় সভা করেন তিনি। পওে বেলা আড়াইটায় নবাবগঞ্জ পাইলট উচ্চবিদ্যালয় মাঠে ইমাম ও আলেম-ওলামা সমাবেশে যোগ দেন তিনি।সালমান এফ রহমান বলেন, ‘বিদেশীদের সঙ্গে আমার কথা হয়েছে, তারা বলেছে দেশে একটি অবাধ সুষ্ঠু ও নিরপেক্ষ নির্বাচনের জন্য অনুকূল পরিবেশ তৈরি করতে হবে। আমি তাদের কথা দিয়েছি, দেশে নির্বাচনের জন্য অনুকূল পরিবেশ তৈরি করা হবে। এখন কিন্তু অনুকূল পরিবেশ তৈরি হয়েছে।’নির্বাচনী মতবিনিময় সভায় অন্যদের মধ্যে উপস্থিত ছিলেন আওয়ামী লীগে জাতীয় কমিটির সদস্য আব্দুল বাতেন মিয়া, ঢাকা আওয়ামী লীগের সাধারণ সম্পাদক পনিরুজ্জামান তরুণ, নবাবগঞ্জ উপজেলা পরিষদের চেয়ারম্যান নাসির উদ্দিন আহমেদ ঝিলু, নবাবগঞ্জ আওয়ামী লীগের সভাপতি মিজানুর রহমান কিসমত, সাধারণ সম্পাদক আরিফুর রহমান শিকদার, সহসভাপতি ইব্রাহিম খলিলসহ উপজেলার ব্যবসায়ী সংগঠন এবং ইমাম ও আলেম-ওলামা পরিষদের নেতারা।",0,0,1,1,False
" চাঁদপুর-২ (মতলব উত্তর ও মতলব দক্ষিন উপজেলা) আসনের আওয়ামী লীগ প্রার্থী মোফাজ্জল হোসেন চৌধুরী মায়ার অনুসারীদের বিরুদ্ধে আবারো নির্বাচনী প্রচারে বাধা ও হামলার অভিযোগ করেছেন ঈগল প্রতীকের স্বতন্ত্র প্রার্থী এম ইসফাক আহসান।বুধবার (৩ ডিসেম্বর) সন্ধ্যায় মতলব উত্তরের নিজ বাসভবনে আয়োজিত এক সংবাদ সম্মেলনে তিনি এ অভিযোগ করেন। এ হামলায় ঈগল প্রতীকের ৫ সমর্থক আহতসহ উঠোন বৈঠকের চেয়ার-টেবিল ভাঙচুর করা হয়েছে বলে দাবি তার।চাঁদপুর-২ আসনের স্বতন্ত্র প্রার্থী এম ইসফাক আহসান বলেন, 'আমি যেখানেই নির্বাচনী প্রচারে যাচ্ছি, সেখানেই নৌকার প্রার্থীর সন্ত্রাসী বাহিনী বাধার সৃষ্টি করছে। বুধবারও আমার প্রচারে বারবার বাধা দিয়েছে। মতলব উত্তর বাগানবাড়ি ইউনিয়নে মোটরসাইকেলের বহর নিয়ে আমাদের ওপর হামলার চেষ্টা করা হয়েছে। তবে সেখানে পুলিশ থাকায় তারা হামলা করতে পারেনি। পরে বিজেবি উপস্থিত হলে তাদের সামনেও হামলার চেষ্টা করে তারা।ইসফাক আহমেদ আরো বলেন, আমার একটি নির্বাচনী উঠান বৈঠকের চেয়ার-টেবিল ভাংচুর করেছে। শুধু তাই নয় মতলন সাদুল্লাপুর পাঠান বাজারে আমার ঈগল প্রতীকের ৫ জন সমর্থককে আহত করেছে। এছাড়া সাংবাদিকদের ওপর হামলা চালিয়েছেন তারা। মঙ্গলবার (২ জানুয়ারি) তারা আমার নেতাকর্মীর ওপর হামলা করেছে। এতে একজন সাংবাদিকও আহত হয়েছেন। এসব হামলার ভিডিওচিত্র আমি জেলা প্রশাসক ও পুলিশ সুপারকে পাঠিয়েছি। এখানে নৌকার প্রার্থী আমার সকল কাজে সকল রকমের বাধা দিচ্ছেন। এমনকি তিনি বারবার নির্বাচনী আচরনবিধি লঙ্ঘন করছেন। তার সমর্থকরা প্রশাসনের সামনেই মোটরসাইকেল মহড়া দিচ্ছে।ঈগল প্রতীকের এ স্বতন্ত্রপ্রার্থী আরো বলেন, এতকিছুর পরেও আমি মতলবের যেখানেই যাচ্ছি, সেখানেই ব্যপক সাড়া পাচ্ছি। ভোটারা আমাকে বলেছে, যদি সুষ্ঠ ভোট হয় আর জনগণ যদি ভোট দিতে পারে, তবে আমি বিপুল ভেটে বিজয়ী হব। তাই নৌকার প্রার্থীকে বলব, আপনি আমার মুরব্বী। হিংসাত্মক পখ ছেড়ে দিয়ে আসুন একটি সুষ্ঠু নির্বাচনের পরিবেশ সৃষ্টি করি।এ সময় জেলার প্রিন্ট ও ইলেকট্রনিক্স মিডিয়ার সাংবাদিকরা উপস্থিত ছিলেন।",0,0,1,1,False
" আগামী ৭ জানুয়ারির নির্বাচনের ভোট বর্জন ও অসহযোগ আন্দোলনের পক্ষে রাজধানীতে লাঠি মিছিল করেছে বিএনপি ও দলটির অঙ্গ ও সহযোগী সংগঠনের নেতাকর্মীরা।শুক্রবার (৫ জানুয়ারি) সকালে রাজধানীর কারওয়ান বাজার এলাকায় এই মিছিল হয়। এতে নেতৃত্ব দেন বিএনপির সিনিয়র যুগ্ম মহাসচিব রুহুল কবির রিজভী।মিছিল শেষে সংক্ষিপ্ত বক্তব্যে রুহুল কবির রিজভী বলেন, আজ দেশে দুটি ধারা বিদ্যমান। একটি হচ্ছে সত্য ও ন্যায়ের পক্ষে, মানুষের ভোটাধিকার ও মতপ্রকাশের স্বাধীনতার পক্ষে। আরেকটি হচ্ছে টাকা পাচার ও লুটেরাদের পক্ষে, মানুষের অধিকার হরণের পক্ষে। আমরা যারা ন্যায়ের পক্ষে আছি তাদের বিজয় অবশ্যম্ভাবী।তিনি বলেন, ‘অবৈধ’ নির্বাচন জনগণ মেনে নেবে না। লুটেরাদের নির্বাচন জনগণ মেনে নেবে না। বিএনপির নেতাকর্মীসহ দেশবাসীকে নির্বাচন বর্জনের আহ্বান জানান তিনি।এ সময় উপস্থিত ছিলেন বিএনপির স্বাস্থ্য বিষয়ক সম্পাদক ডা. রফিকুল ইসলাম, সহ যুব বিষয়ক সম্পাদক মীর নেওয়াজ আলী, তাঁতী দলের আহ্বায়ক আবুল কালাম আজাদ, মৎস্যজীবী দলের সদস্য সচিব আব্দুর রহিম, ছাত্রদলের সাবেক সহ-সভাপতি আহসান উদ্দিন খান শিপন, আব্দুল হালিম খোকন, তারেকুজ্জামান তারেক, রফিকুল ইসলাম রফিক, এজমল হোসেন পাইলট প্রমুখ।",0,0,1,1,False
" মানিকগঞ্জ-২ (সিংগাইর, হরিরামপুর ও সদরের একাংশ) আসনে নির্বাচনী আচারণবিধি লঙ্ঘনের পাল্টাপাল্টি অভিযোগ করেছেন নৌকার প্রার্থী মমতাজ বেগম ও ট্রাক প্রতীকের স্বতন্ত্রপ্রার্থী জাহিদ আহমেদ টুলু।নির্বাচনী প্রচারের শেষ দিনে বৃহস্পতিবার (৪ জানুয়ারি) দুপুরে সংবাদ সম্মেলন করে ওই অভিযোগ করেন তারা। এর মধ্যে সিংগাইর উপজেলার জয়মন্টপের নিজ বাসভবন মমতাজ বেগম এবং উপজেলার বাইমাইলের নিজ বাসভবনে জাহিদ আহমেদ টুলু সংবাদ সম্মেলন করেন।মমতাজ বেগম বলেন, নির্বাচনী প্রচারে বারবার আচারণবিধি লঙ্ঘন করেছেন স্বতন্ত্রপ্রার্থী জাহিদ আহমেদ টুলু ও তার কর্মীরা। আচারণবিধি লঙ্ঘনের অভিযোগে দ্বাদশ জাতীয় নির্বাচনী অনুসন্ধান কমিটি জাহিদ আহমেদ টুলুকে দুবার করে শোকজ করেছিলেন। আচারণবিধি লঙ্ঘন না করার শর্তে দুবার তিনি (টুলু) মুচলেকা দিয়েছেন। এছাড়া তিনি বিভিন্ন সময়ে ভোটারদের টাকা ও বিভিন্ন ধরনের উপঢোকন দিয়ে আসছেন। সম্প্রতি স্বতন্ত্রপ্রার্থীকে এক কর্মীকে ভোটার উপঢোকনসহ (সাবান) আটক করে, পরে ১০ হাজার টাকা জরিমানা করেন ভ্রাম্যমান আদালত। সুষ্ঠ ও নিরোপেক্ষ নির্বাচন অনুষ্ঠিতের লক্ষ্যে স্বতন্ত্রপ্রার্থীর প্রার্থীতা বাতিল করা উচিত।মমতাজ বেগম অভিযোগ করেন, আওয়ামী লীগের বেশ কয়েকজন জেলা ও উপজেলার গুরুত্বর্পূণ নেতারা স্বতন্ত্রপ্রার্থীর পক্ষে কাজ করছে। তারা নৌকার কর্মীকে নানা ধরনের ভয়ভীতি দেখাচ্ছেন।এদিকে স্বতন্ত্রপ্রার্থী জাহিদ আহমেদ টুলু বলেন, ‘মমতাজ বেগমের লোকজন বিভিন্ন সময় আমার কর্মীদের নানা ধরনের হুমকি ও ভয়ভীতি দেখিয়েছে। আমার কোনো কর্মীকে টাকা দেই নাই। যদি কোন কর্মী কাউকে টাকা বা কোন উপঢোকন দিয়ে থাকে, তাহলে সেটা ঠিক হয় নাই। এত বড় আসনে তো সকল কর্মীর খোঁজ রাখা সম্ভব না। নৌকার প্রার্থী ও তার কর্মীরা নির্বাচনকে প্রশ্নবিদ্ধ করতে আমার কর্মীদের ভয়ভীতি দেখাচ্ছেন।",0,0,1,1,False
" দ্বাদশ সংসদ নির্বাচনে যশোরে প্রার্থীর সমর্থকদের আচরণবিধি লঙ্ঘন নিয়ন্ত্রণে ১৭ দিনে (১৮ ডিসেম্বর থেকে ৩ জানুয়ারি পর্যন্ত) ৯১টি ভ্রাম্যমাণ আদালত পরিচালিত হয়েছে। এ অভিযানের মাধ্যমে মোট চার লাখ দশ হাজার ৫০০ টাকা অর্থদণ্ড দিয়েছে ভ্রাম্যমাণ আদালত। জেলার ৬টি আসনে ১১ জন নির্বাহী ম্যাজিস্ট্রেটের নেতৃত্বে এই আদালত পরিচালনা করা হয়।প্রার্থীদের ওপর হামলা, প্রতিদ্বন্দ্বী প্রার্থীর সমর্থকদের মধ্যে সংঘর্ষ, যানজট সৃষ্টি করে শোভাযাত্রা ও ব্যানার ব্যবহারসহ নির্বাচনী আচরণবিধি লঙ্ঘন করায় এ অর্থদণ্ড দেওয়া হয়। এর মধ্যে বেশিরভাগ আওয়ামী লীগের প্রার্থী ও স্বতন্ত্র প্রার্থীরা আচারণবিধি লঙ্ঘনের জরিমানা গুনেছেন।জানা যায়, যশোরের ৬টি সংসদীয় আসনে ৩২ প্রার্থী প্রতিদ্বন্দ্বিতা করছেন। এর মধ্যে আওয়ামী লীগের ৬ ও দলীয় স্বতন্ত্র ৮ এবং জাতীয় পার্টির ৬ প্রার্থী। বাকিরা অন্য রাজনৈতিক দলের প্রার্থী।ভ্রাম্যমাণ আদালত সূত্রে জানা গেছে, যশোর-১ (শার্শা)-এ ৩১ ডিসেম্বর পর্যন্ত ১৪ দিনে ১৮টি ভ্রাম্যমাণ আদালতের মাধ্যমে মোট ৬৫ হাজার টাকা অর্থদণ্ড দেওয়া হয়। এছাড়া ১ জানুয়ারি দুটি অভিযানে ৮ হাজার টাকা জরিমানা আদায় করা হয়।যশোর-২ (ঝিকরগাছা ও চৌগাছা)-এ ৯টি ভ্রাম্যমাণ আদালতের মাধ্যমে মোট ২৭ হাজার ৫০০ টাকা অর্থদণ্ড দেওয়া হয়। এছাড়া ৩ জানুয়ারি দুটি অভিযানে ২০ হাজার টাকা জরিমানা আদায় করা হয়।যশোর-৩ (যশোর সদর কিন্তু বসুন্দিয়া ইউনিয়ন ব্যতীত)-এ ৬টি ভ্রাম্যমাণ আদালতের মাধ্যমে মোট ১৮হাজার টাকা অর্থদণ্ড দেওয়া হয়।যশোর-৪ (বাঘারপাড়া ও অভয়নগর এবং যশোর সদরের বসুন্দিয়া ইউনিয়নসহ)-এ ২০টি ভ্রাম্যমাণ আদালতের মাধ্যমে মোট ৭৬ হাজার টাকা অর্থদণ্ড দেওয়া হয়। এছাড়া ১ ও ৩ জানুয়ারি দুটি অভিযানে ৬ হাজার টাকা জরিমানা আদায় করা হয়।যশোর-৫ (মণিরামপুর)-এ ২৪টি ভ্রাম্যমাণ আদালতের মাধ্যমে মোট ১ লাখ ৪৫ হাজার টাকা অর্থদণ্ড দেওয়া হয়। এছাড়া ৩ জানুয়ারি দুটি অভিযানে ২১ হাজার টাকা জরিমানা আদায় করা হয়।যশোর-৬ (কেশবপুর)-এ ৬টি ভ্রাম্যমাণ আদালতের মাধ্যমে মোট ২৭ হাজার টাকা অর্থদণ্ড দেওয়া হয়।জেলা রিটার্নিং কর্মকর্তা ও জেলা প্রশাসক মোহাম্মদ আবরাউল হাছান মজুমদার এ বিষয়ে বলেন, ‘অবাধ ও শান্তিপূর্ণ ভোটগ্রহণ নিশ্চিত করতে সব প্রস্তুতি শেষ করেছে নির্বাচন কমিশন। এখন পর্যন্ত যা অভিযোগ পেয়েছি তা তদন্ত করে ব্যবস্থা নেওয়া হচ্ছে। ইতিমধ্যে আচরণবিধি লঙ্ঘন করার দায়ে অভিযান পরিচালনা করে জরিমানা ও কারণ দর্শানোর নোটিশ দেওয়া হয়েছে।’মোহাম্মদ আবরাউল আরো বলেন, ‘কেউ আইনের ঊর্ধ্বে নয়। প্রতিটি ভোট উপজেলায় পর্যাপ্ত আইনশৃঙ্খলা রক্ষাকারী বাহিনীর সঙ্গে ম্যাজিস্ট্রেট মোতায়েন করা হয়েছে। যে অপরাধ করছে তদন্ত করে তার বিরুদ্ধে আইনগত ব্যবস্থা নেওয়া হচ্ছে।’",0,0,1,1,False
" নির্বাচন বর্জনের জন্য জনগণকে শুভেচ্ছা জানিয়ে বিএনপি’র জ্যেষ্ঠ যুগ্ম মহাসচিব রুহুল কবির রিজভী বলেছেন, ক্ষমতাসীনদের পাতানো নির্বাচনের বিরুদ্ধে জনগণ অভূতপূর্ব রায় দিয়েছে। দুই শতাংশের বেশি ভোটার কেন্দ্রে আসেনি। আমাদের ভোট বর্জন সার্থক হয়েছে। জনগণ সরকারের এই ডামি নির্বাচন বর্জন করেছে। রবিবার (৭ জানুয়ারি) বিকেলে ভার্চুয়াল সংবাদ সম্মেলনে তিনি এসব কথা বলেন।রিজভী বলেন, সরকার ফেলানী হত্যা দিবসে পাতানো নির্বাচন করে ফেলানীর মতোই গণতন্ত্রকে তারকাঁটায় ঝুলিয়েছে। তাদের প্রভুদের খুশি করতে ফেলানী হত্যা দিবসে নির্বাচন করেছে। অত্যন্ত পরিকল্পিতভাবে রাষ্ট্রযন্ত্রকে ব্যবহার করে বিএনপিসহ বিরোধী রাজনৈতিক দলগুলোর ওপর নির্মম নির্যাতন চালিয়ে ক্ষমতা চিরস্থায়ী করার জন্য এই সাজানো নির্বাচন করছে সরকার।তিনি বলেন, প্রধান নির্বাচন কমিশনার বলেছেন, নৌকার এজেন্ট ছাড়া আর কোনো প্রার্থীর এজেন্ট দেখতে পাচ্ছেন না। তাহলে ১৮ শতাংশ ভোটার কোথায় থেকে এলো? এতদিন দেখেছি, ভোটকেন্দ্রে মানুষ আসতো। আজ দেখলাম, যশোরে একটি ভোটকেন্দ্রে বানর ভোট দিতে এসেছে।বিএনপি নেতা বলেন, আওয়ামী লীগের স্বতন্ত্র প্রার্থীরাই নির্বাচন বর্জন করছেন এবং মিডিয়াতে বক্তব্য দিচ্ছেন, নৌকার প্রার্থীরা তাদের ভোটকেন্দ্র থেকে বের করে দিচ্ছেন। কে কে জয়ী হবে তা সরকার আগেই নির্দেশনা দিয়ে দিয়েছে। সরকার নিজেদের মধ্যে ভোট করছে। তবুও, পছন্দের প্রার্থীকে জেতানোর জন্য রাতের বেলায় ব্যালটবক্স ভর্তি করে রেখেছে। আবার কোথাও সাত বছরের শিশুও ভোট দিচ্ছে। এই হচ্ছে আওয়ামী লীগের সুষ্ঠু নিরপেক্ষ নির্বাচন।তিনি বলেন, আওয়ামী লীগ কোনোদিন সুষ্ঠু নির্বাচন করতে পারে না। তারা সবসময় ভোট ডাকাতির নির্বাচন করে। শিল্পমন্ত্রীর ছেলে জালভোট নিয়ে ধরা পড়েছে। জিএম কাদের তার বক্তব্যে বলেছেন, এই সরকার নিরপেক্ষ ভোট করতে জানে না। তারা নির্বাচনে অনিয়ম করবে বলেই অনলাইন পত্রিকাগুলো বন্ধ করে দিয়েছে।",0,0,1,1,False
" বাংলাদেশ আওয়ামী লীগের সাধারণ সম্পাদক এবং নোয়াখালী-৫ আসনে আওয়ামী লীগের প্রার্থী ওবায়দুল কাদের বলেছেন, আজ ভোট কেন্দ্রগুলোতে বিপুল সংখ্যক ভোটারের স্বতঃস্ফূর্ত অংশগ্রহণই প্রমাণ করে যে মানুষ ভোটের পক্ষে আছে। বিএনপি ভোট বর্জন করেছে, আজ জনগণ তাদের বর্জন করেছে।রবিবার সকাল সাড়ে ১০টায় নিজ নির্বাচনি এলাকা নোয়াখালী-৫ আসনের কোম্পানীগঞ্জের সিরাজপুর ইউনিয়নের উদয়ন প্রি-ক্যাডেট একাডেমি কেন্দ্রে নিজের ভোট প্রদান করে সাংবাদিকদের ব্রিফিংকালে এসব কথা বলেন তিনি।কাদের বলেন, বিএনপি আন্দোলনে পরাজিত হয়েছে। সারা দেশে ভোট কেন্দ্রগুলোতে উৎসবমুখর পরিবেশ সৃষ্টি হয়েছে। মানুষের উপস্থিতি প্রমাণ করছে মানুষ তাদের প্রত্যাখ্যান করেছে।তিনি আরও বলেন, প্রচণ্ড শীত উপেক্ষা করেও মা-বোনেরা (বিপুল সংখ্যক ভোটার) উৎসবমুখর পরিবেশে এসে ভোট দিচ্ছেন। তা দেশি-বিদেশি পর্যবেক্ষক, সাংবাদিকরাও দেখতে পাচ্ছেন। গণতন্ত্রের প্রাণ ও সৌন্দর্য হচ্ছে নির্বাচন। এতদিন সকলে শুনেছেন, নির্বাচন অংশগ্রহণমূলক, ফ্রি, ফেয়ার হবে না। এখন সকলেই দেখতে পাচ্ছেন, জনগণের স্বতঃস্ফূর্ত এবং প্রচণ্ড শীত উপেক্ষা করে নির্বাচনে ভোট দিতে এসেছেন। এটাই নির্বাচনের সার্থকতা, গণতন্ত্রের সৌন্দর্যতা।",0,0,1,1,False
" নির্বাচন বর্জন, অসহযোগ আন্দোলনে জনমত তৈরিসহ ৪৮ ঘণ্টা হরতালের সমর্থনে নরসিংদী শহরে মশাল মিছিল করেছে জেলা বিএনপি। শনিবার (৬ জানুয়ারি) সন্ধ্যায় জেলা শহরের গাবতলী এলাকায় জেলা ও শহর বিএনপির ব্যানারে এ মিছিল হয়। শহর বিএনপির সভাপতি এ কে এম গোলাম কবির কামালের নেতৃত্বে মশাল জ্বেলে বিক্ষোভ করে দলের নেতাকর্মীরা।মিছিলে উপস্থিত ছিলেন শহর বিএনপির সাধারণ সম্পাদক ফারুক উদ্দিন ভূইয়া, জেলা মহিলা দলের সভাপতি উম্মে সালমা মায়া, সাধারণ সম্পাদক স্বপ্না আহমেদ, শহর যুবদলের সভাপতি আলমগীর হোসেন ও শহর যুবদলের সহ-সভাপতি তাজুল ইসলামসহ অন্যরা।বিএনপি নেতারা বলেন, যেকোনো মূল্যে ৭ জানুয়ারির এক তরফা নির্বাচন বন্ধ করা হবে। সেই সঙ্গে এই সরকারের পদত্যাগ না হওয়া পর্যন্ত অসহযোগ আন্দোলন অব্যাহত থাকবে। রাজপথে থেকে এই সরকারকে পদত্যাগে বাধ্য করা হবে বলেও হুঁশিয়ারী দেন বক্তারা।",0,0,1,1,False
" দ্বাদশ জাতীয় সংসদ নির্বাচনে ঢাকা-১৮ আসনে বিপুল ভোটে মো. খসরু চৌধুরী কেটলি মার্কায় জয়ী হয়েছেন। নৌকা না থাকলেও স্বতন্ত্র প্রার্থীর কাছে জাতীয় পার্টির শেরীফা কাদেরের লাঙ্গলের ভরাডুবি হয়েছে।উত্তরা কমিউনিটি সেন্টারের জাতীয় সংসদ নির্বাচনের ফলাফল সংগ্রহ ও পরিবেশন কেন্দ্রের সহকারী রিটার্নিং অফিসার মো. সাইদুর রহমান রোববার (৭ জানুয়ারি) রাতে এ তথ্য জানান।সাইদুর রহমান বলেন, ঢাকা-১৮ আসনের ২১৭টি ভোট কেন্দ্রের ১ লাখ ৩৪ হাজার ২৬০টি ভোটের মধ্যে খসরু চৌধুরী কেটলি মার্কায় পেয়েছেন ৭৯ হাজার ৮৫ ভোট। ৩৪ হাজার ১৭৬ ভোট কম পেয়ে দ্বিতীয় হয়েছেন ট্রাক মার্কার অপর স্বতন্ত্র প্রার্থী বীর মুক্তিযোদ্ধা এস এম তোফাজ্জল হোসেন। জাতীয় পার্টির শেরীফা কাদের লাঙ্গল মার্কা নিয়ে পেয়েছেন ৬ হাজার ৪২৯ ভোট।স্বতন্ত্র প্রার্থী মো. নাজিম উদ্দিন মোড়া মার্কায় পেয়েছেন ২ হাজার ৫ ভোট। বাংলাদেশ ন্যাশনালিস্ট ফ্রন্টের (বিএনএফ) এস এম আবুল কালাম আজাদ টেলিভিশন মার্কায় পেয়েছেন ৫৯১ ভোট। বাংলাদেশ কল্যাণ পার্টির দয়াল বড়ুয়া হাতঘড়ি মার্কায় পেয়েছেন ৩৩৭ ভোট। জেডিপি’র ফাহমিদা হক সুকন্যা ছড়ি মার্কায় পেয়েছেন ১০৯ ভোট। ন্যাশনাল পিপলস পার্টির (এনপিপি) মো. জাকির হোসেন ভূঁইয়া আম মার্কায় পেয়েছেন ২৫১ ভোট। তৃণমূল বিএনপির মোহাম্মদ মফিজুর রহমান সোনালি আঁশ মার্কায় পেয়েছেন ১৮১ ভোট। স্বতন্ত্র প্রার্থী মো. বশির উদ্দিন ঈগল মার্কায় পেয়েছেন ৩৬৩ ভোট।এই আসনটিতে মোট ভোট দিয়েছেন ১ লাখ ৩৪ হাজার ২৬০ জন। যার মধ্যে বাতিল (অবৈধ) হয়েছে ১ হাজার ৫৭৩ ভোট। ভোট পরেছে ২৩ দশমিক ০৮ শতাংশ। শেরীফা কাদেরের ভরাডুবি",0,0,1,1,False
" কেউ প্রতিমন্ত্রী ছিলেন, কেউ ছিলেন নিজ দলের শীর্ষ নেতা। কারও আবার রাজনীতিতে দীর্ঘদিনের ক্যারিয়ার, ছিলেন জাঁদরেল পার্লামেন্টারিয়ান। রাজনীতির মাঠে নানা কারণে আলোচনায় থাকা অন্তত ১৮ জন হেভিওয়েট প্রার্থী এবার ধরাশায়ী হয়েছেন।গতকাল রোববার ভোট গণনা শেষে ঘোষিত বেসরকারি ফলাফল অনুযায়ী, রাজশাহীর-২ আসনে নৌকা প্রতীক নিয়ে নির্বাচন করেও স্বতন্ত্র প্রার্থী অধ্যক্ষ শফিকুর রহমান বাদশার কাছে হেরে গেছেন বাংলাদেশের ওয়ার্কার্স পার্টির সাধারণ সম্পাদক ফজলে হোসেন বাদশা। টাঙ্গাইল-৮ (সখীপুর-বাসাইল) আসনে আওয়ামী লীগ মনোনীত প্রার্থী অনুপম শাহজাহানের কাছে পরাজিত হয়েছেন কৃষক শ্রমিক জনতা লীগের সভাপতি বঙ্গবীর কাদের সিদ্দিকী (বীর উত্তম)।মাদারীপুর-৩ আসনে নৌকা প্রতীক নিয়ে ভোট করেছিলেন আওয়ামী লীগের প্রভাবশালী নেতা ড. আবদুস সোবহান গোলাপ । কিন্তু দিন শেষে ঈগল প্রতীকের স্বতন্ত্র প্রার্থী মোসা. তাহমিনা বেগমের কাছে হেরে গেছেন তিনি। পিরোজপুর-২ আসনে স্বতন্ত্র প্রার্থী মহিউদ্দিন মহারাজের কাছে হেরে গেছেন নৌকা প্রতীক নিয়ে নির্বাচন করা জাতীয় পার্টি (জেপি) চেয়ারম্যান আনোয়ার হোসেন মঞ্জু। সিলেট-৬ (বিয়ানীবাজার ও গোলাপগঞ্জ) আসনে বিশাল ভোটের ব্যবধানে হেরেছেন তৃণমূল বিএনপির প্রার্থী ও দলটির চেয়ারপারসন শমসের মবিন চৌধুরী। ওই আসনে জয় পেয়েছেন নৌকা প্রতীকের নুরুল ইসলাম নাহিদ। নেত্রকোনা-৩ (কেন্দুয়া-আটপাড়া) আসনে ট্রাক প্রতীকের স্বতন্ত্র প্রার্থী সাবেক সংসদ সদস্য ইফতিকার উদ্দিন তালুকদার পিন্টুর কাছে হেরে গেছেন নৌকার প্রার্থী অসীম কুমার উকিল।হবিগঞ্জ-৪ আসনে এবারও নৌকা প্রতীকে ভোটে করেছিলেন বিমান প্রতিমন্ত্রী মাহবুব আলী। কিন্তু স্বতন্ত্র প্রার্থী ব্যারিস্টার ছায়েদুল হক সুমনের কাছে বড় ব্যবধানে হেরে গেছেন তিনি। মানিকগঞ্জ-২ আসনে স্বতন্ত্র প্রার্থী জাহিদ হোসেন টুলুর কাছে পরাজিত হয়েছেন কণ্ঠশিল্পী মমতাজ বেগম। যশোর-৫ আসনে ঈগল প্রতীকের স্বতন্ত্র প্রার্থী ইয়াকুব আলীর কাছে হেরেছেন নৌকা প্রতীকের প্রার্থী পল্লী উন্নয়ন ও সমবায় প্রতিমন্ত্রী স্বপন ভট্টাচার্য্য। রংপুর-১ আসনে জাতীয় পার্টির সাবেক নেতা মসিউর রহমান রাঙ্গাও পরাজিত হয়েছেন। এই আসনে জয় পেয়েছেন আওয়ামী লীগ নেতা স্বতন্ত্র প্রার্থী আসাদুজ্জামান। অপরটিতে আওয়ামী লীগের হয়ে পাঁচবারের সংসদ সদস্য ধীরেন্দ্র দেবনাথ শম্ভুকে হারিয়েছেন স্বতন্ত্র প্রার্থী গোলাম সরোয়ার টুকু।পাবনা-১ আসনে ডেপুটি স্পিকার অ্যাডভোকেট শামসুল হক টুকুর কাছে হেরে গেছেন স্বতন্ত্র প্রার্থী সাবেক তথ্য প্রতিমন্ত্রী অধ্যাপক আবু সাঈদ। পিরোজপুর-৩ আসনে প্রবীণ সাংসদ রুস্তম আলী ফরাজী স্বতন্ত্র প্রার্থী শামীম শাহনেওয়াজের কাছে আর মুন্সিগঞ্জ-৩ আসনে আওয়ামী লীগের প্রভাবশালী নেতা মৃণাল কান্তি দাস স্বতন্ত্র প্রার্থী ফয়সাল বিপ্লবের কাছে পরাজিত হয়েছেন।",0,0,1,1,False
" দ্বাদশ জাতীয় সংসদ নির্বাচনে রাজশাহী-১ (গোদাগাড়ী-তানোর) আসন থেকে ট্রাক প্রতীকে স্বতন্ত্র প্রার্থী হয়ে নির্বাচনে অংশ নেন চিত্রনায়িকা মাহিয়া মাহি। বলা চলে, ওই আসনে নির্বাচনের মাঠে সবচেয়ে আলোচনায় ছিলেন তিনি। কিন্তু দেখা গেলে, আলোচিত হয়েও মাহিই সবচেয়ে পেলেন কম ভোট।এ প্রতিবেদন লেখা পর্যন্ত (রাত সাড়ে ৮) মোট ১৫৮ কেন্দ্রের মাঝে ১৭টি কেন্দ্রে ট্রাক প্রতীকে মাহি পেয়েছেন ১১২৯ ভোট। আর বিজয়ী প্রার্থী মো ওমর ফারুক চৌধুরী পেয়েছেন ৯৪১৬ ভোট।এদিকে ভোটের দিন সকালেই ভোটকেন্দ্রে উপস্থিত হন এই নায়িকা। কেন্দ্রে উপস্থিত হয়ে ভোটের সকল কার্যক্রম পর্যবেক্ষণ করছেন মাহি। এ সময় কেন্দ্রের নানান বিষয় নিয়ে গণমাধ্যমে কথা বলেন তিনি।নির্বাচনে জয়ের বিষয়ে মাহি বলেন, নির্বাচনের ফলাফল যাই হোক কেন আমি মেনে নেব। পাশাপাশি আল্লাহ না করুক আমি যদি ফেলও করি, আগামীকালকে এলাকাজুড়ে শোডাউন করব।আওয়ামী লীগ থেকে মনোনয়ন চেয়েছিলেন চিত্রনায়িকা মাহিয়া মাহি। কিন্তু পাননি। পরে স্বতন্ত্র প্রার্থী হয়েছেন রাজশাহী-১ (গোদাগাড়ী-তানোর) আসনে।",0,0,1,1,False
" কেন্দ্রে না যেতে কয়েকটি জায়গায় কোনো কোনো মহল থেকে ভোটারদের ভয় দেখানো হয়েছে বলে অভিযোগ তুলেছেন জাতীয় পার্টির মহাসচিব মুজিবুল হক চুন্নু।তিনি বলেছেন, ভোটারদের কোনো কোনো মহল থেকে ভয়-ভীতি দেখানো হয়, যাতে ভোটাররা কেন্দ্রে না আসে। আমরা রাতেই খবর পেয়েছি গ্রামে গ্রামে গিয়ে। আইনশৃঙ্খলা রক্ষাকারী বাহিনীর সঙ্গে আমি যোগাযোগ করে বলেছি এগুলো খেয়াল করার জন্য।রবিবার সকালে কিশোরগঞ্জের তাড়াইল উপজেলার কাজলা সরকারি প্রাথমিক বিদ্যালয় ভোটকেন্দ্রে ভোট দেওয়ার পরে গণমাধ্যমকর্মীদের সঙ্গে আলাপকালে তিনি এ কথা বলেন। তবে সময় বাড়ার সঙ্গে সঙ্গে ভোটার উপস্থিতি বাড়বে বলেও আশাবাদ ব্যক্ত করেন তিনি।আইনশৃঙ্খলা পরিস্থিতি ভালো জানিয়ে জাপা মহাসচিব বলেন, যেটা দেখলাম আমি এসে; আমি তো নির্বাচন করছি আরো অনেক আগে থেকে, এবার যারা স্বতন্ত্র প্রার্থী আছেন, টাকার এত ছড়াছড়ি! ব্যাপকভাবে টাকার ছড়াছড়ি হয়েছে। এই লক্ষণটা সুষ্ঠু ভোটের জন্য ভালো নয়।",0,0,1,1,False
" রাজধানীর বনানীতে জাতীয় পার্টির চেয়ারম্যানের কার্যালয়ে দলটির সভাপতিমণ্ডলীর সদস্যসহ কেন্দ্রীয় নেতাদের ঢুকতে দিচ্ছে না পুলিশ। কার্যালয়ের প্রধান ফটক আটকে তাদের বাধা দেওয়া হচ্ছে। এতে কার্যালয়ের সামনে ক্ষুব্ধ প্রতিক্রিয়া জানাচ্ছেন দলের নেতা-কর্মীরা।বর্তমানে কার্যালয়টির সামনে অবস্থান নিয়েছে বনানী থানার ব্যাপক পরিমাণ পুলিশ। তারা বলছে, বিশৃঙ্খলা ঘটার মতো তথ্য থাকার কারণে তারা নেতাদের ভেতরে ঢুকতে বাধা দিচ্ছেন।আজ বুধবার সকাল ১০টা থেকেই দলটির নেতা-কর্মীরা জাপা চেয়ারম্যানের কার্যালয়ের সামনে জড়ো হতে শুরু করেন। বেলা সাড়ে ১১টায় কার্যালয়ে ঢুকতে গেলে মূল ফটক লাগিয়ে রাখাকে কেন্দ্র করে উত্তেজনা তৈরি হয়।দলটির নেতা-কর্মীরা বলছেন, নির্বাচনের সময় দলের নেতা-কর্মীদের কেন চেয়ারম্যান, মহাসচিব খোঁজখবর নেননি, সাহায্য-সহযোগিতা করেননি, তার জবাবদিহি চান তাঁরা। এ জন্য তাঁরা দলীয় শীর্ষ নেতাদের সঙ্গে কথা বলবেন। কিন্তু পুলিশ তাঁদের ভেতরে ঢুকতে বাধা দিচ্ছে।জাপার সভাপতিমণ্ডলীর সদস্য সাহিদুর রহমান টেপা সাংবাদিকদের বলেন, ‘পার্টি অফিসে নেতা-কর্মীরা সব সময়ই আসবে। আমরা দলীয় বিষয়ে কথা বলব, এটাই তো স্বাভাবিক। কিন্তু এখানে পুলিশ গেট বন্ধ করে রেখেছে।’সভাপতিমণ্ডলীর আরেক সদস্য সফিকুল ইসলাম সেন্টু বলেন, ‘আমরা সুষ্ঠুভাবে আমাদের কথা বলতে চাই। এখানে বাধা দেওয়া, গেট বন্ধ করে রাখা হবে কেন?’তবে নাম প্রকাশ না করার শর্তে এক কেন্দ্রীয় নেতা বলেন, ‘চুন্নু দলটাকে শেষ করে দিয়েছে। আমরা আর এদের চাই না। জাতীয় পার্টিতে পরিবারতন্ত্রের অবসান চাই।’অন্যদিকে দলটির কার্যালয়ের সামনে সকাল থেকেই পুলিশের কড়া অবস্থান দেখা গেছে। নিরাপত্তার বিষয়ে বনানী থানার পুলিশের এক দায়িত্বশীল কর্মকর্তা বলেন, ‘আমরা এখানে নিরাপত্তার দায়িত্বে আছি। এখানে আমরা প্রতিনিয়তই থাকি। আজকে বিশেষ কিছু না।’এ বিষয়ে বনানী থানার ভারপ্রাপ্ত কর্মকর্তা কাজী সাহান হক বলেন, ‘তারা (নেতা-কর্মীরা) তাদের পার্টি অফিসে ঢুকবে এতে আমাদের বাধা দেওয়ার কিছু নেই। তবে শৃঙ্খলা রেখে তারা ঢুকবে এটাই প্রত্যাশা।’ওসি আরও বলেন, ‘আমাদের কাছে বিশৃঙ্খলা ঘটার বিষয়ে কিছু তথ্য থাকলে আমরা কি তাদের প্রবেশাধিকার শিথিল করে দেখতে পারি? আমরা শৃঙ্খলা রক্ষার জন্য এখানে অবস্থান করছি।’তবে জাতীয় পার্টির চেয়ারম্যান বা মহাসচিবের পক্ষ থেকে পুলিশকে নিরাপত্তার বিষয়ে আহ্বান জানানো হয়নি বলে জানান তিনি।",0,0,1,1,False
" মানিকগঞ্জ-২ আসনে ভোটের লড়াইয়ে স্বতন্ত্র প্রার্থীর কাছে ধরাশায়ী হয়েছেন ওই আসনের বর্তমান এমপি ও পপ সম্রাজ্ঞী মমতাজ বেগম। ট্রাক প্রতীকের স্বতন্ত্র প্রার্থী দেওয়ান জাহিদ আহমেদ টুলুর কাছে পরাজিত হয়েছেন আওয়ামী লীগের নৌকা প্রতীকের এই প্রার্থী।রোববার (৭ জানুয়ারি) রাতে জেলা রিটার্নিং কর্মকর্তা জেলা প্রশাসক রেহানা আকতার এ ফলাফল ঘোষণা করেন।ঘোষিত ফলাফল অনুযায়ী, ওই আসনে মোট ১৯৩টি ভোটকেন্দ্রে ট্রাক প্রতীকে স্বতন্ত্র প্রার্থী দেওয়ান জাহিদ আহমেদ টুলু পেয়েছেন ৮৮ হাজার ৩০৯ ভোট। তার নিকটতম প্রতিদ্বন্দ্বী মমতাজ বেগম নৌকা প্রতীকে পেয়েছেন ৮২ হাজার ১৩৮ ভোট।জেলা আওয়ামী লীগের কোষাধ্যক্ষ দেওয়ান জাহিদ আহমেদ টুলু আর মমতাজ বেগম সিংগাইর উপজেলা আওয়ামী লীগের সভাপতি।২০০৮ সালে মানিকগঞ্জ-২ আসনে সংরক্ষিত নারী আসনের এমপি নির্বাচিত হন মমতাজ। এরপর ২০১৪ ও ২০১৮ সালে সংসদ নির্বাচনে ওই আসনে নৌকা প্রতীক নিয়ে সংসদ সদস্য নির্বাচিত হন তিনি। ",0,0,1,1,False
" রাজধানীর ঢাকা-১৮ আসনে এবারের নির্বাচনে সবচেয়ে আলোচিত এলাকার নাম উত্তর খান। উত্তর সিটির তিনটি ওয়ার্ড ৪৪, ৪৫ ও ৪৬ নং ওয়ার্ড নিয়ে গঠিত গুরুত্বপূর্ণ সাংগঠনিক থানা এটি। এলাকায় অধিকাংশ লোক স্থানীয় বাসিন্দা। যদিও বাড়িঘর করার সূত্রে বহিরাগত বাসিন্দাও কম নয়। এবার ঢাকা-১৮ আসনে আওয়ামী লীগের দুই স্বতন্ত্র প্রার্থী কেটলি প্রতীকে শিল্পপতি খসরু চৌধুরি বিপুল ভোটে জয়ী হলেও বড় ব্যবধানে হেরে যান ট্রাক প্রতীকের এস এম তোফাজ্জল হোসেন। অনেকের ধারণা ছিল উত্তর খান এবং দক্ষিণ খান এলাকায় বড় ব্যবধানে জিততে পারেন ট্রাক প্রতীকের প্রার্থী। এজন্য তার নির্বাচন প্রস্ততি থেকে শুরু থেকেই জয়ী মনোভাবের মূল কারণ ছিল উত্তর খান এবং দক্ষিণ খান এলাকার বাসিন্দারা। কিন্তু উত্তর খান এলাকার বর্তমান ৩ জন কাউন্সিলর ট্রাক প্রতীকের পক্ষে কাজ করলেও কাঙ্খিত জয় আনতে পারেননি। যদিও প্রতিটি ওয়ার্ডে কেটলি প্রতীকের প্রার্থী বিপুল ভোটের ব্যবধানে জয় পায়।আলোচনা আছে, উত্তর খানে এ জয়ের নেপথ্যে নায়কের ভূমিকা পালন করেছেন, তরুণ আওয়ামী লীগ নেতা ও মহানগর উত্তর আওয়ামী লীগের সদস্য কাজী সালাউদ্দিন পিন্টু। তিনি নিজে একজন বহিরাগত হয়েও স্থানীয় এবং বহিরাগতের ভোট খসরু চৌধুরির পক্ষে নিতে সক্ষম হন। অবশ্য উত্তর খানে কেটলির এ ফলাফলের পেছনে আরো যারা গুরুত্বপূর্ণ ভূমিকা পালন করেছেন তাদের মধ্যে অন্যতম হলেন, কামাল চেয়ারম্যান (সাবেক) সাবেক কাউন্সিলরের ছেলে নাসিম সরকার, সাবেক ছাত্র নেতা আলী রাজ, যুবলীগ নেতা শিপনসহ অনেকে।জানা গেছে, গত এক দশক ধরে কাজী সালাউদ্দিন পিন্টু শিল্পপতি খসরু চৌধুরির সাথে উত্তরায় রাজনীতি করছেন। এমপি বলয়ের বাইরে একমাত্র পদধারি এ নেতা খসরু চৌধুরিকে এমপি বানানোর জন্য নিরলসভাবে লেগে ছিলেন। তিতুমীর কলেজের সাবেক তুখোড় এ ছাত্র নেতা নিজ ওয়ার্ডে স্থানীয় প্রভাবশালী কাউন্সিলরকে পাশ কাটিয়ে কেটলির বিজয় চিনিয়ে আনেন। এটাকে রীতিমতো চমক বলছেন স্থানীয়রা। তাদের মতে, এ ওয়ার্ডে শিল্পপতি খসরু চৌধুরির কিছু রিজার্ভ ভোট থাকলেও স্থানীয় ভোটারদের কেটলির পক্ষে আনতে দারুন ভূমিকা রেখেছেন পিন্টু। ব্যক্তিগতভাবে সদালাপি এবং মিশুক এ নেতাকে নিয়ে ৪৪ নং ওয়ার্ডবাসী এবার কেটলির বিজয়ে বড় ভূমিকা রেখেছেন, যা অনেককে অবাক করেছে।যদিও নিজের আত্বীয়তা এবং দীর্ঘ দিনের কাজের সুবাধে এ ওয়ার্ডের তথা উত্তর খানবাসীর সাথে তোফাজ্জল চেয়ারম্যানের সখ্যতা দীর্ঘদিনের। অনেকের ধারণা ছিল থানার তিনটি ওয়ার্ডে তিনি বিপুল ভোটে জয়লাভ করবেন। তাছাড়া স্থানীয় প্রভাশালী সবগুলো কাউন্সিলরও তার হয়ে কাজ করেছেন। কিন্তু ভোট শেষে দেখা গেছে, তারা সবাই হেরেছেন। তোফাজ্জলের এ হারে স্থানীয় কাউন্সিলরদের গ্রহণযোগ্যতাও অনেক কমেছে বলে মনে করা হচ্ছে।",0,0,1,1,False
" ওপর যতই হামলা, জুলুম হোক না কেন; ভোটের মাঠ ছাড়বেন না বলে জানিয়েছেন বগুড়া-৪ (কাহালু-নন্দীগ্রাম) আসনে বাংলাদেশ কংগ্রেস মনোনীত প্রার্থী আশরাফুল হোসেন ওরফে হিরো আলম।সোমবার (২৫ ডিসেম্বর) বেলা সাড়ে ১১টায় নির্বাচনী এলাকা নন্দীগ্রাম উপজেলার রণবাঘা বাজারে গণসংযোগকালে সাংবাদিকদের একথা বলেন তিনি।হিরো আলম বলেন, ‘প্রতিদ্বন্দ্বী প্রার্থীরা আমার জনপ্রিয়তা দেখে হামলা করছেন। পরপর দুইবার হামলা করা হয়েছে। আমরা মনোবল হারায়নি, মাঠে আছি। ভোটের দিন পর্যন্ত মাঠে থাকবো। আমার ওপর যতই হামলা, জুলুম হোক না কেন; ভোটের মাঠ থেকে যাবো না।’তিনি আরও বলেন, হিরো আলম ভয় পায় না ভোটাররা তা জানেন। নির্বাচন ও জনগণের সেবা করতে গেলে বুকে সাহস লাগে। আমি সাহস নিয়েই নির্বাচনী মাঠে এগিয়ে চলছি। এসময় ভোটারদের ভোটকেন্দ্রে এসে ডাব প্রতীকে ভোট দেওয়ার আহ্বান জানান হিরো আলম। হামলা করে নির্বাচনী প্রচারণা বন্ধ করা যাবে না।শনিবার (২৩ ডিসেম্বর) সন্ধ্যায় নন্দীগ্রাম উপজেলার মুরাদপুর বাজারে ও রোববার সন্ধ্যায় কাহালু বাজারে হিরো আলমের ওপর হামলা চালানো হয়। নৌকা প্রতীকের কর্মী-সমর্থকরা এ হামলা চালান বলে অভিযোগ পাওয়া গেছে।চলতি বছরের ১ ফেব্রুয়ারি বগুড়া-৪ (কাহালু ও নন্দীগ্রাাম) ও বগুড়া-৬ (সদর) আসনের উপ-নির্বাচনে স্বতন্ত্র প্রার্থী (একতারা প্রতীক) হিসেবে প্রতিদ্বন্দ্বিতা করেন হিরো আলম। এরমধ্যে বগুড়া-৪ আসনে ১৪দলীয় জোটের শরিক জাসদের একেএম রেজাউল করিমের কাছে ৮৩৪ ভোটে হেরে যান। এরপর ঢাকা-১৭ আসনের উপ-নির্বাচনে আবার স্বতন্ত্র প্রার্থী হয়ে আলোচনায় আসেন হিরো আলম। দ্বাদশ সংসদ নির্বাচনেও বাংলাদেশ কংগ্রেসের প্রার্থী হিসেবে প্রতিদ্বন্দ্বিতা করছেন এ কনটেন্ট ক্রিয়েটর।",0,0,1,1,False
" সরকার প্রহসনের নির্বাচন করে ক্ষমতায় এলেও জনগণের প্রতিরোধে টিকে থাকতে পারবে না বলে মন্তব্য করেছেন বিএনপির স্থায়ী কমিটির সদস্য নজরুল ইসলাম খান।মঙ্গলবার (২৬ ডিসেম্বর) দুপুরে মতিঝিল এলাকায় ‘ভোট বর্জন ও অসহযোগ আন্দোলনের’ পক্ষে লিফলেট বিতরণকালে এ কথা বলেন তিনি।এ সময় বিএনপির কেন্দ্রীয় সহ-সম্পাদক মোস্তাফিজুর রহমান বাবুল, সহ-দপ্তর সম্পাদক তাইফুল ইসলাম টিপুসহ নেতারা উপস্থিত ছিলেন।নজরুল ইসলাম খান বলেন, নামসর্বস্ব দল বা সরকারের সমর্থক ব্যক্তিদের নিয়ে নির্বাচনের আয়োজন করেছে সরকার। জনগণের প্রার্থী বাছাইয়ের কোনো সুযোগ নেই। যাকেই ভোট দেওয়া হোক না কেন, তিনি হবেন সরকারি দল বা সরকারের সমর্থক ব্যক্তি।তিনি বলেন, যেখানে জনগণের জনপ্রতিনিধি বাছাইয়ের সুযোগ নেই এমন একটি নির্বাচনী খেলা জনগণ চায় না। চায় না বলেই জনগণ এ নির্বাচন বর্জন করেছে। আমরা সে কারণেই জনগণের প্রতি নির্বাচন বর্জনের আহ্বান জানিয়েছি। এটি অত্যন্ত শান্তিপূর্ণ কর্মসূচি পালন করছি।তিনি আরও বলেন, যে সরকার জনগণের ভোটের অধিকার কেড়ে নেয়, ভোট দিতে দেয় না, নিত্য নৈমিত্তিক দ্রব্যমূল্যের ঊর্ধ্বগতি নিয়ন্ত্রণ করতে পারে না, দুর্নীতি করে দেশের সম্পদ লুট করে আমরা এমন সরকারকে অসহযোগিতা করতে দেশের জনগণের কাছে আহ্বান জানিয়ে অসহযোগ আন্দোলনের ডাক দিয়েছি।আমরা জনগণের জন্য ত্যাগ স্বীকারে রাজি আছি জানিয়ে বিএনপি সিনিয়র এই নেতা বলেন, সরকার এত পরিমাণ অত্যাচার, অনাচার ও লুটপাট করেছে, তারা ভয় পায় সুষ্ঠু নির্বাচন করতে। সে কারণে তারা যেকোনো ভাবে ক্ষমতায় থাকার চেষ্টা করছে।তিনি বলেন, প্রহসনের নির্বাচনী খেলায় সরকার নির্বাচন করেও ফেলতে পারে। এতে কিছু যায় আসে না। কারণ, এ দেশের মানুষ তাদের সমর্থন দেবে না।",0,0,1,1,False
" ঝালকাঠি-১ (রাজাপুর-কাঁঠালিয়া) আসনে দ্বাদশ জাতীয় সংসদ নির্বাচনের আওয়ামী লীগ মনোনীত নৌকা প্রতীকের প্রার্থী ব্যারিস্টার এম শাহজাহান ওমরের প্রধান প্রতিদ্বন্দ্বী ঈগল প্রতীকের স্বতন্ত্র প্রার্থী এম মনিরুজ্জামান মনির নির্বাচন থেকে সরে দাঁড়ানোর ঘোষণা দিয়েছেন।মঙ্গলবার (২৬ ডিসেম্বর) বিকেলে রাজাপুর উপজেলা সদরের মুক্তিযোদ্ধা মিলনকেন্দ্র কনভেনশন সেন্টারে সংবাদ সম্মেলন করে তিনি এ ঘোষণা দেন।সংবাদ সম্মেলনে এম মনিরুজ্জামান মনির বলেন, আমি দ্বাদশ জাতীয় সংসদ নির্বাচনে ঝালকাঠি-১ আসনের একজন স্বতন্ত্র প্রার্থী। আমার মার্কা ঈগল। আজ আমি আমার ব্যক্তিগত কারণে সজ্ঞানে, স্বেচ্ছায় নির্বাচন থেকে সরে দাঁড়াচ্ছি। সাথে সাথে আমার শুভাকাঙক্ষী ও সম্মানিত ভোটারদের অনুরোধ জানাচ্ছি সবাই আগামী ৭ তারিখের নির্বাচনে অবশ্যই কেন্দ্রে যাবেন, জননেত্রী শেখ হাসিনার নৌকা মার্কায় ভোট দেবেন এবং আগামী দিনে জননেত্রী শেখ হাসিনাকে স্মার্ট বাংলাদেশ বিনির্মাণে সহায়তা করবেন।এম মনিরুজ্জামান মনির আওয়ামী লীগের কেন্দ্রীয় মুক্তিযুদ্ধ বিষয়ক উপকমিটির সদস্য। এই আসনে নৌকার মনোনয়ন চেয়েছিলেন তিনি। না পেয়ে স্বতন্ত্র প্রার্থী হয়েছিলেন।সংবাদ সম্মেলনে ঝালকাঠি জেলা আওয়ামী লীগের সাধারণ সম্পাদক খান সাইফুল্লাহ পনির, রাজাপুর উপজেলা আওয়ামী লীগের সভাপতি এ.এইচ.এম খায়রুল আলম সরফরাজ, উপজেলা আওয়ামী লীগের বিভিন্ন স্তরের নেতৃবৃন্দ, ইউপি চেয়ারম্যান সৈয়দ মাইনুল হায়দার নিপু ও শাহ জালাল আহমেদ উপস্থিত ছিলেন।ঝালকাঠি-১ আসনে এই দুই প্রার্থী ছাড়া আরও ছয়জন প্রতিদ্বন্দ্বিতা করছেন। তারা হলেন—স্বতন্ত্র প্রার্থী আবুল কাশেম মোহাম্মদ ফকরুল ইসলাম (ট্রাক), তৃণমূল বিএনপির মো. জসীম উদ্দিন তালুকদার (সোনালি আঁশ), বাংলাদেশ কংগ্রেসের মো. মজিবুর রহমান (ডাব), জাকের পার্টির আবু বকর সিদ্দিক (গোলাপ ফুল), জাতীয় পার্টির এজাজুল হক (লাঙ্গল) ও বাংলাদেশ সাংস্কৃতিক মুক্তিজোটের মো. মামুন সিকদার (ছড়ি)।",0,0,1,1,False
" রাজধানীতে ‘একতরফা’ ভোট বর্জনের আহ্বান জানিয়ে বের করা গণতন্ত্র মঞ্চের মিছিলে বাধা দিয়েছে পুলিশ। পরে দুই পক্ষের ধস্তাধস্তিতে রাস্তায় পড়ে যান মঞ্চের বেশ কয়েকজন নেতা। এসময় পুলিশ হামলায় বেশ কয়েকজন নেতাকর্মী আহত হয়েছেন বলে অভিযোগ তুলেছে গণতন্ত্র মঞ্চ।মঙ্গলবার এক সংবাদ বিজ্ঞপ্তিতে কর্মসূচিতে পুলিশের বাধা ও হামলার নিন্দা জানিয়েছে গণতন্ত্র মঞ্চ।বিবৃতিতে গণতন্ত্র মঞ্চের নেতারা বলেছেন, বাংলাদেশ ব্যাংকের সামনে আয়োজিত সমাবেশে বক্তব্য শেষে নেতাকর্মীরা মিছিল শুরু করতে গেলে বাধা দেয় পুলিশ । এ সময় পুলিশের হামলায় মঞ্চের বেশ কয়েকজন নেতকর্মী আহত হন। এছাড়া, সমাবেশস্থলে আসার পথে জাতীয় সমাজতান্ত্রিক দলের (জেএসডি) মিছিলে কয়েক দফায় বাধা ও ব্যানার কেড়ে নেওয়া হয়েছে বলেও অভিযোগ তোলা হয়।সমাবেশে সভাপতিত্ব করেন নাগরিক ঐক্যের সাধারণ সম্পাদক শহীদুল্লাহ কায়সার। বক্তব্য দেন বিপ্লবী ওয়ার্কার্স পার্টির সাধারণ সম্পাদক সাইফুল হক, গণসংহতি আন্দোলনের প্রধান সমন্বয়কারী জোনায়েদ সাকি, জেএসডির সাধারণ সম্পাদক শহীদ উদ্দিন মাহমুদ, রাষ্ট্র সংস্কার আন্দোলনের সাংগঠনিক সমম্বয়ক ইমরান ইমন ও ভাসানী অনুসারী পরিষদের যুগ্ম আহ্বায়ক আবু ইউসুফ। সভা সঞ্চালনা করেন নাগরিক ঐক্যের সাংগঠনিক সম্পাদক সাকিব আনোয়ার।জানা গেছে, গণতন্ত্র মঞ্চের ধারাবাহিক প্রতিবাদ কর্মসূচির অংশ হিসেবে আজ (মঙ্গলবার) সকালে রাজধানীর মতিঝিল থেকে ধূপখোলা পর্যন্ত গণসংযোগ ও প্রচারপত্র বিলি কর্মসূচি ছিল। বেলা সাড়ে ১১টার দিকে গণসংযোগ শুরুর আগে মতিঝিলে বাংলাদেশ ব্যাংকের সামনে সমাবেশে মিলিত হন গণতন্ত্র মঞ্চের নেতাকর্মীরা।",0,0,1,1,False
" বিএনপি নির্বাচনের বাইরে থাকবে আওয়ামী লীগ কখনোই তা চায়নি বলে মন্তব্য করেছেন দলটির সাধারণ সম্পাদক ও সেতুমন্ত্রী ওবায়দুল কাদের। তিনি বলেন, বিএনপি এলে নির্বাচন আরও প্রতিদ্বন্দ্বিতাপূর্ণ হতো।দ্বাদশ জাতীয় সংসদ নির্বাচন উপলক্ষে পোলিং এজেন্টদের জন্য আয়োজিত প্রশিক্ষণ কার্যক্রমের উদ্বোধনের সময় তিনি এসব কথা বলেন। মঙ্গলবার রাজধানীর তেজগাঁওয়ে ঢাকা জেলা আওয়ামী লীগের কার্যালয়ে এই প্রশিক্ষণ কার্যক্রমের উদ্বোধন করেন ওবায়দুল কাদের।নির্বাচন বর্জন নয়, বানচালের চেষ্টায় বিএনপি এমন মন্তব্য করে ওবায়দুল কাদের বলেন, শুধু একটি পক্ষই নির্বাচন বর্জন করেছে। তারা শুধু নির্বাচন বর্জন নয় বিদেশ থেকে রিমোট কন্ট্রোলে দেশের গণতন্ত্র ধ্বংসের চেষ্টা করছে। নির্বাচন বানচাল করতে আগুন দিয়ে মানুষ পুড়িয়ে মারছে।সংবিধান রক্ষা করতেই নির্বাচন দরকার বলে মন্তব্য করেন আওয়ামী লীগের সাধারণ সম্পাদক।আওয়ামী লীগ সূত্রে জানা যায়, সংসদ নির্বাচনে আওয়ামী লীগ তাদের দলীয় পোলিং এজেন্টদের প্রশিক্ষণের ব্যবস্থা করেছে।আজ ১০টা সকাল থেকে বিকেল চারটা পর্যন্ত দুই সেশনে প্রশিক্ষণ দেবে আওয়ামী লীগের পোলিং এজেন্ট প্রশিক্ষণ উপ কমিটি। সারাদেশ থেকে দলীয় প্রার্থীর মনোনীত পোলিং এজেন্টদের আজকে প্রশিক্ষণ দেওয়া হচ্ছে। প্রতিটি নৌকার আসন থেকেই পাঁচজন পোলিং এজেন্ট প্রশিক্ষণের জন্য চাওয়া হয়েছিল।",0,0,1,1,False
" বিএনপির সিনিয়র যুগ্ম মহাসচিব অ্যাডভোকেট রুহুল কবির রিজভী বলেছেন, দেশের জনগণ একতরফা পাতানো নির্বাচন বর্জন করছে। অবৈধ সরকার ও নির্বাচন কমিশন দেশে ডামি ও তামাশার যে নির্বাচনের আয়োজন করেছে জনগণ তাতে সাড়া দিচ্ছে না।বিএনপির ডাকা অসহযোগ আন্দোলন সফল করতে বুধবার (২৭ ডিসেম্বর) সকালে শান্তিনগর মোড় ও কাঁচাবাজার এলাকায় লিফলেট বিতরণের সময় তিনি এ কথা বলেন।রিজভী বলেন, যে নির্বাচনের ফলাফল নির্ধারণ করা হয়ে আছে সে নির্বাচন নিয়ে ভোটারদের ন্যূনতম আগ্রহ নেই। গণতান্ত্রিক বিশ্বও তথাকথিত ভোটের উৎসবকে প্রত্যাখ্যান করেছে। সাধারণ মানুষ তাদের ডাকে সাড়া না দেওয়ায় জোর করে তাদের মিছিলে যেতে বাধ্য করা হচ্ছে। এলাকা ছাড়া করার ভয় দেখানো হচ্ছে। রিলিফ ও ভাতার কার্ড ছিনিয়ে নেওয়ার হুমকি দেওয়া হচ্ছে। এমনকি মসজিদ ও কবরস্থানে জায়গা না দেওয়ার ভয়ও দেখানো হচ্ছে। নৌকার প্রচার মাইকের আওয়াজ শুনলেই লোকজন সেখান থেকে পালিয়ে যাচ্ছেন, ভোটের উৎসবের বদলে সারা দেশে আতঙ্ক বিরাজ করছে।রুহুল কবির রিজভী আরও বলেন, জোর করে নির্বাচনের আয়োজন করে দেশটাকে জাহান্নাম বানানো হচ্ছে। এখানে কোনো নির্বাচন নেই, জনগণের কোনো ভোটাধিকার নেই। কথা বলার স্বাধীনতা নেই। সেজন্যই জনগণ এ ভোট প্রত্যাখ্যান করেছে।জনগণকে বিএনপির ডাকা অসহযোগ আন্দোলন সফল করার আহ্বানও জানান রিজভী।লিফলেট বিতরণ ও বক্তব্য দেওয়ার সময় রিজভীর সঙ্গে উপস্থিত ছিলেন কেন্দ্রীয় বিএনপির স্বাস্থ্য সম্পাদক ডা. মো. রফিকুল ইসলাম, তাঁতী দলের আহ্বায়ক আবুল কালাম আজাদ, মৎস্যজীবী দলের সদস্য সচিব আব্দুর রহিম, ঢাকা মহানগর দক্ষিণ বিএনপির সদস্য আরিফা সুলতানা রুমা, ঢাকা মহানগর উত্তর ছাত্রদলের সাবেক আহ্বায়ক জসিম সিকদার রানা, কেন্দ্রীয় ছাত্রদলের যুগ্ম সাধারণ সম্পাদক ডা. তৌহিদুর রহমান আউয়াল, সহ সাংস্কৃতিক সম্পাদক জান্নাতুল নওরিন উর্মি, ঢাবি ছাত্রদলের যুগ্ম সম্পাদক রাজু আহমেদ, জিয়া হলের যুগ্ম সম্পাদক বাবু, প্যাব সাংগঠনিক সম্পাদক মহসিন হোসেন, দপ্তর সম্পাদক হাসান, সরকারি মাদ্রাসা-ই-আলিয়া ছাত্রদলের সিনিয়র যুগ্ম আহ্বায়ক মো. ছানাউল্লাহ, রাজশাহী মেডিকেল কলেজ ছাত্রদলের সাবেক সাধারণ সম্পাদক ডা. মো. ফজলুল হক, নওগাঁ জেলা ছাত্রদলের যুগ্ম সম্পাদক তাজুল ইসলাম তাজ, কেন্দ্রীয় ছাত্রদল নেতা ডা. মুশফিক, আশরাফুল আসাদ, বরগুনা জেলা ছাত্রদলের সম্পাদক হৃদয় অনেকেই।",0,0,1,1,False
" দ্বাদশ জাতীয় সংসদ নির্বাচনকে সরকারের সাজানো, একতরফা এবং জোরজবরদস্তির নির্বাচন বলে মন্তব্য করে গণতন্ত্র মঞ্চের নেতা বলেছেন, জবরদস্তি ও তামাশার এই নির্বাচন দেশকে আরও ভয়াবহ অন্ধকারের দিকে নিয়ে যাবে।বুধবার (২৭ ডিসেম্বর) ‘একতরফা ভোট বর্জন করুন’— এ আহ্বান জানিয়ে গণসংযোগের আগে পথ সমাবেশে তারা এ কথা বলেন।বাংলাদেশ বিপ্লবী ওয়ার্কার্স পার্টির সাধারণ সম্পাদক সাইফুল হকের সভাপতিত্বে পথ সমাবেশে বক্তব্য রাখেন গণসংহতি আন্দোলনের প্রধান সমন্বয়কারী জোনায়েদ সাকি, রাষ্ট্র সংস্কার আন্দোলনের প্রধান সমন্বয়ক হাসনাত কাইয়ূম, জাতীয় সমাজতান্ত্রিক দলের (জেএসডি) সাধারণ সম্পাদক শহীদ উদ্দিন মাহমুদ স্বপন ও নাগরিক ঐক্যের সাধারণ সম্পাদক শহীদুল্লাহ কায়সার।বক্তারা বলেন, সরকার এমন একটি নির্বাচন করছে, যেখানে সরকার কে হবে তা কেউ জিজ্ঞাসা করে না। সব দিক থেকে শুধু প্রশ্ন ও জিজ্ঞাসা উঠেছে যে, বিরোধী দল কে হবে? এই তামাশায় মানুষ আসবে না। যে সরকার ভোটের ওপর দাঁড়িয়ে নেই, তাদের সহযোগিতা করার কোনো দায় বাংলাদেশের মানুষের নেই। ৭ জানুয়ারির এই তামাশার ভোট বর্জন করে মানুষ তাদের সমুচিত জবাব দেবে।গণসংহতি আন্দোলনের প্রধান সমন্বয়কারী জোনায়েদ সাকি বলেন, সব বিরোধী মতকে উপেক্ষা করে সরকার তাদের ভাগবাটোয়ারার নির্বাচন আয়োজন করছে। রাষ্ট্র পরিচালনায় যদি জনগণের অংশগ্রহণ ও প্রতিনিধিত্ব না থাকে, তাহলে সেই সরকারকে সহযোগিতা করার দরকার নেই। সরকার তাদের নির্বাচন নামক খেলায় অংশ নিতে বাধ্য করতে বিভিন্ন অঞ্চলে ভিজিএফ কার্ড, বয়স্ক ভাতা ও দুস্থ ভাতা কার্ড জমা নিয়ে সাধারণ মানুষকে জিম্মি করছে। দেশের ৮০-৮৫ শতাংশ মানুষ এই তামাশার নির্বাচনকে প্রত্যাখ্যান করেছে বলেও মন্তব্য করেন তিনি।এ সময় আগামীকাল বৃহস্পতিবার বেলা সাড়ে ১১টায় কারওয়ান বাজার পেট্রোবাংলার সামনে সমাবেশ ও গণসংযোগ শেষে মিছিল করা হবে বলেও জানায় গণতন্ত্র মঞ্চ।",0,0,1,1,False
" চট্টগ্রাম-১১ আসনের স্বতন্ত্র প্রার্থী ও স্থানীয় আওয়ামী লীগ নেতা জিয়াউল হক সুমনের নির্বাচনী ক্যাম্প আগুনে দেওয়ার অভিযোগ উঠেছে নৌকার প্রার্থী এম এ লতিফের সমর্থকদের বিরুদ্ধে।বুধবার (২৭ ডিসেম্বর) রাতের কোনো এক সময় নগরের ৩৯ নম্বর ওয়ার্ডের আবদুল মাবুদ সওদাগরের বাড়ির পাশে এ ঘটনা ঘটে। আগুনে ক্যাম্পের দক্ষিণ ও পূর্বপাশের অংশ পুড়ে গেছে। এছাড়াও ক্যাম্পে থাকা বিপুল পরিমাণ ত্রিপল, পোস্টার ও ব্যানার পুড়ে গেছে।ব্যারিস্টার সুলতান আহমেদ চৌধুরী কলেজ ছাত্রলীগের সাংগঠনিক সম্পাদক ও স্বতন্ত্র প্রার্থী সুমনের সমর্থক তানভীর নেওয়াজ কাজল বলেন, আমাদের অভিযোগ সুনির্দিষ্ট কারোর বিরুদ্ধে নেই। তবে কার নির্দেশে কারা এমন ঘটনা ঘটিয়েছে সেটি স্পষ্ট। আশা করি, আইন-শৃঙ্খলা বাহিনীর সদস্যরা তাদের খুঁজে বের করবে।এ বিষয়ে স্বতন্ত্র সংসদ সদস্য প্রার্থী জিয়াউল হক সুমন বলেন, আমি কোনোভাবেই সংঘাত-সহিংসতার পক্ষে নয়। প্রধানমন্ত্রীর নির্দেশে ও এলাকার আপামর মানুষের ভালোবাসাকে পুঁজি করে প্রার্থী হয়েছি। যেখানেই যাচ্ছি নেতাকর্মীদের একটাই কথা বলি, মার দিলেও সহ্য করতে। মারামারি ও অগ্নিসন্ত্রাস থেকে দূরে থাকতে। আমার কেটলি প্রতীকের বিপুল জনপ্রিয়তায় ঈর্ষান্বিত হয়ে ক্যাম্প পুড়িয়েছে। আমি এ ঘটনার সুষ্ঠু তদন্ত সাপেক্ষে আইনগত ব্যবস্থা গ্রহণের দাবি জানাচ্ছি।অভিযোগের বিষয়ে চট্টগ্রাম-১১ আসনের নৌকা প্রতীকের প্রার্থী এম. আবদুল লতিফকে ফোন করা হলেও তিনি রিসিভ করেননি।চট্টগ্রাম সিটি কর্পোরেশনের (চসিক) ২৭, ২৮, ২৯, ৩০, ৩৬, ৩৭, ৩৮, ৩৯, ৪০ ও ৪১ নম্বর ওয়ার্ড নিয়ে গঠিত চট্টগ্রাম-১১ আসন। দেশের আমদানি-রপ্তানি বাণিজ্যের নিয়ন্ত্রক চট্টগ্রাম বন্দর, কাস্টমস, একাধিক ইপিজেডসহ নানা ব্যবসায়িক প্রতিষ্ঠান এই এলাকায় অবস্থিত। এখানে মোট প্রার্থী হয়েছেন ৭ জন। তবে আসনটিতে নৌকার লতিফ ও কেটলির সুমনের মধ্যেই হাড্ডাহাড্ডি লড়াইয়ে আভাস মিলছে।",0,0,1,1,False
" কুমিল্লা-৬ আসনে নৌকা প্রতীকের প্রার্থী আ.ক.ম বাহাউদ্দিন বাহার বলেছেন, হাত-পা ভেঙে দেওয়ার কথাটা রাজনৈতিক উদ্দেশ্যে বিএনপি-জামায়াতকে বলা হয়েছিল। আসন্ন নির্বাচনে নাশকতার চেষ্টা চালানো হলে বিএনপি-জামায়াতের হাত-পা ভেঙে দেওয়া হবে; এই উদ্দেশ্যে আমি কথাটা বলেছি।বুধবার (২৭ ডিসেম্বর) ইসিতে আচরণবিধি লঙ্ঘনের অভিযোগে হওয়া এক শুনানি শেষে এক ব্রিফিংয়ে এসব কথা বলেন তিনি।নৌকার প্রার্থী বাহার বলেন, আচরণবিধি ভঙ্গের যে দুটো অভিযোগ আমার বিরুদ্ধে আনা হয়েছে, তার মধ্যে একটি অনভিপ্রেত আর অন্য অভিযোগের জন্য আমি দুঃখ প্রকাশ করছি। আশা করছি— আমার প্রার্থিতা বাতিল হবে না।এদিন বিকেলে আগারগাঁওয়ে নির্বাচন ভবনে প্রধান নির্বাচন কমিশনার সিইসি কাজী হাবিবুল আওয়াল নেতৃত্বাধীন কমিশনে এই শুনানি শুরু হয়। শুনানিতে নৌকার প্রার্থী আ.ক. ম বাহাউদ্দীন বাহার সশরীরে উপস্থিত হয়েছিলেন।আচরণবিধি ভঙ্গের দায়ে সোমবার কুমিল্লা-৬ আসনের নৌকা প্রতীকের প্রার্থী আ.ক.ম বাহাউদ্দিন বাহার ও বরগুনা-১ আসনের নৌকা প্রতীকের প্রার্থী ধীরেন্দ্রনাথ শম্ভুকে তলব করে চিঠি পাঠায় নির্বাচন কমিশন (ইসি)।ইসি জানিয়েছে, গণপ্রতিনিধিত্ব আদেশ অনুযায়ী- তারা একাধিকবার নির্বাচন পূর্ব অনিয়ম করেছেন এবং আচরণবিধি ভঙ্গ করেছেন। এজন্য নির্বাচনী তদন্ত কমিটি কারণ দর্শাতে তাদের একাধিকবার নোটিশও দিয়েছিলেন।",0,0,1,1,False
" খুলনা জেলা আওয়ামী লীগের সদস্য ও আবাসন ব্যবসায়ী আজগর বিশ্বাস তারা ওরফে তারা বিশ্বাসের বিরুদ্ধে মামলার আবেদন করেছেন নির্বাচন কর্মকর্তা। মঙ্গলবার (২৬ ডিসেম্বর) সকালে খুলনার দৌলতপুর থানা নির্বাচন কর্মকর্তা অঞ্জন সরকার খুলনা মহানগর হাকিমের আদালতে মামলার আরজি জমা দেন।এর আগে গত ২৪ ডিসেম্বর নির্বাচনী আচরণবিধি লংঘন করায় তারা বিশ্বাসের বিরুদ্ধে মামলা দায়েরের নির্দেশ দিয়েছিল নির্বাচন কমিশন। আচরণবিধিতে দেয়াল লিখন নিষিদ্ধ হলেও তিনি নগরীর বিভিন্ন দেয়ালে চিকা মেরে নৌকার পক্ষে ভোট চান।দৌলতপুর থানা নির্বাচন কর্মকর্তা অঞ্জন সরকার জানান, অভিযুক্তের বিরুদ্ধে জাতীয় সংসদ নির্বাচন আচরণ বিধিমালার ৯ বিধির ক ও খ উপ-বিধি লংঘনের অভিযোগ ওঠে। তদন্তে এর সত্যতা পাওয়া যায়। পরে গত ২৪ ডিসেম্বর নির্বাচন কমিশন থেকে আমাকে অভিযুক্তের বিরুদ্ধে মামলার নির্দেশ দেওয়া হয়। ২৫ ডিসেম্বর সরকারি ছুটি থাকায় মঙ্গলবার মহানগর হাকিমের আদালতে মামলার আবেদন করা হয়েছে।",0,0,1,1,False
" ময়মনসিংহ-৭ (ত্রিশাল) আসনে নৌকার পক্ষে ভোটারদের মাঝে টাকা বিলির অভিযোগ উঠেছে আওয়ামী লীগ নেতাদের বিরুদ্ধে । বৃহস্পতিবার (২৮ডিসেম্বর) রাতে সামাজিক যোগাযোগ মাধ্যম ফেইসবুকে এমন একটি ছবি ভাইরাল হয়। এ নিয়ে ভোটারদের মাঝে চলছে আলোচনা-সমালোচনা।এর আগে, গত ২৬ ডিসেম্বর পৌর শহরের ৯ নম্বর ওয়ার্ডে নারী ভোটারদের সঙ্গে নৌকার পক্ষে মতবিনিময় সভা করেন আওয়ামী লীগ নেতারা। এতে প্রধান অতিথি ছিলেন উপজেলা আওয়ামী লীগের সভাপতি আবুল কালাম মো. শামসুদ্দিন। সভা শেষে উপজেলা আওয়ামী লীগের সহসভাপতি আশরাফুল ইসলাম মন্ডল হাত ভর্তি টাকা নারীদের মধ্যে বিতরণ করেন। পরে টাকা দেওয়ার ছবি ফেইসবুকে পোস্ট করেন আওয়ামী লীগের সভাপতি আবুল কালাম।তবে বিষয়টি অস্বীকার করে ত্রিশাল উপজেলা আওয়ামী লীগের সহসভাপতি আশরাফুল ইসলাম মন্ডল বলেন, কাউকে টাকা দেওয়া হয়নি। ছবিতে যা দেখেছেন, তা কেন্দ্র খরচের টাকা যা কর্মীদের দেওয়া হয়েছে।উপজেলা আওয়ামী লীগের সভাপতি আবুল কালাম এ বিষয়ে বলেন, ‘আমি বাড়িতে থাকায় আশপাশের লোকজন চিকিৎসা, শীতের কম্বল কিনতে টাকার জন্য এসেছিল। এই টাকা আমার ব্যক্তিগত তহবিল থেকে দেওয়া হয়েছে।’উপজেলা নির্বাহী কর্মকর্তা (ইউএনও) এবং সহকারী রিটার্নিং কর্মকর্তা জুয়েল আহমেদ বলেন, বিষয়টি শুনেছি। খোঁজ নিয়ে প্রয়োজনীয় ব্যবস্থা নেওয়া হবে।প্রসঙ্গত, ত্রিশাল আসনে আওয়ামী লীগের দলীয় নৌকার প্রার্থী হাফেজ রহুল আমীন মাদানী। তার সঙ্গে প্রতিদ্বন্ধিতা করছেন ট্রাক প্রতীকের স্বতন্ত্র প্রার্থী সদ্য পদত্যাগ করা ত্রিশাল পৌর মেয়র এ বি এম আনিছুজ্জামান। এছাড়া জাতীয় পার্টির প্রার্থী মো. আবদুল মজিদ ও তৃণমূল বিএনপি থেকে ডক্টর আবদুল মালেক ফরাজী প্রার্থী হয়ে নির্বাচন করছেন।",0,0,1,1,False
" বিএনপির জ্যেষ্ঠ যুগ্ম মহাসচিব রুহুর কবির রিজভী বলেছেন, পাতানো নির্বাচন ঘিরে দেশে অকল্পনীয়, অরাজক পরিস্থিতি সৃষ্টি করা হয়েছে। অস্ত্র নিয়ে প্রকাশ্যে মিছিল করছে। নৌকা ও ডামি প্রার্থী এবং আইনশৃংখলা বাহিনী-রাষ্ট্রযন্ত্র সব আওয়ামীময় হয়ে গেছে।শুক্রবার (২৯ নভেম্বর) সন্ধ্যায় এক ভার্চুয়াল সংবাদ সম্মেলনে রিজভী এসব কথা বলেন।বিএনপির এই শীর্ষ নেতা বলেন, বিভিন্ন কৌশলে ভোটারদের কেন্দ্রে নেওয়ার জন্য মরিয়া তারা। প্রতিটি জনপদের মানুষ আমি-ডামী প্রার্থী আর তাদের সমর্থক ও প্রশাসনের দলবাজ কর্মকর্তাদের প্রকাশ্য হুমকিতে ভীত। ভোট কেন্দ্রে না গেলে হত্যা, গ্রাম ছাড়া করার ভয় দেখানো হচ্ছে। কোনো কোনো প্রার্থী হুমকি দিচ্ছেন, ভোট কেন্দ্রে না গেলে নাগরিক সুবিধা বাতিল করা হবে। ভোট না দিলে মসজিদ-কবরস্থান বন্ধ করার হুমকিও দেওয়া হচ্ছে।দেশ এখন দুই ভাগে বিভক্ত বলে মন্তব্য করে তিনি বলেন, একদিকে সাধারণ জনগণ অন্যদিকে ‘আমরা আর মামুরা’। এখন মাফিয়াচক্র নেমে পড়েছে ভোটার হান্টিং মিশনে। কিন্তু ভোট কেন্দ্রে ভোটার আসবে এমন নিশ্চয়তা পাচ্ছে না।তিনি দাবি করেন, গত ২৬ ডিসেম্বর চট্টগ্রামে এক মতবিনিময় সভায় প্রধান নির্বাচন কমিশনার (সিইসি) কাজী হাবিবুল আউয়াল স্বীকার করে বলেছেন, ‘২০১৮ সালে রাতে ভোট হয়েছিল। ৯৯ নয়, ১০০ শতাংশ নিশ্চিত করতে পারি এবার আর আগের রাতে ভোট হবে না। এ জন্য অনেক ক্ষেত্রেই ব্যালট পেপার সকালে যাবে।’গত ২৪ ঘণ্টায় সারাদেশে বিএনপি ও অঙ্গসহযোগী সংগঠনের ২৯৫ জনের অধিক নেতাকর্মীকে গ্রেপ্তার করা হয়েছে বলেও দাবি করেন তিনি।",0,0,1,1,False
" বাংলাদেশে ডামি প্রতারণার নির্বাচন আয়োজন করতে প্রতিবেশী দেশ সরাসরি হস্তক্ষেপ করছে বলে অভিযোগ করেছেন বিএনপির সিনিয়র যুগ্ম মহাসচিব রুহুল কবির রিজভী। তিনি বলেন, নির্বাচনের নামে ইমিটেশন নির্বাচন জনগণ প্রত্যাখ্যান করেছে।আজ (শুক্রবার) সকালে ধানমন্ডি ১৫ নম্বর ও আশপাশে লিফলেট বিতরণকালে এই অভিযোগ করেন রিজভী।নির্বাচন নিয়ে জাতীয় ও আন্তর্জাতিকভাবে চক্রান্ত হচ্ছে— প্রধানমন্ত্রীর এই বক্তব্যের সমালোচনা করে রিজভী বলেন, নির্বাচন নিয়ে চক্রান্ত করছেন আপনারা। বাংলাদেশে ডামি প্রতারণার নির্বাচন আয়োজন করতে প্রতিবেশি দেশ সরাসরি হস্তক্ষেপ করছে। দেশের স্বাধীনতা সার্বভৌমত্ব বিকিয়ে দিয়ে তাদের দিয়ে হস্তক্ষেপ করাতে বাধ্য করছেন আপনারা। কিন্তু শেষ রক্ষা হবে না। ডামি নির্বাচন দেশের জনগণসহ বিশ্ববাসী মেনে নেবে না।আগামী ৭ জানুয়ারি দেশে কোনো নির্বাচন হচ্ছে না বলে মন্তব্য করে বিএনপির সিনিয়র যুগ্ম মহাসচিব বলেন, যা হচ্ছে তা অবৈধ নির্বাচন, তামাশার নির্বাচন, ইমিটেশন নির্বাচন।সরকার নির্বাচনের নামে জনগণকে ভেলকিভাজি দিচ্ছে বলে উল্লেখ করে রিজভী বলেন, দেশের মানুষ এমন প্রতারণার নির্বাচন চায় না। নির্বাচনের নামে কোনও প্রহসন চায় না।ভোটারদের ভোট কেন্দ্রে না গিয়ে নির্বাচন বর্জন করে শান্তিপূর্ণ প্রতিবাদ করার আহ্বান জানান রিজভী।এ সময় উপস্থিত ছিলেন— কেন্দ্রীয় বিএনপির স্বাস্থ্য বিষয়ক সম্পাদক ডা. রফিকুল ইসলাম, সহ অর্থনৈতিক সম্পাদক মাহমুদুর রহমান সুমন, তাঁতী দলের আহ্বায়ক আবুল কালাম আজাদ, মৎস্যজীবী দলের সদস্য সচিব আব্দুর রহিম, যুবদল কেন্দ্রীয় কমিটির সহ সাংগঠনিক সম্পাদক কামরুজ্জামান জুয়েল, ঢাকা মহানগর দক্ষিণ বিএনপির সদস্য আরিফা সুলতানা রুমা, নাদিয়া পাঠান পাপন প্রমুখ।",0,0,1,1,False
" বিএনপির সিনিয়র যুগ্ম মহাসচিব রুহুল কবির রিজভী বলেছেন, হুমকি দিয়ে ও ভয় দেখিয়ে মানুষকে ভোটকেন্দ্রে নেওয়া যাবে না। একটি অবৈধ নির্বাচনের বিরুদ্ধে আমরা দেশের সমস্ত রাজনৈতিক দলগুলো সংগ্রাম করছি জনগণের ভোটাধিকার পুনরুদ্ধার ও মতপ্রকাশের স্বাধীনতার জন্য। কিন্তু জনগণকে হুমকি দিয়ে ভয় দেখিয়ে, আইনশৃঙ্খলা বাহিনীকে দিয়ে তারা ভোট দেওয়াতে চায়।বৃহস্পতিবার (২৮ ডিসেম্বর) সকালে রাজধানীর কাফরুল ও উত্তরা এলাকায় লিফলেট বিতরণ শেষে তিনি এসব কথা বলেন। সকাল সাড়ে সাতটায় কাফরুলের পুলপাড় এলাকায় ও সকাল সাড়ে আটটায় উত্তরা আধুনিক মেডিকেলের আশপাশের এলাকায় বিএনপি ও অঙ্গসংগঠনের নেতাকর্মীদের সঙ্গে নিয়ে অসহযোগ আন্দোলন সফল করার জন্য লিফলেট বিতরণ ও গণসংযোগ করেন তিনি।এ সময় আরও উপস্থিত ছিলেন বিএনপির স্বাস্থ্য সম্পাদক ডা. মো. রফিকুল ইসলাম, জাতীয় নির্বাহী কমিটির সদস্য তারিকুল আলম তেনজিং, ঢাকা মহানগর উত্তর বিএনপির সাবেক যুগ্ম আহ্বায়ক এম কফিল উদ্দিন আহমেদ, দক্ষিণখান থানা বিএনপির আহ্বায়ক মোতালিব হোসেন রতন, যুগ্ম আহ্বায়ক আকরাম উদ্দিন, সদস্য রাজু, কাফরুল থানা বিএনপির ১ম যুগ্ম আহ্বায়ক আকরামুল হক, আকরাম যুগ্ম আহ্বায়ক ফজলুর রহমান মন্টু, যুগ্ম আহ্বায়ক জি এস কামাল, দস্য ওহিদ আলম শাহাদাৎ কোয়েল, ছাত্রদলের কেন্দ্রীয় যুগ্ম সাধারণ সম্পাদক ডা. তৌহিদুর রহমান আউয়াল, প্যাব দপ্তর সম্পাদক হাসান, রাজশাহী মেডিকেল কলেজ ছাত্রদলের সাবেক সাধারণ সম্পাদক ডা. মো. ফজলুল হক, নওগাঁ জেলা ছাত্রদলের যুগ্ম সম্পাদক তাজুল ইসলাম তাজ, কেন্দ্রীয় ছাত্রদল নেতা ডা. মুনতাসির, আশরাফুল আসাদ, ৪৭ নম্বর ওয়ার্ড বিএনপির সভাপতি আলামিন, ৪৯ নম্বর ওয়ার্ড বিএনপির সেক্রেটারি আক্তার, উত্তরা পূর্ব থানার বিএনপি নেতা জাহিদ, শাহাদাত, ঢাকা মহানগর উত্তর ছাত্রদলের যুগ্ম আহ্বায়ক মনির, উত্তর ছাত্রদল নেতা মঈন, দক্ষিখান থানা শ্রমিক দলের সেক্রেটারি সুরুজ, দক্ষিণখান থানা ছাত্রদলের ভারপ্রাপ্ত সভাপতি শিমুল, ৪ নম্বর ওয়াড সভাপতি আনছার আলী ১৬ নম্বর সাধারণ সম্পাদক শিমুল হোসেন ফারুক ঢাকা মহানগর উত্তর ছাত্রদলের সিনিয়র যুগ্ম সাধারণ সম্পাদক মনজুরুল হাসান ইফাত, সেচ্ছাসেবক দলের যুগ্ম আহবায়ক মহসিন হোসেন, কাফরুল থানা মহিলা দলের আহবায়ক নাজমা আক্তার, যুবদল নেতা পারভেজ কাফরুল থানার সিনিয়র যুগ্ম সাধারণ সম্পাদক মোওাদিরুল ইসলাম শাকিল, আব্দুল হক শেখ ফরিদ ছাত্রদল নেতা বাপ্পীসহ অনেকে।এ সময় রিজভী আরও বলেন, বর্তমান অবৈধ সরকার দেশের সম্পদ লুট করে দেশের অর্থনীতিকে ধ্বংস করে দিয়েছে। গণমাধ্যমে প্রকাশিত হলফ নামায় মন্ত্রী-এমপিদের সম্পদের যেসব তথ্য প্রকাশিত হয়েছে, টিআইবি যে রিপোর্ট প্রকাশ করেছে তাদের লুটের সম্পদের পরিমাণ আরও বহুগুণ বেশি।তিনি বলেন, মন্ত্রী-এমপিদের দুর্নীতির খবর এখন মানুষের মুখে মুখে। অবৈধ সরকারের নেতাকর্মীদের সম্পদ বাড়লেও ঋণের বোঝা পড়ছে জনগণের কাঁধে। তাদের হাত থেকে মুক্তি পেতে পাতানো নির্বাচনের বিরুদ্ধে গণপ্রতিরোধ গড়ে তুলার আহ্বান জানান রিজভী।",0,0,1,1,False
" একতরফা ভোট বর্জনের আহ্বান জানিয়েছেন বিএনপির সিনিয়র যুগ্ম মহাসচিব অ্যাডভোকেট রুহুল কবির রিজভী। তিনি বলেছেন, দেশের মানুষের সম্পদ লুট করে আওয়ামী লীগের নেতারা দেশে-বিদেশে টাকা পাচার করেছে, জনগণের সম্পদ লুট করে আজকে তারা শাদ্দাদের বেহেশত বানিয়েছে।তাই এ বেহেশত তারা হাতছাড়া করতে চায় না। সেজন্য তারা ‘আমরা আর মামুরা নির্বাচন’, নিজেরা নিজেরা নির্বাচনের আয়োজন করছে।নির্বাচন বর্জন ও অসহযোগ আন্দোলন সফল করতে রবিবার (৩১ ডিসেম্বর) সকালে মালিবাগ কাঁচা বাজারে লিফলেট বিতরণ ও গণসংযোগ শেষে তিনি এ আহ্বান জানান।রিজভী বলেন, এ নির্বাচন হচ্ছে আমরা আর মামুরা নির্বাচন, নিজেরা নিজেরা নির্বাচন, একক নির্বাচন। এটি জনগণের নির্বাচন নয়। এটি ভোটারদের নির্বাচন নয়। এখানে ভোটাররা যেতে পারবে না।তিনি বলেন, কেন এ নির্বাচন করছে আওয়ামী লীগ! কারণ তারা যে লুট করছে, যে সম্পদ করেছে, সম্পদ পাচার করেছে, তারা যে আজকে বিত্তবৈভবের মালিক হয়েছে সেটি তারা বজায় রাখতে চায়।দুর্নীতিবাজদের বিরুদ্ধে অবস্থান নেওয়ার আহ্বান জানিয়ে রিজভী বলেন, লুটেরাদের বিরুদ্ধে খুনিদের বিরুদ্ধে অবস্থান নিন, নির্বাচন বর্জন করুন, এ নির্বাচনে কেউ ভোট কেন্দ্রে যাবেন না।এসময় উপস্থিত ছিলেন বিএনপি’র স্বাস্থ্য বিষয়ক সম্পাদক ডা. মো. রফিকুল ইসলাম, সহ যুব-বিষয়ক সম্পাদক মীর নেওয়াজ আলী নেওয়াজ, সহ অর্থনৈতিক সম্পাদক মাহমুদুর রহমান সুমন, তাঁতী দলের আহ্বায়ক আবুল কালাম আজাদ, মৎস্যজীবী দলের সদস্য সচিব আব্দুর রহিম, যুবদল কেন্দ্রীয় কমিটির সহ সাংগঠনিক সম্পাদক কামরুজ্জামান জুয়েল।",0,0,1,1,False
" আওয়ামী লীগের সাধারণ সম্পাদক এবং সড়ক পরিবহন ও সেতুমন্ত্রী ওবায়দুল কাদের বলেছেন, আন্দোলনে ব্যর্থ হয়ে নির্বাচনে আতঙ্ক ছড়াতে বিএনপি গুপ্তহত্যার পথে আগাতে পারে। প্রয়োজনে গুরুত্বপূর্ণ ব্যক্তি ও প্রার্থীদের হত্যার চক্রান্ত আছে বলেও দাবি করেন তিনি।শনিবার (৩০ ডিসেম্বর) ধানমন্ডিতে আওয়ামী লীগ সভাপতির রাজনৈতিক কার্যালয়ে এক সংবাদ সম্মেলনে এ কথা বলেন তিনি।আ. লীগের সাধারণ সম্পাদক বলেন, বাংলাদেশের গণতন্ত্র, মুক্তিযুদ্ধ ও স্বাধীনতাকে বাঁচিয়ে রাখতে হলে এ নির্বাচনে নৌকার বিজয়ের কোনো বিকল্প নেই।ওবায়দুল কাদের বলেন, ৭ জানুয়ারি জনগণকে ভোটকেন্দ্রে আসা থেকে বিরত রাখতে প্রয়োজনে লাশ বানিয়ে আতঙ্ক সৃষ্টি করতে পারে বিএনপি। হয়তো তাদের গুরুত্বপূর্ণ ব্যক্তি ও প্রার্থীকে লাশ বানানোর চক্রান্ত আছে নির্বাচনকে ঘিরে।এজন্য আইনশৃঙ্খলা বাহিনীসহ সবাইকে সতর্ক থাকার আহ্বান জানান তিনি।ওবায়দুল কাদের বলেন, লন্ডন থেকে বার্তা দেওয়া হয়েছে প্রয়োজনে গুপ্তহত্যার পথে তারা এগিয়ে যাবে। সবাইকে সতর্ক থাকার আহ্বান জানাচ্ছি। নির্বাচন আমাদের জন্য চ্যালেঞ্জ। এ চ্যালেঞ্জ আমাদের অতিক্রম করতে হবে। সারা দেশের সর্বস্তরের নেতাকর্মীদের সতর্ক পাহারায় থাকতে হবে।নতুন বছরে বাংলাদেশের গণতন্ত্রের নতুন যাত্রা শুরু হবে জানিয়ে দলীয় প্রার্থীসহ সবাইকে নির্বাচনী আচরণবিধি মেনে চলার নির্দেশ দেন আওয়ামী লীগ সাধারণ সম্পাদক।ওবায়দুল কাদের বলেন, বিএনপি নিজেরাই নিজেদের অপকর্ম ও নেতিবাচক রাজনীতির জন্য নিশ্চিহ্ন ও ধ্বংসের জন্য দায়ী।এ সময় আরও উপস্থিত ছিলেন আওয়ামী লীগের সভাপতিমণ্ডলীর সদস্য জাহাঙ্গীর কবির নানক ও সাংগঠনিক সম্পাদক সুজিত রায় নন্দী।",0,0,1,1,False
" দ্বাদশ জাতীয় সংসদ নির্বাচন উপলক্ষে বিভিন্ন প্রার্থী ও সমর্থকদের উচ্চশব্দের প্রচার মাইকে অতিষ্ঠি গাজীপুরের টঙ্গী এলাকার বাসিন্দারা। অনেক স্থানে সকাল থেকে গভীর রাত পর্যন্ত পক্ষে বাজানো হচ্ছে প্রার্থীর পক্ষে তৈরি প্রচার গান। শিক্ষাপ্রতিষ্ঠান, হাসপাতাল, ‘নো মাইকিং জোন’ও মানা হচ্ছে না।৭ জানুয়ারি ভোট উপলক্ষে টঙ্গীতে জোরেশোরে প্রচার চালাচ্ছেন প্রার্থী ও তার সমর্থকরা। কৌশল হিসেবে গাড়ি বহরে পিকআপভ্যানে উচ্চশব্দের সাউন্ড সিস্টেমে গান বাজাচ্ছে প্রার্থীরা। এ ছাড়া পাড়া-মহল্লায় মাইকে উচ্চশব্দে প্রচারণার গান বাজাচ্ছেন সমর্থকরা। এতে অতিষ্ঠ হয়ে উঠেছে নগরবাসী।নির্বাচন কমিশন সূত্রে জানা যায়, দুপুর ২টা থেকে রাত ৮টা পর্যন্ত প্রার্থীরা নির্বাচনী প্রচারে মাইক ব্যবহার করতে পারবেন। এরপরও মাইক ব্যবহার করলে তা আইনত দণ্ডনীয় হবে। তবে সারজমিনে দেখা মেলে এর উল্টো চিত্র।গাজীপুর-২ (সিটি করপোরেশন ৩৬টি ওয়ার্ড) আসনে আওয়ামী লীগের নৌকার প্রার্থী যুব ও ক্রীড়া প্রতিমন্ত্রী মো. জাহিদ আহসান রাসেলের তেমন প্রচার নেই। তবে ট্রাক প্রতীকে স্বতন্ত্র প্রার্থী ও আওয়ামী লীগ নেতা কাজী আলিম উদ্দিন বুদ্দি এবং ঈগল প্রতীকে স্বতন্ত্র প্রার্থী ও মহানগর যুবলীগের যুগ্ম আহ্বায়ক সাইফুল ইসলামের সমর্থকরা মানছেন নির্বাচনী আইন। প্রতিদিন সকাল ৯টার পর থেকে রাত ১০-১১টা পর্যন্ত মাইকে উচ্চশব্দে গান বাজিয়ে চালানো হচ্ছে তাদের নির্বাচনী প্রচার। এতে নগরবাসী শারীরিক ও মানসিক নানা সমস্যায়। শব্দদূষণ নিয়ন্ত্রণে কার্যকর পদক্ষেপ নেওয়ার দাবি তাদের।নির্বাচনী বিধি অনুযায়ী, দুপুর ২টা থেকে রাত ৮টা পর্যন্ত মাইক ব্যবহারের নির্দেশ।প্রতিদিন সকাল ৯টার থেকে প্রায় রাত ১০-১১টা পর্যন্ত মাইকে উচ্চশব্দে বাজে গান।মানা হচ্ছে না শিক্ষাপ্রতিষ্ঠান, হাসপাতাল, নো মাইকিং জোন ।৫৬ নম্বর ওয়ার্ডের বাসিন্দা দুলাল হোসেন বলেন, সকাল থেকেই শুরু হয় মাইকের যন্ত্রণা। উচ্চশব্দে মাইক বাজাতে থাকে। মাইকে প্রচারে সরকারি নিয়মনীতি মানা হয় না। এ কারণে অনেক সময় বিদ্যুতের জরুরি ঘোষণাও খেয়াল করা হয় না। পরে আমাদের ভোগান্তিতে পড়ে হয়।’টঙ্গী এলাকার ৪৮ নম্বর ওয়ার্ডের বাসিন্দা মোহাম্মদ আলী জানান, ‘পাড়া-মহল্লায় নির্বাচনী প্রচারের উচ্চ শব্দে ভোগান্তির কথা কেউ বিবেচনা করছে না। অতি দ্রুত আইনের কঠোর প্রয়োগ প্রয়োজন।’উচ্চশব্দের প্রভাব বিষয়ে টঙ্গীর শহীদ আহসান উল্লাহ মাস্টার জেনারেল হাসপাতালে তত্ত্বাবধায়ক জাহাঙ্গীর আলম বলেন, ‘উচ্চ শব্দ অদৃশ্য শত্রু। এতে সবাই আক্রান্ত হচ্ছে। বিশেষ করে শিশুরা বেশি ক্ষতিগ্রস্থ হচ্ছে। শব্দ দূষণের ফলে বধিরতা, রক্তচাপ বৃদ্ধি, হৃদযন্ত্রের জটিলতা, ঘুমের ব্যাঘাতসহ অনেক রোগে আক্রান্ত হতে পারে। তাই শব্দযন্ত্রের ব্যবহার রোধে জনসচেতনতা বাড়াতে হবে।’জানতে চাইলে গাজীপুর জেলা প্রশাসক আবুল ফাতেহ মোহাম্মদ শফিকুল ইসলাম বলেন, ‘নির্বাচন আচরণবিধি কোনো প্রার্থী ও সমর্থক ভঙ্গ করছে কি না, তা তদারকি করতে জেলা প্রশাসকের একাধিক ভ্রাম্যমাণ আদালত মাঠে কাজ করছে। এছাড়া প্রতিনিয়তই ভ্রাম্যমান আদালতের মাধ্যমে জরিমানা আদায় করা হচ্ছে। নির্বাচন পর্যন্ত এসব অভিযান অব্যাহত থাকবে।’",0,0,1,1,False
" সরকার জোর-দবরদস্তি করে জনগণকে ধমক দিয়ে নির্বাচন করতে চাচ্ছে বলে দাবি করেছেন বিএনপির সিনিয়র যুগ্ম মহাসচিব রুহুল কবির রিজভী। তিনি বলেন, আওয়ামী লীগ গণতন্ত্রকে আগেই হত্যা করেছে। এখন ডামি নির্বাচনের মাধ্যমে গণতন্ত্রকে দাফন করতে চায়। তাদের ডামি নির্বাচন ইতোমধ্যে ড্যাম হয়ে গেছে।সোমবার (১ জানুয়ারি) সকাল সাড়ে ৭টায় রাজধানীর কাফরুল এলাকায় লিফলেট বিতরণ শেষে এসব কথা বলেন রিজভী।নির্বাচন বর্জন ও অসহযোগ আন্দোলন সফল করতে কাফরুল থানা বিএনপি মিরপুর ১৩ নম্বর পুলিশ কনভেনশন সেন্টারের আশপাশ এলাকায় এ লিফলেট বিতরণ কর্মসূচির আয়োজন করে।নির্বাচনের ফলাফল ভোটের আগেই ঠিক হয়ে গেছে উল্লেখ করে বিএনপির সিনিয়র যুগ্ম মহাসচিব বলেন, শুধু রাষ্ট্রের কয়েক হাজার কোটি টাকা খরচ করা ছাড়া আর কিছু নেই। ডামি এই নির্বাচন ইতোমধ্যেই ড্যাম হয়ে গেছে। ভাগ-বাটোয়ারার এই নির্বাচন দেশের জনগণ প্রত্যাখ্যান করেছে।রিজভী বলেন, মানুষের মানবাধিকার আজ ধ্বংসের পথে। অবৈধ সরকারের পাতানো এই নির্বাচনে প্রার্থী নিজেই বলেন আমি ভারতের প্রার্থী।বিএনপির এই নেতা আরও বলেন, সরকার জোর-দবরদস্তি করে জনগণকে ধমক দিয়ে একটি অবৈধ নির্বাচন করতে চাচ্ছে। আমরা আর মামুরা নির্বাচন করতে চাচ্ছে। এ নির্বাচনের বিরুদ্ধে গোটা দেশ, গোটা জাতি। তারা নিজেরা নিজেরা খুন করছে, নাশকতা করছে, মানুষ মারছে, আর এটা চাপিয়ে দিচ্ছে যারা গণতন্ত্ররে জন্য লড়াই করছে তাদের ওপর। যারা দীর্ঘদিন ধরে মানুষের অধিকারের জন্য লড়াই করছে, মতপ্রকাশের স্বাধীনতার জন্য লড়াই করছে তাদের ওপর চাপিয়ে দিচ্ছে।দেশবাসীকে উদ্দেশ্য করে রিজভী বলেন, সরকার জোর করে অবৈধ ক্ষমতা টিকিয়ে রাখতে চায়। তাই অবৈধ সরকার যাতে জোর করে ক্ষমতায় না থাকতে পারে তাদের বিরুদ্ধে আপনাদের শান্তিপূর্ণ অধিকার প্রয়োগ করুন, ভোট দিতে যাবেন না, অবৈধ নির্বাচন মানবেন না।বিএনপির সিনিয়র যুগ্ম মহাসচিব বলেন, বিএনপির ভারপ্রাপ্ত চেয়ারম্যান তারেক রহমান যে অসহযোগ আন্দোলনের ডাক দিয়েছেন তা সফল করুন। অবৈধ ডামি নির্বাচন বর্জন করুন।এ সময় আরও উপস্থিত ছিলেন- বিএনপির অর্থনীতি বিষয়ক সহসম্পাদক মাহমুদুর রহমান সুমন, জাতীয় নির্বাহী কমিটির সদস্য তারিকুল আলম তেনজিং, বিএনপি নেতা জাকির হোসেন, কাফরুল থানা বিএনপির প্রথম যুগ্ম আহ্বায়ক আকরামুল হক আকরাম, যুগ্ম আহ্বায়ক ফজলুর রহমান মন্টু, কেন্দ্রীয় ছাত্রদলের যুগ্ম সাধারণ সম্পাদক ডা. আউয়াল, থানা বিএনপির সদস্য ওহিদ আলম শাহাদাৎ কয়েল, ৪ নং ওয়ার্ড সভাপতি আনছার আলী, ১৬ নং সাধারণ সম্পাদক শিমুল হোসেন ফারুক, ঢাবি ছাত্রদলের যুগ্ম সম্পাদক রাজু আহমেদ, প্যাব দফতর সম্পাদক হাসান, কেন্দ্রীয় ছাত্রদল নেতা আশরাফুল আসাদ, ঢাকা মহানগর উত্তর ছাত্রদলের সিনিয়র যুগ্ম সাধারণ সম্পাদক মনজুরুল হাসান ইফাত, স্বেচ্ছাসেবেক দলের যুগ্ম আহ্বায়ক মহসিন হোসেন, কাফরুল থানা স্বেচ্ছাসেবক দলের সাধারণ সম্পাদক সুমন হোসেন, কাফরুল থানা মহিলা দলের আহ্বায়ক নাজমা আক্তার, কাফরুল শ্রমিক দলের সাধারণ সম্পাদক শরিফুল ইসলাম রুবেল, যুবদল নেতা পারভেজ, কাফরুল থানার সিনিয়র যুগ্ম সাধারণ সম্পাদক মোওাদিরুল ইসলাম শাকিল, আব্দুল হক শেখ, ফরিদ, ছাত্রদল নেতা বাপ্পী প্রমুখ।",0,0,1,1,False
" তিন দিনের গণসংযোগ ও লিফলেট বিতরণ কর্মসূচি ঘোষণা করেছে বিএনপি। সরকারের পদত্যাগ ও নির্বাচনকালীন নির্দলীয় তত্ত্বাবধায়ক সরকারব্যবস্থা পুনঃপ্রতিষ্ঠার এক দফা দাবি এবং নির্বাচন বর্জন ও অসহযোগ আন্দোলনের অংশ হিসেবে এই কর্মসূচি দিয়েছে দলটি। আগামীকাল মঙ্গলবার থেকে বৃহস্পতিবার পর্যন্ত এই কর্মসূচি পালন করা হবে।বিএনপির জ্যেষ্ঠ যুগ্ম মহাসচিব রুহুল কবির রিজভী আজ সোমবার বিকেলে এক ভার্চ্যুয়াল সংবাদ সম্মেলনে নতুন কর্মসূচি ঘোষণা করেন।গত ২৮ অক্টোবর নয়াপল্টনে বিএনপির মহাসমাবেশ পুলিশের অভিযানে পণ্ড হওয়ার পর ২৯ অক্টোবর থেকে দলটি চার দফা হরতাল ও ১৩ দফা অবরোধ কর্মসূচি পালন করে। এরপর লিফলেট বিতরণ ও গণসংযোগ কর্মসূচি দিয়ে আসছে দলটি। এরই ধারাবাহিকতায় আরও তিন দিন একই কর্মসূচির ঘোষণা দিয়েছে বিএনপি।সংবাদ সম্মেলনে রুহুল কবির অভিযোগ করে বলেন, ‘স্বাধীন বাংলাদেশের জনগণ এখন নিজ দেশেই পরাধীন। সরকার অবৈধ ক্ষমতালিপ্সার খায়েশ মেটাতে বাংলাদেশকে তাঁবেদার রাষ্ট্রে পরিণত করেছে। লাখো প্রাণের বিনিময়ে অর্জিত স্বাধীনতার গৌরব ধুলায় মিশিয়ে দিয়ে এখন বিনা ভোটে রাষ্ট্রক্ষমতা দখল করে রেখেছে।’শ্রম আইন লঙ্ঘনের মামলায় নোবেলজয়ী ড. মুহাম্মদ ইউনূসের কারাদণ্ডের রায় নিয়ে রুহুল কবির বলেন, প্রতিহিংসার বশবর্তী হয়ে এ রায় দেওয়া হয়েছে।",0,0,1,1,False
" আসন্ন জাতীয় সংসদ নির্বাচন ঠেকানোর জন্য বিএনপির অসহযোগ আন্দোলন চলছে। ভোট বর্জন করার জন্য তারা প্রতিদিন লিফলেট বিতরণ করছে।এছাড়া একগুচ্ছ অভিযোগ নিয়ে জাতিসংঘে চিঠি পাঠিয়েছে দলটি। রবিবার (৩১ ডিসেম্বর) ঢাকাস্থ দূতাবাস পাঠানো হয়েছে এ চিঠি।বিএনপির আন্তর্জাতিক সম্পর্ক বিষয়ক কমিটির পক্ষ থেকে জানানো হয়েছে- জাতিসংঘের মহাসচিবের দপ্তর চিঠি গ্রহণ করেছেন।জাতিসংঘে পাঠানো চিঠিতে বিএনপি জানিয়েছে, ‘বর্তমান সরকারের অধীনে ২০১৪ ও ২০১৮ সালের দুটি বিতর্কিত নির্বাচনের পটভূমিতে, আবারও আগামী ৭ জানুয়ারি নির্বাচনের নামে একটি প্রহসনমূলক ও সহিংস কারচুপির দিকে এগিয়ে যাচ্ছে বাংলাদেশ। তথাকথিত এই ‘ডামি নির্বাচন’ সামনে রেখে রাষ্ট্রীয় পৃষ্ঠপোষকতায় যে নাশকতা চলছে, তাতে শুধু গণতন্ত্রকামী রাজনৈতিক নেতা-কর্মীরাই নন, নিপীড়ন-নিষ্পেষণের শিকার হচ্ছেন খেটে খাওয়া প্রান্তিক মানুষ। সরকারি-বেসরকারি প্রতিষ্ঠান-কাঠামোতে, বিশেষত বাস-ট্রেনে পরিকল্পিত হামলার মাধ্যমে, জনগণের জানমাল ও নিরাপত্তা-স্বাধীনতা বিনষ্ট করছে আওয়ামী লীগ ও আইনশৃঙ্খলা বাহিনীর একাংশ।সহিংসতার বিষয় উল্লেখ করে চিঠিতে বলা হয়েছে, চলমান অগ্নিসংযোগের প্রতিটি ঘটনায় একটি সুনির্দিষ্ট প্যাটার্ন লক্ষ্য করা যাচ্ছে, যার একমাত্র বেনিফিশিয়ারি আওয়ামী লীগ ও তার অধীনস্থ রাষ্ট্রযন্ত্র, আর প্রধান ভুক্তভোগী বাংলাদেশ জাতীয়তাবাদী দল-বিএনপি। ক্ষমতাসীন শীর্ষ নেতৃত্ব ও পুলিশের ঊর্ধ্বতন কর্মকর্তাবৃন্দ কোনো তদন্ত, তথ্য বা সূত্র ছাড়াই প্রতিটি ঘটনার পরপর অবলীলায় ও একই সুরে অগ্নিসন্ত্রাসের দায় বিএনপির ওপর চাপিয়ে দিচ্ছেন। নিজেদের সুপরিকল্পিত এই ধ্বংসযজ্ঞকে রাজনৈতিক হাতিয়ার হিসেবে অপব্যবহার করে তারা রাষ্ট্রীয় দমন-নিপীড়নকে উসকে দিচ্ছেন, যা শেখ হাসিনার প্রতিহিংসামূলক বক্তব্যে বারবার প্রমাণিত হয়েছে।গত ১৯ ডিসেম্বর ট্রেনে মর্মান্তিক ঘটনার উল্লেখ করে চিঠিতে বলা হয়েছে, ঢাকায় চলন্ত ট্রেনের তিনটি বগিতে অগ্নিসংযোগ করা হয় এবং চারজন যাত্রী মারা যান। ঘটনার বিশ্লেষণে প্রতীয়মান যে, রাষ্ট্রযন্ত্রের একটি চিহ্নিত অংশের যোগসাজশে এই নাশকতা সংঘটিত হয়েছে। অগ্নিকাণ্ডের দুই দিন আগেই, ১৯ ডিসেম্বরের জন্য স্বাস্থ্য অধিদপ্তরের মহাপরিচালককে বিশেষভাবে সরকারি হাসপাতালগুলোতে পর্যাপ্ত শয্যা, জরুরি পরিষেবা, ডাক্তার এবং অ্যাম্বুলেন্স প্রস্তুত রাখার জন্য ঢাকা মেট্রোপলিটন পুলিশ-ডিএমপির নির্দেশনা দেওয়া হয়েছিল। আমাদের বিশ্বাস করার যথেষ্ট কারণ রয়েছে যে, এই নির্দেশনাটি কোনো কাকতালীয় বিষয় নয়। ডিএমপির এই প্রস্তুতিমূলক উদ্যোগ কেন নেওয়া হয়েছিল, নাশকতার সুস্পষ্ট তথ্য ও পরিকল্পনা তাদের কাছে কীভাবে এল এবং তারপরও এটি রোধে কেন তারা কোনো ব্যবস্থা নিলেন না, জনমনে এসব প্রশ্ন রয়েছে। ’বিগত বছরগুলোতে বিএনপি যতবার জনগণকে সাথে নিয়ে শান্তিপূর্ণ কর্মসূচি ঘোষণা করেছে, আওয়ামী লীগও একই দিনে পরিকল্পিত নাশকতার উদ্দেশ্যে কর্মসূচি আহ্বান করেছে। আমরা দলের সর্বোচ্চ পর্যায় থেকে সর্বদা একটি অহিংস আন্দোলন বজায় রাখার উপর জোর দিয়েছি এবং সকল উসকানি এড়ানোর আহ্বান জানিয়েছি। গত ২৮ অক্টোবর আমরা ঢাকায় একটি মহাসমাবেশের আয়োজন করেছিলাম, যেখানে সারা দেশ থেকে গণতন্ত্রকামী লাখ লাখ মানুষ যোগ দিয়েছিলেন। নানা প্রতিকূলতা-প্রতিবন্ধকতা পেরিয়ে, জনগণের স্বতঃস্ফূর্ত অংশগ্রহণ আবারও প্রমাণ করেছিল, বিএনপির পক্ষে ব্যাপক জনসমর্থন রয়েছে এবং একটি সত্যিকারের নির্বাচন হলে আওয়ামী লীগের বিব্রতকর পরাজয় অনিবার্য। আর তাই, আমাদের মহাসমাবেশকে বানচাল ও চলমান শান্তিপূর্ণ আন্দোলনকে প্রশ্নবিদ্ধ করতে, সেদিন একটি ধ্বংসাত্মক পরিকল্পনা বাস্তবায়ন করে শেখ হাসিনার আজ্ঞাবহ পুলিশের চিহ্নিত অংশ। ’ওই চিঠিতে বলা হয়েছে, মুখোশধারী আওয়ামী লীগের নেতা-কর্মীরা পুলিশের সহায়তায়, প্রধান বিচারপতির বাসভবনে হামলা চালায় এবং পুলিশ হাসপাতালের সামনে বাস ও গাড়িতে আগুন দেয়। তারা প্রকাশ্য দিবালোকে একজন পুলিশ সদস্যকে হত্যাও করে, কিন্তু আশ্চর্যজনকভাবে পুলিশের কেউ তাকে উদ্ধার করতে এগিয়ে আসেনি, যা ভিডিওতে স্পষ্ট দেখা যায়। এই নৃশংসতার পর, বিএনপির নেতৃত্বে গণতন্ত্রের পক্ষের রাজনৈতিক দলসমূহ, ফ্যাসিবাদী অপশাসনের বিরুদ্ধে আন্দোলনকে জোরদারের প্রস্তুতি নিলে আওয়ামী লীগ ও রাষ্ট্রীয় প্রতিষ্ঠানগুলো দেশজুড়ে যানবাহনে অগ্নিসংযোগের এক নোংরা কৌশল অবলম্বন করে। অগ্নিসংযোগের ঘটনা বন্ধ করতে বা প্রকৃত অপরাধীদের গ্রেপ্তারে, ইচ্ছাকৃত নিষ্ক্রিয়তা প্রমাণ করে যে, পুলিশের সহযোগিতায় ও পরিকল্পিতভাবে এই হামলাগুলো চালানো হচ্ছে। অগ্নিসন্ত্রাসের সময় নীরব দর্শক হিসেবে পুলিশের মৌন সহযোগিতা, নাশকতা শেষে অপরাধীদের অবলীলায় ঘটনাস্থল থেকে সটকে পড়া এবং পরবর্তীতে এর দায়ে বিএনপির লাখ লাখ নেতাকর্মীর বিরুদ্ধে মিথ্যা মামলা, প্রায় ২৫ হাজার গণগ্রেপ্তার ও ২৭ জন নিরপরাধ মানুষকে হত্যা- গত দুই মাসের ঘটনাপ্রবাহের বিশ্লেষণে আওয়ামী লীগের একটি বৃহৎ ষড়যন্ত্রের আলামত স্পষ্ট। এটি অত্যন্ত পরিতাপের বিষয় যে, আইনশৃঙ্খলা বাহিনী নিজেরা তালিকা করে ধারাবাহিকভাবে আন্দোলন-সংগ্রামে সক্রিয় বিএনপির নেতাকর্মীদের আটক করছে। বিশেষত অগ্নিসন্ত্রাসের অভিযোগে তারা ছাত্রদল ও যুবদলের সদস্যদের টার্গেট করছে, মিথ্যা মামলায় ফাঁসাচ্ছে। পুলিশের দাবি করা তথাকথিত সহিংসতার স্পট থেকে অনেক দূরে, ভিন্ন কোনো এক জায়গা থেকে গ্রেপ্তারের পর প্রতারণামূলকভাবে সেই গায়েবি ঘটনার সঙ্গে আমাদের ছেলেদের সম্পৃক্ত করে অভিযোগ বানাচ্ছে।ওই চিঠিতে আরও বলা হয়েছে, ‘বানোয়াট অভিযোগ ও গায়েবি মামলাসমূহ সাজানো হচ্ছে বাংলাদেশে গণতন্ত্র ও ভোটের অধিকার পুনরুদ্ধারে বিএনপির আন্দোলনকে বাধাগ্রস্ত করার জন্য। আইনশৃঙ্খলা বাহিনী ও বিচার বিভাগের যৌথ এই উদ্যোগ আসলে সরকারের মাস্টার প্ল্যানেরই অংশ। এটি আজ দৃশ্যমান যে, সরকার একটি সিস্টেম্যাটিক ফরমুলা অনুসরণ করছে। প্রথমে তারা মিডিয়া কাভারেজ দিয়ে নাশকতার ঘটনা তৈরি করে। এরপর বিএনপিসহ গণতন্ত্রের পক্ষের শক্তিসমূহের উপর দায় চাপিয়ে আমাদের নেতাকর্মীদের গণগ্রেপ্তার করে। পরবর্তীতে তারা রাজনৈতিকভাবে উদ্দেশ্যপ্রণোদিত রায় প্রদান করে ও আমাদের চলমান আন্দোলনকে বিতর্কিত করার একটি হীন প্রচার চালায়। এই পরিকল্পনারই অবিচ্ছেদ্য অংশ হলো দেশব্যাপী অগ্নিসংযোগের মাধ্যমে অস্থিতিশীলতা সৃষ্টি এবং এই নাশকতাগুলোকে একটি রাজনৈতিক হাতিয়ার হিসেবে ব্যবহার করে আন্দোলনকে স্তিমিত করে দেওয়া। বাংলাদেশের গণতান্ত্রিক মূল্যবোধের প্রতিনিধিত্বকারী দল বিএনপির সিনিয়র নেতৃবৃন্দ সম্মিলিতভাবে অগ্নিসংযোগ করছেন, অবিশ্বাস্য এই হীন অপবাদ চাপিয়েই পুলিশ কাল্পনিক মামলা এবং বানোয়াট অভিযোগ নথিভুক্ত করে চলেছে। এমনকি ইতোমধ্যে বিএনপির যেসব সদস্য মারা গিয়েছেন বা গুমের শিকার হয়েছে, সেসব ব্যক্তিদের বিরুদ্ধেও অভিযোগ দায়ের করা হচ্ছে। কোনো নিরপেক্ষ বা স্বাধীন সাক্ষী ছাড়াই মিথ্যা পুলিশি সাক্ষ্যকে একমাত্র প্রমাণ হিসেবে ব্যবহার করা হচ্ছে। ফলে বিচার বিভাগের ধারাবাহিক পূর্বপরিকল্পিত এই রায়সমূহ আইনের অনুশাসনের সার্বিক অবক্ষয়কে পুনঃপ্রমাণিত করে তুলছে।",0,0,1,1,False
" দ্বাদশ জাতীয় সংসদ নির্বাচনে নৌকা প্রতীকের পক্ষে প্রচারে বাঁধা ও হুমকির অভিযোগে ঝিনাইদহের শৈলকুপায় দুই ইউনিয়ন পরিষদের (ইউপি) সদস্য সংবাদ সম্মেলন করেছেন। শুক্রবার (২২ ডিসেম্বর) বেলা ১১টায় শৈলকুপা প্রেসক্লাব কার্যালয়ে ইউপি সদস্য এ সংবাদ সম্মেলন করেন। ভুক্তভোগীরা হলেন, ধলহরাচন্দ্র ইউনিয়নের চরমালিথিয়া গ্রামের রতন চন্দ্র কুন্ডু ও মালিথিয়া গ্রামের সুজন সরকার এ সংবাদ সম্মেলন করেন।দুই ইউপি সদস্যের অভিযোগ, ধলহরাচন্দ্র ইউনিয়ন আওয়ামী লীগের সাধারণ সম্পাদক, সাবেক ইউপি সদস্য ও স্বতন্ত্র প্রার্থী নজরুল ইসলাম দুলালের সমর্থক চাঁদ আলী মন্ডল তাদেরকে ট্রাক প্রতীকে নির্বাচন করার প্রস্তাব দেয়। এসময় চাঁদ আলী মন্ডলের প্রলোভনে রাজি না হওয়ায় মারধর ও প্রাণনাশের হুমকি দিয়েছে বলে লিখিত বক্তব্যে পাঠ করেন। লাঙ্গলবাঁধ এলাকায় নৌকার প্রচারে বিঘ্ন ও পোস্টার লাগাতে দিচ্ছেন না বলেও অভিযোগ করেন তারা।সংবাদ সম্মেলনে ভুক্তভোগীরা জানান, সুজনের ছেলে কার্তিক সরকার গত বুধবার সকালে নৌকার পোস্টার লাগাতে গেলে চাঁদ আলী তাকে বলে, ‘তোর বাবাকে বলে দিস ওর সময় খুবই কম।’ চাঁদ আলী মন্ডলের সঙ্গে তাদের ব্যক্তিগত বিরোধ নেই। চাঁদ আলীর ভয়ে তারা বাড়ি ছাড়া রয়েছেন বলেও অভিযোগ করেন তারা।",0,0,1,1,False
" দ্বাদশ সংসদ নির্বাচনে নিজ আসন নোয়াখালী-৫ (কোম্পানীগঞ্জ-কবিরহাট)-এ নির্বাচনী প্রচারণা শুরু করেছেন আওয়ামী লীগের সাধারণ সম্পাদক ওবায়দুল কাদের। ভোটের মাঠে নেমেই দলীয় প্রার্থীদের উদ্দেশে আওয়ামী লীগের শীর্ষ এই নেতা বলেছেন, নির্বাচনের আচরণবিধি মেনে চলতে হবে। ফাউল করলে খবর আছে। আমরা কারো জন্য তদবির করবো না।শুক্রবার (২২ ডিসেম্বর) বিকেলে নোয়াখালীর কোম্পানিগঞ্জের বসুরহাটে নির্বাচনী এক পথসভায় তিনি এসব কথা বলেন।ওবায়দুল কাদের বলেন, গণতন্ত্রকে বাঁচাতে হলে বাংলাদেশকে বাঁচাতে হবে। গণতন্ত্রকে বাঁচাতে হলে সংবিধানকে বাচাতে হবে। বাংলাদেশের মুক্তিযুদ্ধকে বাঁচাতে হলে আওয়ামী লীগকে বাঁচাতে হবে।এদিন বিকেলে সাড়ে ৩টায় বসুরহাট পৌরসভার ১নং ওয়ার্ডের বড় রাজাপুর গ্রামের মিয়া বাড়ির পারিবারিক কবরস্থানে বাবা-মায়ের কবর জিয়ারতের মাধ্যমে প্রচারণার শুরু করেন আওয়ামী লীগের কেন্দ্রীয় এই নেতা।এসময় তার ছোট ভাই নোয়াখালীর কোম্পানীগঞ্জের বসুরহাট পৌরসভার মেয়র ও উপজেলা আওয়ামী লীগের সভাপতি আবদুল কাদের মির্জা ও আওয়ামী লীগ ও সহযোগী সংগঠনের নেতাকর্মীরা উপস্থিত ছিলেন।",0,0,1,1,False
"নোয়াখালী-২ (সেনবাগ ও সোনাইমুড়ি উপজেলার বারগাও, নাটেশ্বর, অম্বর নগর ইউনিয়ন) আসনের আওয়ামী লীগ মনোনীত প্রার্থী মোরশেদ আলমকে হত্যার হুমকির অভিযোগ উঠেছে। রবিবার দুপুর (২৪ ডিসেম্বর) ১টার দিকে এ ঘটনায় উপজেলা আওয়ামী লীগের সাধারণ সম্পাদক লায়ন জাহাঙ্গীর আলম মানিকের বিরুদ্ধে জেলা রিটার্নিং কর্মকর্তা বরাবর লিখিত অভিযোগ দিয়েছেন মোরশেদ আলম ।এর আগে, গত শুক্রবার (২২ ডিসেম্বর) দুপুরে সেনবাগের ছমির মুন্সিরহাটে এক অনুষ্ঠানে সাধারণ সম্পাদক মানিক এ হুমকি দেন বলে অভিযোগ মোরশেদ আলমের।জানা গেছে, মানিক নৌকার বিরোধিতা করে সতন্ত্র প্রার্থী আতাউর রহমান মানিকের কাঁচি প্রতীকের পক্ষে কাজ করছেন। শুক্রবার দুপুরে নিজের অনুসারীদের নিয়ে কাঁচি প্রতীকের সমর্থনে নিজের প্রতিষ্ঠিত ‘লায়ন জাহাঙ্গীর আলম মানিক মহিলা কলেজে’ এক সভার আয়োজন করেন। সভায় মোরশেদ আলমকে রক্তাক্ত করে বঙ্গোপসাগরে ফেলে দেওয়ার হুমকি দেন জাহাঙ্গীর আলম মানিক। এ ধরনের একটি ভিডিও সামাজিক যোগাযোগ মাধ্যম ফেসবুকে ছড়িয়ে পড়েছে।নৌকার প্রার্থী মোরশেদ আলম এ বিষয়ে বলেন, ‘মানিক সেনবাগ উপজেলা আওয়ামী লীগের সাধারণ সম্পাদক। আমি হলাম উপজেলা আওয়ামী লীগের সভাপতি ও নৌকার প্রার্থী। সে আমাকে রক্তাক্ত করে বঙ্গোপসাগরে ফেলে দেওয়ার হুমকি দিয়েছে। তাই জেলা রিটার্নিং কর্মকর্তা বরাবর লিখিত অভিযোগ দিয়েছি।’অভিযোগের বিষয়ে জানতে একাধিকবার সেনবাগ উপজেলা আওয়ামী লীগের সাধারণ সম্পাদক মানিকের মোবাইল ফোনে কল করলেও তার কোনো সাড়া মেলেনি।এ বিষয়ে জানতে চাইলে জেলা রিটার্নিং কর্মকর্তা ও নোয়াখালী জেলা প্রশাসক দেওয়ান মাহবুবুর রহমান বলেন, ‘লিখিত অভিযোগ যাচাই করে দেখা হচ্ছে। পরবর্তীতে আইনগত ব্যবস্থা নেওয়া হবে।’",0,0,1,1,False
" পিরোজপুরের মঠবাড়িয়ায় দুই সাংবাদিককে মোবাইল ফোনে হত্যার হুমকি দিয়েছে দুর্বৃত্তরা। রবিবার (২৪ ডিসেম্বর) দুপুরে সাংবাদিক জুলফিকার আমীন সোহেল ও এজাজ চৌধুরী মঠবাড়িয়া থানায় এ ঘটনায় পৃথক দুটি জিডি করেছেন। সোহেল দৈনিক প্রতিদিনের সংবাদ পত্রিকার মঠবাড়িয়া প্রতিনিধি ও এজাজ দৈনিক আমাদের কন্ঠ পত্রিকার মঠবাড়িয়া প্রতিনিধি।সাংবাদিক সোহেল জানান, তিনি পত্রিকায় কাজ করার পাশাপাশি ‘এমবি টিভি’ নামে একটি অনলাইন পেইজ পরিচালনা করেন। সম্প্রতি পিরোজপুর-৩ (মঠবাড়িয়া) আসনের সতন্ত্র প্রার্থী বর্তমান সংসদ সদস্য ডা. মো. রুস্তুম আলী ফরাজির ঈগল প্রতীকের বেশ কয়েকটি প্রচার আপলোড দেন ওই অনলাইন পেইজে। পরে দুর্বৃত্তরা শনিবার (২৩ ডিসেম্বর) মধ্য রাতে দুবার মোবাইল ফোনে হত্যার হুমকি দেয় ও অন্য এক সতন্ত্র প্রার্থীর পক্ষে নির্বাচন প্রচারের আহ্বান জানান। হুমকিদাতা র‌্যাব নাসিরের চাচাতো ভাই সবুজ বলে পরিচয় দেন বলেও অভিযোগ করেন সোহেল।সাংবাদিক এজাজ চৌধুরী জানান, তার ‘মঠবাড়িয়া সমাচার’ নামে অনলাইন পেইজে সতন্ত্র প্রার্থী রুস্তুম আলী ফরাজির ঈগল প্রতীকের বেশ কয়েকটি প্রচার আপলোড দেওয়ায় শনিবার রাতে তাকেও হত্যার হুমকি দেয় দুর্বৃত্তরা । এছাড়া আরো কয়েকজন সাংবাদিককেও মোবাইল ফোনে কল করে হুমকি দেওয়া হয় বলেও অভিযোগ করেন তিনি।মঠবাড়িয়া থানার ভারপ্রাপ্ত কর্মকর্তা (ওসি) মো. শফিকুল ইসলাম জিডির তথ্য নিশ্চিত করে বলেন, ‘বিষয়টি গুরুত্বসহকারে তদন্ত করে দোষীদের আইনের আওতায় আনার চেষ্টা করছি।’",0,0,1,1,False
" আওয়ামী লীগের সাধারণ সম্পাদক ও সেতুমন্ত্রী ওবায়দুল কাদের বলেছেন, এ দেশের রাজনীতিতে বিষফোড়া বিএনপি। এ বিষফোড়াকে রাজনীতিতে থেকে মুছে ফেলতে হবে।শনিবার (২৩ ডিসেম্বর) দুপুরে নোয়াখালীর কোম্পানীগঞ্জের বামনী বাজারে গণসংযোগকালে তিনি এ কথা বলেন।ওবায়দুল কাদের বলেন, বিএনপি স্বাধীনতার শত্রু, গণতন্ত্রের শত্রু। এদের প্রতিহত করার একটা সুযোগ এসেছে। আগামী ৭ জানুয়ারি দলে দলে ভোট দিয়ে এ সুযোগ কাজে লাগান।তিনি বলেন, শুধু নিজেরা ভোট দিলে হবে না, বাড়িতে থাকা মা-বোনদের দলে দলে কেন্দ্রে নিয়ে আসতে হবে। শুধু এ অনুরোধ করতেই আমি এখানে এসেছি।এর আগে ওবায়দুল কাদের সকাল থেকে কোম্পানীগঞ্জের বসুরহাট, শান্তিরহাট, রংমালা বাজার, বাংলা বাজার এবং পরে পেশকারহাট, নতুন বাজার ও টেকেরবাজারসহ আশপাশের এলাকায় গণসংযোগ করেন।মন্ত্রী দুপুরে কোম্পানীগঞ্জের বসুরহাট পৌরসভা ১ নম্বর ওয়ার্ডের বড় রাজাপুর গ্রামের নিজ বাড়িতে মধ্যহ্নভোজ শেষে বিকেল ৩টা নির্বাচনী এলাকার আরেক উপজেলা কবিরহাটে পথসভায় বক্তব্য দেবেন। কবিরহাট উপজেলা আওয়ামী লীগের সাধারণ সম্পাদক পৌর মেয়র জহিরুল হক রায়হান বিষয়টি নিশ্চিত করেন।নোয়াখালী-৫ আসনে ওবায়দুল কাদেরের সঙ্গে জাতীয় পার্টির কেন্দ্রীয় সদস্য ব্যারিস্টার তানভীর আহমেদ (লাঙ্গল), জাসদের মকছুদের রহমান মানিক (মশাল), ইসলামী ফ্রন্টের মোহাম্মদ শামছুদ্দোহা (চেয়ার) ও সাংস্কৃতিক মুক্তিজোটের শাকিল মাহমুদ চৌধুরী (ছড়ি) প্রতিদ্বন্দ্বিতা করছেন।ওবায়দুল কাদের নোয়াখালী-৫ (কোম্পানীগঞ্জ-কবিরহাট) আসনে টানা চতুর্থবারের মতো আওয়ামী লীগ মনোনীত নৌকার প্রার্থী। তিনি ১৯৯৬ সালে এ আসন থেকে প্রথম সংসদ সদস্য নির্বাচিত হন। পরে ২০০৮ সাল থেকে টানা তিনবার সংসদ সদস্য নির্বাচিত হন।এ আসনে ওবায়দুল কাদেরের চিরপ্রতিদ্বন্দ্বী ছিলেন বিএনপির স্থায়ী কমিটির সদস্য প্রয়াত ব্যারিস্টার মওদুদ আহমদ। তিনি ২০২১ সালের ১৬ মার্চ মারা যান। তিনি জাতীয় পার্টি সরকারে উপরাষ্ট্রপতি এবং ২০০১ সালে বিএনপি সরকারের আইন বিচার ও সংসদ বিষয়ক মন্ত্রী ছিলেন।",0,0,1,1,False
" যারাই নির্বাচনের পরিবেশ দূষিত করবে, সংঘাতে জড়াবে তাদের বিরুদ্ধে আইন প্রয়োগকারী সংস্থা যথাযথ ব্যবস্থা নেবে বলে জানিয়েছেন আওয়ামী লীগের সাধারণ সম্পাদক ও সেতুমন্ত্রী ওবায়দুল কাদের। সোমবার (২৫ ডিসেম্বর) দুপুরে রাজধানীর ধানমন্ডিতে আওয়ামী লীগ সভাপতির রাজনৈতিক কার্যালয়ে আয়োজিত এক সংবাদ সম্মেলনে এ কথা বলেন তিনি।এ সময় বেসরকারি গবেষণা প্রতিষ্ঠান সেন্টার ফর পলিসি ডায়ালগের (সিপিডি) কাছে ব্যাংক থেকে লোপাট হওয়া ৯২ হাজার কোটি টাকার সন্ধান চেয়েছেন আওয়ামী লীগ সাধারণ সম্পাদক। তিনি বলেন, সিপিডি যেহেতু অনিয়মের অভিযোগ এনেছে, তাদেরই বলতে হবে সেই টাকাগুলো কোথায় আছে। তারা যদি বিস্তারিত তথ্য দেয়, আমরা সেই টাকা দেশে ফিরিয়ে আনবো।আসন্ন নির্বাচন নিয়ে তিনি বলেন, ‘যারা নির্বাচন অনুষ্ঠানে বিঘ্ন সৃষ্টি করবে, তাদেরকে নিষেধাজ্ঞা দেয়া এবং তাদের বিরুদ্ধে প্রয়োগ করা এটাতো আমেরিকার বহুল প্রচারিত ঘোষণা। কোনো প্রার্থী সহিংসতায় জড়ালে, নির্বাচন কমিশন যে পদক্ষেপ নেবে, তা মেনে নেবে আওয়ামী লীগ।ওবায়দুল কাদের আরও বলেন, সংঘাতের আশঙ্কা সবসময় থাকেই। তবে এ বিষয়ে আওয়ামী লীগ সভাপতির জিরো টলারেন্স। যারাই নির্বাচনের পরিবেশ দূষিত করবে, সংঘাতে জড়াবে তাদের বিরুদ্ধে আইন প্রয়োগকারী সংস্থা যথাযথ ব্যবস্থা নেবে। ইশতেহার প্রসঙ্গে ওবায়দুল কাদের বলেন, যারা বিরোধিতা করছে, তাদের ইশতেহার ঘোষণার অনুষ্ঠানে আমন্ত্রণ জানানো হবে না। যারা নির্বাচনের পক্ষে তারাই আমন্ত্রণ পাবেন।তিনি বলেন, নির্বাচন সংক্রান্ত যত অভিযোগ সেটি কমিশন দেখবে। নির্বাচন কমিশন স্বাধীন একটি প্রতিষ্ঠান। আচরণবিধি লঙ্ঘন হলে দেখার দায়িত্ব কমিশনের। আমি কোনো দল বুঝি না, ১৮৯৫ জন প্রতিদ্বন্দ্বিতা করছে। সবাই প্রতিদ্বন্দ্বী। এ প্রতিদ্বিন্দ্বিতা বিঘ্নিত হলে, প্রতিযোগিতায় বিশৃঙ্খলা হলে, কমিশন ব্যবস্থা নিলে দল হিসেবে আওয়ামী লীগ আপত্তি করবে না। সহিংসতায় জড়িয়ে পড়ার কোনো সুযোগ নেই।",0,0,1,1,False
" চাঁপাইনবাবগঞ্জের শিবগঞ্জে নৌকা প্রতীকের পোস্টার ও ফেস্টুন ছিঁড়ে ফেলার অভিযোগ উঠেছে। এ নিয়ে রবিবার (২৪ ডিসেম্বর) দুপুরে শিবগঞ্জ থানার ভারপ্রাপ্ত কর্মকর্তা (ওসি) ও সহকারী রিটার্নিং কর্মকর্তা বরাবর লিখিত অভিযোগ দিয়েছেন চাঁপাইনবাবগঞ্জ-১ (শিবগঞ্জ) আসনের আওয়ামী লীগ মনোনীত প্রার্থী ডা. সামিল উদ্দিন আহমেদ শিমুল।অভিযোগ এমপি শিমুল উল্লেখ করেন, গত তিনদিন থেকে উপজেলার কানসাট আব্বাস বাজার, বিশ্বনাথপুর, শিবগঞ্জ পৌর এলাকার সেলিমাবাদ খানপাড়া, ইসরাইল মোড়, মনাকষার খড়িয়াল, উজিরপুর ও রাণীহাটি বাজারসহ বিভিন্ন এলাকায় নৌকা মার্কার নির্বাচনী পোস্টার, ফেস্টুন, ব্যানার ও পোস্টার লাগানোর সরঞ্জাম ছিঁড়ে ফেলা হয়েছে। তবে কে বা কারা এসব ছিড়েছেন, তা উল্লেখ না করলেও এ জন্য তিনি প্রতিপক্ষকে দায়ি করেন।সামিল উদ্দিন শিমুল বলেন, ‘উপজেলার বিভিন্ন স্থানে নির্বাচনী পোস্টার ও ফেস্টুন ছিঁড়ে ফেলা হয়েছে। ইতিমধ্যে রিটার্নিং কর্মকর্তা ও সহকারী রিটার্নিং কর্মকর্তাসহ সংশ্লিষ্ট কর্তৃপক্ষের কাছে অভিযোগ করা হয়েছে। নৌকার জনপ্রিয়তায় ঈর্ষান্বিত হয়ে প্রতিপক্ষের লোকজনই এ ঘটনা ঘটিয়েছে বলে প্রাথমিকভাবে ধারণা করা হচ্ছে।’জানতে চাইলে সহকারী রিটার্নিং কর্মকর্তা ও উপজেলা নির্বাহী কর্মকর্তা (ইউএনও) এ এফ এম আবু সুফিয়ান জানান, এ ঘটনায় তদন্ত কমিটি গঠন করা হয়েছে। অপরাধীদের চিহ্নিত করে প্রয়োজনীয় ব্যবস্থা নেওয়া হবে।",0,0,1,1,False
" আসন্ন দ্বাদশ জাতীয় সংসদ নির্বাচনে কুমিল্লা-১১ (চৌদ্দগ্রাম) আসনে প্রতীক বরাদ্দের সাতদিনেও দেখা মেলেনি লাঙ্গল প্রতীকের মো. মোস্তফা কামালের।জানা যায়, গত ১৮ ডিসেম্বর প্রতীক বরাদ্দের পর থেকেই আওয়ামী লীগ, ইসলামী ঐক্যজোট, গণফোরাম ও স্বতন্ত্র প্রার্থীদের ব্যানার, পোস্টার, গণসংযোগ ও নির্বাচনী সমাবেশের মাধ্যমে প্রচার চালিয়ে যাচ্ছেন। পক্ষান্তরে নির্বাচনী এলাকার কোথাও লাঙ্গল প্রতীকের কোনো চিহ্ন দেখা যায়নি। আওয়ামী লীগের সঙ্গে জাতীয় পার্টির সমঝোতা হওয়ার আগ পর্যন্ত সরব দেখা গেলেও এখন আর তাকে এলাকায় দেখা যাচ্ছে না। এদিকে দলীয় প্রার্থীর এমন নিরবতায় হতাশা প্রকাশ করেছেন জাতীয় পার্টির (জাপা) স্থানীয় নেতাকর্মীরা।নাম প্রকাশে অনিচ্ছুক নেতাকর্মীরা বলেন, দলের ত্যাগী নেতাকর্মীদের মূল্যায়ন না করে অতিথি পাখিদের মূল্যায়নের কারণেই জাতীয় পার্টির আজ এ দৈন্যদশা। চৌদ্দগ্রামকে একসময়ে জাতীয় পার্টির ঘাটি হিসেবে মনে করা হলেও আজ সেই পরিচিতি হারিয়ে যেতে বসেছে।দলীয় নেতাকর্মীরা আরো জানান, নির্বাচন উপলক্ষে কুমিল্লা-১১ (চৌদ্দগ্রাম) আসনে আলমগীর কবির মজুমদার জাতীয় পার্টির মনোনয়ন নিয়ে নির্বাচন করবেন দলীয় নেতাকর্মীরা এমনটাই আশা করেছিলেন। কিন্তু কেন্দ্র থেকে আল মোস্তফা গ্রুপের চেয়ারম্যান মোস্তফা কামালকে মনোনয়ন দেওয়া হয়। যার রাজনীতির সঙ্গে কোনো ধরনের সম্পৃক্ততা নেই বলে দলীয় নেতাকর্মীরা জানান।উপজেলা জাতীয় পার্টির (জাপার) সাধারণ সম্পাদক মো. খোরশেদ আলম জানান, মোস্তফা কামালকে তিনি আগে কখনো দেখেননি এবং তার সঙ্গে কোনো পরিচয় নেই। মনোনয়ন পাওয়ার পর একদিন তার সঙ্গে পরিচয় হয়। নির্বাচন না করলে কেন তিনি মনোয়ন নিয়েছেন সেটা আমার বোধগম্য নয়।এ ব্যাপারে জাপার কেন্দ্রীয় নির্বাহী কমিটির সদস্য কাজী মো. নজমুল বলেন, ‘আমিও গত তিনদিন ধরে প্রার্থীকে কল দিচ্ছি, তিনি কল ধরেননি। এ বিষয়ে প্রার্থীর সঙ্গে কথা বলা ছাড়া কিছু বলতে পারবো না।’এ বিষয়ে জানতে চৌদ্দগ্রাম আসনে জাপা মনোনীত লাঙ্গল প্রতীকের প্রার্থী মো. মোস্তফা কামালকে মোবাইল ফোনে একাধিকবার কল দিলেও তার কোনো সাড়া মেলেনি।নির্বাচনে মোস্তফা কামাল ছাড়াও আরো সাতজন প্রার্থী প্রতিদ্বন্দ্বিতা করছেন। তারা হলেন আওয়ামী লীগ মনোনীত সাবেক রেলমন্ত্রী মো. মুজিবুল হক এমপি (নৌকা), স্বতন্ত্র প্রার্থী চৌদ্দগ্রাম পৌরসভার সাবেক মেয়র ও উপজেলা আওয়ামী লীগের সদস্য মিজানুর রহমান (ফুলকপি), উজিরপুর ইউনিয়ন যুবলীগের সভাপতি মিয়া নিজাম উদ্দিন (ঈগল), গণফোরাম এড. আবদুর রহমান জাহাঙ্গীর, ইসলামী ঐক্যজোট খোরশেদ আলম (মিনার), বিএনএফ জসিম উদ্দিন (টেলিভিশন), তৃণমূল বিএনপি ইলিয়াস মজুমদার (সোনালী আঁশ)।আগামী ৭ জানুয়ারি নির্বাচনে কুমিল্লা-১১ (চৌদ্দগ্রাম) আসনে ১২৫টি কেন্দ্রে ভোট গ্রহণ করা হবে। এই আসনে ৩ লাখ ৯৩ হাজার ৮০৬ জন ভোটার রয়েছে। এর মধ্যে পুরুষ ২ লাখ ২ হাজার ৮৯ জন ও মহিলা ১ লাখ ৯১ হাজার ৭১৪ জন এবং তৃতীয় লিঙ্গ ৩ জন।",0,0,1,1,False
" দ্বাদশ জাতীয় সংসদ নির্বাচনে দ্বৈত নাগরিকত্ব থাকায় ক্ষমতাসীন আওয়ামী লীগের দুই জনসহ মোট তিন প্রার্থীর মনোনয়ন বাতিল করেছে নির্বাচন কমিশন (ইসি)। আপিল শুনানিতে আওয়ামী লীগের মনোনীত প্রার্থী বরিশাল-৪ আসনের শাম্মী আহমেদ ও ফরিদপুর-৩ আসনের শামীম হক এবং বরিশাল-৫ আসনের স্বতন্ত্র প্রার্থী সাদিক আবদুল্লাহর প্রার্থিতা বাতিল করেছে সংস্থাটি। তবে, ফরিদপুর-৩ আসনের স্বতন্ত্র প্রার্থী আবদুল কাদের আজাদের (এ কে আজাদ) বিরুদ্ধে দ্বৈত নাগরিকত্বের অভিযোগ এনে করা আপিল খারিজ করে দিয়েছে কাজী হাবিবুল আউয়াল কমিশন।শুক্রবার (১৫ ডিসেম্বর) আগারগাঁওয়ে নির্বাচন ভবনে আপিল শুনানিতে এসব রায় দেয় ইসি। আপিল শুনানিতে সভাপতিত্ব করছেন প্রধান নির্বাচন কমিশনার (সিইসি) কাজী হাবিবুল আউয়াল। উপস্থিত আছেন অন্য চার কমিশনারসহ ইসি সচিব।দ্বৈত নাগরিকত্বের কারণে শাম্মী আহমেদের মনোনয়ন বাতিলবরিশাল-৪ আসনে নৌকার প্রার্থী শাম্মী আহমেদ মনোনয়নপত্রে তার দ্বৈত নাগরিকত্ব (অস্ট্রেলিয়া) সংক্রান্ত তথ্য গোপন করেছেন মর্মে রিটার্নিং কর্মকর্তার কাছে অভিযোগ করে তার প্রার্থিতা বাতিল চেয়েছিলেন ওই আসনের স্বতন্ত্র প্রার্থী পংকজ দেবনাথ। অভিযোগ পেয়ে শাম্মী আহমেদের যাচাই-বাছাই শেষে মনোনয়নপত্র বাতিল করেন রিটার্নিং কর্মকর্তা।রিটার্নিং কর্মকর্তার আদেশের বিরুদ্ধে ইসিতে আপিল দায়ের করেন শাম্মী আহমেদ। পরে তার দ্বৈত নাগরিকত্ব সংক্রান্ত তথ্য পররাষ্ট্র মন্ত্রণালয়ের মাধ্যমে ঢাকার অস্ট্রেলিয়া দূতাবাসের সহায়তায় সংগ্রহের জন্য নির্দেশনা দেয় ইসি। তারই পরিপ্রেক্ষিতেই দ্বৈত নাগরিকত্বের প্রমাণ পাওয়ায় শাম্মী আহমেদের মনোনয়ন বাতিল করল কমিশন।দ্বৈত নাগরিকত্বে প্রার্থিতা হারালেন শামীম হকক্ষমতাসীন আওয়ামী লীগের মনোনয়ন পাওয়া ফরিদপুর-৩ আসনের প্রার্থী শামীম হক হলনামায় তথ্য গোপন করায় তার মনোনয়ন বাতিল চেয়ে ইসিতে আপিল করেছিলেন একই আসনের স্বতন্ত্র প্রার্থী এ কে আজাদ। মনোনয়নপত্রে তার দ্বৈত নাগরিকত্ব (নেদারল্যান্ডস) সংক্রান্ত তথ্য গোপন করেছেন মর্মে অভিযোগ করে প্রার্থিতা বাতিল চান স্বতন্ত্র প্রার্থী। তার এই আপিলের পরিপ্রেক্ষিতে শামীম হকের নেদারল্যান্ডসের দ্বৈত নাগরিকত্ব সম্পর্কিত তথ্য পররাষ্ট্র মন্ত্রণালয়ের মাধ্যমে ঢাকার নেদারল্যান্ডস দূতাবাসের সহায়তায় সংগ্রহের জন্য নির্দেশনা দিয়েছিল কমিশন। পরে আওয়ামী লীগের এই প্রার্থীর বিরুদ্ধে আনা অভিযোগ সত্য হওয়ায় আপিলে তার মনোনয়ন বাতিল করল ইসি।শামীম প্রার্থিতা হারালেও ফিরে পেলেন এ কে আজাদপ্রথমে, নৌকার প্রার্থী শামীম হকের প্রার্থিতা বাতিল চেয়ে ইসিতে আবেদন করেছিলেন এ কে আজাদ। পরে এ কে আজাদের বিরুদ্ধে পাল্টা প্রার্থিতা বাতিলের আবেদন করেন শামীম হক। হলফনামায় ‘মিথ্যা তথ্য’ দেওয়ার অভিযোগ তুলে এ কে আজাদের প্রার্থিতা বাতিল চেয়ে ইসিতে আপিল করেন তিনি। তার আপিলের ফলে এ কে আজাদের দ্বৈত নাগরিকত্বের তথ্য দিতে পররাষ্ট্র মন্ত্রণালয়কে নির্দেশ দেয় কমিশন। এক্ষেত্রে সংশ্লিষ্ট দূতাবাসগুলোর মাধ্যমে তথ্য সংগ্রহের জন্য বলেছিল সংস্থাটি।শুনানি শেষে বের হয়ে এ কে আজাদের পক্ষের আইনজীবী বলেন, ফরিদপুর-৩ আসনের আওয়ামী লীগের মনোনীত প্রার্থী শামীম হকের আইনজীবী একটি অভিযোগ দাখিল করেন যে, এ কে আজাদ আমেরিকার নাগরিক। আজ কমিশন শুনানিতে শামীম হকের আইনজীবীর কাছে জানতে চায় তাদের সুনির্দিষ্ট তথ্য প্রমাণ আছে কি না। জবাবে তারা জানান, তাদের কাছে সুনির্দিষ্ট তথ্য নেই। পরে তথ্য প্রমাণ না থাকায় এ কে আজাদের বিরুদ্ধে আনা অভিযোগ খারিজ করে দেয় ইসি।দ্বৈত নাগরিকত্বে বাতিল সাদিক আবদুল্লাহর মনোনয়নবরিশাল-৫ আসনের স্বতন্ত্র প্রার্থী সেরনিয়াবাত সাদিক আবদুল্লাহর মনোনয়নপত্র বাতিল চেয়ে আপিল করেন ওই আসনে আওয়ামী লীগ মনোনীত প্রার্থী জাহিদ ফারুক শামীম। সাদিকের বিরুদ্ধেও দ্বৈত নাগরিকত্বের অভিযোগ আনা হয়। পানিসম্পদ প্রতিমন্ত্রী জাহিদ ফারুক শামীমের পক্ষে তার মনোনয়নপত্রের সমর্থনকারী কে বি এস আহমেদ ইসিতে এই আবেদন করেন।আপিলে সাদিক আবদুল্লাহকে যুক্তরাষ্ট্রের নিউইয়র্কের ভোটার হিসেবে উল্লেখ করে সেখানকার ওয়েবসাইট থেকে নেওয়া তথ্যও যুক্ত করা হয়। আপিল শুনানি শেষে স্বতন্ত্র প্রার্থী সাদিক আব্দুল্লাহর প্রার্থিতা বাতিল করে রায় দেয় ইসি। তবে প্রার্থিতা ফিরে পেতে সাদিক আবদুল্লাহ হাইকোর্টে আবেদন করবেন বলে জানিয়েছেন তার আইনজীবী।",0,0,1,1,False
" আলোচিত চিত্রনায়িকা ও রাজশাহী-১ আসনের স্বতন্ত্র প্রার্থী শারমিন আক্তার নিপাকে (মাহিয়া মাহি) নির্বাচনী আচরণ বিধি ভঙ্গের দায়ে তলব করেছে নির্বাচনী অনুসন্ধান কমিটি।শুক্রবার (১৫ ডিসেম্বর) অনুসন্ধান কমিটির চেয়ারম্যার (যুগ্ম জেলা ও দায়রা জজ, দ্বিতীয় আদালত) মো. আবু সাঈদ তাকে তলব করেন।মাহিকে পাঠানো এ সংক্রান্ত চিঠিতে বলা হয়, গত ১৪ ডিসেম্বর আচরণবিধি লঙ্ঘন করে ভোট চাচ্ছেন মাহি শিরোনামে খবর প্রকাশিত হয়। এছাড়া নির্বাচনী অনুসন্ধান কমিটি জানতে পারে ওই দিন দুপুর থেকে সন্ধ্যা পর্যন্ত নির্বাচনী আচরণ বিধি লঙ্ঘন করে গোদাগাড়ী উপজেলার চরআষারিয়াদহ ইউনিয়নের বিভিন্ন জায়গায় প্রচার শুরু করেন এবং ভোটারদের কাছে ভোট চান।চিঠিতে বলা হয়, জাতীয় সংসদ নির্বাচনে রাজনৈতিক দল ও প্রার্থীর আচরণ বিধিমালা, ২০০৮ এর বিধি ৬(ঘ) ও বিধি ১২ লঙ্ঘন করেছেন শারমিন আক্তার নিপা (মাহি)। যা নির্বাচন-পূর্ব অনিয়ম হিসেবে গণ্য হয়েছে।তাই তার বিরুদ্ধে কেন নির্বাচন কমিশনে ব্যবস্থা গ্রহণের সুপারিশ করা হবে না, আগামী ১৭ ডিসেম্বর বেলা ১১টায় উপস্থিত হয়ে এর ব্যাখ্যা দিতে বলা হয়েছে।",0,0,1,1,False
" বিজয় দিবসে জাতীয় স্মৃতিসৌধে মুক্তিযুদ্ধের বীর শহীদ ও দলের প্রতিষ্ঠাতা জিয়ার রহমানের কবরে শ্রদ্ধা নিবেদন করেছে বিএনপি।সরকার পতনের আন্দোলনে থাকা দলটি বাঙালির এই বিজয়ের দিনে কোনো কর কর্মসূচি না রাখলেও ভোট বয়কটের ডাক দিয়েছে।জিয়ার কবরে শ্রদ্ধা নিবেদনের পর বিএনপির স্থায়ী কমিটির সদস্য নজরুল ইসলাম খান বলেন, “আমরা দেশবাসীর কাছে আহ্বান জানাব আপনাদের মাধ্যমে যে, মহান মুক্তিযুদ্ধে যারা জীবন দিয়েছেন তাদের আত্মর তৃপ্তির জন্য, যারা আহত হয়েছেন, নানাভাবে কষ্ট করেছেন, যারা বিভিন্নভাবে এই যুদ্ধটাকে সফল করার জন্য কাজ করেছে, তাদের সকলের আত্মার শান্তির জন্য এই নির্যাতনকারী, অগণতান্ত্রিক, জোর করে ক্ষমতায় আসীন সরকারের পতন ঘটানোর যে ঐক্যবদ্ধ লড়াই, সেই লড়াইয়ে সবাই শামিল হোন।আর নির্বাচনে যে প্রহসনের খেলা হচ্ছে, এই খেলায় দয়া করে কেউ যুক্ত হবেন না। এই ভোট দেয়ার কোনো অর্থ নাই। এই ভোট না দেয়ার জন্য এবং এই ভোটের কার্য্ক্রমে অংশগ্রহণ না করার জন্য আমরা আহ্বান জানাই। আমরা আহ্বান জানাই যে, বাংলাদেশে সুষ্ঠু গণতন্ত্রের চর্চা হোক।স্থায়ী কমিটির আরেক সদস্য মঈন খান দেশের বর্তমান অর্থনৈতিক বিপর্যয়, সামাজিক অবক্ষয় ও গণতন্ত্রহীন সমাজ ব্যবস্থার জন্য আওয়ামী লীগকে দায়ী করেন।তিনি বলেন, আজকে এই মুহূর্তে এসে আমাদের প্রশ্ন করতে হবে আওয়ামী লীগ যে সরকার চালাচ্ছে তারা স্বাধীনতার কোনো আদর্শকে ধরে রাখতে পেরেছে, সেই প্রশ্ন আজকে বাংলাদেশের প্রত্যেকটি নাগরিককে জিজ্ঞাস করতে হবে। সরকার কি করেছে? মুক্তিযুদ্ধের যে আদর্শ গণতন্ত্র, সেই গণতন্ত্রকে হত্যা করে যে একদলীয় বাকশাল একবার কয়েম করেছিল, এখন আবার অলিখিত নব্য বাকশাল- বাকশাল টু কায়েম করেছে।তিনি বলেন, আজকে আওয়ামী লীগ বাংলাদেশের স্বাধীনতাকে পরাধীন করেছে। সরকার একটা ভুয়া নির্বাচনের তফসিল ঘোষণা করছে। এই ভুয়া নির্বাচনে যেটা তারা করেছে সেটার নাম হচ্ছে ভোট ভাগাভাগি। এখানে কোনো নির্বাচন নাই।এ সময়ে দলের স্থায়ী কমিটির সদস্য সেলিমা রহমান, ভাইস চেয়ারম্যান এজেডএম জাহিদ হোসেন, যুগ্ম মহাসচিব মাহবুব উদ্দিন খোকন, নিপুণ রায় চৌধুরী, কেন্দ্রীয় নেতা মোস্তাফিজুর রহমান বাবুল, নাজিম উদ্দিন আলম, তাইফুল ইসলাম টিপু, আমিরুজ্জামান শিমুল, রফিক শিকদার, সেলিম রেজা হাবিব সম্মিলিত পেশাজীবী পরিষদের কাদের গনি চৌধুরী, অধ্যাপক এবিএম ওবায়দুল ইসলাম, অধ্যাপক গোলাম হাফিজ কেনেডি, অধ্যাপক শামসুল আলম, অধ্যাপক কামরুল আহসান, অধ্যাপক নজরুল ইসলাম, সহ অঙ্গসংগঠনের নেতারা উপস্থিত ছিলেন। পরে দলের প্রতিষ্ঠাতার আত্মার মাগফেরাত কামনা করে বিশেষ মোনাজাতে অংশ নেন নেতা-কর্মীরা।এর আগে সকাল ৯টায় আবদুল মঈন খান, নজরুল ইসলাম খান, সেলিমা রহমানের নেতৃত্বে বিএনপির নেতা-কর্মীরা সাভারে জাতীয় স্মৃতিসৌধে বীর শহীদদের প্রতি শ্রদ্ধা জানান।পরে সাংবাদিকদের কাছে মঈন খান বলেন, স্বাধীনতার একান্ন বছর পাড়ি দিয়েছি আমরা কিন্তু দুঃখের বিষয় মুক্তিযুদ্ধের যে চেতনা ছিল, শহীদদের যে স্বপ্ন ছিল দেশে গণতন্ত্র প্রতিষ্ঠা করা, ৫২ বছরে এসে বলতে হচ্ছে মুক্তিযুদ্ধের সেই চেতনা সম্পূর্ণভাবে ভূলণ্ঠিত। দেশে গণতন্ত্র নাই; অর্থনৈতিক লুটপাট, চাঁদাবাজি। দেশ থেকে বিদেশে অর্থপাচার, যার কারণে আজকে আমাদের অর্থনীতি ফোকলা। দেশের মানুষ দ্রব্যমূল্যের উর্ধ্বগতিতে দিশেহারা।সরকার ক্ষমতায় টিকে থাকার জন্য গায়ের জোরে নিশি রাতে ভোট করেছে। এবার তারা ভাগাভাগির নির্বাচন করছে। সারাদেশে বিএনপি নেতাকর্মীদের অত্যাচার-নির্যাতন-নিপীড়ন করা হচ্ছে, বিএনপি মহাসচিবসহ হাজার হাজার বিরোধী নেতা-কর্মীকে কারাগারে আটক রেখেছে।বিজয় দিবস উপলক্ষে দুপুর ১টায় নয়া পল্টনে কেন্দ্রীয় কার্যালয়ের সামনে থেকে বিএনপি বর্ণাঢ্য শোভাযাত্রা বের করে বিএনপি।",0,0,1,1,False
" জাতীয় নির্বাচন ঠেকাতে দুই সপ্তাহের পরিকল্পনা নিয়ে মাঠে নামতে চায় বিএনপি। ভোট বর্জনের অসহযোগ আন্দোলন সফল করতে সর্বোচ্চ সাংগঠনিক শক্তি নিয়ে মাঠে নামার ঘোষণা দলটির নেতাদের। তারা বলছেন, আওয়ামী লীগ বনাম আওয়ামী লীগের নির্বাচনে জনগণকে নিরুৎসাহিত করতেই তাদের এমন কর্মসূচি।বিএনপি ও সমমনা দলগুলোর সরকার পতনের একদফা আন্দোলনের নতুন মাত্রা অসহযোগ। ভোটবিরোধী প্রচারণা এবং নির্বাচনে জনগণকে নিরুৎসাহিত করতে ১৫ দিনের মহাপরিকল্পনা নিয়ে এগোচ্ছে দলটি। গণসংযোগের পাশাপাশি হরতাল-অবরোধ কর্মসূচি আরো শক্তভাবে পালন করতে নির্দেশনা দেওয়া হয়েছে সর্বস্তরের নেতাকর্মীদের।নির্বাচন বর্জনকারী সব দলকে এ আন্দোলন পাশে চায় বিএনপি। নিজেরাও সর্বোচ্চ সাংগঠনিক শক্তি নিয়ে এই ১৫ দিন মাঠে নামতে চায় দলটি।বিএনপির নেতারা মনে করেন, ভোটাধিকার ফিরে পাওয়ার আন্দোলনে সমর্থন আছে সাধারণ মানুষের। অতীতের মতো এবারো দেশে-বিদেশে বিতর্কিত হবে নির্বাচন।",0,0,1,1,False
" এক দফা দাবিতে অসহযোগের ডাক দেওয়া বিএনপি আসন্ন জাতীয় সংসদ নির্বাচন বর্জনের আহ্বানে লিফলেট বিতরণ করেছে। বিএনপির জ্যেষ্ঠ যুগ্ম মহাসচিব রুহুল কবির রিজভীর নেতৃত্বে জনা দশেক নেতাকর্মী বৃহস্পতিবার (২১ সেম্বর) সকাল সাড়ে ৮টার দিকে ঢাকার এলিফেন্ট রোড এবং পরে বেইলি রোডে দোকান কর্মচারী, ফুটপাতের পথচারী এবং রিকশা-অটোরিকশার চালক ও যাত্রীদের হাতে লিফলেট তুলে দেন।ক্ষমতাসীন আওয়ামী লীগ, সংসদের বিরোধী দল জাতীয় পার্টিসহ অধিকাংশ নিবন্ধিত দল যখন ৭ জানুয়ারি ভোট সামনে রেখে প্রচারে ব্যস্ত, বিএনপি ও সমমনা দলগুলো তখন নির্দলীয় সরকারের অধীনে নির্বাচনের দাবিতে আন্দোলন করছে।এই আন্দোলনের অংশ হিসেবে বুধবার এক ব্রিফিংয়ে অসহযোগের ডাক দেন রিজভী। কর্মকর্তা-কর্মচারীদের তিনি নির্বাচনি দায়িত্ব পালন থেকে বিরত থাকতে বলেন। পাশাপাশি সরকারকে কর, খাজনা এবং বিদ্যুৎ-গ্যাস-পানির বিল পরিশোধ বন্ধ করে দেওয়ার এবং ব্যাংকে আমানত না রাখার আহ্বান জানান।রিজভী বলেন, ৭ জানুয়ারির সাজানো ভাগ-বাটোয়ারার নির্বাচন জনগণ ইতোমধ্যে প্রত্যাখ্যান করেছে। এই নির্বাচনে ওরা ছাড়া কেউ ভোট কেন্দ্রে যাবে না। আমরা জনসাধারণকে বলব, ঐক্যবদ্ধ হয়ে এই ডামি নির্বাচন বর্জন করুন। কেউ ৭ জানুয়ারি ভোট কেন্দ্র যাবে না। আপনি নিজেও যাবেন না, অন্যকেও যেতে বারণ করুন। এ নির্বাচন দেশে-বিদেশে কারো কাছে গ্রহণযোগ্যতা পাবে না। কারণ বিদেশিরা দেখছে কীভাবে জনগণের ভোটাধিকার হরণ করে ডামি প্রার্থী সাজিয়ে সরকার একটি একতরফা নির্বাচন করছে। জনগণের আকাঙ্ক্ষাকে ধুলোয় মিশিয়ে দিয়ে যারা এই অবৈধ ডামি নির্বাচনে প্রার্থী হয়েছেন, তারা জনগণের কাছে বিশ্বাসঘাতক দালাল হিসেবে চিহ্নিত হয়ে থাকবে।বিএনপির নির্বাহী কমিটির সদস্য মাহবুবুর রহমান, মৎস্যজীবী দলের সদস্য সচিব আব্দুর রহিম এ সময় রিজভীর সঙ্গে ছিলেন।৭ জানুয়ারির ভোট বর্জনের আহ্বানে বিএনপি আগামীকাল শুক্র ও শনিবারও সারাদেশে লিফলেট বিতরণ করবে। এরপর রোববার আবারও সকাল-সন্ধ্যা অবরোধের কর্মসূচি দিয়েছে দলটি।",0,0,1,1,False
" দ্বাদশ জাতীয় সংসদ নির্বাচন উপলক্ষে ৩০০ আসনেই চলছে হরদম প্রচার। বিভিন্ন নাম ব্যবহার করে চালানো হচ্ছে এসব প্রচার-প্রচারণা। কেউ বলছেন, ‘বর্ধিত সভা’; কেউ বলছেন, ‘কর্মী সমাবেশ’ এবং কারো মতে, ‘ঘরোয়া বৈঠক’। সঙ্গে বাদ্যযন্ত্রের তালে তালে প্রার্থীর নামে চলছে গান-স্লোগান। জোরেশোরেই মাইকে ঘোষণা চলছে ‘অমুক’ ভাইয়ের সালাম নিন, ‘তমুক’ ভাইকে ভোট দিন। কিন্তু স্বতন্ত্র প্রার্থী, দলীয় প্রার্থী বা জোটবদ্ধ নির্বাচনে প্রতিদ্বন্দ্বী প্রার্থীদের এসব কৌশলী প্রচারণা বন্ধে নির্বিকার নির্বাচন কমিশন (ইসি)।সুশীল সমাজের প্রতিনিধিরা বলছেন, নামেই বর্ধিত সভা, কৌশলে চলছে প্রার্থীদের প্রচার। বর্ধিত সভাসহ নানা নামে চলছে মোটর শোভাযাত্রা ও প্রচারণা। সকাল ১০টা থেকে গভীর রাত পর্যন্ত চলছে প্রকাশ্যে সভা-সমাবেশ। সীমিতসংখ্যক প্রার্থীকে শোকজ বা তলব করা হলেও প্রতিটি আসনেই প্রতিদিন লঙ্ঘিত হচ্ছে আচরণবিধি। ভোটের মাঠের লড়াইয়ে সমান শক্তির প্রার্থী না থাকায় প্রচার-প্রচারণায় চলছে এক ধরনের বিশৃঙ্খলা। কৌশলে প্রচার চালালেও সব প্রার্থীর বিরুদ্ধে ব্যবস্থা নিচ্ছে না ইসি।সংসদ নির্বাচনে রাজনৈতিক দল ও প্রার্থীর আচরণ বিধিমালার ১৪ (২) ধারায় বলা হয়েছে, তফসিল ঘোষণার পর নির্বাচনী এলাকায় বা অন্য কোথাও কোনো নিবন্ধিত রাজনৈতিক দল বা মনোনীত প্রার্থী বা স্বতন্ত্র প্রার্থী কিংবা তাদের পক্ষে অন্য কোনো ব্যক্তি নির্বাচনী কাজে সরকারি প্রচার যন্ত্রের ব্যবহার, সরকারি কর্মকর্তা বা কর্মচারীদের ব্যবহার বা সরকারি যানবাহন ব্যবহার করতে পারবেন না এবং রাষ্ট্রীয় সুযোগ-সুবিধা ভোগ বা ব্যবহার করতে পারবেন না। আরেকটি ধারায় বলা আছে, ভোট অনুষ্ঠানের ২১ দিন আগে কোনো ধরনের প্রচারণা চালানো যাবে না। এ বিধি লঙ্ঘন করলে ওই প্রার্থীর আচরণবিধি ভঙ্গের অপরাধে দোষী সাবস্ত্য হবেন।ইসির কর্মকর্তারা বলছেন, প্রতীক বরাদ্দের পর ১৮ দিন প্রচার চালাতে পারবেন প্রার্থীরা। এর আগে ঘরোয়া সভার বাইরে উন্মুক্ত স্থানে মঞ্চ করে জনসমাগম ঘটিয়ে নির্বাচনী প্রচার চালানো যাবে না। আগামী ১৭ ডিসেম্বর প্রার্থিতা প্রত্যাহার এবং ১৮ ডিসেম্বর চূড়ান্ত প্রার্থীদের মধ্যে প্রতীক বরাদ্দ। এরপর থেকেই প্রচার চালাতে পারবেন প্রার্থীরা। এর আগেই বর্ধিত সভা ও কর্মী সমাবেশ করার নামে চলছে মোটর শোভাযাত্রা। চলছে বিশাল স্টেজ করে প্রার্থীর পক্ষে ভোট প্রার্থনা ও প্রার্থী পরিচয়। এসবের কৌশলী প্রচারে আচরণবিধি প্রতিনিয়ত ভাঙছে।এদিকে ৩০০ সংসদীয় আসনে প্রার্থীদের আচরণবিধি প্রতিপালনে অনুশাসনের মধ্যে রাখতে ইসি গঠন করে দিয়েছে প্রতিটি আসনের জন্য অনুসন্ধান কমিটি। এ কমিটি বড় ধরনের আচরণবিধি ভঙ্গের দায়ে হেভিওয়েট থেকে শুরু করে হেভিওয়েট নন- এমন প্রার্থীদের কমিটিতে তলব ও শোকজ করছেন। এখন পর্যন্ত অর্ধশতাধিক প্রার্থীকে শোকজ ও তলব করা হয়েছে বলে ইসির আইন শাখার সূত্রে জানা গেছে। একইসঙ্গে ৮ শতাধিক ম্যাজিস্ট্রেট মাঠে রয়েছেন। তবে শোকজ ও তলব করা প্রার্থীদের জবাবে শাস্তির বদলে শুধু দায়মুক্তি দিয়ে দায় সারছে কমিশন। এতে আচরণবিধি মানায় সতর্ক হওয়ার বদলে অনেকটা উৎসাহিত হচ্ছেন প্রার্থীরা।বড় ধরনের আচরণবিধি ভঙ্গের কারণে এখন পর্যন্ত অর্ধশতাধিক প্রার্থীকে তলব বা শোকজ করেছে। এর মধ্যে সাবেক সিনিয়র সচিব ও পিএসসির সাবেক চেয়ারম্যান ড. মোহাম্মদ সাদিক, ক্রিকেটার সাকিব আল হাসান, বর্ষীয়ান রাজনীতিবিদ আমির হোসন আমু, মুজিবর রহমান ওরফে নিক্সন চৌধুরী, ওমর ফারুক চৌধুরী, গোলাম দস্তগীর গাজী, বরিশাল-৫ আসনের সংসদ সদস্য পানিসম্পদ প্রতিমন্ত্রী জাহিদ ফারুক শামীম, গাইবান্ধা-১ আসনের আফরুজা বারী, ফরিদপুর-৩ আসনের শামীম হক, মাদারীপুর-৩ আসনের ড. আবদুস সোবহান গোলাপ, ফরিদপুর-১ আসনের মো. আবদুর রহমান, নাটোর-২ আসনে শফিকুল ইসলাম শিমুল, নাটোর-৩ আসনে আইসিটি প্রতিমন্ত্রী জুনাইদ আহমেদ পলক, ব্রাহ্মণবাড়িয়া-৩ আসনে র আ ম উবায়দুল মোকতাদির চৌধুরী প্রমুখ।সুনামগঞ্জ-৪ আসনের আওয়ামী লীগের সংসদ সদস্য প্রার্থী নির্বাচন কমিশনের সাবেক সচিব ড. মোহাম্মদ সাদিকের বিরুদ্ধে আচরণ বিধিমালা লঙ্ঘনের অভিযোগ এনে নির্বাচন কমিশনে প্রতিবেদন পাঠিয়েছে, ওই আসনের নির্বাচনী অনুসন্ধান কমিটি। এতে প্রার্থীর বিরুদ্ধে আচরণ বিধিমালা লঙ্ঘন করে গত ২৯ নভেম্বর সুনামগঞ্জ শহরের প্রধান প্রধান সড়কে মোটরসাইকেল ও গাড়ির বহর নিয়ে শোভাযাত্রা করার অভিযোগ আনা হয়।ওই অভিযোগের জবাবে মোহাম্মদ সাদিক নির্বাচনী অনুসন্ধান কমিটিকে দেওয়া বক্তব্যে উৎসাহী জনসাধারণ তাদের ভালোবাসা জানাতে সমবেত হয়ে তাকে স্বাগত জানান বলে উল্লেখ করেন। এ ঘটনায় দুঃখ প্রকাশ করে আইন মেনে চলার অঙ্গীকার করেন তিনি। প্রতিবেদনে এ প্রার্থীর বিরুদ্ধে আচরণবিধি লঙ্ঘনের আংশিক সত্যতা পাওয়া গেছে বলে উল্লেখ করেন কমিটির প্রধান যুগ্ম জেলা ও দায়রা জজ কাঁকন দে। তাকে আচরণ বিধিমালা লঙ্ঘনের ঘটনায় ‘সতর্ক’ করে অভিযোগ থেকে অব্যাহতি দেওয়ার সুপারিশ করেন।ফরিদপুর-৪ আসনে স্বতন্ত্র প্রার্থী মুজিবুর রহমান চৌধুরীর (নিক্সন চৌধুরী) আচরণ বিধিমালা লঙ্ঘন করে গাড়ির বহর নিয়ে শহরের বিভিন্ন সড়ক ঘুরে জেলা পরিষদে যাওয়ার প্রমাণ পেয়েছে নির্বাচনী অনুসন্ধান কমিটি। প্রতিবেদনে বলা হয়, রাজনৈতিক দল ও প্রার্থীর আচরণ বিধিমালার ৮(ক)(খ) ধারা অনুযায়ী কেউ মনোনয়নপত্র দাখিলের সময়ে শোডাউন করতে পারবে না। ১২ ধারা অনুযায়ী ভোটের তিন সপ্তাহ আগে প্রচার শুরু করতে পারবে না। এসব কার্যক্রম চালালে আরপিওর ৯১(খ)(২) ধারা অনুযায়ী ভোটপূর্ব অনিয়ম হিসেবে গণ্য হবে। প্রতিবেদনে আচরণবিধি লঙ্ঘনের অপরাধ প্রমাণ হওয়ায় তাকে ‘সতর্ক’ করার সুপারিশ করেছেন নির্বাচনী অনুসন্ধান কমিটির প্রধান মোহাম্মদ মঈন উদ্দীন চৌধুরী। একই সঙ্গে নিক্সন চৌধুরী যেন আচরণবিধি মেনে চলেন সেই নির্দেশনা দেন তিনি।স্থানীয় সুধী সমাজের প্রতিনিধিরা বলছেন, স্বতন্ত্র ও দলীয় উভয়ই ক্ষমতাসীন দলের প্রার্থী। ফলে আচরণবিধি মিলেমিশে ভাঙলেও কেউ কারো বিরুদ্ধে অনুসন্ধান কমিটির কাছে অভিযোগ দাখিল না করায় পার পেয়ে যাচ্ছেন। আবার অনুসন্ধান কমিটির জনবল কম হওয়ায় তারাও ৩০০ আসনে আচরণবিধি ভাঙার হিড়িক নিয়ে কিছু করতে পারছেন না।",0,0,1,1,False
" জোটের শরিকদের আপত্তি ও দলীয় প্রার্থীদের অস্বস্তি থাকলেও স্বতন্ত্র প্রার্থীদের বিষয়ে সিদ্ধান্ত পরিবর্তনের কোনো সুযোগ নেই বলে সাফ জানিয়ে দিয়েছেন আওয়ামী লীগের সাধারণ সম্পাদক ওবায়দুল কাদের। তিনি বলেছেন, প্রতিদ্বন্দ্বিতার কোনো বিকল্প নেই। বিনা প্রতিদ্বন্দ্বিতায় নির্বাচনের সুযোগ নেই।মঙ্গলবার দুপুরে রাজধানীর ধানমন্ডিতে আওয়ামী লীগ সভাপতির রাজনৈতিক কার্যালয়ে প্রেস ব্রিফিংয়ে দলের সাধারণ সম্পাদক এ কথা বলেন।ওবায়দুল কাদের বলেন, সংবিধান অনুযায়ী নির্বাচনের স্ট্রাইকিং ফোর্স হিসেবে সেনাবাহিনীর দায়িত্ব পালন নিয়ে আপত্তি নেই আওয়ামী লীগের। তবে সেনাবাহিনীকে সব বিষয়ে বিতর্কিত করার বিরুদ্ধে আওয়ামী লীগ।আওয়ামী লীগের সাধারণ সম্পাদক বলেন, বিএনপি দেশের নির্বাচন ও গণতন্ত্রের পথে হুমকি হয়ে দাঁড়িয়েছে। তাদের কারণেই দেশের সার্বিক গণতন্ত্র সংকটের মুখে। দেশকে খাটো করতে বিদেশিদের কাছে বদনাম করে কিছু লোক ও বিএনপির মতো কিছু দল। বাংলাদেশের অর্জন সারা দুনিয়ার প্রশংসিত। উন্নয়ন সমৃদ্ধির পথে বাংলাদেশ শেখ হাসিনার নেতৃত্বে অনেক এগিয়ে গেছে। এদেশের কিছু লোক আছে তাদের প্রশংসা করতে সংকীর্ণতা থাকে। তারা দেশকে ছোট করার জন্য সব সময় বিদেশিদের কাছে দেশের বদনাম করে। দেশের নিরাপত্তার জন্য সবচেয়ে বড় হুমকি বিএনপি।ওবায়দুল কাদের হুঁশিয়ারি দিয়ে বলেন, সহিংসতা করে, ষড়যন্ত্র করে ও সন্ত্রাস করে ৭ জানুয়ারির নির্বাচন বানচাল করা যাবে না। হামলা সহিংসতায় কঠোর ব্যবস্থা নেওয়া হবে।প্রার্থীদের সম্পদ নিয়ে তিনি বলেন, নির্বাচন কমিশন কাউকে দুর্নীতিগ্রস্ত, দুর্নীতিবাজ মনে করলে তার নমিনেশন বাতিল করতে পারে।প্রেস ব্রিফিংয়ে উপস্থিত ছিলেন আওয়ামী লীগের যুগ্ম সাধারণ সম্পাদক আ ফ ম বাহাউদ্দিন নাছিম, সাংগঠনিক সম্পাদক বি এম মোজাম্মেল হক, এস এম কামাল হোসেন, সুজিত রায় নন্দীসহ কেন্দ্রীয় আওয়ামী লীগের নেতারা।জোটের শরিকদের আপত্তি ও দলীয় প্রার্থীদের অস্বস্তি থাকলেও স্বতন্ত্র প্রার্থীদের বিষয়ে সিদ্ধান্ত পরিবর্তনের কোনো সুযোগ নেই বলে সাফ জানিয়ে দিয়েছেন আওয়ামী লীগের সাধারণ সম্পাদক ওবায়দুল কাদের। তিনি বলেছেন, প্রতিদ্বন্দ্বিতার কোনো বিকল্প নেই। বিনা প্রতিদ্বন্দ্বিতায় নির্বাচনের সুযোগ নেই।মঙ্গলবার দুপুরে রাজধানীর ধানমন্ডিতে আওয়ামী লীগ সভাপতির রাজনৈতিক কার্যালয়ে প্রেস ব্রিফিংয়ে দলের সাধারণ সম্পাদক এ কথা বলেন।ওবায়দুল কাদের বলেন, সংবিধান অনুযায়ী নির্বাচনের স্ট্রাইকিং ফোর্স হিসেবে সেনাবাহিনীর দায়িত্ব পালন নিয়ে আপত্তি নেই আওয়ামী লীগের। তবে সেনাবাহিনীকে সব বিষয়ে বিতর্কিত করার বিরুদ্ধে আওয়ামী লীগ।আওয়ামী লীগের সাধারণ সম্পাদক বলেন, বিএনপি দেশের নির্বাচন ও গণতন্ত্রের পথে হুমকি হয়ে দাঁড়িয়েছে। তাদের কারণেই দেশের সার্বিক গণতন্ত্র সংকটের মুখে। দেশকে খাটো করতে বিদেশিদের কাছে বদনাম করে কিছু লোক ও বিএনপির মতো কিছু দল। বাংলাদেশের অর্জন সারা দুনিয়ার প্রশংসিত। উন্নয়ন সমৃদ্ধির পথে বাংলাদেশ শেখ হাসিনার নেতৃত্বে অনেক এগিয়ে গেছে। এদেশের কিছু লোক আছে তাদের প্রশংসা করতে সংকীর্ণতা থাকে। তারা দেশকে ছোট করার জন্য সব সময় বিদেশিদের কাছে দেশের বদনাম করে। দেশের নিরাপত্তার জন্য সবচেয়ে বড় হুমকি বিএনপি।ওবায়দুল কাদের হুঁশিয়ারি দিয়ে বলেন, সহিংসতা করে, ষড়যন্ত্র করে ও সন্ত্রাস করে ৭ জানুয়ারির নির্বাচন বানচাল করা যাবে না। হামলা সহিংসতায় কঠোর ব্যবস্থা নেওয়া হবে।প্রার্থীদের সম্পদ নিয়ে তিনি বলেন, নির্বাচন কমিশন কাউকে দুর্নীতিগ্রস্ত, দুর্নীতিবাজ মনে করলে তার নমিনেশন বাতিল করতে পারে।প্রেস ব্রিফিংয়ে উপস্থিত ছিলেন আওয়ামী লীগের যুগ্ম সাধারণ সম্পাদক আ ফ ম বাহাউদ্দিন নাছিম, সাংগঠনিক সম্পাদক বি এম মোজাম্মেল হক, এস এম কামাল হোসেন, সুজিত রায় নন্দীসহ কেন্দ্রীয় আওয়ামী লীগের নেতারা।",0,0,1,1,False
" আলোচিত কনটেন্ট ক্রিয়েটর আশরাফুল হোসেন ওরফে হিরো আলম দ্বাদশ জাতীয় সংসদ নির্বাচনে আপিল করে প্রার্থিতা ফিরে পাওয়ার পরও নির্বাচনের মাঠ থেকে সরে দাঁড়ানোর ঘোষণা দিয়েছেন। বগুড়া-৪ (কাহালু-নন্দীগ্রাম) আসনে মনোনয়নপত্র তুলেছিলেন হিরো আলম। আগামী ১৭ ডিসেম্বর মনোনয়নপত্র প্রত্যাহার করবেন তিনি।বৃহস্পতিবার দুপুরে এ তথ্য নিশ্চিত করেন হিরো আলম।গুঞ্জন উঠেছে প্রতিদ্বন্দ্বী প্রার্থীর কাছ থেকে টাকা নিয়ে নির্বাচন থেকে সরে দাঁড়িয়েছেন, সত্যি কিনা?জবাবে হিরো আলম বলেন, আমি যেখানে প্রার্থী হয়েছি সেখানে আমার সঙ্গে কেউ প্রতিদ্বন্দ্বীতা করার মতো প্রার্থীই নেই। তাহলে তারা আমাকে কেন টাকা দিতে যাবে। তারা তো আমাকে ভয় পায়। সুষ্ঠু নির্বাচন হলে তারা এমনিতেই হেরে যাবে। তাহলে টাকা নিয়ে নির্বাচন থেকে সরে দাঁড়ানোর প্রশ্নই আসে না।মনোনয়নপত্র প্রত্যাহারের কারণ জানতে চাইলে হিরো আলম বলেন, মনোনয়নপত্র প্রত্যাহারের অনেক গুলো কারণ আছে। আমি যেহেতু ভোটারদের আশ্বাসে এমপি প্রার্থী হয়েছিলাম, সেহেতু ভোট থেকে সরে দাঁড়ানোর সুস্পষ্ট কারণ ব্যাখ্যা করতে হবে আমাকে। আমি আগামী ১৭ তারিখ সেই কারণ বাখ্যা করে জানাব।এর আগে গত ৩ ডিসেম্বর হলফনামাসহ আনুষঙ্গিক কাগজপত্রে স্বাক্ষর না করাসহ নানা ত্রুটির কারণে যাচাই-বাছাই শেষে তার মনোনয়নপত্র বাতিল ঘোষণা করেন রিটার্নিং কর্মকর্তা।মনোনয়নপত্র বাতিল প্রসঙ্গে সেই সময় হিরো আলম উপস্থিত সাংবাদিকদের তাৎক্ষণিক বলেছিলেন, ‘প্রতি বছরই বাতিল হয়। এটা কোনো বিষয় নয়।’পরে মনোনয়নপত্রের বৈধতা ফিরে পেতে গত ৬ ডিসেম্বর নির্বাচন কমিশনে আপিল করেন তিনি। ১০ ডিসেম্বর মনোনয়নপত্রের বৈধতা ফেরতের আপিল মঞ্জুর করে তার পক্ষে রায় দেয় নির্বাচন কমিশন।",0,0,1,1,False
" বগুড়া-৪ (কাহালু ও নন্দীগ্রাম) আসনে আলোচিত ইউটিউবার আশরাফুল হোসেন ওরফে হিরো আলমের মনোনয়ন বাতিল করা হয়েছে।রবিবার জেলা প্রশাসকের কার্যালয়ে প্রার্থীদের মনোনয়নপত্র যাচাই-বাছাইয়ের সময় প্রয়োজনীয় কাগজপত্র ও সঠিক তথ্য উপস্থাপন না করায় তার মনোনয়ন বাতিল করা হয়।জেলা প্রশাসক ও রিটার্নিং অফিসার মো. সাইফুল ইসলাম এসব তথ্য নিশ্চিত করেছেন। তিনি জানান, রবিবার জেলা প্রশাসকের কার্যালয়ে প্রার্থীদের মনোনয়নপত্র যাচাই-বাছাইয়ের সময় প্রয়োজনীয় কাগজপত্র ও সঠিক তথ্য উপস্থাপন না করায় হিরো আলমের মনোনয়ন বাতিল করা হয়েছে। প্রার্থী চাইলে এই সিদ্ধান্তের বিরুদ্ধে আপিল করতে পারবেন।রিটার্নিং অফিসারের কার্যালয় থেকে বের হয়ে হিরো আলম বলেন, দলীয় মনোনয়ন ফরম পূরণ না করে আমার উকিল (আইনজীবী) ভুল করে স্বতন্ত্র মনোনয়ন ফরম পূরণ করেছেন আর হলফনামায় এক জায়গায় আমার স্বাক্ষর ছিল না। এটা এমন কোনো ভুল নয়। তারা চাইলে আজ এসব ঠিক করে নিতে পারতেন। কিন্তু অন্য প্রার্থীরা আপত্তি করায় আমার মনোনয়নপত্র বাতিল করা হয়েছে। এতে সমস্যার কিছু নেই। আমি নির্বাচন কমিশনে আপিল করব। সেখানে না পেলে হাইকোর্টে যাব। হিরো আলম ভোটের মাঠে ছিল, ভোটের মাঠেই থাকবে।",0,0,1,1,False
" রাজশাহী-১ (গোদাগাড়ী-তানোর) আসনের স্বতন্ত্র সংসদ সদস্য প্রার্থী চিত্রনায়িকা মাহিয়া মাহির মনোনয়নপত্র বাতিল ঘোষণা করেছেন রিটার্নিং কর্মকর্তা। রবিবার সকাল সাড়ে ১০টার দিকে তার মনোনয়নপত্র বাতিল ঘোষণা করেন রিটার্নিং কর্মকর্তা ও জেলা প্রশাসক শামীম আহমেদ।এদিন সকাল ১০টায় জেলা প্রশাসকের কার্যালয়ের সম্মেলন কক্ষে মনোনয়নপত্র যাচাই-বাছাই শুরু হয়। এতে মাহিসহ আওয়ামী লীগের স্বতন্ত্র চার প্রার্থীরই মনোনয়নপত্র বাতিল ঘোষণা করা হয়। অন্য সাত প্রার্থীর মনোনয়নপত্র বৈধ ঘোষণা করেন রিটার্নিং কর্মকর্তা।রিটার্নিং কর্মকর্তা জানিয়েছেন, শারমিন আক্তার নিপা মাহিয়া ওরফে মাহি তার সমর্থক হিসেবে যে ভোটারদের স্বাক্ষর দিয়েছেন, তা যাচাই-বাছাই করতে গিয়ে গড়মিল পাওয়া গেছে। এর মধ্যে ললিতা মার্ডি নামের একজন নির্বাচনী এলাকার ভোটারই না। তিনি চাঁপাইনবাবগঞ্জের নাচোল এলাকার ভোটার। তাই তার মনোনয়নপত্র অবৈধ ঘোষণা করা হয়েছে।স্বতন্ত্র প্রার্থী আওয়ামী লীগ নেতা মো. আখতারুজ্জামানের দেওয়া ভোটারদের স্বাক্ষরের তালিকাতেও গড়মিল পাওয়া গেছে। ৯ জনের সঠিক তথ্য পাওয়া যায়নি। আরেক স্বতন্ত্র প্রার্থী আওয়ামী লীগ নেতা গোলাম রাব্বানীরও তিনজনের ঠিকানা ভোটারের তালিকায় পাওয়া যায়নি।এ ছাড়া মনোনয়নপত্র বাতিল হওয়া আওয়ামী লীগের আরেক স্বতন্ত্র প্রার্থী ও পররাষ্ট্র প্রতিমন্ত্রী শাহরিয়ার আলমের স্ত্রী শাহনেওয়াজ আয়েশা আখতারের ক্ষেত্রেও একই ঘটনা ঘটেছে। তার সাতজন সমর্থকের সঠিক তথ্য পাওয়া যায়নি। তাই মনোনয়নপত্র বাতিল ঘোষণা করা হয়েছে।রিটার্নিং কর্মকর্তা জানান, আগে কখনো নির্বাচিত হননি এমন স্বতন্ত্র প্রার্থীকে মনোনয়নপত্রের সঙ্গে সমর্থনের প্রমাণ হিসেবে নির্বাচনী এলাকার ১ শতাংশ ভোটারের স্বাক্ষর জমা দিতে হয়। তারা প্রার্থীদের দেওয়া এই স্বাক্ষর থেকে ১০ জন করে ভোটারের তথ্য যাচাই করেছেন। এতে চিত্রনায়িকা মাহিসহ চারজন প্রার্থীর সমর্থকের তালিকায় গড়মিল পাওয়া গেছে।মনোনয়নপত্র বাতিল ঘোষণার পর চিত্রনায়িকা মাহি সাংবাদিকদের সঙ্গে কথা বলেছেন। তিনি জানিয়েছেন, রিটার্নিং কর্মকর্তার এ সিদ্ধান্ত সঠিক হয়নি। তিনি এর বিরুদ্ধে আপিল করবেন।",0,0,1,1,False
" জাতীয় পার্টির চেয়ারম্যান জি এম কাদের ও মহাসচিব মুজিবুল হক চুন্নুকে পদত্যাগ করতে ৪৮ ঘণ্টার আলটিমেটাম দিয়েছেন দলের নেতা-কর্মীরা। অন্যথায় দলের চেয়ারম্যান-মহাসচিবকে অপসারণ করে কাউন্সিলের মাধ্যমে নতুন নেতৃত্ব নির্বাচিত করা হবে বলে হুঁশিয়ারি দিয়েছেন তারা।আজ বুধবার দুপুরে রাজধানীর বনানীতে দলটির চেয়ারম্যানের কার্যালয়ের সামনে বিক্ষোভ করেন দলের নেতা-কর্মীরা। এ সময় তারা কার্যালয়ে ঢুকতে গেলে বাধা দেয় পুলিশ। পরে কার্যালয়ের সামনে সংবাদ সম্মেলন করেন দলের নেতারা। সংবাদ সম্মেলনের লিখিত বক্তব্য পাঠ করেন দলের সভাপতিমণ্ডলীর সদস্য সাহিদুর রহমান টেপা।লিখিত বক্তব্যে সাহিদুর রহমান টেপা বলেন, ‘আমরা আশা করেছিলাম, জাতীয় পার্টিকে এতটা বিপর্যয়ের মধ্যে ফেলে দেওয়া এবং নির্বাচনে ভরাডুবির দায়িত্ব নিয়ে পার্টির চেয়ারম্যান ও মহাসচিব পদত্যাগ করে তাদের সম্মান রক্ষা করবেন। কিন্তু সেই বোধোদয়ও তাদের হয়নি। আমরা পার্টির সর্বস্তরের নেতা-কর্মীদের মনোভাব জানতে পেরেছি। তারা পার্টির চেয়ারম্যান জি এম কাদের এবং মহাসচিব মুজিবুল হক চুন্নুকে তাদের পদ থেকে অপসারণ চান।’তিনি আরও বলেন, ‘জাতীয় পার্টিকে রক্ষা করা এবং পার্টির ঐক্য বজায় রাখার জন্য আগামী ৪৮ ঘণ্টার মধ্যে জি এম কাদের এবং মুজিবুল হক চুন্নুকে তাঁদের পদ থেকে পদত্যাগ করতে হবে। এরপর তাঁরা তাঁদের পদ থেকে অপসারিত বলে বিবেচিত হবেন। এই পর্যায়ে গঠনতান্ত্রিকভাবে পার্টিতে একজন ভারপ্রাপ্ত বা নির্বাহী চেয়ারম্যান এবং ভারপ্রাপ্ত মহাসচিব নিয়োগ করে জাতীয় সম্মেলনের মাধ্যমে পার্টির কেন্দ্রীয় নির্বাহী কমিটি গঠন করা হবে।’দলের এই সভাপতিমণ্ডলীর সদস্য সাহিদুর রহমান টেপা বলেন, ‘এখন একান্ত প্রয়োজনে কিছু রদবদল ছাড়া পার্টির কেন্দ্রীয় কমিটির অন্য পদে অধিষ্ঠিত নেতৃবৃন্দ স্বপদে বহাল থাকবেন। দ্বাদশ সংসদ নির্বাচনে জাতীয় পার্টির প্রার্থীদের মনোনয়নদানে যেসব অনিয়ম, দুর্নীতি, অর্থ কেলেঙ্কারি হয়েছে এবং ফলাফল বিপর্যয়ের কারণ অনুসন্ধানের জন্য একটি তদন্ত কমিটি গঠন করা হবে। জাতীয় পার্টির যেসব প্রার্থী নির্বাচন থেকে সরে আসতে বাধ্য হয়েছেন, ভবিষ্যতে তাঁদের মূল্যায়ন করা হবে।’নেতৃত্বের ব্যর্থতার কারণে নির্বাচনে জাতীয় পার্টির চরম ভরাডুবি হয়েছে উল্লেখ করে টেপা বলেন, ‘জাতীয় পার্টির চেয়ারম্যানের সঙ্গে প্রার্থী মনোনয়ন প্রশ্নে মতানৈক্য সৃষ্টি হওয়ায় পার্টির প্রধান পৃষ্ঠপোষক বেগম রওশন এরশাদ নির্বাচন থেকে বিরত ছিলেন। কিন্তু তিনি পার্টির মধ্যে বিভক্তি করতে দেননি। অথচ পার্টির চেয়ারম্যান গোলাম মোহাম্মদ কাদের গত চার বছরে তাঁর সাংগঠনিক দুর্বলতা, রাজনৈতিক অদূরদর্শিতা ও অদক্ষতার কারণে জাতীয় পার্টিকে ধ্বংসের শেষ প্রান্তে নিয়ে গেছেন। তারই প্রতিফলন ঘটেছে দ্বাদশ জাতীয় সংসদ নির্বাচনে। পাটির প্রার্থীদের সাথে চরম বিশ্বাসঘাতকতা, প্রতারণা করা এবং তাদের একপ্রকার পথে বসিয়ে দেওয়ার জন্য পার্টির দুই শতাধিক প্রার্থী নির্বাচন বর্জন করেছেন। সরকারের কাছে ধরনা দিয়ে ২৬টি আসনে সমঝোতা করে সেখানেও ভরাডুবি হয়েছে।’সংবাদ সম্মেলনে দলের কো-চেয়ারম্যান সৈয়দ আবু হোসেন বাবলা বলেন, ‘দলের নেতা-কর্মীরা আজকে ৪৮ ঘণ্টার আল্টিমেটাম দিয়েছেন। আমরা প্রয়োজনে বর্ধিত সভা করব। আমরা প্রয়োজনে সাংগঠনিকভাবে নিয়মমাফিক কাউন্সিল আহ্বান করব।’দলের চেয়ারম্যানসহ শীর্ষ নেতাদের প্রসঙ্গে বাবলা বলেন, ‘আমরা শুনেছি তারা টাকা-পয়সা নিয়েছেন। এটা সঠিকভাবে তদন্ত করে আমরা ব্যবস্থা নেব। দলই যদি সঠিক না থাকে, তাহলে আসন পেলাম কি পেলাম না, সেটা প্রশ্ন নয়!’ ",0,0,1,1,False
" নির্বাচন বর্জনকারীরা বিদেশি বন্ধুদের দিকে তাকিয়ে আছে বলে মন্তব্য করেছেন আওয়ামী লীগের সাধারণ সম্পাদক ওবায়দুল কাদের।শনিবার (১৩ জানুয়ারি) দুপুরে গোপালগঞ্জের টুঙ্গিপাড়ায় বঙ্গবন্ধুর সমাধিতে শ্রদ্ধা নিবেদন শেষে তিনি এ মন্তব্য করেন।কাদের বলেন, যারা নির্বাচন বর্জন করেছে তারা নতুন করে ষড়যন্ত্র করছে। এ সরকারকে হটাতে তারা বিদেশি বন্ধুদের দিকে তাকিয়ে আছে। তারা আশা করছে কম্বোডিয়ার মতো নিষেধাজ্ঞা আসবে।তিনি আরও বলেন, শেখ হাসিনা কোনো নিষেধাজ্ঞা, কোনো ভিসা নিষেধাজ্ঞার পরোয়া করেন না। ‘সকলের সঙ্গে বন্ধুত্ব, কারও সঙ্গে বৈরিতা নয়’ এই নীতিতে শেখ সরকারের কার্যাবলী পরিচালিত হবে।আওয়ামী লীগের সাধারণ সম্পাদক বলেন, রাজনীতিতে কেউ সন্ত্রাস ও অস্থিরতা তৈরি করলে মোকাবিলা করতে হবে। বিরোধীদলকে রাজনীতি দিয়ে মোকাবেলা করতে হবে।ইশতেহারের বিষয়ে তিনি বলেন, ইশতেহার বাস্তবায়ন করায় আমাদের মূল চ্যালেঞ্জ। অনেক বাধা আসতে পারে। কারণ যারা নির্বাচন বর্জনকারীরা নতুন করে ষড়যন্ত্র শুরু করে দিয়েছে।এর আগে, সকাল ৯টায় সড়কপথে ঢাকা থেকে রওনা হয়ে বেলা সাড়ে ১১ টার দিকে গোপালগঞ্জে পৌঁছেছেন প্রধানমন্ত্রী ও নতুন মন্ত্রীসভার সদস্যরা। পরে বেলা পৌনে ১২টার দিকে বঙ্গবন্ধু সমাধিতে শ্রদ্ধা জানান তারা।দ্বাদশ জাতীয় সংসদ নির্বাচনের মধ্য দিয়ে টানা চতুর্থবারের মতো সরকার গঠনের পর এই প্রথম নিজ জেলা গোপালগঞ্জ গেছেন শেখ হাসিনা।সফরসূচি অনুযায়ী, প্রধানমন্ত্রী শেখ হাসিনা আজ বিকেলে টুঙ্গিপাড়ায় আওয়ামী লীগ নেতাদের সঙ্গে বৈঠক করবেন। এরপর শনিবার নিজ বাড়িতে রাত্রিযাপন করবেন। পরদিন রোববার কোটালীপাড়ায় স্থানীয় আওয়ামী লীগ নেতাদের সঙ্গে বৈঠক করবেন। সেখান থেকে ঢাকার উদ্দেশ্যে রওনা হবেন।",0,0,1,1,False
" সরকার পতনের আন্দোলন চলছে, চলবে এবং শিগগিরই ডামি সরকারের পতন ঘটবে বলে মন্তব্য করেছেন বিএনপির সিনিয়র যুগ্ন মহাসচিব রুহুল কবির রিজভী। শুক্রবার (১২ জানুয়ারি) সকালে নয়াপল্টনে বিএনপির কেন্দ্রীয় কার্যালয়ে সংবাদ সম্মেলনে এ কথা বলেন।রিজভী বলেন, ডামি নির্বাচন, ডামি ভোটার, ডামি প্রার্থী, ডামি এমপি, ডামি শপথের মাধ্যমে একটি কৃষ্ণতম সরকারের যাত্রা শুরু হয়েছে। তাড়াহুড়ো করে এমপি ও মন্ত্রীদের শপথই প্রমান করে অজানা আতঙ্ক ঘিরে ধরেছে ক্ষমতাসীনদের।তিনি আরও বলেন, বর্তমান সরকার তাসের ঘরের মত অবস্থায় আছে। ভোট না দিয়ে জনগণ চূড়ান্তভাবে আওয়ামী লীগকে প্রত্যাখ্যান করেছে।মির্জা ফখরুল ও আমির খসরু প্রসঙ্গে রিজভী বলেন, বর্তমানে তারা কারাগারে প্রচণ্ড অসুস্থ। তারপরেও তাদের মুক্তি দিচ্ছে না সরকার। জেলখানা এখন আরেক হিটলারের কনসানট্রেশন ক্যাম্প। জেলখানাকে আরেকটি গ্যাস চেম্বারে পরিণত করেছে সরকার।",0,0,1,1,False
" জাতীয় পার্টিতে আবারো নাটকীয়তা। মঙ্গলবার দুপুর থেকেই গুঞ্জন, জাপার নব-নির্বাচিত সংসদ সদস্যরা বুধবার (১০ জানুয়ারি) শপথ নিচ্ছেন না। দলের মহাসচিব মুজিবুল হক চুন্নু বলেছিলেন, দলের চেয়ারম্যান জি এম কাদের ঢাকার বাইরে রয়েছেন। তিনি ঢাকায় ফিরলে দুই একদিনের মধ্যে দলীয় বৈঠক করে শপথ নেয়ার দিন-তারিখ ঠিক করা হবে। বিষয়টি জানিয়ে স্পিকারকে চিঠি দেয়া হয়েছে। কিন্তু সন্ধ্যা ৭টায় দলের দপ্তর সম্পাদক মাহমুদ আলম গণমাধ্যমে পাঠানো এক সংবাদ বিজ্ঞপ্তিতে জানান, বুধবারই শপথ নেবেন জাতীয় পার্টির নবনির্বাচিত সংসদ সদস্যরা। বুধবার সকাল ১০টার মধ্যে জাতীয় সংসদ ভবনের বিরোধী দলীয় উপনেতার কার্যালয়ে জাতীয় পার্টির নব-নির্বাচিত সংসদ সদস্যদের উপস্থিত থাকার জন্য অনুরোধ করা হয়। একই সঙ্গে সংসদ সদস্যদের নিয়ে পূর্ব ঘোষিত বৃহস্পতিবারের (১১ জানুয়ারি) সভাও বাতিল করা হয়েছে বলে জানানো হয় বিজ্ঞপ্তিতে। সদ্য অনুষ্ঠিত দ্বাদশ সংসদ নির্বাচনে দলটি ১১টি আসনে জয় পেয়েছে। জানা যায়, দ্বাদশ জাতীয় সংসদ নির্বাচনে নির্বাচিত সংসদ সদস্যরা শপথ নেবেন বুধবার। এদিন সকাল ১০টায় জাতীয় সংসদের শপথকক্ষে তাদের শপথ পড়াবেন একাদশ সংসদের স্পিকার শিরীন শারমিন চৌধুরী। মন্ত্রিসভার শপথ হবে বৃহস্পতিবার। জাতীয় পার্টির (জাপা) একটি সূত্র জানিয়েছে, দলটির পক্ষ থেকে স্পিকারকে একটি চিঠি দিয়ে বুধবার শপথ নিতে না যাওয়ার বিষয়টি জানানো হয়েছে। সংসদ নির্বাচনে ভোট অনুষ্ঠিত হয় ৭ জানুয়ারি। ভোটে ২৬টি আসনে আওয়ামী লীগের কাছ থেকে ছাড় পেয়েছিল জাতীয় পার্টি। এই আসনগুলোর মধ্যে তারা ১১টিতে জয়ী হয়। একাদশ সংসদে জাতীয় পার্টির আসন সংখ্যা (সংরক্ষিত নারী আসন বাদে) ছিল ২৩টি। বেসরকারিভাবে প্রাপ্ত ফলাফল অনুযায়ী, জাপার চেয়ারম্যান জি এম কাদের, মহাসচিব মো. মুজিবুল হক, কো-চেয়ারম্যান আনিসুল ইসলাম মাহমুদ ও এ বি এম রুহুল আমিন হাওলাদার জয়ী হয়েছেন। এই চার জ্যেষ্ঠ নেতার বাইরে প্রেসিডিয়াম সদস্য মাসুদ উদ্দিন চৌধুরী, হাফিজ উদ্দিন আহমেদ, গোলাম কিবরিয়া, এ কে এম সেলিম ওসমান, মো. আশরাফুজ্জামান, এ কে এম মোস্তাফিজুর রহমান ও শরিফুল ইসলাম নির্বাচিত হয়েছেন। দ্বাদশ সংসদ নির্বাচনে স্বতন্ত্র প্রার্থী হিসেবে জয়ী হয়েছেন ৬২ জন। তাদের মধ্যে ৫৮ জন আওয়ামী লীগের নেতা। ফলে সংসদে বিরোধী দল কে হবে, তা নিয়ে প্রশ্ন তৈরি হয়েছে। স্বতন্ত্ররা জোট করে বিরোধী দল হতে পারে, এমন সুযোগ আইনে রয়েছে। এর ফলে জাতীয় পার্টি সংসদে বিরোধী দলের অবস্থানও হারাতে পারে।",0,0,1,1,False
" দ্বাদশ জাতীয় সংসদ নির্বাচনে জাতীয় পার্টির ভরাডুবির ঘটনায় দলের চেয়ারম্যান জিএম কাদের ও মহাসচিব মুজিবুল হক চুন্নুর অপসারণ চেয়ে ৪৮ ঘণ্টা সময় বেধে দিয়েছেন দলের নেতারা। বুধবার (১০ জানুয়ারি) পার্টির বনানী কার্যালয়ের সামনে এক বিক্ষোভ সমাবেশ থেকে জাতীয় নির্বাচন থেকে সরে আসতে বাধ্য হওয়া প্রার্থীদের পক্ষে অতিরিক্ত মহাসচিব সাহিদুর রহমান টেপা এ আল্টিমেটাম দেন। আল্টিমেটাম শেষে গঠনতান্ত্রিকভাবে পার্টিতে একজন ভারপ্রাপ্ত/নির্বাহী চেয়ারম্যান এবং ভারপ্রাপ্ত মহাসচিব নিয়োগ করে জাতীয় সম্মেলনের মাধ্যমে পার্টির কেন্দ্রীয় নির্বাহী কমিটি গঠন করা হবে বলেও জানানো হয়। পরে জাতীয় নির্বাচন থেকে সরে আসতে বাধ্য হওয়া প্রার্থীদের পক্ষে এক লিখিত বক্তব্যে সাহিদুর রহমান টেপা বলেন, পার্টিকে এতটা বিপর্যয়ের মধ্যে ফেলে দেয়া এবং নির্বাচনে ভরাডুবির দায়িত্ব নিয়ে পার্টির চেয়ারম্যান এবং মহাসচিব পদত্যাগ করে তাদের সম্মান রক্ষা করবেন। কিন্তু সে বোধদয়ও তাদের হয়নি। আমরা পার্টির সর্বস্তরের নেতাকর্মীদের মনোভাব জানতে পেরেছি। তারা পার্টির চেয়ারম্যান জিএম কাদের এবং মহাসচিব মুজিবুল হক চুন্নুকে তাদের পদ থেকে অপসারন দেখতে চান। এমতাবস্থায় জাতীয় পার্টিকে রক্ষা করা এবং পার্টির ঐক্য বজায় রাখার জন্য আগামী ৪৮ ঘণ্টার মধ্যে জিএম কাদের এবং মুজিবুল হক চুন্নুকে তাদের পদ থেকে পদত্যাগ করতে হবে। নির্দিষ্ট সময়ের পর তারা তাদের পদ থেকে অপসারিত বলে বিবেচিত হবেন। লিখিত বক্তব্যে বলা হয়, ইতোমধ্যে দ্বাদশ জাতীয় সংসদ নির্বাচনের ফলাফল আপনারা জেনেছেন। সাংবিধানিক বাধ্যবাধকতায় দেশে নির্বাচন অনুষ্ঠানের আর কোনো বিকল্প ছিল না। তবে সব দলের অংশগ্রহণে জাতীয় নির্বাচনটি অনুষ্ঠিত হতে পারলে ভালো হতো। আপনারা দেখেছেন, এই নির্বাচনে জাতীয় পার্টির চরম ভরাডুবি হয়েছে। জাতীয় পার্টির যিনি চেয়ারম্যান ছিলেন তার সঙ্গে প্রার্থী মনোনয়ন প্রশ্নে মতানৈক্য সৃষ্টি হওয়ায় পার্টির প্রধান পৃষ্ঠপোষক বেগম রওশন এরশাদ নির্বাচন থেকে বিরত ছিলেন। কিন্তু তিনি পার্টির মধ্যে বিভক্তি সৃষ্টি করতে দেননি। অথচ পার্টি চেয়ারম্যান গোলাম মোহাম্মদ কাদের গত ৪ বছরে তার সাংগঠনিক দুর্বলতা, রাজনৈতিক অদূরদর্শিতা এবং অদক্ষতার কারণে জাতীয় পার্টিকে ধ্বংসের শেষ প্রান্তে নিয়ে গেছেন। তারই প্রতিফলন ঘটেছে দ্বাদশ জাতীয় সংসদ নির্বাচনে। পাটির প্রার্থীদের সঙ্গে চরম বিশ্বাসাঘাতকতা, প্রতারণা করা এবং তাদের এক প্রকার পথে বসিয়ে দেয়ার জন্য পার্টির দুই শতাধিক প্রার্থী নির্বাচন বর্জন করেছেন। সরকারের কাছে ধর্ণা দিয়ে ২৬টি আসনে সমঝোতা করে সেখানেও ভরাডুবি হয়েছে। আমরা আশা করেছিলাম, জাতীয় পার্টিকে এতটা বিপর্যয়ের মধ্যে ফেলে দেয়া এবং নির্বাচনে ভরাডুবির দায়িত্ব নিয়ে পার্টির চেয়ারম্যান এবং মহাসচিব পদত্যাগ করে তাদের সম্মান রক্ষা করবেন। কিন্তু সে বোধদয়ও তাদের হয়নি। এই পর্যায়ে গঠনতান্ত্রিক ভাবে পার্টিতে একজন ভারপ্রাপ্ত/নির্বাহী চেয়ারম্যান এবং ভারপ্রাপ্ত মহাসচিব নিয়োগ করে জাতীয় সম্মেলনের মাধ্যমে পার্টির কেন্দ্রীয় নির্বাহী কমিটি গঠন করা হবে। এখন একান্ত প্রয়োজনে কিছু রদবদল ব্যাতিত পার্টির কেন্দ্রীয় কমিটির অন্য পদে অধিষ্ঠিত নেতৃবৃন্দ স্বপদে বহাল থাকবেন। দ্বাদশ সংসদ নির্বাচনে জাতীয় পার্টির প্রার্থীদের মনোনয়ন দানে যে সব অনিয়ম, দুর্নীতি, অর্থ কেলেঙ্কারী হয়েছে এবং ফলাফল বিপর্যয়ের কারণ অনুসন্ধানের জন্য একটি তদন্ত কমিটি গঠন করা হবে। জাতীয় পার্টির যেসব প্রার্থী নির্বাচন থেকে সরে আসতে বাধ্য হয়েছেন, আগামীতে তাদের মূল্যায়ন করা হবে। এই মূহুর্তে পার্টিকে সুসংগঠিত করে একটি জাতীয় সম্মেলন করাই হবে আমাদের প্রধান কাজ। এ সময় পার্টির কো চেয়ারম্যান আবু হোসেন বাবলাসহ কেন্দ্রীয় নেতৃবৃন্দ, ঢাকা মহানগর ও জেলার বিভিন্ন স্তরের নেতারা উপস্থিত ছিলেন।",0,0,1,1,False
" দ্বাদশ জাতীয় সংসদ নির্বাচনে সরকার গঠন করতে যাচ্ছে আওয়ামী লীগ। বৃহস্পতিবার (১১ জানুয়ারি) থেকে যাত্রা শুরু হচ্ছে নতুন সরকারের। বৃহস্পতিবার সন্ধ্যা ৭ টায় বঙ্গভবনে শপথ নেবেন প্রধানমন্ত্রী ও তার মন্ত্রীপরিষদ। বুধবার (১০ জানুয়ারি) আওয়ামী লীগ সংসদীয় দলের নেতা শেখ হাসিনাকে প্রধানমন্ত্রী হিসেবে নিয়োগ দিয়ে প্রজ্ঞাপন জারি করেন রাষ্ট্রপতি। এছাড়া মন্ত্রী-প্রতিমন্ত্রী হিসেবে ৩৬ জনকে নিয়োগ দেয়া হয়েছে। তাদের মধ্যে ২৫ জন পূর্ণমন্ত্রী ও ১১ জন প্রতিমন্ত্রী। যারা বাদ পড়লেন- কৃষিমন্ত্রী ড. আব্দুর রাজ্জাক, অর্থমন্ত্রী আ হ ম মুস্তফা কামাল, পররাষ্ট্রমন্ত্রী ড. একে মোমেন, পরিকল্পনা মন্ত্রী এম এ মান্নান, বস্ত্র ও পাট মন্ত্রী গোলাম দস্তগীর গাজী, স্বাস্থ্যমন্ত্রী জাহিদ মালেক, বাণিজ্য মন্ত্রী টিপু মুনশী, সমাজ কল্যাণ মন্ত্রী নুরুজ্জামান আহমেদ, মৎস্য ও প্রাণী সম্পদ মন্ত্রী শ ম রেজাউল করিম, বন ও পরিবেশ মন্ত্রী মো. সাহাব উদ্দিন, পার্বত্য চট্টগ্রাম বিষয়ক মন্ত্রী বীর বাহাদুর উশৈ সিং, ভূমিমন্ত্রী সাইফুজ্জামান চৌধুরী, রেলপথ মন্ত্রী নুরুল ইসলাম সুজন, প্রবাসী কল্যাণ ও কর্মসংস্থান মন্ত্রী ইমরান আহমেদ।    বাদ পড়া প্রতিমন্ত্রীরা হলেন- শিল্প প্রতিমন্ত্রী কামাল আহমেদ মজুমদার, যুব ও ক্রীড়া প্রতিমন্ত্রী জাহিদ আহসান রাসেল, সমাজ কল্যাণ প্রতিমন্ত্রী আশরাফ আলী খান খসরু, শ্রম ও কর্মসংস্থান প্রতিমন্ত্রী মুন্নুজান সুফিয়ান, প্রাথমিক ও গণশিক্ষা প্রতিমন্ত্রী জাকির হোসেন, পররাষ্ট্র প্রতিমন্ত্রী শাহরিয়ার আলম, পল্লী উন্নয়ন ও সমবায় প্রতিমন্ত্রী স্বপন ভট্টাচার্য, গৃহায়ণ ও গণপূর্ত প্রতিমন্ত্রী শরীফ আহমেদ, সংস্কৃতি বিষয়ক প্রতিমন্ত্রী কে এম খালিদ, দুর্যোগ ব্যবস্থাপনা ও ত্রাণ প্রতিমন্ত্রী ডা. এনামুর রহমান, বেসামরিক বিমান পরিবহন ও পর্যটন প্রতিমন্ত্রী মাহবুব আলী, মহিলা ও শিশু বিষয়ক প্রতিমন্ত্রী ফজিলাতুন নেছা।এছাড়া দুই জন উপ-মন্ত্রী বাদ গেছেন তারা হলেন- বন ও পরিবেশ বিষয়ক উপমন্ত্রী হাবিবুন নাহার ও পানি সম্পদ উপমন্ত্রী একে এম এনামুল হক শামীম।",0,0,1,1,False
" প্রধানমন্ত্রী শেখ হাসিনা গণতান্ত্রিক প্রস্থানের পথ হারিয়ে ফেলেছেন বলে মন্তব্য করেছেন বিএনপির সিনিয়র যুগ্ম মহাসচিব রুহুল কবির রিজভী।বুধবার (১০ জানুয়ারি) বেলা ১১টায় রাজধানীর গুলশান-১ নম্বরে লিফলেট বিতরণ শেষে এ মন্তব্য করেন তিনি। রিজভী বলেন, প্রধানমন্ত্রী শেখ হাসিনা গণতান্ত্রিক প্রস্থানের পথ হারিয়ে ফেলেছেন। জনগণ তাদের বিরুদ্ধে রুখে দাঁড়িয়েছে। বারবার কর্তৃত্ববাদী এই দুঃশাসন তারা আর মানবে না। এর বিরুদ্ধে সবাই আজ রুখে দাঁড়ান। জনগণের উদ্দেশে তিনি বলেন, এই অবৈধ সরকার একতরফা প্রতারণার নির্বাচন করে গোটা জাতিকে ধোঁকা দিয়েছে। আর আপনারা নির্বাচন বর্জন করে, প্রত্যাখ্যান করে সরকারকে লালকার্ড দেখিয়েছেন। এ সময় আরও উপস্থিত ছিলেন বিএনপির স্বাস্থ্যবিষয়ক সম্পাদক ডা. মো. রফিকল ইসলাম, তাঁতী দলের আহ্বায়ক আবুল কালাম আজাদ, মৎস্যজীবী দলের সদস্য সচিব আব্দুর রহিম, যুবদলের কমিটির সহসভাপতি জাকির হোসেন সিদ্দিকী, সাহিত্য ও প্রকাশনা সম্পাদক মেহবুব মাসুম শান্ত, সহ-সাংগঠনিক সম্পাদক কামরুজ্জামান জুয়েল, ছাত্রদলের সাবেক সহসভাপতি তারেক-উজ জামান তারেক, ঢাকা মহানগর দক্ষিণ বিএনপির সদস্য আরিফা সুলতানা রুমা, নাদিয়া পাঠান পাপন, কৃষক দলের সহসম্পাদিকা ফারজানা ইয়াসমিন লিপি, ছাত্রদলের যুগ্ম সাধারণ সম্পাদক ডা. তৌহিদুর রহমান আউয়াল, আতাউর রহমান, সহ-সাধারণ সম্পাদক আজিজুল হক জিয়ন, নাসরিন রহমান পপি, সহ-সাংগঠনিক সম্পাদক সাদেক মিয়া, সহসাংস্কৃতিক সম্পাদক জান্নাতুল নওরিন উর্মি প্রমুখ।",0,0,1,1,False
" বিএনপি চেয়ারপারসনের উপদেষ্টা কাউন্সিলের সদস্য জয়নুল আবদিন ফারুক বলেছেন, ৭ জানুয়ারির ‘ভোটারবিহীন’ নির্বাচনে গঠিত জাতীয় সংসদ ‘অবৈধ’। তিনি বলেছেন, আমরা বলেছি যে, এই নির্বাচনে জনগন অংশ গ্রহণ করেনি। এই নির্বাচন সুষ্ঠু হয়নি, গ্রহণযোগ্য হয়নি। শুধু তাই নয়, জনগণের অংশগ্রহণ বিহীন এই নির্বাচন বিশ্বের বৃহত্তম গণতান্ত্রিক দেশগুলোও গ্রহণ করে নাই। আমরা মনে করি, এটা অবৈধ সরকারের অবৈধ সংসদ।বুধবার সকালে জাতীয় সংসদে নির্বাচিত সংসদ সদস্যরা শপথ গ্রহণের পর বেলা সাড়ে ১১টায় জাতীয় প্রেসক্লাবের সামনে এক অনুষ্ঠানে বিএনপি চেয়ারপারসনের উপদেষ্টা কাউন্সিলের এ সদস্য এই মন্তব্য করেন।এদিন সকাল ১০টায় সংসদ ভবনে শপথ কক্ষে স্পিকার শিরীন শারমিন চৌধুরীর দ্বাদশ জাতীয় সংসদে নির্বাচিত সদস্যদের শপথ গ্রহণ করান।বেলা সাড়ে ১১টায় জাতীয় মতস্যজীবী দলের উদ্যোগে ৭ জানুয়ারির ভোট বর্জনের জন্য জনগণকে ফুল দিয়ে শুভেচ্ছা জানাতে গিয়ে বিএনপি নেতা জয়নুল আবদিন ফারুকের কাছ থেকে এই প্রতিক্রিয়া আসলো।দ্বাদশ সংসদ নির্বাচনের ২৯৮ আসনের ফল ঘোষণা করেছে নির্বাচন কমিশন, যাতে ক্ষমতাসীন আওয়ামী লীগ জয় পেয়েছে ২২২টিতে। এর বাইরে জাতীয় পার্টি পেয়েছে ১১টি আসন, বাংলাদেশের ওয়ার্কার্স পার্টি, জাতীয় সমাজতান্ত্রিক দল (জাসদ) এবং বাংলাদেশ কল্যাণ পার্টি একটি করে আসনে জয় পেয়েছে।এবার রেকর্ড ৬২ জন স্বতন্ত্র প্রার্থী বিজয়ী হয়েছেন, যাদের মধ্যে ৫৯ জনই আওয়ামী লীগের মনোনয়ন প্রত্যাশী ছিলেন। বাকিদের মধ্যে দুজন সরাসরি দলীয় রাজনীতির সঙ্গে সম্পৃক্ত। নবম জাতীয় সংসদে বিরোধী দলীয় প্রধান হুইপ বলেন, ৭ জানুয়ারি ভোটে জনগণ অংশ গ্রহণ করেনি। অতএব এই সংসদ সদস্যদের শপথও জনগণ গ্রহণ করবে না।‘ভোট বর্জনে জনগনকে ফুলেল শুভেচ্ছা’জাতীয়তাবাদী মৎস্যজীবী দলের নেতাকর্মীদের নিয়ে বেলা সাড়ে ১১টায় জাতীয় প্রেসক্লাবের সামনে রিকসাচালকসহ পথচারীদের হাতে ফুল তুলে দেন বিএনপি নেতা জয়নুল আবদিন ফারুক। এ সময়ে মৎস্যজীবী দলের আহ্বায়ক রফিকুল ইসলাম মাহতাবসহ নেতৃবৃন্দ উপস্থিত ছিলেন।এর আগে তিনি বলেন, অবৈধ নির্বাচন জনগণ বর্জন করেছে। আমরা জনগণকে ধন্যবাদ জানিয়ে তাদের হাতে গোলাপ ফুল তুলে দিচ্ছি … এই ভোটে তারা অংশ গ্রহণ না করার জন্য।বাংলাদেশের রাজনীতিতে লজ্জাজনক ঘটনা ৭ জানুয়ারি ঘটিয়েছে আওয়ামী লীগ সরকার। জনগণের অনুপস্থিতিতে ভোটারবিহীন নির্বাচনে তল্পিবাহক প্রধান নির্বাচন কমিশনার ৪০ শতাংশ ভোট পড়েছে বলে যে ঘোষণা দিয়েছেন।আমরা তথ্য-উপাত্ত দেখে বাংলাদেশের সব মিডিয়া ও গণমাধ্যমে যেটা দেখেছি সেটা হলো- ২ থেকে ৪ পাসেন্টের বেশি ভোট পড়েনি। সেই ভোটের সংসদ সদস্যদের যে শপথ অনুষ্ঠান আজ হয়েছে, আমরা তা প্রত্যাখান করছি।‘সরকারকে হুশিয়ারি’ফারুক বলেন,  এই অবৈধ সংসদে যে সরকার গঠিত হবে সেই সরকারকে কখনো জনগন গ্রহন করবে না। আমরা সরকারকে হুশিয়ার করে দিতে চাই, আপনারা একটা ভুয়া ভোটারবিহীন নির্বাচন করেছেন। এরশাদও ’৮৬ সালে ’৮৮ সালে নির্বাচন করেছিলো সেই নির্বাচন জনগণ অংশগ্রহণ করে নাই। আপনারা ক্ষমতায় ছিলেন জোর করে, এবার ২০২৪ সালের ৭ জানুয়ারি তল্পিবাহক নির্বাচন কমিশনের মাধ্যমে যে নির্বাচন আপনারা করেছেন ভোটারবিহীন, সেই সরকার আপনারা পরিচালনা করতে পারবেন না।তিনি বলেন, বাংলাদেশে মানবাধিকার লঙ্ঘিত। বাংলাদেশের মানুষ জেগেছে। গণতন্ত্র প্রতিষ্ঠার আন্দোলনে রাজপথে আছে বিএনপিসহ সমমনা দলগুলো। রাস্তায় ইনশাল্লাহ আমরা আছি, থাকব। গণতন্ত্রের বিজয় অবশ্যই আমরা ছিনিয়ে আনবো।",0,0,1,1,False
" ভুয়া নির্বাচনে সরকার সংসদকে কুক্ষিগত করেছে বলে অভিযোগ করেছেন মঈন খান। তিনি বলেছেন, এই সরকার তারা সমস্ত সংসদকে নিজেদের ইচ্ছামতো কুক্ষিগত করে নিয়েছে এই ভুঁয়া প্রহসনের নির্বাচনের মাধ্যমে এবং এটা আজকে স্পষ্ট হয়ে গিয়েছে যে, ৭ জানুয়ারি কোনো নির্বাচন হয়নি।বৃহস্পতিবার (১১ জানুয়ারি) বিকেলে নয়া পল্টনে দলের কেন্দ্রীয় কার্যালয়ে এক সংবাদ সম্মেলনে বিএনপির স্থায়ী কমিটির সদস্য এই অভিযোগ করেন।মঈন খান বলেন, আজকে জাতীয় সংসদের তিন’শ সিটের মধ্যে ২৯৯ সিটে কে বিজয়ী, কে জয়ী, কে পরাজিত সেগুলো নির্বাচনে নির্ধারিত হয় নাই…, এগুলো সব নির্ধারিত ঢাকার সর্বোচ্চ একটি টেবিলে সেখানে সরকারের সর্বোচ্চ পর্যায় থেকে আগেই নির্ধারিত করে দেয়া হয়েছে কে কত ভোট পাবে, কে কত শতাংশ ভোট পাবে এবং কোন সিট থেকে কে নির্বাচিত হবে। এটা আর এখন আমাদের কথা নয়, দেশে বিদেশে সমস্ত প্রমাণসহ আজকে এটা বিশ্ববাসীর কাছে উদ্ভাসিত হয়েছে।বিএনপির এই নেতা বলেন, এই সরকারের সবচেয়ে দুঃখজনক, লজ্জাজনক, কলঙ্কজনক বিষয় হচ্ছে এই যে, মানুষ ভোট চুরি করে গোপনে। এই সরকার ভোট ডাকাতি করেছে প্রকাশ্যে। তারা প্রকাশ্যে আলোচনা করেছে, সিট ভাগাভাগি করেছে…. কে কোন সিটে নির্বাচিত হবে সেটা নির্ধারণ করেছে প্রকাশ্যে। আজকে এই সরকার কোথায় নেমেছে সেটা আর বলার অপেক্ষা রাখে না।৫৭ দিন পর সকালে নয়া পল্টনের কেন্দ্রীয় কার্যালয়ের প্রধান গেইটে তালা চাবি পুলিশ থেকে না পেয়ে দলের জ্যেষ্ঠ যুগ্ম মহাসচিব রুহুল কবির রিজভীর নেতৃত্বে নেতা-কর্মীরা তালা ভেঙে ভেতরে প্রবেশ করে। গত ২৮ অক্টোবর এই কার্যালয়ের সামনে মহাসমাবেশ পুলিশ পণ্ড করে দেয়ার পর পুলিশ কার্যালয়ের নেতা-কর্মীদের বের করে তালা দিয়ে চাবি নিয়ে যায়।বিকেল তিনটায় দলের স্থায়ী কমিটির সদস্য আবদুল মঈন খান, নজরুল ইসলাম খান, সেলিমা রহমান কেন্দ্রীয় কার্যালয়ে আসেন। সংবাদ সম্মেলনে গত ৭ জানুয়ারি দ্বাদশ সংসদ নির্বাচনে ভোট কারচুপির ওপর দলের তৈরি সচিত্র তথ্যচিত্র উপস্থাপন করা হয়। সেখানে কিভাবে ভোট কারচুপি করা হয়েছে, কেন্দ্রে ব্যালট পেপারে সিল মারা হয়েছে, ভোটার বিহীন কেন্দ্রে সরকার দলীয় লোকজন কিভাবে ভোট বাক্সে ব্যালট পেপার ঢুকিয়েছে ইত্যাদি সরকার ও নির্বাচন কমিশনের অপতৎপরতা এবং দেশী-বিদেশী মিডিয়ায় প্রচারিত ও প্রকাশিত রিপোর্টসমূহ তুলে ধরা হয়।‘কেন্দ্রীয় অফিস বেদখলে ছিলো’আবদুল মঈন খান বলেন, দীর্ঘ ৫৭ দিন পরে আমাদের নয়া পল্টনের অফিস খোলা হয়েছে। আপনারা জানেন, ২৮ অক্টোবর ক্রাকডাউনের পরে বাংলাদেশের সবচেয়ে বৃহত্তম রাজনৈতিক দল বিএনপির কেন্দ্রীয় অফিসটি সরকার বেদখল করে নিয়েছিলো। আজকে আমরা এখানে এসেছি জনগণের কথা বলার জন্য। আমরা রাজনীতি করি জনগণের জন্য, আমরা রাজনীতি করি জনগণকে নিয়ে এবং আমরা রাজনীতি করি জনগণের মঙ্গলের জন্য।তিনি বলেন, বিএনপি একটি উদারনৈতিক গণতান্ত্রিক রাজনৈতিক আদর্শে বিশ্বাসী। আমাদের প্রতিষ্ঠাতা শহীদ প্রেসিডেন্ট জিয়াউর রহমান বলেছেন, জনগণ সকল ক্ষমতার উৎস, আমরা জনগণের ক্ষমতায় বিশ্বাসী। সেই কারণে জনগণকে সঙ্গে নিয়ে আমরা বাংলাদেশে গণতন্ত্র পুণঃপ্রতিষ্ঠার সংগ্রামে আছি। যেভাবে একদিন শহীদ প্রেসিডেন্ট জিয়াউর রহমান দেশে বহুদলীয় গণতন্ত্র ফিরিয়ে দিয়েছিলেন এবং যেভাবে একদিন দেশনেত্রী বেগম খালেদা জিয়া এদেশে পার্লামেন্টারি গণতন্ত্র ফিরিয়ে দিয়েছিলেন। আমরা সেই আদর্শে আমাদের দলের ভারপ্রাপ্ত চেয়ারম্যান তারেক রহমানের নেতৃত্বে আমরা রাজপথে আন্দোলনে আছি, রাজপথে আন্দোলনে থাকব। ইনশাল্লাহ বিএনপি ক্ষমতার জন্য রাজনীতি করে না, বিএনপি রাজনীতি করে জনগণের অধিকার প্রতিষ্ঠার জন্যে। ফলে আমরা সেই আন্দোলনে আমরা আছি, আমরা জনগণের ভোটের অধিকার, জনগণের অর্থনীতির সাম্যের অধিকার এবং জনগণের গণতন্ত্রের অধিকার আমরা ইনশাল্লাহ জনগণের কাছে ফিরিয়ে দেবো এবং ভবিষ্যতে আমরা এমন একটি পরিবেশ বাংলাদেশে সৃষ্টি করব সেখানে সুষ্ঠু নিরপেক্ষ নির্বাচনের মাধ্যমে জনগণের সরকার বাংলাদেশে প্রতিষ্ঠা হয়।মঈন খান বলেন, দেশের মানুষের কাছে এবং বিশ্ববাসীর কাছে ৭ জানুয়ারি নির্বাচনে এটা প্রমাণিত যে, এই সরকার গণতন্ত্রের বিশ্বাস করে না, সরকার যেটাতে বিশ্বাস করে সেটা হচ্ছে একদলীয় বাকশালী শাসন। আমরা অতীতে বলেছি, এটা হচ্ছে অলিখিত বাকশাল। আজকে নির্বাচনের পরে যা দাঁড়িয়েছে সেটা অলিখিত বাকশাল ওয়ান।আপনারা জানেন অতীতে সরকার একটি গৃহপালিত অপজিশন তৈরি করেছিলো… এবার তারা চেষ্টা করেছিলো গৃহপালিত অপজিশন তৈরি করতে গিয়ে তাদের নিজেদের মধ্যে একটা বোঝাপড়া করছিলো যে ২৬টি সিট নাকি তারা দিবে তৃতীয় পার্টি… জাতীয় পার্টি রয়েছে। বাস্তবে আমরা দেখেছি তারা বোধহয় ১১টি সিট পেয়েছে। সংবাদ সম্মেলনে বিএনপির ভাইস চেয়ারম্যান মোহাম্মদ শাহজাহান, অ্যাডভোকেট জয়নাল আবেদীন, অ্যাডভোকেট নিতাই রায় চৌধুরী, চেয়ারপার্সনের উপদেষ্টা কাউন্সিলের সদস্য মনিরুল হক চৌধুরী, জয়নুল আবেদিন ফারুক, ফজলুর রহমান, জ্যেষ্ঠ যুগ্ম মহাসচিব রুহুল কবির রিজভী, কেন্দ্রীয় নেতা ব্যারিস্টার মাহবুব উদ্দিন খোকন, আবদুস সালাম আজাদ, শিরিন সুলতানা, মীর নেওয়াজ আলী, সেলিম রেজা হাবিব, তাইফুল ইসলাম টিপু প্রমুখ নেতারা ছিলেন।",0,0,1,1,False
" দ্বাদশ জাতীয় সংসদ নির্বাচনে ভরাডুবিকে কেন্দ্র করে উত্তপ্ত হয়ে উঠেছে জাতীয় পার্টির রাজনীতি। এরই অংশ হিসেবে শুক্রবার (১২ জানুয়ারি) দলটির কো চেয়ারম্যান কাজী ফিরোজ রশীদ ও প্রেসিডিয়াম সদস্য শুনীল শুভ রায়কে অব্যাহতি দেন চেয়ারম্যান জিএম কাদের। এর আগে, নির্বাচনে ভরাডুবির জন্য ব্যর্থতার দায় নিয়ে পদত্যাগের জন্য গত বুধবার ৪৮ ঘণ্টার সময় বেধে দিয়েছিলেন বিক্ষুদ্ধ নেতারা। শুক্রবার শেষ হয়েছে আল্টিমেটামের সময়সীমা। তাই আগামী ১৪ জানুয়ারি তৃণমূল নেতাদের সভা আহ্বান করেছেন নেতারা। রাজধানীর আইডিইবি ভবনে ওই সভা আহ্বানের বিষয়টি নিশ্চিত করে প্রেসিডিয়াম সদস্য সুনীল শুভরায় বলেন, আমরা ৪৮ ঘণ্টার আল্টিমেটাম দিয়েছি। এই আল্টিমেটামের মেয়াদ শেষ হয়েছে আজ। আমরা চেয়েছিলাম ১৩ জানুয়ারি পরবর্তী সভা করে সিদ্ধান্ত নিতে। কিন্তু হলরুম না পাওয়ায় সভাটি ১৪ জানুয়ারি করার সিদ্ধান্ত হয়েছে। সেখান থেকেই পরবর্তী করণীয় নির্ধারণ করা হবে।বুধবার (১০ জানুয়ারি) দিনভর বিক্ষোভ শেষে পার্টির চেয়ারম্যান জিএম কাদের ও মহাসচিব মুজিবুল হক চুন্নুর পদত্যাগের আল্টিমেটাম বিক্ষুব্ধ নেতাকর্মীরা। তবে পার্টির চেয়ারম্যান জিএম কাদের ও মহাসচিব মুজিবুল হক চুন্নু এ দিন অফিসে আসেননি। তারা দুপুরে সংসদে গিয়ে শপথ নেন, সেখান থেকে নিজ নিজ বাসায় ফিরে যান। দুপুরে বনানী অফিসে যখন নজিরবিহীন বিক্ষোভ হচ্ছিল তখন তারা ছিলেন সংসদ ভবনে।চেয়ারম্যান ও মহাসচিবের বিরুদ্ধে বিক্ষোভে যোগ দেন পার্টির কো-চেয়ারম্যান। এছাড়া বেশ কয়েকজন প্রেসিডিয়াম সদস্য, যুগ্ম মহাসচিব, সাংগঠনিক সম্পাদক, সাবেক ছাত্রনেতারাসহ কয়েক শতাধিক নেতাকর্মী বিক্ষোভে অংশ নিয়েছিলেন। বাসে করেও লোক আনা হয় বিক্ষোভের জন্য। তাদের পার্টি অফিসে আসার খবরটি আগেই জানাজানি হয়ে যায়, এমনও খবর রটে যায় তারা বনানীস্থ পার্টির চেয়ারম্যানের কার্যালয় দখল নিতে যাচ্ছেন। এ খবরে আগেই পার্টি অফিসের মূল ফটক বন্ধ করে দেয়া হয়। অফিস স্টাফ ছাড়া সকলের প্রবেশ নিষিদ্ধ করে বাড়ানো হয় পুলিশের নিরাপত্তা। পুলিশ সদস্যরা মূল ফটকের সামনে সারিবদ্ধভাবে দাঁড়িয়ে পথ গেট বন্ধ করে দেয়।বেলা সোয়া ১১টার দিকে ঢাকা মহানগর উত্তর জাতীয় পার্টির সভাপতি শফিকুল ইসলাম সেন্টু, প্রেসিডিয়াম সদস্য ও অতিরিক্ত মহাসচিব সাইদুর রহমান টেপা, প্রেসিডিয়াম সদস্য জহিরুল আলম রুবেল, যুগ্ম মহাসচিব ফখরুল ইসলাম শাহজাদা পুলিশের নিরাপত্তা বেষ্টনী ভেদ করে মূল ফটকের ভেতরে প্রবেশ করেন। তারা অফিসের ভেতরে ঢোকার চেষ্টা করলে পুলিশ সদস্যরা ফিরে যাওয়ার অনুরোধ করেন। তখন প্রায় ৩০ মিনিটব্যাপী উত্তপ্ত বাক্য বিনিময় চলে। এক পর্যা‌য়ে সিনিয়র নেতারা বাইরে বের হয়ে বিক্ষোভ প্রকাশ করতে থাকেন। অফিসের বিপরীত দিকের ফুটপাতে চেয়ার নিয়ে বসে যান নেতারা। আর কর্মীরা রাস্তার উপরে অবস্থান নিয়ে নানা রকম স্লোগান দিতে থাকেন।সেখানে এসে একে একে যোগদান করেন পার্টির কো-চেয়ারম্যান সাবেক সংসদ সদস্য সৈয়দ আবু হোসেন বাবলা, প্রেসিডিয়াম সদস্য সাবেক সংসদ সদস্য লিয়াকত হোসেন খোকা, প্রেসিডিয়াম সদস্য জহিরুল ইসলাম জহির, প্রেসিডিয়াম সদস্য হাজী সাইফুদ্দিন আহমেদ মিলন, সিনিয়র যুগ্ম মহাসচিব গোলাম মোহাম্মদ রাজু, যুগ্ম মহাসচিব আব্দুল হামিদ ভাসনী, সাংগঠনিক সম্পাদক বেলাল হোসেন, ছাত্র সমাজের সাবেক সভাপতি কেন্দ্রীয় কমিটির শিক্ষা বিষয়ক সম্পাদক মিজানুর রহমান মিরু, ছাত্র সমাজের সাবেক সভাপতি সৈয়দ ইফতেখার আহসান হাসান।এসময় পার্টি অফিসের সামনে ভিড় সামাল দিতে অতিরিক্ত পুলিশ তলব করা হয়। বেলা ১টার দিকে দাবি দাওয়া নিয়ে উপস্থিত গণমাধ্যমকর্মীদের ব্রিফিং করা হয়। লিখিত বক্তব্য পাঠ করেন প্রেসিডিয়াম সদস্য ও অতিরিক্ত মহাসচিব সাইদুর রহমান টেপা। তিনি বলেন, পার্টির চেয়ারম্যান ও মহাসচিবের পদত্যাগের জন্য ৪৮ ঘণ্টা সময় দিলাম। এরমধ্যে তারা পদত্যাগ না করলে আমরা ধরে নেব তারা পদত্যাগ করেছেন।",0,0,1,1,False
" নতুন দায়িত্বপ্রাপ্ত পররাষ্ট্রমন্ত্রী ড. হাছান মাহমুদ বলেছেন, প্রধানমন্ত্রী শেখ হাসিনার নেতৃত্বে টানা চতুর্থবারের মতো গঠিত নবনির্বাচিত সরকারকে যুক্তরাষ্ট্র, যুক্তরাজ্য, ইইউসহ সকল রাষ্ট্রদূত অভিনন্দন জানিয়েছে। শুক্রবার (১২ জানুয়ারি) সকালে নবগঠিত মন্ত্রীপরিষদ সদস্যবর্গের সাথে ধানমন্ডি ৩২ নম্বরে জাতির পিতা বঙ্গবন্ধু শেখ মুজিবুর রহমানের প্রতিকৃতিতে পুষ্পস্তবক অর্পণ শেষে তিনি এ কথা বলেন। নির্বাচন নিয়ে বিদেশি রাষ্ট্রগুলোর প্রতিক্রিয়া নিয়ে সাংবাদিকদের প্রশ্নে তিনি বলেন, 'দেখুন, বৃহস্পতিবার বঙ্গভবনে নবনির্বাচিত সরকারের মন্ত্রীপরিষদের শপথ গ্রহণ অনুষ্ঠানে মার্কিন রাষ্ট্রদূত, যুক্তরাজ্যের হাইকমিশনারসহ ইউরোপীয় ইউনিয়নভুক্ত রাষ্ট্রগুলোসহ প্রায় সকল দেশের রাষ্ট্রদূতরা ছিল। অর্থাৎ বর্তমান সরকারকে অভিনন্দন জানাতে তারা সবাই গিয়েছিল।'পরিবেশ ও বন এবং তথ্য ও সম্প্রচার মন্ত্রণালয়ের মন্ত্রীর দায়িত্ব পালন করে আসা হাছান মাহমুদের নতুন দায়িত্ব নিয়ে প্রশ্ন করলে মন্ত্রী বলেন, 'চ্যালেঞ্জ মোকাবিলা করার মধ্যে যে পরিতৃপ্তি আছে, সেটি অন্য কিছুতে নেই। তথ্য মন্ত্রণালয় একটি চ্যালেঞ্জ ছিলো। আমি আপনাদের সহযোগিতায় সেই চ্যালেঞ্জ মোকাবিলা করেছি। এখন বৈশ্বিক প্রেক্ষাপটে এবং পৃথিবীতে বিভিন্ন জায়গায় যুদ্ধ চলছে, সেই প্রেক্ষাপটে এটি অবশ্যই চ্যালেঞ্জ।' তিনি বলেন, 'জননেত্রী শেখ হাসিনার নেতৃত্বে আমরা সমস্ত চ্যালেঞ্জ মোকাবিলা করে দেশকে এগিয়ে নিয়ে গেছি। মাননীয় প্রধানমন্ত্রী আমাকে আস্থায় রেখে পররাষ্ট্র মন্ত্রণালয়ের দায়িত্ব দিয়েছেন। ইনশাল্লাহ এই চ্যালেঞ্জ মোকাবিলা করেও আমরা দেশকে এগিয়ে নিয়ে যাবো এবং দেশের ভাবমূর্তি উজ্জ্বল করবো, পূর্ব-পশ্চিম সবার সাথে সম্পর্কের আরও উন্নয়ন ঘটাবো।' আমাদের পররাষ্ট্রনীতির মূল প্রতিপাদ্য হচ্ছে, কারো সাথে বৈরিতা নয়, সবার সাথে সুসম্পর্ক এবং সেই নীতি নিয়েই আমরা সবার সাথে আরও ঘনিষ্ঠ সম্পর্ক গড়ে তুলবো, প্রত্যয় ব্যক্ত করেন ড. হাছান।রাজনৈতিক প্রসঙ্গে পররাষ্ট্রমন্ত্রী বলেন, 'আজকে কাগজে দেখলাম, বিএনপি তালা ভেঙে তাদের অফিসে ঢুকেছে। অথচ তালাটা কিন্তু তারাই লাগিয়েছিল। তারাই লাগিয়ে তারাই ভাঙছে, অর্থাৎ একটা নাটক দেখাচ্ছে।'হাছান মাহমুদ বলেন, 'বিএনপি নিজেরাই এই তালা লাগিয়েছিল। ৭৫ দিন ধরে কেউ যায় নাই। চাবি ইচ্ছে করে হারিয়ে ফেলেছে বা চাবি আছে, এরপরেও এভাবে তালা ভাঙার একটা নাটক করে মানুষকে বিভ্রান্ত করার একটা অপচেষ্টা",0,0,1,1,False
" জাতীয় পার্টির চেয়ারম্যান জি এম কাদের বলেছেন, ‘সরকার দলীয় লোকজন ভোট ডাকাতির নির্বাচনের প্রস্তুতি নিয়েছে। জামালপুর-কুমিল্লাসহ বিভিন্ন জায়গায় আমাদের এজেন্টদের বের করে দেওয়া হচ্ছে বলে খবর পেয়েছি। পুরনো কায়দায় আওয়ামী লীগ ভোটকেন্দ্র দখল করে ভোট ডাকাতির নির্বাচন করছে।’আজ রবিবার দুপুরে রংপুর নগরীর শিশুমঙ্গল সরকারি প্রাথমিক বিদ্যালয় কেন্দ্র পরিদর্শন শেষে সাংবাদিকদের সঙ্গে আলাপকালে তিনি এসব অভিযোগ করেন।জি এম কাদের বলেন, ‘ইতোমধ্যে সকাল থেকে আমি তিনটি ঘটনা জেনেছি। ভোট স্বাভাবিক হবে না, সেই ধরনের একটা আবহ তৈরি করা হচ্ছে সেইসব জায়গায়। তবে সব জায়গার খবর এখনো পাইনি। আশা করেছিলাম ভোট স্বাভাবিক হবে। কিন্তু রংপুর ছাড়া বেশির ভাগ জায়গায় ভোট স্বাভাবিক হচ্ছে না।’তিনি বলেন, ‘আশঙ্কা ছিল যে নির্বাচনে নিয়ে এসে আমাদের কোরবানি করা হবে। আশঙ্কা সত্যি হয় কি না বিকেল হলেই বোঝা যাবে।’২০১৮ সালের নির্বাচনের পুনরাবৃত্তি হচ্ছে কি না, এর জবাবে জি এম কাদের বলেন, ‘এখন পর্যন্ত কিছু কিছু নমুনা দেখা যাচ্ছে। কারণ, তাদের (আওয়ামী লীগ) লোকবল বেশি। প্রশাসন তাদের সঙ্গে পরোক্ষভাবে আছে। যতদূর খবর পেয়েছি এতে আমরা উদ্বিগ্ন।’দিনশেষে জাতীয় পার্টির শঙ্কা যদি সত্যি হয়, তাহলে দলের অবস্থান কি হবে এ প্রসঙ্গে তিনি বলেন, ‘সেটা যখন হবে তখন বলব। আগে থেকে কিছু বলতে চাই না। আমরা সার্বিক পরিস্থিতি দেখে দলের নেতাদের সঙ্গে আলোচনা করে সিদ্ধান্ত নেব।’এ সময় জাতীয় পাটির কো-চেয়ারম্যান ও রংপুর মহানগরের সভাপতি সিটি মেয়র মোস্তাফিজার রহমান মোস্তফা, সাধারণ সম্পাদক এসএম ইয়াসীর, জেলা কমিটির সদস্য সচিব হাজী আব্দুর রাজ্জাক উপস্থিত ছিলেন।রংপুর-৩ (সদর উপজেলা ও সিটি করপোরেশনের ৯ থেকে ৩৩ নম্বর ওয়ার্ড) আসনে জাতীয় পার্টির চেয়ারম্যান জি এম কাদের দলীয় প্রতীক ‘লাঙ্গল’, বাংলাদেশ সুপ্রিম পার্টির আব্দুর রহমান রেজু ‘একতারা’, বাংলাদেশ কংগ্রেসের একরামুল হক ‘ডাব’, জাতীয় সমাজতান্ত্রিক দলের (জাসদ) সহিদুল ইসলাম ‘মশাল’, ন্যাশনাল পিপলস পার্টির শফিউল আলম ‘আম’ এবং তৃতীয় লিঙ্গের স্বতন্ত্র প্রার্থী আনোয়ারা ইসলাম রানী ‘ঈগল’ প্রতীকে লড়ছেন। এই আসন থেকে আওয়ামী লীগ মনোনীত প্রার্থী তুষার কান্তি মণ্ডলকে প্রত্যাহার করে নেওয়া হয়েছে। ভোটযুদ্ধে এ আসনে জি এম কাদেরসহ ৬ জন প্রতিদ্বন্দ্বিতা করছেন। তবে সাধারণ ভোটারদের কাছে ‘লাঙ্গল’ ও ‘ঈগল’ রয়েছে প্রতিদ্বন্দ্বিতার আলোচনায়।এখানে মোট ভোটার ৪ লাখ ৯৪ হাজার ৭৬৮ জন। এর মধ্যে নারী ভোটার ২ লাখ ৪৭ হাজার ২৯৪ জন ও পুরুষ ২ লাখ ৪৭ হাজার ৪৭২ এবং তৃতীয় লিঙ্গের ভোটার ২ জন। রংপুর জেলার সবচেয়ে বেশি ভোটার অধ্যুষিত এ আসনের ১৭৫টি ভোটকেন্দ্রের ১ হাজার ১৬টি কক্ষে ভোটাধিকার প্রয়োগ করছেন সাধারণ ভোটাররা।",0,0,1,1,False
" ক্ষমতাসীন আওয়ামী লীগ সরকারকে নিপীড়ক আখ্যা দিয়ে বিএনপির সিনিয়র যুগ্ম মহাসচিব রুহুল কবির রিজভী বলেছেন, দেশ থেকে গণতন্ত্র ও মানবাধিকার উধাও হয়ে গেছে। সরকারের অকথ্য নির্বাচন ও পৈশাচিক অত্যাচারে বিএনপি চেয়ারপারসন খালেদা জিয়াসহ দলের শীর্ষ নেতৃবৃন্দ ও হাজার হাজার নেতাকর্মীরা কারাবন্দি হয়ে এখনও এক দম বন্ধ করা জীবন যাপন করছে।শনিবার (১৩ জানুয়ারি) দুপুরে রাজধানীর নয়াপল্টনে দলের কেন্দ্রীয় কার্যালয়ে আয়োজিত সংবাদ সম্মেলনে এক প্রশ্নের জবাবে বিএনপির সিনিয়র যুগ্ম মহাসচিব রুহুল কবির রিজভী এ কথা বলেন।তিনি বলেন, সমস্ত মানবিক মৌলিক অধিকার হরণ করে নিপীড়নের সর্বোচ্চ মাত্রা প্রয়োগ করা হয়েছে। বিএনপির কারাবন্দি মহাসচিব মির্জা ফখরুল ইসলাম আলমগীর, স্থায়ী কমিটির সদস্য মির্জা আব্বাস, আমির খসরু মাহমুদ চৌধুরী ও হাজার হাজার নেতাকর্মীরা অসুস্থ অবস্থায় চিকিৎসা না পেয়ে অমানবিক জীবন যাপন করছে।রিজভী বলেন, রাষ্ট্রের হাজার হাজার কোটি টাকা খরচ করে ডামি প্রধান নির্বাচন কমিশনার ঘুমিয়ে থেকে নির্বাচনের নামে যেই সংসদের জন্ম দিয়েছেন, আগামীতে দেশে জনগণের ভোটে জবাবদিহিতামূলক সরকার গঠিত হলে জনগণের কাছে প্রতিটি টাকার হিসাব দিতে হবে। এই 'ডামি নির্বাচনের মাধ্যমে গঠিত 'ডামি সরকারের এক ডামি মন্ত্রী বলেছেন, 'দেশের বিরুদ্ধে ষড়যন্ত্রের জাল ছিন্ন করা হবে'। এই কথার জবাবে বলতে চাই, যে দেশে 'ডামি নির্বাচন'র মাধ্যমে 'ডামি সরকার' আর 'ডামি মন্ত্রী' থাকে সেই দেশের অনিষ্ট করতে কোনো ষড়যন্ত্রের প্রয়োজন হয় না। জনম্যান্ডেটহীন 'ডামি সরকার'ই যথেষ্ট দেশকে প্রভুদের পদানত ও ধ্বংস করতে।তিনি বলেন, একজন মাত্র ব্যক্তির ক্ষমতালিপ্সার কারণে দেশ থেকে গণতন্ত্র ও মানবাধিকার উধাও হয়ে গেছে। মানুষের ভোটের অধিক লুণ্ঠন করা হয়েছে। বাস্তবতা হলো, দেশের গণতন্ত্রকামী জনগণই নয় বিশ্বের মানবাধিকার সংগঠনগুলোও এখন বাংলাদেশে নির্বাচনকালীন নিরপেক্ষ সরকারের অধীনে নতুন নির্বাচনের আহ্বান জানিয়েছে।রিজভী বলেন, শুক্রবার ছয়টি আন্তর্জাতিক মানবাধিকার সংগঠন যৌথ বিবৃতি দিয়ে গত ৭ জানুয়ারির 'ডামি নির্বাচন' নিয়ে গ্রহণযোগ্যতার প্রশ্ন তুলেছে। আমাদের বক্তব্য স্পষ্ট, দেশের গণতন্ত্রপ্রেমী জনগণের কাছে ২০১৪ কিংবা ২০১৮ সালের মতোই অবৈধ এবং অগণতান্ত্রিক। সংবিধান অনুযায়ী জনগণের প্রত্যক্ষ ভোটে জনপ্রতিনিধি নির্বাচিত হতে হবে। কিন্তু বর্তমান সরকার জনগণের প্রত্যক্ষ ভোটে নির্বাচিত হয়নি।তিনি বলেন, বিএনপিসহ গণতন্ত্রের পক্ষের ৬৩টি রাজনৈতিক দল এবং দেশের প্রায় প্রতিটি গণতন্ত্রকামী মানুষ ৭ জানুয়ারির ভুয়া নির্বাচন সম্পূর্ণভাবে বর্জন করেছে। এরপরও নির্বাচনে ভোট জালিয়াতি, ভোট ডাকাতি, ২০১৮ সালের মতো রাতের বেলায়ও ব্যালটে সিল মারার মতো অপকর্মের আশ্রয় নিতে হয়েছে। আওয়ামী লীগের 'ডামি প্রার্থীরা'ই এই অভিযোগ করেছেন। অপ্রিয় হলেও সত্য, ৭ জানুয়ারির ভাগবাটোয়ারার নির্বাচন নতুন প্রজন্মের সামনে ৭৩ সালের নির্বাচনের জাল জালিয়াতি আর সন্ত্রাসের চিত্র তুলে ধরেছে। অপ্রিয় হলেও সত্য, ভোট ডাকাতি মনে হয় আওয়ামী লীগের বংশানুক্রমিক ঐতিহ্যে পরিণত হয়েছে।তিনি আরো বলেন, বাংলাদেশের গণতন্ত্রকামী বিরোধী দলসহ আন্তর্জাতিক অধিকার গ্রুপ এবং গণতান্ত্রিক বিশ্ব বাংলাদেশে বিরোধীদের ওপর সরকারি নিপীড়নের বিরুদ্ধে সোচ্চার হলেও ফ্যাসিস্ট সরকার সেগুলোকে ভ্রূক্ষেপ করছে না। কয়েক সপ্তাহে কারা হেফাজতে মৃত্যুর সংখ্যা সর্বোচ্চ। হিটলারের কনসেন্ট্রেশন ক্যাম্পের দুর্বিষহ উৎপীড়নের সাথেই কেবল সরকারের কারাগারের মিল পাওয়া যায়। আমি অবিলম্বে বিএনপি চেয়ারপারসন বেগম খালেদা জিয়া, মির্জা ফখরুল ইসলাম আলমগীর, মির্জা আব্বাস, আমির খসরু মাহমুদ চৌধুরীসহ গ্রেপ্তারকৃত সকল নেতাকর্মীদের মুক্তি দাবি করছি।নতুন কর্মসূচির প্রসঙ্গে রিজভী বলেন, অবশ্যই একদফা দাবিতে সরকারের পতনের পরবর্তী আন্দোলনের ধারা ঠিক করা হচ্ছে। আমাদের নেতৃবৃন্দ প্রতিদিন প্রায় বসছেন। কর্মসূচি ঠিক করে তারা জানাবেন। আর আমরা কর্মসূচি ও আন্দোলনের মধ্যে আছি।আরেক প্রশ্নের জবাবে তিনি বলেন, আমরা কি আন্দোলন প্রত্যাহার করেছি? আন্দোলনে আমাদের নতুন কর্মসূচি প্রণয়ন, আবার নতুন কি কর্মসূচি আসবে, ৭ই জানুয়ারি পর্যন্ত এক ধারায় হয়েছে, এখন আমরা কোন ধারায় আন্দোলনে যাবো, আমাদের সঙ্গে আরও দল রয়েছে- তাদের সঙ্গে কথা বলার বিষয় আছে। কথা বলার পরে একটা কর্মসূচি ঠিক হয়। সেভাবেই আমাদের কর্মসূচি যাচ্ছে।অপর আরেক প্রশ্নের জবাবে রিজভী বলেন, আন্দোলনের পরিপূর্ণতায় স্রোত আমরা যত বয়ে দিবো, স্রোতের ধারা যত আসবে ততই আন্দোলন পরিপূর্ণ হবে এবং তারা (সরকার) পরাজিত হবে। আর কখন পরিস্থিতি হবে, সেটা বলা যায় না। শুধু একটা বলা যায়, জনগণের আন্দোলন যদি আদর্শ, ন্যায় ও গণতন্ত্রের পক্ষের হয়, সেই আন্দোলন কখনো বৃথা যাবে না। এটাই হচ্ছে ইতিহাসের রেকর্ড। এখানে জনগণ পরাজিত না। অপশক্তি কিছুদিন বাধা দিয়ে রাখতে পারে। কিন্তু তার স্রোতকে আটকে রাখা যাবে না। কোনো না কোনো দিক থেকে এটা প্রতিহত করে এগোবে।আরেক প্রশ্নের জবাবে তিনি বলেন, এটা তামাশার নির্বাচন। এটা কোনো সরকার না। কিসের মহাযাত্রা, কি হবে। ওটা সরকারের মরণযাত্রা তারা (আওয়ামী লীগ) করছে। সংবাদ সম্মেলনে বিএনপির কেন্দ্রীয় নেতা জয়নুল আবদীন ফারুক, অ্যাডভোকেট আব্দুস সালাম আজাদ, তাইফুল ইসলাম টিপু প্রমুখ উপস্থিত ছিলেন।",0,0,1,1,False
" আওয়ামী লীগের সাধারণ সম্পাদক এবং সড়ক পরিবহন ও সেতুমন্ত্রী ওবায়দুল কাদের বলেছেন, যারা নির্বাচন বর্জন করেছে তারা নতুন করে ষড়যন্ত্র করছে। এ সরকারকে হটাতে তারা বিদেশি বন্ধুদের দিকে তাকিয়ে আছে। বিরোধীরা আশা করছে কম্বোডিয়ার মতো নিষেধাজ্ঞা আসবে। শনিবার (১৩ জানুয়ারি) গোপালগঞ্জের টুঙ্গিপাড়ায় প্রধানমন্ত্রীর সঙ্গে জাতির পিতার সমাধিতে শ্রদ্ধা নিবেদন শেষে এসব কথা বলেন ওবায়দুল কাদের।তিনি বলেন, শেখ হাসিনা কোনো নিষেধাজ্ঞা, কোনো ভিসা নিষেধাজ্ঞার পরোয়া করেন না। ‘সকলের সঙ্গে বন্ধুত্ব, কারও সঙ্গে বৈরিতা নয়’ এই নীতিতে শেখ সরকারের কার্যাবলী পরিচালিত হবে।তিনি আরো বলেন, রাজনীতিতে কেউ সন্ত্রাস ও অস্থিরতা তৈরি করলে মোকাবিলা করতে হবে। বিরোধীদলকে রাজনীতি দিয়ে মোকাবেলা করতে হবে।ইশতেহারের বিষয়ে তিনি বলেন, ইশতেহার বাস্তবায়ন করায় আমাদের মূল চ্যালেঞ্জ। অনেক বাধা আসতে পারে। কারণ নির্বাচন বর্জনকারীরা নতুন করে ষড়যন্ত্র শুরু করে দিয়েছে।",0,0,1,1,False
" বাংলাদেশে চালু হয়েছে এক ব্যক্তির শাসনব্যবস্থা। গোটা দেশ এখন তার হাতে জিম্মি হয়ে গেছে বলে মন্তব্য করেছেন বিএনপির সিনিয়র যুগ্ম মহাসচিব অ্যাডভোকেট রুহুল কবির রিজভী।  শনিবার দুপুরে নয়াপল্টন বিএনপির কেন্দ্রীয় কার্যালয়ে এক সংবাদ সম্মেলনে তিনি এসব কথা বলেন।রিজভী বলেন, এই সরকারের অকথ্য নির্বাচন ও অত্যাচারে বিএনপি চেয়ারপারসন দেশনেত্রী বেগম খালেদা জিয়াসহ বিএনপির শীর্ষ নেতৃবৃন্দ ও হাজার হাজার নেতাকর্মীরা কারাবন্দী হয়ে এখনো এক দম বন্ধ করা জীবন যাপন করছে। সমস্ত মানবিক মৌলিক অধিকার হরণ করে নিপীড়ণের সর্বোচ্চ মাত্রা প্রয়োগ করা হয়েছে। কারাবন্দী বিএনপি মহাসচিব মির্জা ফখরুল ইসলাম আলমগীর, জাতীয় স্থায়ী কমিটির সদস্য মির্জা আব্বাস, আমির খসরু মাহমুদ চৌধুরী ও হাজার হাজার নেতাকর্মীরা অসুস্থ অবস্থায় চিকিৎসা না পেয়ে অমানবিক জীবন যাপন করছে।তিনি আরো বলেন, বাংলাদেশের গণতন্ত্রকামী বিরোধী দলসহ আন্তর্জাতিক অধিকার গ্রুপ এবং গণতান্ত্রিক বিশ্ব বাংলাদেশে বিরোধীদের ওপর সরকারী নিপীড়নের বিরুদ্ধে সোচ্চার হলেও ফ্যাসিস্ট সরকার সেগুলোকে ভ্রুপক্ষেপ করছে না। কয়েক সপ্তাহে কারা হেফাজতে মৃত্যুর সংখ্যা সর্বোচ্চ। অবিলম্বে বিএনপি চেয়ারপারসন ও সাবেক প্রধানমন্ত্রী দেশনেত্রী বেগম খালেদা জিয়া, মির্জা ফখরুল ইসলাম আলমগীর, মির্জা আব্বাস, আমির খসরু মাহমুদ চৌধুরীসহ কারাগারে থাকা সকল নেতাকর্মীদের নি:শর্ত মুক্তি ও মিথ্যা মামলা প্রত্যাহারের জোর আহবান জানান রিজভী।তিনি বলেন, বিরোধীদের ওপর বুলডোজার চালানোর পর নজিরবিহীন উদ্ভট ডামি নির্বাচনের মধ্য দিয়ে বাংলাদেশে চালু হয়েছে এক ব্যক্তির শাসনব্যবস্থা। গোটা বাংলাদেশ এখন তার হাতে জিম্মি হয়ে গেছে। উত্তর কোরিয়া মডেলের এই নির্বাচনে শেখ হাসিনার ছিলেন নিজেই নিজের প্রতিদ্বন্দ্বী। কেউ ডামি, কেউ মনোনীত, কেউ নৌকা, কেউ ভোট জমাতে হায়ারকৃত- সবাই তার প্রার্থী। কোন আসনে কে পাশ কে ফেল সব তার হাতে পূর্বনির্ধারিত। ২৮ পারসেন্ট থেকে ৪১ পারসেন্ট ভোট কাউন্ট করার ফর্মূলাও তার। যদিও ভোটার উপস্থিতি ছিল মাইক্রোস্কোপিক।বিএনপির এই মুখপাত্র বলেন, সাধারণ জনগণের বিরুদ্ধে আইনশৃঙ্খলা বাহিনীকে লেলিয়ে দিয়ে ডামি সরকার অবৈধ ক্ষমতার উষ্ণতা অনুভব করলেও বর্তমানে দেশের উত্তরাঞ্চলে তীব্র শীতে কাঁপছে কৃষক শ্রমিক দিনমজুর নিম্ন আয়ের মানুষ। মানুষ যেখানে একবেলা খাবার জোগাড় করতে হিমশিম খাচ্ছে সেখানে কিভাবে শীতবস্ত্র জোগাড় করবে? ডামি মন্ত্রীরা কি খেয়ে মন্ত্রিত্ব উদযাপন করবেন পত্রপত্রিকায় সেই তালিকা প্রকাশ করলেও বর্তমানে দুঃখজনক বাস্তবতা হচ্ছে, দেশের অধিকাংশ মানুষ এখন অর্ধাহারে অনাহারে।  ",0,0,1,1,False
" রবিবার (১৪ জানুয়ারি) দ্বাদশ জাতীয় নির্বাচনে জাতীয় পার্টি (জাপা) মনোনীত প্রার্থীরা বিশেষ সভা আহবান করেছেন। সভায় দলীয় প্রার্থীরা ছাড়াও পার্টির সিনিয়র নেতারা অংশ নিবেন। বেলা ১১টায় কাকরাইল ডিপ্লোমা ইঞ্জিনিয়ারিং ইনিস্টিউট মিলনায়তনে এ সভা অনুষ্ঠিত হবে। শনিবার (১৩ জানুয়ারি) দুপুরে সভা সফল করতে জাপার কাকরাইল কার্যালয়ে এক বৈঠক অনুষ্ঠিত হয়। বৈঠকে বিভিন্ন প্রার্থী ছাড়াও দলটির কয়েকজন শীর্ষনেতা উপস্থিত ছিলেন। জাতীয় পার্টির বিভিন্ন সভাসমাবেশে পার্টির যে তিনজন নেতা সবসময় জনবলের যোগান দেন সে তিনজন সিনিয়র নেতাও এ বৈঠকে উপস্থিত ছিলেন। বৈঠকে উপস্থিত ঢাকা-১২ আসনের জাপা মনোনীত প্রার্থী জানান, রবিবার সারাদেশ থেকে দলীয় প্রার্থী এ সভায় শরিক হবেন এবং তারা কি কারণে পরাজিত হয়েছেন এবং পার্টির শীর্ষ নেতাদের অসহযোগিতার কথা তুলে ধরা হবে। যদিও শুক্রবার দলটি থেকে এক জরুরী প্রেস বিজ্ঞপ্তির মাধ্যমে রবিবারের সভায় নেতাকর্মীদের যেতে বারণ করা হয়েছে।জাপার কয়েকজন প্রার্থী জানান, নির্বাচনের সময় আমাদের হাত-পা বেঁধে সাঁতরাতে দেয়া হয়েছে। আর্থিক সহযোগিতা তো দূরের কথা, আমাদের নির্বাচনী মাঠে প্রচারণা চালাতে গিয়ে ক্ষমতাসীনদের বাধার মুখে পড়েছি। প্রার্থীদের নানাভাবে হুমকি দেয়া হয়েছে। তা জানানোর জন্য ফোন দেয়া হলেও জাতীয় পার্টির চেয়ারম্যান জিএম কাদের এবং মহাসচিব মুজিবুল হক চুন্নু রিসিভ করেননি। আমরা মূলত, নির্বাচনের সময় আমাদের প্রতি যে বিরূপ আচরণ করা হয়েছে রবিবার তার ব্যাখ্যা দাবি করবো। গত বুধবার জাপার বনানী কার্যালয়ে পার্টি চেয়ারম্যান ও মহাসচিবকে অপসারণের বিষয়ে সে সময়ে উপস্থিত জাপার একাধিক নেতা জানান, চেয়ারম্যানের অপসারণের বিষয়ে আমরা কিছু জানতাম না। তবে, পরাজিত প্রার্থী এবং নেতাকর্মীরা নির্বাচনে ভরাডুবির জন্য সেদিন ক্ষোভ প্রকাশ করেছেন। রবিবারের সভা প্রসঙ্গে জাপা কো-চেয়ারম্যান সৈয়দ আবু হোসেন বাবলা বলেন, এ সভা কারো বিরুদ্ধে নয়। সারাদেশের দলের প্রার্থীরা এ সভা আয়োজন করেছে। কি কারণে প্রার্থীরা পরাজিত হয়েছেন তা তারা তুলে ধরবেন।এদিকে, দলটির মহাসচিব মুজিবুল হক চুন্নু গত বৃহস্পতিবার দুপুরে বনানী কার্যালয়ে গণমাধ্যমের উদ্দেশ্যে বলেছেন, নির্বাচনে জাতীয় পার্টির ভরাডুবি হয়েছে, তা অস্বীকার করছি না। সে দায়ভারও আমাদের ওপর বর্তায়। তবে, যারা ক্ষোভ প্রকাশ করেছেন, এভাবে প্রকাশ্যে করা ঠিক হয়নি। এর আগে, গত মঙ্গলবার রাতে ধানমণ্ডির একটি অফিসে জাতীয় পার্টির কয়েকজন শীর্ষনেতাসহ পরাজিত বেশ কয়েকজন প্রার্থী একটি বৈঠকে মিলিত হন। সে বৈঠকের সিদ্ধান্ত মোতাবেক পরদিন বুধবার দলীয় প্রার্থীসহ অসংখ্য নেতাকর্মী ক্ষোভ প্রকাশ করে পার্টির চেয়ারম্যান জিএম কাদের এবং মহাসচিব মুজিবুল হক চুন্নুর পদত্যাগ দাবি করেন। তার জের ধরে শুক্রবার দলটির কো-চেয়ারম্যান কাজী ফিরোজ রশিদ এবং প্রেসিডিয়াম সদস্য সুনীল শুভ রায়কে দল থেকে অব্যাহতি দেয়া হয়। জাপা সূত্র জানিয়েছে, এই অব্যাহতির সংখ্যা আরো বাড়তে পারে।রবিবার (১৪ জানুয়ারি) দ্বাদশ জাতীয় নির্বাচনে জাতীয় পার্টি (জাপা) মনোনীত প্রার্থীরা বিশেষ সভা আহবান করেছেন। সভায় দলীয় প্রার্থীরা ছাড়াও পার্টির সিনিয়র নেতারা অংশ নিবেন। বেলা ১১টায় কাকরাইল ডিপ্লোমা ইঞ্জিনিয়ারিং ইনিস্টিউট মিলনায়তনে এ সভা অনুষ্ঠিত হবে। শনিবার (১৩ জানুয়ারি) দুপুরে সভা সফল করতে জাপার কাকরাইল কার্যালয়ে এক বৈঠক অনুষ্ঠিত হয়। বৈঠকে বিভিন্ন প্রার্থী ছাড়াও দলটির কয়েকজন শীর্ষনেতা উপস্থিত ছিলেন। জাতীয় পার্টির বিভিন্ন সভাসমাবেশে পার্টির যে তিনজন নেতা সবসময় জনবলের যোগান দেন সে তিনজন সিনিয়র নেতাও এ বৈঠকে উপস্থিত ছিলেন। বৈঠকে উপস্থিত ঢাকা-১২ আসনের জাপা মনোনীত প্রার্থী জানান, রবিবার সারাদেশ থেকে দলীয় প্রার্থী এ সভায় শরিক হবেন এবং তারা কি কারণে পরাজিত হয়েছেন এবং পার্টির শীর্ষ নেতাদের অসহযোগিতার কথা তুলে ধরা হবে। যদিও শুক্রবার দলটি থেকে এক জরুরী প্রেস বিজ্ঞপ্তির মাধ্যমে রবিবারের সভায় নেতাকর্মীদের যেতে বারণ করা হয়েছে।জাপার কয়েকজন প্রার্থী জানান, নির্বাচনের সময় আমাদের হাত-পা বেঁধে সাঁতরাতে দেয়া হয়েছে। আর্থিক সহযোগিতা তো দূরের কথা, আমাদের নির্বাচনী মাঠে প্রচারণা চালাতে গিয়ে ক্ষমতাসীনদের বাধার মুখে পড়েছি। প্রার্থীদের নানাভাবে হুমকি দেয়া হয়েছে। তা জানানোর জন্য ফোন দেয়া হলেও জাতীয় পার্টির চেয়ারম্যান জিএম কাদের এবং মহাসচিব মুজিবুল হক চুন্নু রিসিভ করেননি। আমরা মূলত, নির্বাচনের সময় আমাদের প্রতি যে বিরূপ আচরণ করা হয়েছে রবিবার তার ব্যাখ্যা দাবি করবো। গত বুধবার জাপার বনানী কার্যালয়ে পার্টি চেয়ারম্যান ও মহাসচিবকে অপসারণের বিষয়ে সে সময়ে উপস্থিত জাপার একাধিক নেতা জানান, চেয়ারম্যানের অপসারণের বিষয়ে আমরা কিছু জানতাম না। তবে, পরাজিত প্রার্থী এবং নেতাকর্মীরা নির্বাচনে ভরাডুবির জন্য সেদিন ক্ষোভ প্রকাশ করেছেন। রবিবারের সভা প্রসঙ্গে জাপা কো-চেয়ারম্যান সৈয়দ আবু হোসেন বাবলা বলেন, এ সভা কারো বিরুদ্ধে নয়। সারাদেশের দলের প্রার্থীরা এ সভা আয়োজন করেছে। কি কারণে প্রার্থীরা পরাজিত হয়েছেন তা তারা তুলে ধরবেন।এদিকে, দলটির মহাসচিব মুজিবুল হক চুন্নু গত বৃহস্পতিবার দুপুরে বনানী কার্যালয়ে গণমাধ্যমের উদ্দেশ্যে বলেছেন, নির্বাচনে জাতীয় পার্টির ভরাডুবি হয়েছে, তা অস্বীকার করছি না। সে দায়ভারও আমাদের ওপর বর্তায়। তবে, যারা ক্ষোভ প্রকাশ করেছেন, এভাবে প্রকাশ্যে করা ঠিক হয়নি। এর আগে, গত মঙ্গলবার রাতে ধানমণ্ডির একটি অফিসে জাতীয় পার্টির কয়েকজন শীর্ষনেতাসহ পরাজিত বেশ কয়েকজন প্রার্থী একটি বৈঠকে মিলিত হন। সে বৈঠকের সিদ্ধান্ত মোতাবেক পরদিন বুধবার দলীয় প্রার্থীসহ অসংখ্য নেতাকর্মী ক্ষোভ প্রকাশ করে পার্টির চেয়ারম্যান জিএম কাদের এবং মহাসচিব মুজিবুল হক চুন্নুর পদত্যাগ দাবি করেন। তার জের ধরে শুক্রবার দলটির কো-চেয়ারম্যান কাজী ফিরোজ রশিদ এবং প্রেসিডিয়াম সদস্য সুনীল শুভ রায়কে দল থেকে অব্যাহতি দেয়া হয়। জাপা সূত্র জানিয়েছে, এই অব্যাহতির সংখ্যা আরো বাড়তে পারে।রবিবার (১৪ জানুয়ারি) দ্বাদশ জাতীয় নির্বাচনে জাতীয় পার্টি (জাপা) মনোনীত প্রার্থীরা বিশেষ সভা আহবান করেছেন। সভায় দলীয় প্রার্থীরা ছাড়াও পার্টির সিনিয়র নেতারা অংশ নিবেন। বেলা ১১টায় কাকরাইল ডিপ্লোমা ইঞ্জিনিয়ারিং ইনিস্টিউট মিলনায়তনে এ সভা অনুষ্ঠিত হবে। শনিবার (১৩ জানুয়ারি) দুপুরে সভা সফল করতে জাপার কাকরাইল কার্যালয়ে এক বৈঠক অনুষ্ঠিত হয়। বৈঠকে বিভিন্ন প্রার্থী ছাড়াও দলটির কয়েকজন শীর্ষনেতা উপস্থিত ছিলেন। জাতীয় পার্টির বিভিন্ন সভাসমাবেশে পার্টির যে তিনজন নেতা সবসময় জনবলের যোগান দেন সে তিনজন সিনিয়র নেতাও এ বৈঠকে উপস্থিত ছিলেন। বৈঠকে উপস্থিত ঢাকা-১২ আসনের জাপা মনোনীত প্রার্থী জানান, রবিবার সারাদেশ থেকে দলীয় প্রার্থী এ সভায় শরিক হবেন এবং তারা কি কারণে পরাজিত হয়েছেন এবং পার্টির শীর্ষ নেতাদের অসহযোগিতার কথা তুলে ধরা হবে। যদিও শুক্রবার দলটি থেকে এক জরুরী প্রেস বিজ্ঞপ্তির মাধ্যমে রবিবারের সভায় নেতাকর্মীদের যেতে বারণ করা হয়েছে।জাপার কয়েকজন প্রার্থী জানান, নির্বাচনের সময় আমাদের হাত-পা বেঁধে সাঁতরাতে দেয়া হয়েছে। আর্থিক সহযোগিতা তো দূরের কথা, আমাদের নির্বাচনী মাঠে প্রচারণা চালাতে গিয়ে ক্ষমতাসীনদের বাধার মুখে পড়েছি। প্রার্থীদের নানাভাবে হুমকি দেয়া হয়েছে। তা জানানোর জন্য ফোন দেয়া হলেও জাতীয় পার্টির চেয়ারম্যান জিএম কাদের এবং মহাসচিব মুজিবুল হক চুন্নু রিসিভ করেননি। আমরা মূলত, নির্বাচনের সময় আমাদের প্রতি যে বিরূপ আচরণ করা হয়েছে রবিবার তার ব্যাখ্যা দাবি করবো। গত বুধবার জাপার বনানী কার্যালয়ে পার্টি চেয়ারম্যান ও মহাসচিবকে অপসারণের বিষয়ে সে সময়ে উপস্থিত জাপার একাধিক নেতা জানান, চেয়ারম্যানের অপসারণের বিষয়ে আমরা কিছু জানতাম না। তবে, পরাজিত প্রার্থী এবং নেতাকর্মীরা নির্বাচনে ভরাডুবির জন্য সেদিন ক্ষোভ প্রকাশ করেছেন। রবিবারের সভা প্রসঙ্গে জাপা কো-চেয়ারম্যান সৈয়দ আবু হোসেন বাবলা বলেন, এ সভা কারো বিরুদ্ধে নয়। সারাদেশের দলের প্রার্থীরা এ সভা আয়োজন করেছে। কি কারণে প্রার্থীরা পরাজিত হয়েছেন তা তারা তুলে ধরবেন।এদিকে, দলটির মহাসচিব মুজিবুল হক চুন্নু গত বৃহস্পতিবার দুপুরে বনানী কার্যালয়ে গণমাধ্যমের উদ্দেশ্যে বলেছেন, নির্বাচনে জাতীয় পার্টির ভরাডুবি হয়েছে, তা অস্বীকার করছি না। সে দায়ভারও আমাদের ওপর বর্তায়। তবে, যারা ক্ষোভ প্রকাশ করেছেন, এভাবে প্রকাশ্যে করা ঠিক হয়নি। এর আগে, গত মঙ্গলবার রাতে ধানমণ্ডির একটি অফিসে জাতীয় পার্টির কয়েকজন শীর্ষনেতাসহ পরাজিত বেশ কয়েকজন প্রার্থী একটি বৈঠকে মিলিত হন। সে বৈঠকের সিদ্ধান্ত মোতাবেক পরদিন বুধবার দলীয় প্রার্থীসহ অসংখ্য নেতাকর্মী ক্ষোভ প্রকাশ করে পার্টির চেয়ারম্যান জিএম কাদের এবং মহাসচিব মুজিবুল হক চুন্নুর পদত্যাগ দাবি করেন। তার জের ধরে শুক্রবার দলটির কো-চেয়ারম্যান কাজী ফিরোজ রশিদ এবং প্রেসিডিয়াম সদস্য সুনীল শুভ রায়কে দল থেকে অব্যাহতি দেয়া হয়। জাপা সূত্র জানিয়েছে, এই অব্যাহতির সংখ্যা আরো বাড়তে পারে।",0,0,1,1,False
" বাংলাদেশে চালু হয়েছে এক ব্যক্তির শাসনব্যবস্থা। গোটা দেশ এখন তার হাতে জিম্মি হয়ে গেছে বলে মন্তব্য করেছেন বিএনপির সিনিয়র যুগ্ম মহাসচিব অ্যাডভোকেট রুহুল কবির রিজভী।  শনিবার দুপুরে নয়াপল্টন বিএনপির কেন্দ্রীয় কার্যালয়ে এক সংবাদ সম্মেলনে তিনি এসব কথা বলেন।রিজভী বলেন, এই সরকারের অকথ্য নির্বাচন ও অত্যাচারে বিএনপি চেয়ারপারসন দেশনেত্রী বেগম খালেদা জিয়াসহ বিএনপির শীর্ষ নেতৃবৃন্দ ও হাজার হাজার নেতাকর্মীরা কারাবন্দী হয়ে এখনো এক দম বন্ধ করা জীবন যাপন করছে। সমস্ত মানবিক মৌলিক অধিকার হরণ করে নিপীড়ণের সর্বোচ্চ মাত্রা প্রয়োগ করা হয়েছে। কারাবন্দী বিএনপি মহাসচিব মির্জা ফখরুল ইসলাম আলমগীর, জাতীয় স্থায়ী কমিটির সদস্য মির্জা আব্বাস, আমির খসরু মাহমুদ চৌধুরী ও হাজার হাজার নেতাকর্মীরা অসুস্থ অবস্থায় চিকিৎসা না পেয়ে অমানবিক জীবন যাপন করছে।তিনি আরো বলেন, বাংলাদেশের গণতন্ত্রকামী বিরোধী দলসহ আন্তর্জাতিক অধিকার গ্রুপ এবং গণতান্ত্রিক বিশ্ব বাংলাদেশে বিরোধীদের ওপর সরকারী নিপীড়নের বিরুদ্ধে সোচ্চার হলেও ফ্যাসিস্ট সরকার সেগুলোকে ভ্রুপক্ষেপ করছে না। কয়েক সপ্তাহে কারা হেফাজতে মৃত্যুর সংখ্যা সর্বোচ্চ। অবিলম্বে বিএনপি চেয়ারপারসন ও সাবেক প্রধানমন্ত্রী দেশনেত্রী বেগম খালেদা জিয়া, মির্জা ফখরুল ইসলাম আলমগীর, মির্জা আব্বাস, আমির খসরু মাহমুদ চৌধুরীসহ কারাগারে থাকা সকল নেতাকর্মীদের নি:শর্ত মুক্তি ও মিথ্যা মামলা প্রত্যাহারের জোর আহবান জানান রিজভী।তিনি বলেন, বিরোধীদের ওপর বুলডোজার চালানোর পর নজিরবিহীন উদ্ভট ডামি নির্বাচনের মধ্য দিয়ে বাংলাদেশে চালু হয়েছে এক ব্যক্তির শাসনব্যবস্থা। গোটা বাংলাদেশ এখন তার হাতে জিম্মি হয়ে গেছে। উত্তর কোরিয়া মডেলের এই নির্বাচনে শেখ হাসিনার ছিলেন নিজেই নিজের প্রতিদ্বন্দ্বী। কেউ ডামি, কেউ মনোনীত, কেউ নৌকা, কেউ ভোট জমাতে হায়ারকৃত- সবাই তার প্রার্থী। কোন আসনে কে পাশ কে ফেল সব তার হাতে পূর্বনির্ধারিত। ২৮ পারসেন্ট থেকে ৪১ পারসেন্ট ভোট কাউন্ট করার ফর্মূলাও তার। যদিও ভোটার উপস্থিতি ছিল মাইক্রোস্কোপিক।বিএনপির এই মুখপাত্র বলেন, সাধারণ জনগণের বিরুদ্ধে আইনশৃঙ্খলা বাহিনীকে লেলিয়ে দিয়ে ডামি সরকার অবৈধ ক্ষমতার উষ্ণতা অনুভব করলেও বর্তমানে দেশের উত্তরাঞ্চলে তীব্র শীতে কাঁপছে কৃষক শ্রমিক দিনমজুর নিম্ন আয়ের মানুষ। মানুষ যেখানে একবেলা খাবার জোগাড় করতে হিমশিম খাচ্ছে সেখানে কিভাবে শীতবস্ত্র জোগাড় করবে? ডামি মন্ত্রীরা কি খেয়ে মন্ত্রিত্ব উদযাপন করবেন পত্রপত্রিকায় সেই তালিকা প্রকাশ করলেও বর্তমানে দুঃখজনক বাস্তবতা হচ্ছে, দেশের অধিকাংশ মানুষ এখন অর্ধাহারে অনাহারে।  ",0,0,1,1,False
" বাংলাদেশের নির্বাচনের পরিবেশ নিয়ে ক্ষোভ প্রকাশ করেছেন জাতিসংঘের বিশেষ র‌্যাপোর্টিয়ার ক্লেমা নালেতসোভি ভুলে। তিনি বলেছেন, বাংলাদেশের নির্বাচনের পরিবেশ ‘দমনমূলক’। এতে তিনি গভীরভাবে উদ্বিগ্ন।শান্তিপূর্ণ সমাবেশ এবং সমাবেশের স্বাধীনতার অধিকারবিষয়ক এই র‌্যাপোর্টিয়ার গত শুক্রবার নিজের অফিসিয়াল এক্স (সাবেক টুইটার) হ্যান্ডেলে পোস্ট করে বলেছেন, আসন্ন নির্বাচনকে ঘিরে যে দমনমূলক পরিবেশ তৈরি হয়েছে তাতে আমি গভীরভাবে উদ্বিগ্ন। বাংলাদেশের সুশীল সমাজ ও বিরোধী রাজনৈতিক নেতাকর্মীদের ওপর দমন-পীড়ন বন্ধ এবং পুলিশের মাত্রাতিরিক্ত বলপ্রয়োগ বন্ধ করার জন্য আমার আহ্বান পুনর্ব্যক্ত করছি। তিনি আরও বলেন, নির্বাচনের আগে, চলাকালীন এবং পরে শান্তিপূর্ণ সমাবেশ এবং সংগঠন করার অধিকার এবং রাজনৈতিক অংশগ্রহণের অধিকার নিশ্চিত করার দায়িত্ব বাংলাদেশের সংশ্লিষ্ট কর্তৃপক্ষের।",0,0,1,1,False
" চাঁপাইনবাবগঞ্জ-১ (শিবগঞ্জ) আসনে স্বতন্ত্র প্রার্থী সৈয়দ নজরুল ইসলামের ট্রাক মার্কার চার বক্স টি-শার্ট, ২ কার্টন শীতের পোশাক (হুডি) ও প্রতীকী ট্রাকের সাতটি কার্টনসহ একটি পিকআপ জব্দ করেছেন ভ্রাম্যমাণ আদালত। এ সময় আবদুল বাসির নামে এক ছাত্রলীগকর্মী ও পিকআপচালককে ৫ হাজার টাকা অর্থদণ্ড প্রদান করেন ভ্রাম্যমাণ আদালত।শুক্রবার রাত সাড়ে ১০টার দিকে উপজেলার পুকুরিয়া ফুয়েল স্টেশনের সামনে অভিযান চালিয়ে এসব উদ্ধার করা হয়। পরে উপজেলা চত্বরে নিয়ে গিয়ে ভ্রাম্যমাণ আদালত পরিচালনা করেন সহকারী কমিশনার ও এক্সিকিউটিভ ম্যাজিস্ট্রেট মো. আমিনুল ইসলাম।মো. আমিনুল ইসলাম বলেন, বিজ্ঞ জেলা ম্যাজিস্ট্রেটের নির্দেশে আমরা নির্বাচনী দায়িত্ব পালন করছিলাম। উপজেলার পুকুরিয়া ফুয়েল স্টেশন এলাকায় টহলরত অবস্থায় একটি পিকআপকে আমাদের সন্দেহ হয়।পরে পিকআপে দায়িত্বে¡ থাকা মো. বাসির নামে এক ছাত্রলীগকর্মী ও চালককে ৫ হাজার টাকা জরিমানা করা হয়। তিনি আরও বলেন, নির্বাচনী প্রচারের কাজে ব্যবহারের জন্য এসব নিয়ে যাওয়া হচ্ছিল।চাঁপাইনবাবগঞ্জ-১ আসনে মোট প্রার্থী সাতজন। তাদের মধ্যে আওয়ামী লীগের প্রার্থী ডা. সামিল উদ্দিন আহমেদ শিমুল (নৌকা), সাবেক উপজেলা পরিষদের চেয়ারম্যান ও জেলা আওয়ামী লীগের সহসভাপতি সৈয়দ নজরুল ইসলাম (ট্রাক), সাবেক এমপি গোলাম রাব্বানী বিশ্বাস (কেটলি), বাংলাদেশ ইসলামী ফ্রন্টের প্রার্থী নবাব মো. শামসুল হুদা (মোমবাতি), এনপিপির প্রার্থী আব্দুল হালিম (আম), বিএনএফের প্রার্থী নুরুল ইসলাম জেন্টু (টেলিভিশন), জাতীয় পার্টির প্রার্থী মো. আফজাল হোসেন (লাঙল) প্রতীক নিয়ে প্রতিদ্বন্দ্বিতা করছেন।",0,0,1,1,False
" একতরফা নির্বাচনেও আগের রাতে ব্যালট বাক্স ভরে রাখা হয়েছে বলে অভিযোগ করেছেন বিএনপির সিনিয়র যুগ্ম মহাসচিব অ্যাডভোকেট রুহুল কবির রিজভী।তিনি বলেছেন, ‘আতঙ্ক থেকে তারা গভীর রাতে সিল মেরে রেখেছে।’অবৈধ নির্বাচন বর্জন ও হরতালের সমর্থনে আজ রবিবার সকাল ৯টায় কুর্মিটোলা বাসস্ট্যান্ড থেকে এয়ারপোর্ট অভিমুখে মিছিল শেষে তিনি এ অভিযোগ করেন।আজ ৭ জানুয়ারি অনুষ্ঠিত দ্বাদশ জাতীয় সংসদ নির্বাচনের প্রসঙ্গ টেনে রিজভী বলেন, ‘আজকে সেই একতরফা নির্বাচন অনুষ্ঠিত হচ্ছে। কেন্দ্রে ভোটার নেই। এ নির্বাচন জনগণ বর্জন করেছে। এই একতরফা নির্বাচনেও আগের রাতে ব্যালট বাক্স ভরে রেখেছে। আতঙ্ক থেকে তারা গভীর রাতে সিল মেরে রেখেছে। কারণ, তারা অবৈধভাবে ক্ষমতায় আছে।’‘আমাদের আন্দোলন চলছে, চলবে’ জানিয়ে দেশবাসীকে আজকের হরতাল সফল করার আহ্বান জানান বিএনপির সিনিয়র যুগ্ম মহাসচিব। এ সময় আরও উপস্থিত ছিলেন- বিএনপির স্বাস্থ্য বিষয়ক সম্পাদক ডা. মো. রফিকূল ইসলাম, তাঁতীদলের আহ্বায়ক আবুল কালাম আজাদ, মৎস্যজীবী দলের সদস্যসচিব আব্দুর রহিম, যুবদল কেন্দ্রীয় কমিটির সহসভাপতি জাকির হোসেন সিদ্দিকী, সহ সাংগঠনিক সম্পাদক কামরুজ্জামান জুয়েল, কেন্দ্রীয় ছাত্রদলের সাবেক সহসভাপতি তারিক উজ জামান, কেন্দ্রীয় ড্যাব নেতা ডা. শরিফুল ইসলাম, ঢাকা মহানগর দক্ষিণ বিএনপির সদস্য নাদিয়া পাঠান পাপন, যুবদল কেন্দ্রীয় কমিটির সাবেক সহ সাংগঠনিক সম্পাদক সোহেল রানা, কেন্দ্রীয় স্বেচ্ছাসেবক দলের প্রশিক্ষণ সম্পাদক এম আর গণি (মোস্তফা), মহিলা দল কেন্দ্রীয় সংসদের সহ সম্পাদক ফাতেমা তুজ জোহরা মিতু, কৃষকদল কেন্দ্রীয় সংসদের সহ-পাঠাগার সম্পাদক ফারজানা ইয়াসমিন লিপি, ছাত্রদল কেন্দ্রীয় সংসদের সাবেক সহ সাংগঠনিক সম্পাদক জাকির হোসেন, কেন্দ্রীয় ছাত্রদলের সহসভাপতি যুগ্ম সাধারণ সম্পাদক ডা. তৌহিদুর রহমান আউয়াল, সহ সাধারণ সম্পাদক আজিজুল হক জিয়ন, মাজহারুল ইসলাম মারুফ, নাসরিন রহমান পপি, সহ সাংগঠনিক সম্পাদক মো. সাদেক মিয়া, সহ সাংস্কৃতিক সম্পাদক জান্নাতুল নওরিন উর্মি, ঢাকা মহানগর উত্তর ছাত্রদলের সাবেক আহ্বায়ক জসিম রানা, জাতীয়তাবাদী আইনজীবী ফোরামের কেন্দ্রীয় নেতা অ্যাডভোকেট সুলতান মাহমুদ, ছাত্রদল কেন্দ্রীয় সংসদের সাবেক সহ ধর্ম সম্পাদক জিল্লুর রহমান কাজল, ঢাবি ছাত্রদলের সাংগঠনিক সম্পাদক মাসুদ, যুগ্ম সম্পাদক রাজু, ইডেন মহিলা কলেজ ছাত্রদলের সিনিয়র যুগ্ম আহ্বায়ক সৈয়দা সুমাইয়া পারভীন, নিপা, সীমা, ঢাকা জেলা উত্তর ছাত্রদলের সাবেক সদস্য সচিব সজীব রায়হান, মাদ্রাসা ই আলিয়ার সিনিয়র যুগ্ম আহ্বায়ক মো. ছানাউল্লাহ, নাসির মিজি, হোসাইন, ফজলে রাব্বি, তিতুমীর কলেজ ছাত্রদলের যুগ্ম সম্পাদক আব্দুল হামিদ, পরিকল্পনা সম্পাদক স্বাধীন, প্যাব দপ্তর সম্পাদক হাসান, ঢাকা জেলা বিএনপি নেত্রী তানিয়া, বেসরকারি বিশ্ববিদ্যালয় সহ সভাপতি সায়রা চন্দ্রা, কেন্দ্রীয় ছাত্রদল নেতা মিরাজ হোসেন, ডা. জিসান, আশরাফুল আসাদ, ফরহাদ, রামপুরা থানা ছাত্রদল সভাপতি আসাদুজ্জামান ফয়সাল, সহ-সভাপতি রাকিব, সবুজ, ঢাকা মহানগর পশ্চিম ছাত্রদলের যুগ্ম আহ্বায়ক জুয়েল রানা, জাতীয়তাবাদী মৎস্যজীবী দল কেন্দ্রীয় কমিটির যুগ্ম আহবায়ক ওমর ফারুক পাটোয়ারী, টাঙ্গাইল জেলা ছাত্রদল নেতা আতিক ও রফিকুল, মৎস্যজীবী দল ঢাকা মহানগর দক্ষিণের আহবায়ক মো. শাহ আলম ও সদস্য সচিব কেএম সোহেল রানা, মৎস্যজীবী দল ঢাকা মহানগর উত্তরের সদস্য সচিব মো. বাকিবিল্লা, মৎস্যজীবী দলের কেন্দ্রীয় সদস্য হাজী আনোয়ার হোসেন, মো. ইব্রাহিম চৌধুরী, ফজলে কাদের সোহেল, হাজী আবু বক্কর সিদ্দিক, এইচ এম আবু সাঈদ, মহানগর দক্ষিণের আনোয়ার হোসেন রিপন, যুবদল নেতা আল আমিন, মহানগর নেত্রী ফারিয়া, নিধু, রাকিব, শাহাদাৎ, তাঁতীদলের হান্নান খান, আলম, হায়দার, কামাল, জহির, রুবেল, সাইফুল, শাহীন, নয়ন, জসিম, যুগ্ম আহ্বায়ক রিপন, ইব্রাহিম,সদস্য হাসান, সদস্যসচিব আজাদ খান, নাসির, সাকিবুল হুসাইন বাবু (সাবেক আহবায়ক,৩৩ নং ওয়ার্ড ছাত্রদল), সদস্য মাসুদ, ইব্রাহিম খাঁন, মো. হাসান শিকদার (সদস্যসচিব, আদাবর থানা স্বেচ্ছাসেবক দল), মোহাম্মদ রিজভী আহমেদ শাওন (সিনিয়র যুগ্ম আহ্বায়ক, ১০০নং ওয়ার্ড স্বেচ্ছাসেবক দল), মো. শাহিন (সদস্যসচিব, ১০০নং ওয়ার্ড, আদাবর থানা স্বেচ্ছাসেবক দল), আদাবর থানা ছাত্রদল সাবেক সাধারণ সম্পাদকন মো. মমিন খান, ১০০নং ওয়ার্ড ছাত্রদল সাবেক সদস্যসচিব মনিরুজ্জামান জসিম, ৩০নং ওয়ার্ড ছাত্রদল যুগ্ম আহ্বায়ক মাইন উদ্দিন, মিজানুর রহমান (মোহাম্মদপুর থানা ছাত্রদল), রিয়াজ উদ্দিন রনি (যুগ্ম আহ্বায়ক ১৪নং ওয়ার্ড যুবদল), রাকিব হাসান রুবেল (সহ সাধারণ সম্পাদক, মোহাম্মদপুর থানা ছাত্রদল), মাজহারুল ইসলাম রাসেল (সাবেক সভাপতি মোহাম্মদ পুর থানা ছাত্রদল), ঢাকা মহানগর উত্তর ছাত্রদলের মিজান, নাহিদসহ নেতৃবৃন্দ।",0,0,1,1,False
" বিএনপির স্থায়ী কমিটির সদস্য ড. আবদুল মঈন খান বলেছেন, ‘৭ জানুয়ারি (আজ রবিবার) নির্বাচনী নাটকের শেষ অঙ্ক মঞ্চায়িত হওয়ার পর পূর্বনির্ধারিত ফলাফলই শুধু ঘোষিত হবে।’ বিএনপিসহ সমমনা দলগুলোর ভোট বর্জনের মধ্য দিয়ে আজ অনুষ্ঠেয় দ্বাদশ জাতীয় সংসদ নির্বাচনের ভোটের প্রসঙ্গ টেনে দৈনিক আমাদের সময়কে তিনি এ কথা বলেন। গতকাল শনিবার দৈনিক আমাদের সময়ের সঙ্গে একান্তে কথা বলেন সাবেক মন্ত্রী ড. আবদুল মঈন খান।দেশের চলমান পরিস্থিতি তুলে ধরে মঈন খান বলেন, ৭ জানুয়ারির নির্বাচন প্রসঙ্গে অনেকেই প্রশ্ন করছেনÑ আওয়ামী লীগের বিরুদ্ধে বিএনপির এই সুদীর্ঘ সময়ের আন্দোলনে সত্যিকার অর্জন কী? উত্তরটি উপলব্ধি করতে হলে সবাইকে দেশের বিরোধী দলের ওপর বর্তমান সরকারের চরম অত্যাচার-নির্যাতন তথা মিথ্যা-বানোয়াট মামলা-হামলার বিষয়গুলো বিবেচনায় এনে বিশ্লেষণ করলেই সবকিছু স্পষ্ট হয়ে যাবে।বিএনপির এই নেতা বলেন, প্রথমত সরকার ভেবেছিল নির্বাচনী লোভ দেখিয়ে বিএনপিকে ভেঙেচুরে তছনছ করে দেবে। বাস্তবতা হচ্ছে উল্টো। একদিকে তারা বিএনপির জাতীয়তাবাদী আদর্শে দীক্ষিত নেতাদের পথভ্রষ্ট করতে ব্যর্থ হয়েছে, অন্যদিকে বাস্তবে এই ‘নির্বাচন নির্বাচন খেলায়’ আওয়ামী লীগের জোটের দল এবং বিপরীতে তাদের গৃহপালিত বিরোধী দলের মধ্যে সিট ভাগাভাগি নিয়ে নিজেরাই হযবরল হয়ে গিয়েছে। এই নির্বাচন যে সম্পূর্ণ প্রহসনের একটি নির্বাচন, সেটা এত স্পষ্ট হয়ে গিয়েছে যে, এটা আর কাউকে ব্যাখ্যা করে বলে দিতে হচ্ছে না।ড. মঈন খান বলেন, দ্বিতীয়ত, বিএনপির সম্পূর্ণ শান্তিপূর্ণ আন্দোলনকে সন্ত্রাসী হিসেবে মিথ্যা আখ্যা দেওয়ার অপপ্রয়াসও সম্পূর্ণ ব্যর্থ হয়েছে। বরং আওয়ামী লীগের এহেন হীন চক্রান্ত দেশে-বিদেশে বিরোধী দলের ওপর সহিংস ক্র্যাকডাউন হিসেবে চিহ্নিত হয়েছে। তৃতীয়ত, সংক্ষেপে বলতে গেলে বিএনপির শান্তিপূর্ণ আন্দোলনের মাধ্যমে গণতন্ত্র পুনরুদ্ধারের এই অব্যাহত প্রচেষ্টা সরকারি দলের লগি-বৈঠার আন্দোলনের বিপরীতে দেশে-বিদেশে গুরুত্ব পেয়েছে। এর পাশাপাশি বর্তমানে দেশের বিরোধীদলীয় কোটি কোটি নেতাকর্মীর মধ্যে আস্থা ও নৈতিক বিজয়ের সাহস জুগিয়েছে।ড. আবদুল মঈন খান বলেন, ‘সরকার সমর্থকদের আরেকটি সমালোচনা হচ্ছেÑ বিএনপি বিদেশিদের মুখের দিকে তাকিয়ে আন্দোলন করেছে, সেটাও সম্পূর্ণ বাস্তবতা বিবর্জিত একটি প্রচারণা। কোথাও একবারের জন্যও বিএনপির কোনো নেতা এ রকম কোনো কথা বলেছেনÑ কেউ দেখাতে পারবে না। বরং এ পরিপ্রেক্ষিতে উল্টোটিই সত্যি। কেননা, সরকার প্রকাশ্যে বিদেশিদের কাছে গিয়ে আগামীতে বহালতবিয়তে ক্ষমতায় থাকার জন্য সহায়তা চেয়েছে। এমনকি দুটি দেশের মধ্যে একটি বিশেষ সম্পর্কের কথাও প্রকাশ্যে উল্লেখ করেছে, যা নিয়ে জনসমক্ষে প্রচণ্ড ব্যাকলেশ (তীব্র প্রতিক্রিয়া) হয়েছে।’বিএনপির জাতীয় স্থায়ী কমিটির এই সদস্য বলেন, ‘বাস্তবতা হচ্ছে এইÑ বিএনপি জনগণকে সম্পৃক্ত করে শান্তিপূর্ণ আন্দোলনের মাধ্যমে মানুষের গণতান্ত্রিক অধিকার ফিরিয়ে আনার সংগ্রামে আছে এবং এ অধিকার আদায় না হওয়া পর্যন্ত রাজপথে নিয়মতান্ত্রিক সংগ্রাম করে যাবে। বলা বাহুল্য, ৭ জানুয়ারির নির্বাচন কোনো নির্বাচন নয়, এটা বাংলাদেশের ১৮ কোটি মানুষের কাছে ইতোমধ্যেই দিবালোকের মতো স্পষ্ট হয়ে গিয়েছে। বিষয়টি হচ্ছে এই যে, বাংলাদেশে আজ নির্বাচন প্রক্রিয়ার ওপরে কারও কোনো আস্থা আর নেই। শুধু বিরোধীদলীয় বক্তিরাই যে এই নির্বাচন বর্জন করছে তাই নয়, সরকারি দলের ভোটারদেরও এই নির্বাচনে ভোট দেওয়ার কোনো আগ্রহ নেই। কারণ তারাও ইতোমধ্যে জানেন কোন সিটে কে এমপি হবেন। আজকের নির্বাচনী নাটকের শেষ অঙ্ক মঞ্চায়িত হওয়ার পরে সেই পূর্বনির্ধারিত ফলাফলই শুধু ঘোষিত হবে।’আবদুল মঈন খান বলেন, ‘এই পরিস্থিতিতে সরকার হয়তো ভেবেছে আজকের নির্বাচনে তাদের বিজয় হবে। অথচ ভাগ্যের কী পরিহাস, আজকের এই প্রহসনের নির্বাচনে সরকারের চরম পরাজয় সংঘটিত হচ্ছে। আর এ পরাজয়ের মাধ্যমে নৈতিকতা ও বিবেকের বিবেচনায় আওয়ামী লীগের অস্তিত্ব আজ দেশ-বিদেশের গণতন্ত্রকামী মানুষের সামনে মারাত্মক প্রশ্নের সম্মুখীন হয়ে পড়েছে।’ ",0,0,1,1,False
" আনসার সদস্য মো. মহসিন আট দিন আগে মারা গেছেন। কিন্তু আজকের নির্বাচনে তার জন্য দায়িত্ব বরাদ্দ করা হয়েছে চট্টগ্রাম-৮ নির্বাচনী এলাকার বোয়ালখালী উপজেলায়। গতকাল শনিবার এই তথ্য জানা গেছে।আনসার ভিডিপি সদস্যদের দায়িত্বে থাকা প্রীতম সর্দার বিষয়টি স্বীকার করে বলেন, আমি আসলে বদলি দায়িত্ব হিসেবে এসেছি। অর্পণ বড়ুয়া নামে আমার আরেক সহকর্মী এই তালিকা তৈরি করেছিলেন। শুনেছি মো. মহসিন আরও আটদিন আগে মারা গেছেন। তিনি বলেন, মহসিন মারা যাওয়ার পর এই তালিকা তৈরি করা হয়েছে। সম্ভবত ভুলে তার নাম এসেগেছে।দায়িত্ব পালনকারী ১২ জনের তালিকায় মহসিনের নাম ছয় নম্বরে। তার বাবার নাম মোহাম্মদ ইউনুচ। বাড়ি আগ্রাবাদ। তার নামের পাশে দেওয়া মোবাইল নম্বরটিও বন্ধ।",0,0,1,1,False
" দ্বাদশ জাতীয় সংসদ নির্বাচন অবাধ, সুষ্ঠু ও নিরপেক্ষ করার লক্ষ্যে নোয়াখালী সদর, চরজব্বার ও সেনবাগ থানার ওসিকে নির্বাচনের ফল ঘোষণা পর্যন্ত নির্বাচনী সব কার্যক্রম থেকে বিরত থাকার নির্দেশ দেওয়া হয়েছে।শনিবার বিকালে জেলা পুলিশ সুপার মোহাম্মদ আসাদুজ্জামান স্বাক্ষরিত এক নোটিশে এ তথ্য জানানো হয়। নির্বাচনী দায়িত্ব থেকে বিরত রাখা পুলিশ কর্মকর্তারা হলেনÑ সুধারাম মডেল থানার ওসি মীর জাহেদুল হক রনি, সেনবাগ থানার ওসি নাজিম উদ্দিন ও চরজব্বার থানার ওসি রফিকুল ইসলাম।নির্বাচনকালীন সময়ের জন্য সুধারাম মডেল থানায় কোর্ট পুলিশ পরিদর্শক মো. শাহ আলম, সেনবাগ থানায় পুলিশ লাইন্সের আরওআই আমির হোসেন ও চরজব্বার থানায় দায়িত্ব দেওয়া হয়েছে কবিরহাট থানার ওসি হুমায়ন কবিরকে।পুলিশ সুপার মোহাম্মদ আসাদুজ্জামান বিষয়টি নিশ্চিত করে বলেন, ভোটের পর ওই তিন ওসিকে স্বপদে বহাল করা হবে।স্থানীয় একাধিক সূত্রে জানা গেছে, নির্বাচন প্রচার চলাকালে বিভিন্ন সময়ে আইনশৃঙ্খলা ও সুষ্ঠু নির্বাচন নিয়ে শঙ্কা প্রকাশ করে সদর ও সুবর্ণচর থানার ওসির বিরুদ্ধে স্বতন্ত্র প্রার্থী শিহাব উদ্দিন শাহিন এবং সেনবাগ থানার ওসির বিরুদ্ধে নির্বাচন কমিশনসহ সংশ্লিষ্ট দপ্তরে অভিযোগ করেছিলেন স্বতন্ত্র প্রার্থী আতাউর রহমান ভূইয়া মানিক।",0,0,1,1,False
" নরসিংদী-৩ (শিবপুর) আসনের ঈগল প্রতীকের স্বতন্ত্র প্রার্থী মো. সিরাজুল ইসলাম মোল্লার নির্বাচনী ক্যাম্প ভাঙচুর ও তার নেতাকর্মীদের বাড়িতে হামলার ঘটনা ঘটেছে। এতে ঈগল প্রতীকের ১০ সমর্থক গুরুতর আহত হয়েছেন।  আজ শনিবার বিকেল ৪টার দিকে হামলার এ ঘটনা ঘটে। নৌকা প্রতীকের সমর্থকরা এ হমলা করেছে বলে অভিযোগ করেছেন স্বতন্ত্র প্রার্থী মো. সিরাজুল ইসলাম।স্বতন্ত্র প্রার্থী ও স্থানীয়রা জানান, বিকেলে ৪টার দিকে ঈগল প্রতীকের সমর্থক আফজাল, মুক্তার মেম্বার, নাসির মেম্বার ও লতিফের বাড়িতে নৌকার সমর্থকরা হামলা চালায়। এছাড়া নৌকার সমর্থকদের হামলায় ১০ জন গুরুতর আহত হন। আহতদের মধ্যে মেরাজ উদ্দিন ভূয়া নামের এক সমর্থককে গুরুতর অবস্থায় শিবপুর স্বাস্থ্য কমপ্লেক্সে নেওয়া হলে কর্তব্যরত চিকিৎসক তাকে আশঙ্কাজনক অবস্থায় ঢাকা মেডিকেল কলেজ (ঢামেক) হাসপাতালে পাঠান।স্বতন্ত্র প্রার্থীর সমর্থকরা জানান, বিকেলে তিন-চারটি মাইক্রোবাসে এসে নৌকার সমর্থকরা শিমুলিয়া বাজারে ঈগল প্রতীকের স্বতন্ত্র প্রার্থী সিরাজুল ইসলাম মোল্লার নির্বাচনী অফিস ভাঙচুর করেন। অফিসে থাকা চেয়ার, টেবিল ও পোস্টার ছেড়ে ফেলেন। একই সময় দুলালপুর ইউনিয়নের লাখপুরে স্বতন্ত্র প্রার্থীর সমর্থক নাসির উদ্দিনের বাড়িতে হামলা চালায় তারা। এ সময় বাড়ির জানালাসহ আসবাবপত্র ভাঙচুর করা হয়।সিরাজুল ইসলাম বলেন, ‘আমার নেতাকর্মীদের ভয়-ভীতি দেখানোর জন্য তাদের বাড়িতে নৌকার প্রার্থীর লোকজন হামলা চালাচ্ছে। এছাড়া আমার নির্বাচনী অফিসে হামলা চালিয়ে ভাঙচুর করা হয়েছে। আমাকে ভয় দেখিয়ে নির্বাচনের মাঠ থেকে সরানোর চেষ্টা করছে। সন্ত্রাসী কার্যকলাপ করে আমাকে সরানো যাবে না। আমি রিটার্নিং কর্মকর্তাসহ ঊর্ধ্বতন কর্মকর্তাদের বিষয়টি অবহিত করেছি। তারা বলেছেন ব্যবস্থা নেবে।’শিবপুর সহকারী রিটার্নিং কর্মকর্তা শাহ্ মো. সজীব জানান, এ বিষয়ে অবহিত হয়েছি। ঘটনাস্থল পরিদর্শনে যাচ্ছি। ঘটনাস্থল পরিদর্শনের পর বিস্তারিত বলা যাবে।এ ঘটনার পর উপজেলা নির্বাহী কর্মকর্তা (ইউএনও) শাহ মো. সজীব, সহকারী পুলিশ সুপার (শিবপুর সার্কেল) মেজবাহ উদ্দিন ও শিবপুর থানার ভারপ্রাপ্ত কর্মকর্তা (ওসি) ফরিদ উদ্দিন ঘটনাস্থল পরিদর্শন করেছেন।শিবপুর থানার ভারপ্রাপ্ত কর্মকর্তা (ওসি) ফরিদ উদ্দিন বলেন, ঘটনাস্থল পরিদর্শন করেছি। তবে কে বা কারা এ ঘটনা ঘটিয়েছে এ বিষয়ে এখনো কিছু বলা যাচ্ছে না। তদন্ত করে এ বিষয়ে আইনি পদক্ষেপ নেওয়া হবে।",0,0,1,1,False
" দ্বাদশ জাতীয় সংসদ নির্বাচন নিয়ে প্রধান নির্বাচন কমিশনার (সিইসি) কাজী হাবিবুল আউয়াল বলেছেন, ‘এবারের নির্বাচনে কাঙ্ক্ষিত মাত্রায় প্রতিদ্বন্দ্বিতা হচ্ছে না। সাম্প্রতিক নাশকতা ও সহিংসতার ঘটনায় নির্বাচন কমিশন উদ্বিগ্ন। তবে আলোচনা ও সমঝোতার মাধ্যমে যেকোনো সংকট সমাধান সম্ভব।’আজ শনিবার সন্ধ্যায় জাতির উদ্দেশে দেওয়া ভাষণে এসব কথা বলেন সিইসি। তার এ ভাষণ বাংলাদেশ টেলিভিশন ও বাংলাদেশ বেতারে সরাসরি সম্প্রচার করা হয়।সিইসি বলেন, ‘কোনো প্রার্থী বা প্রার্থীর পক্ষে জাল ভোট, ভোট কারচুপি, ব্যালট ছিনতাই, অর্থের লেনদেন ও পেশিশক্তির সম্ভাব্য ব্যবহার কঠোরভাবে প্রতিহত করা হবে। তথ্য প্রমাণ পাওয়া গেলে প্রার্থিতা তাৎক্ষণিক বাতিল করা হবে। প্রয়োজনে কেন্দ্র বা নির্বাচনী এলাকার ভোট গ্রহণ সামগ্রিকভাবে বন্ধ করে দেয়া হবে। জনগণকেও ঐক্যবদ্ধ হয়ে সকল প্রকারের নির্বাচনী অনিয়ম-অনাচার প্রতিহত করার উদাত্ত আহ্বান জানাচ্ছি।’ তিনি বলেন, ‘উৎসবমুখর পরিবেশে উৎসাহ ও উদ্দীপনার মধ্য দিয়ে নির্বাচনী প্রচারণা শেষ হয়েছে। এখন কেবল ভোট গ্রহণ শুরুর অপেক্ষা।’ ভাষণে কাজী হাবিবুল আউয়াল বলেন, দ্বাদশ জাতীয় সংসদ নির্বাচনকে ‘প্রতিদ্বন্দ্বিতাহীন বা অংশগ্রহণমূলক নয়’ মর্মে আখ্যায়িত করা যাবে না। সুষ্ঠু নির্বাচন নিশ্চিত করতে জনগণের সহযোগিতা কামনা করেন তিনি। একইসঙ্গে ভোটারদের ভোটকেন্দ্রে এসে তাদের ভোটাধিকার প্রয়োগের আহ্বান জানান। সিইসি জানান, নির্বাচনে ২৮টি রাজনৈতিক দল ও ১৯৭১ জন প্রার্থী প্রতিদ্বন্দ্বিতা করছে।নির্বাচনী দায়িত্বে অবহেলা হলে কঠোর ব্যবস্থা নেওয়া হবে জানিয়ে কাজী হাবিবুল আউয়াল বলেন, সুষ্ঠু, গ্রহণযোগ্য ও নিরপেক্ষ নির্বাচন করার জন্য সর্বোচ্চ চেষ্টা করছে ইসি।এর আগে, গত ১৫ নভেম্বর জাতির উদ্দেশে ভাষণ দেন সিইসি। ওই ভাষণে তিনি দ্বাদশ জাতীয় সংসদ নির্বাচনের তফসিল ঘোষণা করেন।",0,0,1,1,False
" দ্বাদশ জাতীয় সংসদ নির্বাচনকে অবাধ, সুষ্ঠু ও নিরপেক্ষ করতে নোয়াখালীর চরজব্বার, সেনবাগ ও সুধারাম মডেল থানার ভারপ্রাপ্ত কর্মকর্তাকে (ওসি) নির্বাচনের সব কার্যক্রম থেকে সরিয়ে নেওয়া হয়েছে।আজ শনিবার বিকেলে জেলা পুলিশ সুপার (এসপি) মোহাম্মদ আসাদুজ্জামান স্বাক্ষরিত এক নোটিশে এ তথ্য জানানো হয়।নির্বাচনের দায়িত্ব থেকে সরিয়ে রাখা পুলিশের তিন কর্মকর্তা হলেন সুধারাম মডেল থানার ওসি মীর জাহেদুল হক রনি, সেনবাগ থানার ওসি নাজিম উদ্দিন ও চরজব্বার থানার ওসি রফিকুল ইসলাম।নির্বাচন চলাকালে কোর্ট পুলিশ পরিদর্শক মো. শাহ আলমকে সুধারাম মডেল থানায়, পুলিশ লাইন্সের আরওআই আমির হোসেন সেনবাগ থানায় ও কবিরহাট থানার ওসি হুমায়ন কবিরকে চরজব্বার থানায় দায়িত্ব দেওয়া হয়েছে।স্থানীয় একাধিক সূত্রে জানা গেছে, নির্বাচন প্রচারণা চলাকালে বিভিন্ন সময় আইনশৃঙ্খলা ও সুষ্ঠু নির্বাচন নিয়ে শঙ্কা প্রকাশ করে সদর ও সুবর্ণচর থানার ওসির বিরুদ্ধে স্বতন্ত্র প্রার্থী শিহাব উদ্দিন শাহিন এবং সেনবাগ থানার ওসির বিরুদ্ধে নির্বাচন কমিশনসহ সংশ্লিষ্ট দপ্তরে অভিযোগ করেছিলেন স্বতন্ত্র প্রার্থী আতাউর রহমান ভূঁইয়া।পুলিশ সুপার মোহাম্মদ আসাদুজ্জামান বিষয়টি নিশ্চিত করে বলেন, ভোটের পর ওই তিন ওসিকে স্বপদে বহাল করা হবে।",0,0,1,1,False
" আগামীকাল রবিবার অনুষ্ঠেয় দ্বাদশ জাতীয় সংসদ নির্বাচন কেন্দ্র করে সহিংসতার আশঙ্কায় বাংলাদেশে যুক্তরাষ্ট্রের নাগরিকদের চলাফেরায় সতর্ক করেছে ঢাকাস্থ মার্কিন দূতাবাস। এ অবস্থায় দূতাবাস মার্কিন নাগরিকদের কিছু সতর্কতামূলক পদক্ষেপ নিতে বলেছে।মার্কিন দূতাবাসের ওয়েবসাইটে প্রকাশিত এক সতর্কবার্তায় গত বৃহস্পতিবার এ কথা জানানো হয়েছে। সেখানে বলা হয়েছে, নির্বাচনের দিনে দূতাবাস বন্ধ থাকবে।সতর্কবার্তায় বলা হয়েছে, ৭ জানুয়ারি বাংলাদেশে সংসদ নির্বাচন অনুষ্ঠিত হবে। ঢাকায় মার্কিন দূতাবাস সেদিন বন্ধ থাকবে। নির্বাচন কেন্দ্র করে মার্কিন নাগরিকদের সতর্কতা অবলম্বন করা উচিত। মনে রাখা উচিত, যদিও শান্তিপূর্ণ নির্বাচন আয়োজন করা হয়েছে, তবে তা সংঘর্ষ ও সহিংসতায় রূপ নিতে পারে। নির্বাচনের আগে, নির্বাচনের দিন বা পরের দিন বা সপ্তাহগুলোতে সামান্য বা কোনো ধরনের পূর্বসতর্কতা ছাড়াই সহিংসতা ঘটতে পারে।মার্কিন নাগরিকদের সতর্ক করে দিয়ে দূতাবাসের ওয়েবসাইটে বলা হয়েছে, যুক্তরাষ্ট্রের নাগরিকদের যে কোনো বড় সমাবেশের আশপাশে সতর্কতা অবলম্বন করা উচিত। ব্যক্তিগত নিরাপত্তা পরিকল্পনা পর্যালোচনা করা উচিত। স্থানীয় ঘটনাসহ আপনার আশপাশের পরিস্থিতির বিষয়ে সচেতন থাকুন এবং কী ঘটছে সে বিষয়ে অবহিত থাকার জন্য স্থানীয় সংবাদমাধ্যমগুলো পর্যবেক্ষণ করুন।এ ছাড়া মোবাইল ফোনে সব সময় চার্জ রাখা এবং যে কোনো জায়গায়চলাফেরার ক্ষেত্রে বিকল্প সবগুলো পথের খোঁজ রাখার অনুরোধ করা হয়েছে।মার্কিন দূতাবাসের কর্মকর্তা-কর্মচারীদের সতর্ক করে বলা হয়েছে, বাংলাদেশে যুক্তরাষ্ট্রের কর্মীরা কঠোর নিরাপত্তা নির্দেশিকা অনুযায়ী বসবাস, কাজ এবং ভ্রমণ করেন। তাদের চলাচল ও ভ্রমণ বিধিনিষেধের অধীন। বিক্ষোভ ও নাগরিক অস্থিরতার সময় এ ভ্রমণ বিধিনিষেধ বাড়ানো হতে পারে। সতর্কতামূলক ব্যবস্থা গ্রহণ করায় দূতাবাসের সেবা বিঘিœত হতে পারে বলেও জানানো হয়েছে।সর্বশেষ নিরাপত্তা তথ্যের জন্য, বিদেশ ভ্রমণকারী মার্কিন নাগরিকদের নিয়মিতভাবে ডিপার্টমেন্ট অব স্টেটের ওয়েবসাইট পর্যবেক্ষণের পরামর্শ দেওয়া হয়েছে।",0,0,1,1,False
" আগামীকাল রবিবার দ্বাদশ জাতীয় সংসদ নির্বাচন অনুষ্ঠিত হবে। আগে থেকেই নির্বাচন বর্জনের ঘোষণা দিয়ে আন্দোলন করছে বিএনপি-জামায়াতসহ বেশকিছু সরকারবিরোধী রাজনৈতিক দল। আজ ও আগামীকাল হরতালের কর্মসূচি পালন করছে বিরোধী দলগুলো। আর নির্বাচনের দিন ঘোষণা করা হয়েছে সাধারণ ছুটি।এছাড়া, গতকাল রাত থেকেই দেশের বিভিন্ন স্থানে ভোটকেন্দ্রে ককটেল বিস্ফোরণ ও অগ্নিসংযোগের খবর পাওয়া গেছে। ট্রেনেও অগ্নিকাণ্ডের ঘটনা ঘটেছে। গতরাতে রাজধানীর গোপীবাগে ট্রেনে অগ্নিকান্ডের ঘটনায় ৪ জন পুড়ে মারা গিয়েছে এবং বেশ কয়েকজন আহত হয়েছে।এদিকে নির্বাচনের পরদিন সোমবার থেকেই চালু হবে রাজশাহী বিশ্ববিদ্যালয়ের (রাবি) ক্লাস-পরীক্ষা। কিন্তু বর্তমান প্রেক্ষাপটে ক্যাম্পাসে ফেরা নিয়ে নিরাপত্তাহীনতায় ভুগছেন দূরবর্তী জেলা থেকে আসা শিক্ষার্থীরা। বিশ্ববিদ্যালয়ের প্রশাসনকে শিক্ষার্থীদের নিরাপদে ক্যাম্পাসে পৌছানোর দায়িত্ব নেওয়া উচিত অথবা, বিকল্প ব্যবস্থা গ্রহণ করা উচিত বলে মনে করছেন তারা। বিশ্ববিদ্যালয়ের শিক্ষক-শিক্ষার্থী ও কর্মকর্তা-কর্মচারীদের নিয়ে খোলা ফেসবুক গ্রুপ 'রাজশাহী বিশ্ববিদ্যালয় পরিবার' এ অনেককেই এই দুই দাবির পক্ষে পোস্ট করতে দেখা গেছে।তবে বিশ্ববিদ্যালয় প্রশাসন বলছেন, ছুটি বাড়ানোর কোনো পরিকল্পনা তাদের নাই। আগে থেকেই সবকিছু নেগেটিভ ধরে নেওয়া কাঙ্খিত না। তারা চান, সকলের সহযোগীতাই সুষ্ঠুভাবে দেশটি চলুক। সরকার জনগণের নিরাপত্তার ব্যবস্থা করছে এবং করবে।রাবি পরিবার গ্রুপে বায়োকেমিস্ট্রি অ্যান্ড মলিকুলার বায়োলজি বিভাগের শিক্ষার্থী ওমর শরিফ লিখেছেন, ‘..রাজশাহী বিশ্ববিদ্যালয় প্রশাসন শিক্ষার্থীদের কথা চিন্তা করে বলে আমার মনে হয় না। শীতকালীন ছুটি শেষে নির্বাচনের পরদিন বিশ্ববিদ্যালয় খোলার সিদ্ধান্ত এখন পর্যন্ত পুনর্বিবেচনা না করে বিশ্ববিদ্যালয়ের প্রতিটি শিক্ষার্থীকে চরম দুশ্চিন্তা এবং আতঙ্কের মধ্যে ফেলে রেখেছেন তারা। নির্বাচনকালীন দেশের যে পরিস্থিতি, এমতাবস্থায় কোন অভিভাবক তার সন্তানকে ভ্রমণ করতে দিতে ইচ্ছুক না।...'ওমর শরিফের পোস্টের সঙ্গে একমত পোষণ করে একই বিভাগের আরেক শিক্ষার্থী সুমি পারভিন লিখেছেন, ‘বিশ্ববিদ্যালয় প্রশাসন যদি সাধারণ ছাত্রদের কথা না ভাবে, তাহলে সেটা কেমন বিশ্ববিদ্যালয়! যারা দূর থেকে আসবে, তাদের নিরাপত্তার কথাও একবার ভাবা দরকার। এই পরিস্থিতিতে কোনো বাবা-মা বা, পরিবারই তাদের ছেলে-মেয়েকে ভার্সিটিতে ফিরতে দিতে চাইবেন না। আর এরই মাঝে ক্লাস ছাড়াও পরীক্ষা, ভাইভা, টিউটোরিয়াল রাখছে বিভিন্ন বিভাগ। শিক্ষার্থীদের চিন্তায় আর নিরাপত্তাহীনতায় না রাখলে এদের বোধহয় ভালো লাগে না!'অর্থনীতি বিভাগের শিক্ষার্থী মোকাররম হোসাইন আরেক পোস্টে লিখেছেন, ‘রাবির শিক্ষার্থীরা হতাশায় সময় পার করতেছে। আমরা সবাই মোটামুটি ধরেই নেই, ট্রেন জার্নি নিরাপদ। কিন্তু সেই ট্রেনে জ্বালাও পোড়াও হচ্ছে। এদিকে রাবি প্রশাসন ৮ তারিখ ক্লাস শুরুতে অটল আছে। শিক্ষার্থীরা কিভাবে ক্যাম্পাসে পৌছাবে? জীবনের জন্য সবকিছু, শিক্ষার জন্য জীবন না। রাবি প্রশাসনের দৃষ্টি আকর্ষণ করছি,হয় শিক্ষার্থীদের নিরাপদে ক্যাম্পাসে পৌছানোর দায়িত্ব নেওয়া হোক, না হয় বিকল্প ব্যবস্থা গ্রহণের ব্যবস্থা করা হোক।’তবে, ছুটি বাড়ানোর বিষয়ে বিশ্ববিদ্যালয়ের উপ-উপাচার্য (প্রশাসন) অধ্যাপক সুলতান-উল-ইসলাম ইসলাম বলেন, ‘এ ধরণের (ছুটি বাড়ানোর) কোনো পরিকল্পনা নাই। কারণ আগে থেকেই যদি সবকিছু আমরা নেগেটিভ ধরেই নিই, এটি আসলে কাঙ্খিত না আমাদের কারোর জন্যই। আমরা চাইবো যে, আমাদের সকলের সহযোগীতাই সুষ্ঠুভাবে দেশটি চলুক। জাতীয় প্রশ্নে যেন আমাদের কোনো বিভেদ না থাকে। মতপার্থক্য থাকতেই পারে, কিন্তু জাতীয় স্বার্থ যেখানে জড়িত, সেখানে মনে হয় এ ধরণের (ছুটি বাড়ানোর) কোনো প্রত্যাশা করা, কাউকে সহযোগিতা করা কিংবা এধরনের চিন্তাভাবনা করা সমীচীন বলে আমি মনে করিনা।’শিক্ষার্থীরা নিরাপদে ক্যাম্পাসে পৌঁছাতে পারবে বলে মনে করেন কিনা এবং পারলে এটা কিভাবে সম্ভব হবে জানতে চাইলে তিনি বলেন, ‘দেশে সরকার আছেনা? এখানে কারো ব্যক্তিগত মতামতো আসেনা, যেখানে রাষ্ট্রীয় বিষয়। সরকারতো জনগণের নিরাপত্তা নিশ্চিত করছে। আমরা আগেই এতো কিছু ভেবে নিবো, তার মানে কি কেউ ডিকটেট করছে যে, এই জিনিসগুলো হবেই? সেজন্য যেটি হবে, সেটি নিয়ে এতো কথা না বলায় মনে হয় ভালো। কারণ এটারতো কোনো নিশ্চয়তা নেই। আশঙ্কা মানুষের থাকে এবং সেটা নিশ্চয় সরকারের মাথায় আছে। সরকার জনগণের নিরাপত্তার ব্যবস্থা করছে এবং করবে। আমরা সকলেই সহযোগিতা করলে, কেউ পরিস্থিতি অতোটা খারাপ অবস্থায় নিতে পারবেনা।’",0,0,1,1,False
" চাঁপাইনবাবগঞ্জ-১ (শিবগঞ্জ) আসনে আবারও নৌকার নির্বাচনী অফিসে আগুন দিয়েছে দুর্বৃত্তরা। এতে ওই নির্বাচনী অফিসের মালামাল পুড়ে গেছে বলে নিশ্চিত করেছেন নৌকা প্রতীকের শিবগঞ্জ উপজেলা নির্বাচন পরিচালনা কমিটির যুগ্ম-আহ্বায়ক তৌহিদুল আলম টিয়া।আজ শুক্রবার ভোর সাড়ে ৩টার দিকে উপজেলার মোবারকপুর ইউনিয়নের শিকারপুরের ওই নির্বাচনী অফিসে আগুনের ঘটনা ঘটে।তৌহিদুল আলম বলেন, দুর্বৃত্তদের দেওয়া আগুনে শিকারপুরের নির্বাচনী অফিসের ব্যানার, পোস্টার, টেবিলক্লথ ও অফিসের সামিয়ানা পুড়ে গেছে। এ ঘটনায় সহকারী রির্টানিং কর্মকর্তা ও আইনশৃঙ্খলা বাহিনীকে জানানো হয়েছে।শিবগঞ্জ থানার ভারপ্রাপ্ত কর্মকর্তা (ওসি) সাজ্জাদ হোসেন ঘটনার সত্যতা নিশ্চিত করে জানান, খবর পেয়ে পুলিশ ঘটনাস্থল পরিদর্শন করেছে। নির্বাচনী অফিসটি পুড়িয়ে ফেলার আলামত জব্দ করা হয়েছে। বিষয়টি তদন্ত করা হচ্ছে এবং এ বিষয়ে আইনগত ব্যবস্থা প্রক্রিয়াধীন রয়েছে।এর আগে চাঁপাইনবাবগঞ্জ-১ (শিবগঞ্জ) আসনে নৌকার আরও ৪টি নির্বাচনী অফিসে আগুন দেয় দুর্বৃত্তরা।",0,0,1,1,False
" দ্য এশিয়ান নেটওয়ার্ক ফর ফ্রি ইলেকশনস (আনফ্রেল) আগামীকাল ৭ জানুয়ারি অনুষ্ঠিতব্য বাংলাদেশের দ্বাদশ জাতীয় সংসদ নির্বাচন নিয়ে গভীর উদ্বেগ প্রকাশ করেছে। এক বিবৃতিতে সংস্থাটি বলেছেÑ প্রকৃত নির্বাচন এবং নির্বাচনী প্রতিযোগিতার অভাবের ঝুঁকিতে থাকা এই নির্বাচন গণতান্ত্রিক নীতি ও আন্তর্জাতিক নির্বাচনী মানদণ্ড (যেগুলো নির্বাচনী প্রক্রিয়ার বৈধতা মূল্যায়ন করে) সম্পর্কে গুরুতর প্রশ্ন উত্থাপনকরে বলে দৃঢ়ভাবে বিশ্বাস করা হচ্ছে। এশিয়ায় গণতন্ত্র প্রচার, অবাধ ও সুষ্ঠু নির্বাচন নিয়ে কাজ করা থাইল্যান্ডভিত্তিক স্বাধীন এই সংস্থা স্থানীয় সময় শুক্রবার নিজেদের ওয়েবসাইটে এ বিবৃতি প্রকাশ করে।আনফ্রেল বিশ্বাস করে যে, নির্বাচনী প্রক্রিয়ায় জবাবদিহিতা, ন্যায্যতা এবং অন্তর্ভুক্তির অনুপস্থিতির কারণে প্রকৃত নির্বাচন এবং নির্বাচনী প্রতিযোগিতার অভাবের ঝুঁকি উদ্ভূত হয়েছে। এতে বিরোধীদের ওপর দমন-পীড়ন, রাজনৈতিক স্বাধীনতার সীমাবদ্ধতা, নিরপেক্ষ তথ্যে সীমিত প্রবেশাধিকার এবং রাজনৈতিক সহিংসতার ব্যাপকতার মতো উল্লেখযোগ্য নির্বাচনী চ্যালেঞ্জের জন্ম হয়েছে।নির্বাচনী সহিংসতায় বিধ্বস্ত বর্তমান নির্বাচনী পরিবেশ মূলত বিরোধী দলসমূহ এবং স্বতন্ত্র প্রার্থীদের টার্গেট করছে। দেশের বিভিন্ন স্থান থেকে নির্বাচনী ক্যাম্পে আগুন দেওয়া, হাতবোমা নিক্ষেপ এবং ক্ষমতাসীন দল আওয়ামী লীগ ও স্বতন্ত্র প্রার্থীর সমর্থকদের মধ্যে সহিংস সংঘর্ষের খবর প্রকাশিত হয়েছে।এই সংঘর্ষের ফলে অসংখ্য মানুষ আহত হয়েছেন এবং দুঃখজনকভাবে প্রাণহানিও হয়েছে। নির্বাচনী সহিংসতা এবং নির্বাচনী আচরণবিধির লঙ্ঘনের মাত্রাকে কম গুরুত্ব দেওয়া বিবৃতিগুলো নিরপেক্ষতা ও তদারকি ব্যবস্থার কার্যকারিতা সম্পর্কে উদ্বেগকেই বাড়িয়ে তোলে।গণতান্ত্রিক মূল্যবোধের সুরক্ষা ও আইনের শাসন নিশ্চিত করতে এই পরিস্থিতি জরুরি মনোযোগ এবং ব্যাপক প্রতিক্রিয়ার দাবি রাখে।উল্লিখিত চ্যালেঞ্জগুলোকে আমলে নিয়ে আনফ্রেল অংশগ্রহণমূলক শাসনের ভিত্তি হিসেবে একটি অবাধ ও সুষ্ঠু নির্বাচনের মৌলিক গুরুত্বের ওপর জোর দেয়। মানবাধিকার ও গণতন্ত্র রক্ষা এবং প্রচারে নিজ ম্যান্ডেট পূরণে আনফ্রেল অবিচল।",0,0,1,1,False
" দলের সাথে সম্পর্ক ছিন্ন ও নির্বাচন থেকে সরে দাঁড়ালেন যশোর-৫ (মনিরামপুর) আসনের সংসদ সদস্য প্রার্থী আবু নসর মোহাম্মদ মোস্তফা (মেজর বনি)। শুক্রবার প্রেসক্লাব যশোরে এক সংবাদ সম্মেলনে এ ঘোষণা দেন তিনি। দ্বাদশ জাতীয় সংসদ নির্বাচনে ওই আসনে তৃণমূল বিএনপির প্রার্থী ছিলেন মেজর বনি।সংবাদ সম্মেলনে তিনি বলেন, ‘তৃণমূল বিএনপি কোনো রাজনৈতিক দল নয়। এটি অত্যন্ত কৃশকায় ও তলাবিহীন একটি প্ল্যাটফরম। জাতীয় নির্বাচনে প্রতিদ্বন্দ্বিতা করার কোনো সক্ষমতা এ দলের নেই।’তিনি আরও বলেন, ‘একজন সাবেক সেনা কর্মকর্তা হয়ে তৃণমূল বিএনপির মতো একটি দল থেকে প্রার্থী হয়ে আমি অত্যন্ত হীনমন্যতায় ভুগছি এবং আত্মদহনে দগ্ধ হচ্ছি। এটা আমার জন্য অমর্যাদাকর ও বেমানান। এ দল থেকে প্রার্থী হয়ে নির্বাচন করার জন্য তিনি নির্বাচনী এলাকা মনিরামপুরসহ দেশবাসীর কাছে ক্ষমা চেয়েছেন। একই সাথে তৃণমূল বিএনপির সাথে সব সম্পর্ক ছিন্ন করার ঘোষণা দেন মেজর বনি।",0,0,1,1,False
" ফরিদপুর-৩ আসনের বিভিন্ন স্থানে আওয়ামী লীগের নির্বাচন অফিস পুড়িয়ে নির্বাচন বানচালের চেষ্টার প্রতিবাদে সংবাদ সম্মেলন করেছে ফরিদপুর জেলা আওয়ামী লীগ। গতকাল দুপুর ১২টায় ফরিদপুর প্রেসক্লাবে এ সংবাদ সম্মেলন করা হয়।প্রেসক্লাবের আহ্বায়ক অধ্যাপক মো. শাহজাহানের সভাপতিত্বে সংবাদ সম্মেলনে বক্তব্য প্রদান করেন ফরিদপুর জেলা আওয়ামী লীগের যুগ্ম সম্পাদক ও নির্বাচনের প্রধান সমন্বয়ক পৌর মেয়র অমিতাভ বোস। বক্তব্য রাখেন জেলা আওয়ামী লীগের সভাপতি ও ফরিদপুর-৩ আসনে নৌকার প্রার্থী শামীম হক ফরিদপুর জেলা আওয়ামী লীগের সাধারণ সম্পাদক ইশতিয়াক আরিফ। এ সময় আওয়ামী লীগ প্রার্থী শামীম হক সংবাদ সম্মেলনে বলেন, স্বতন্ত্র প্রার্থী একে আজাদ ও তার সমর্থকরা বিভিন্ন সময়ে আওয়ামী লীগের নির্বাচনী অফিস পুড়িয়ে নির্বাচন বানচালের অপচেষ্টা চালিয়ে যাচ্ছে।",0,0,1,1,False
" বিএনপির স্থায়ী কমিটির সদস্য ড. আব্দুল মঈন খান আজ শুক্রবার জরুরি এক সংবাদ সম্মেলনে নির্বাচন ঘিরে বড় সিদ্ধান্তের কথা জানিয়েছেন। বেলা ১১টায় তার গুলশানের বাসায় আয়োজিত সংবাদ সম্মেলন তিনি এ সিদ্ধান্তের কথা জানান।এ সময় লিখিত বক্তব্যে ড. আব্দুল মঈন খান বলেন, ‘৭ জানুয়ারির একতরফা ও ভাগ-বাঁটোয়ারার যে নির্বাচনকে নিয়ে দেশে-বিদেশে হাস্যরস ও সমালোচনা চলছে, ফ্যাসিস্ট শেখ হাসিনা সরকার নিজ দায়িত্বে ও মরিয়া উদ্যোগে, প্রতিদিন সেটিকে প্রহসন ও সহিংসতার নতুন মাত্রায় নিয়ে যাচ্ছে। ডামি প্রার্থী ও ডামি দল উৎপাদন করেই ক্ষান্ত হয়নি, এখন তারা নজর দিয়েছে জোরপূর্বক ডামি ভোটার সৃষ্টিতে।’তিনি বলেন, ‘বাংলাদেশ জাতীয়তাবাদী দল-বিএনপি ও ৬২টি গণতন্ত্রমনা রাজনৈতিক দলের পাশাপাশি, তথাকথিত নির্বাচনকে একযোগে বর্জন ও প্রত্যাখ্যান করেছেন দেশের সকল শ্রেণী ও পেশার ভোটার, প্রতিটি বিবেকবান ও সচেতন নাগরিক। দিশেহারা হয়ে ক্ষমতা কুক্ষিগত রাখতে, বানরের পিঠা ভাগাভাগির এই ধিকৃত আয়োজনকে, অবৈধ সরকার ‘অংশগ্রহণমূলক ও অন্তর্ভুক্তিমূলক নির্বাচন’ হিসেবে দেখাতে চাচ্ছে। তাই আওয়ামী লীগ ও রাষ্ট্রযন্ত্রের চিহ্নিত অংশ মিলে ষড়যন্ত্রের নীলনকশা তৈরি করেছে।’মঈন খান আরও বলেন, ‘জনগণের আকাঙ্ক্ষার বিপরীতে অনুষ্ঠিতব্য অর্থহীন নির্বাচনে, কৃত্রিম ভোটার উপস্থিতি দেখাতে, জনবিচ্ছিন্ন সরকার যেভাবে সহিংসতার আশ্রয় নিয়েছে, তা নৈতিকভাবে গণবিরোধী ও রাজনৈতিকভাবে শিশুসুলভ। তাদের পরিকল্পিত অপপ্রয়াসে কেবল বাংলাদেশের ভাবমূর্তিই ক্ষুণ্ণ হচ্ছে না, নির্বাচন নামের অতি গুরুত্বপূর্ণ রাষ্ট্রীয় বিষয়টি হয়ে উঠেছে শোষকগোষ্ঠীর নির্লজ্জতা ও দেউলিয়াত্বের প্রতীক। ভোটার সংখ্যা বাড়িয়ে দেখাতে তাদের সকল অপকৌশলের ফিরিস্তি আজ আন্তর্জাতিক অংশীজনদের কাছে সুস্পষ্ট যার প্রতিফলন দেখা যাচ্ছে বিদেশী গণমাধ্যমে প্রকাশিত বিভিন্ন সংবাদে।’লিখিত বক্তব্যে তিনি বলেন, ‘মিথ্যা ও প্রতারণামূলক ভোটার উপস্থিতি উপস্থাপনের লক্ষ্যে, আওয়ামী লীগ ও আজ্ঞাবহ রাষ্ট্রযন্ত্র অজস্র অনৈতিক, অগণতান্ত্রিক ও অসাংবিধানিক উদ্যোগ নিয়েছে, যার মাঝে নির্বাচিত ১০টি উদাহরণ আমরা আজ আপনাদের সামনে তুলে ধরছি।’(১) অবিশ্বাস্য শোনালেও সত্যি, পাতানো নির্বাচনে কিছুটা বৈধতা অর্জনের খায়েশে, সমাজের খেটে খাওয়া ও তৃণমূল জনগোষ্ঠীর ভাগ্য নিয়ে ছিনিমিনি খেলার অপচেষ্টা করছে আওয়ামী লীগ। নিশিরাতের এমপিরা দেশ জুড়ে হুমকি দিয়ে বেড়াচ্ছেন ভোট কেন্দ্রে না গেলে লক্ষ-লক্ষ সুবিধাভোগী মানুষ তাঁদের আর্থিক সুবিধা হারাবেন। বর্তমানে প্রায় ১ কোটি ২৮ লক্ষ মানুষ বিভিন্ন সামাজিক সুবিধা পাচ্ছেন, যা যুগের পর যুগ ধরে, সকল সরকারের অধীনে একটি চলমান প্রক্রিয়া। এসব সুবিধাভোগী ব্যক্তি ও তাঁদের পরিবারের সদস্যদের ভোট কেন্দ্রে যাওয়া নিশ্চিত করতে আওয়ামী লীগের কেন্দ্রীয় তত্ত্বাবধানে এলাকায়-এলাকায় নির্দেশনা দেওয়া হয়েছে। বলা হচ্ছে, ৭ জানুয়ারি ভোট না দিলে তাঁদের ভাতা বাতিল করে দিবে।(২) জবরদস্তিমূলক কৌশলে অনেক জায়গায় সরকারি ভাতাভোগীদের কার্ড জব্দ শুরু করেছে আওয়ামী লীগের কেন্দ্রীয় ও স্থানীয় নেতারা। ভোট কেন্দ্রে গিয়ে জনসম্মুখে ভোট না দিলে, সুবিধাভোগী ব্যক্তিরা তাঁদের কার্ড আর ফেরত পাবেন না বলে বাড়ি-বাড়ি গিয়ে হুমকিও দেওয়া হচ্ছে।(৩) এমনকি সরকারের স্থানীয় প্রশাসনের মাধ্যমেও সামাজিক নিরাপত্তা কর্মসূচির আওতায় বিভিন্ন ধরনের ভাতাভোগীকে ভোট প্রদানে বাধ্য করার উদ্যোগ নেওয়া হচ্ছে। বিশেষ করে বয়স্ক ভাতাভোগী প্রায় ৭০ লক্ষ এবং বিধবা ভাতাভোগী প্রায় ৩০ লক্ষ, অর্থাৎ এক কোটি ভোটারকে প্রশাসনের যোগসাজশে কেন্দ্রে উপস্থিত করানোর চেষ্টা চালাচ্ছে ফ্যাসিস্ট শেখ হাসিনা সরকার।(৪) নজিরবিহীন এক অপকৌশলে, সারা দেশের প্রায় ২০ লক্ষ সরকারি চাকরিজীবীদের পোস্টাল ব্যালটে ভোট দেওয়ানোর প্রশাসনিক উদ্যোগ নেয়া হচ্ছে। তাঁদের ইচ্ছার বিরুদ্ধে চাপিয়ে দেওয়া সিদ্ধান্তে প্রশাসনের বিশাল অংশ জুড়ে হতাশার সৃষ্টি হয়েছে। সরকারি কর্মকর্তাদের ভোটাধিকার নিয়ন্ত্রণের এই অপপ্রয়াস নির্বাচনী প্রক্রিয়ার নিরপেক্ষতা ও স্বচ্ছতা নিয়ে দেশে-বিদেশে গুরুতর উদ্বেগের জন্ম দিয়েছে।(৫) নির্বাচনী কার্যক্রমে অংশ নেবেন, এমন সরকারি কর্মকর্তা-কর্মচারীদের পোস্টাল ভোট গ্রহণের উপর জোর দিয়েছে অবৈধ সরকার ও তার দলদাস রাষ্ট্রযন্ত্র। একইসঙ্গে দায়িত্বরত ব্যক্তিদের পরিবারের সদস্যদের ভোটকেন্দ্রে যাওয়ার বিষয়টিও নিশ্চিত করতে বলা হচ্ছে। এর বাইরে প্রিসাইডিং ও পোলিং অফিসারসহ বিভিন্ন নির্বাচনী দায়িত্ব পালন করেন লক্ষাধিক বেসরকারি ও স্বায়ত্তশাসিত প্রতিষ্ঠানের কর্মকর্তারা। এবার তাদের পোস্টাল ব্যালটে ভোট দিতে বলা হচ্ছে।(৬) তথাকথিত নির্বাচনের দিন আনসার ভিডিপির ৬১ লাখ সদস্যের বড় অংশ নানাবিধ দায়িত্ব পালন করবেন। তাঁদের সবার পোস্টাল ভোট নিশ্চিত করা এবং প্রত্যেকের পরিবারের অন্তত পাঁচ জন করে সদস্যদের কেন্দ্রে যাওয়ার বিষয়ে প্রতিটি ইউনিট ও ব্যাটালিয়নে চিঠি দিয়েছে সদরদপ্তর। চিঠিতে প্রতিটি সদস্যের তথ্যও চাওয়া হয়েছে। রাষ্ট্রীয় ক্ষমতার এই অপব্যবহার যেন ভেঙে পড়া রাষ্ট্রীয় কাঠামো ও সাংবিধানিক প্রতিষ্ঠানসমূহের দলীয়করণের এক নির্বাচনী উদাহরণ।(৭) দেশ জুড়ে পুলিশ সদস্যরা ভোটারদের উপস্থিতি বাড়ানোর মিশনে নেমে পড়েছে। খোদ ঢাকার পুলিশ কমিশনার দুই সিটি করপোরেশনের কাউন্সিলরদের ডেকে নিয়ে ভোট কেন্দ্রে ভোটার উপস্থিতি যথাসম্ভব নিশ্চিত করার তাগিদ দিয়েছেন। বিভিন্ন জায়গায় পুলিশের এসপি-ওসিরা সরাসরি যুক্ত হয়েছেন আওয়ামী লীগের প্রার্থীর প্রচারণায়, আহবান করছেন ভোট প্রদানে। জনমনে প্রশ্ন জেগেছে, ভোটারদের অংশগ্রহণ বাড়ানোর রাজনৈতিক দায়িত্ব পুলিশকে কে বা কারা দিয়েছে? এই পক্ষপাতদুষ্ট ও দলীয় আচরণের সাংবিধানিক ও আইনি ভিত্তি কি?(৮) ভোট দিতে না গেলে জাতীয় আইডি কার্ড বাতিল করা হবে, এমন হুমকিও দিচ্ছে কোনো-কোনো আওয়ামী লীগ নেতা। আবার তাদের কিছু দুষ্কৃতিকারী বলছে ভোট না দিলে বিদ্যুৎ, পানি, গ্যাস সংযোগ বন্ধ করে দেওয়া হবে। শুধু তাই নয়, গণমাধ্যম সূত্রে জানা যায়, নৌকায় ভোট না দিলে মসজিদে নামাজ পড়তে দেওয়া হবে না কিংবা কবরস্থানে কবর দিতে দেওয়া হবে না ধর্মীয়ভাবে অত্যন্ত সংবেদনশীল এমন ঘৃণ্য বক্তব্যও দিচ্ছে আওয়ামী লীগের স্থানীয় নেতারা।(৯) আওয়ামী লীগের রাজনীতির একটি অবিচ্ছেদ্য অধ্যায় কালো টাকার দৌরাত্ব। দুর্নীতি ও দুর্বৃত্তায়নে নিমজ্জিত দলটির কোনো-কোনো নেতা ঘোষণা দিয়েছে, ভোটার আনতে পারলে লাখ টাকার পুরস্কার দেওয়া হবে। স্বাভাবিকভাবেই, এর প্রভাবে দলীয় কর্মীদের সন্ত্রাসী কার্যকলাপ আরও গতিশীল হয়েছে। বেড়েছে ভোটারদের ভয়-ভীতি প্রদর্শন এবং ভোটার জড়ো করার নামে স্থানীয় ব্যবসা-প্রতিষ্ঠান থেকে চাঁদাবাজি। সমাজের ছিন্নমূল-প্রান্তিক জনগোষ্ঠীকে কিছু কাঁচা টাকা দিয়ে ভোটের লাইনে দাঁড় করাবার সাংগঠনিক অপপ্রয়াসে আওয়ামী লীগ লিপ্ত হলেও সেটি ব্যর্থ হতে যাচ্ছে বলে সামাজিক গণমাধ্যমে খেটে খাওয়া মানুষদের নানা সংক্ষুব্ধ ভিডিও থেকে আমরা দেখতে পাই।(১০) ভোট কারচুপি ও ভোট ডাকাতির যে ন্যক্কারজনক দৃষ্টান্ত আওয়ামী লীগ ২০১৪ ও ২০১৮ সালে স্থাপন করেছে ২০২৪ সালে তার পুনরাবৃত্তি ঘটার সকল আলামত স্পষ্ট। আমরা জানতে পেরেছি কেন্দ্রীয় সিদ্ধান্তে এবারও ছাত্রলীগ-যুবলীগের নেতা-কর্মীরা লাগামহীন জাল ভোট দেওয়ার পরিকল্পনা করেছে। আশংকা করার যথেষ্ট কারণ রয়েছে যে, ভোটার সংখ্যা বাড়িয়ে দেখানোর স্বার্থে, নিজেদের ঐতিহ্য মোতাবেক, তারা অজস্র মৃত ও প্রবাসী ব্যক্তির নামে নিজ দায়িত্বে ভোট দিয়ে দিবে। অর্থহীন এক উপনির্বাচনে ৫৩ সেকেন্ডে ৪৭ ভুয়া ভোটের যে বিশ্ব রেকর্ড তারা সৃষ্টি করেছে সেই ধারাবাহিকতায় ৭ জানুয়ারি যে আরও ভয়ঙ্কর ও কলঙ্কিত নির্বাচনী অনিয়ম ঘটাতে যাচ্ছে তা সর্বমহলে বোধগম্য।তিনি বলেন, ‘বিএনপির পক্ষ থেকে আমরা স্পষ্ট ভাষায় বলতে চাই রাষ্ট্রীয় সুযোগ-সুবিধা বন্ধ করার হুমকি দেওয়া, ভাতা কার্ডধারী অসহায় মানুষের জীবন-জীবিকাকে সংকটে ফেলা, কিংবা সরকারি কর্মকর্তা-কর্মচারীদের দলীয় ভূমিকায় অবতীর্ণ করা এর প্রত্যেকটিই আইনগত অপরাধ। বিশেষত যারা রাষ্ট্রীয় ভাতা পাচ্ছেন, তাঁরা রাষ্ট্রের পক্ষ থেকে দীর্ঘদিন ধরে এসব সরকারি সুবিধা পাচ্ছেন। কোনো ব্যক্তি, পরিবার কিংবা দলের পক্ষ থেকে এটি কোনো অনুদান নয়। অতএব, ভাতা কার্ড বা সরকারি সুবিধার বিনিময়ে বাংলাদেশের কোনো নাগরিক ভোট কেন্দ্রে যেতে বাধ্য নন। ভোট কেন্দ্রে যাওয়া বা না যাওয়া, নির্বাচনে অংশ নেওয়া বা বর্জন করা, সকল সিদ্ধান্তই প্রতিটি সম্মানিত ভোটারের গণতান্ত্রিক অধিকার।’বিএনপির স্থায়ী কমিটির এ সদস্য বলেন, ‘সুতরাং, আমরা গণতন্ত্রকামী জনগণের প্রতি আহবান জানাবো, আপনারা এই অবৈধ সরকারের হুমকি- ধামকি সাহসের সঙ্গে মোকাবেলা করুন। যে বা যারা আপনাকে ভোট কেন্দ্রে যেতে বাধ্য করছে তাদের নাম সংরক্ষণ করে রাখুন। ফ্যাসিস্ট সরকারের সময় ফুরিয়ে আসছে, তাই তাদের অন্যায় ও অবৈধ হুমকিকে পরোয়া করবার কোনো কারণ নেই। আমরা দ্যার্থহীনভাবে জানাতে চাই, ভাতা কার্ড জব্দ করে কিংবা ভাতা না দেওয়ার হুমকি দিয়ে, দরিদ্র জনগোষ্ঠীকে ভোট কেন্দ্রে যেতে বাধ্য করার মতো অগণতান্ত্রিক প্রক্রিয়ার সঙ্গে যারা জড়িত, ভবিষ্যৎ গণতান্ত্রিক সরকার অবশ্যই তাঁদের বিরুদ্ধে আইনগত ব্যবস্থা গ্রহণ করবে। সর্বজনীন ভোট বর্জনের মাধ্যমে, চলমান আন্দোলনে জনগণের স্বতঃস্ফূর্ত সমর্থন ও অংশগ্রহণে ফ্যাসিবাদের কবল থেকে বাংলাদেশ শীঘ্রই মুক্ত হবে, ইনশাআল্লাহ।’",0,0,1,1,False
" ৭ জানুয়ারির জাতীয় সংসদ নির্বাচন ঘিরে কোনো ধরনের নাশকতার চেষ্টা করা হলে ফল ভালো হবে না বলে সতর্ক করেছেন পুলিশ মহাপরিদর্শক (আইজিপি) চৌধুরী আবদুল্লাহ আল-মামুন।আজ শুক্রবার দুপুরে রাজধানীর উইলস লিটল ফ্লাওয়ার স্কুল অ্যান্ড কলেজে আয়োজিত দ্বাদশ জাতীয় নির্বাচন উপলক্ষে নিরাপত্তা ব্রিফিংয়ে তিনি এ কথা বলেন।আইজিপি বলেন, যে বা যারা নাশকতার চেষ্টা করবে তাদের বিরুদ্ধে যথাযথ আইনগত ব্যবস্থা নেওয়া হবে। আইনশৃঙ্খলা পরিস্থিতি অবনতির চেষ্টা করলে তাদের বিরুদ্ধে কঠোর ব্যবস্থা নেওয়া হবে। জরুরি প্রয়োজনে নিকটস্থ থানা অথবা জাতীয় জরুরি সেবা ৯৯৯ নম্বরে যোগাযোগ করতে পারেন। ভোটাররা নির্বিঘ্নে তাদের ভোটাধিকার প্রয়োগ করবেন।",0,0,1,1,False
" মুন্সীগঞ্জের গজারিয়ায় হোসেন্দী ইউনিয়নের ভবানীপুরে নৌকার মিছিল থেকে স্বতন্ত্র প্রার্থী ফয়সাল বিপ্লবের নির্বাচনী ক্যাম্পে হামলা ও ভাঙচুরের ঘটনা ঘটেছে। এ সময় উভয় পক্ষের মুখোমুখি অবস্থানের কারণে ওই এলাকায় উত্তেজনাকর পরিস্থিতি সৃষ্টি হয়। পরিস্থিতি নিয়ন্ত্রণে দুই রাউন্ড ফাঁকা গুলি বর্ষণ করে পুলিশ।ঘটনার প্রত্যক্ষদর্শীরা জানায়, গতকাল বৃহস্পতিবার রাত পৌনে ৯টার দিকে নৌকা সমর্থক ড. ইকবাল হক স্বপন এবং তানভীর হক তুরিনের নেতৃত্বে নৌকার একটি মিছিল ভবানীপুর এলাকার স্বতন্ত্র প্রার্থী ফয়সাল বিপ্লবের ক্যাম্পের সামনে দিয়ে যাচ্ছিল। এ সময় ক্যাম্পের ভেতরে কয়েকজন সাউন্ড বক্সের মাধ্যমে স্বতন্ত্র প্রার্থীর কাঁচি প্রতীকের পক্ষে প্রচারণা চালাচ্ছিলেন। তবে নৌকার মিছিল দেখে ক্যাম্পের ভেতর থেকে সাউন্ড বক্সের ভলিউম বাড়িয়ে দেয়। এতে উত্তেজিত হয়ে নৌকা সমর্থকরা তাদের ক্যাম্পে হামলা চালায়। এ সময় ক্যাম্পের সাউন্ড বক্স, টেবিল এবং চেয়ার ভাঙচুর করে তারা। ভাঙচুরের খবর পেয়ে স্বতন্ত্র প্রার্থী ফয়সাল বিপ্লবের আরও কিছু সমর্থক ঘটনাস্থলে ছুটে এলে উভয় পক্ষের মুখোমুখি অবস্থানে পরিস্থিতি উত্তপ্ত হতে থাকে। পরিস্থিতি নিয়ন্ত্রণে পুলিশ দুই রাউন্ড ফাঁকাগুলি বর্ষণ করে। পুলিশের হস্তক্ষেপে পরিস্থিতি শান্ত হয়।মুন্সীগঞ্জ-৩ আসনে স্বতন্ত্র সংসদ সদস্য প্রার্থী ফয়সাল বিপ্লবের সমর্থক জুয়েল বলেন, ‘ক্যাম্পটি মূলত আমি পরিচালনা করি। ঘটনার সময় আমি ক্যাম্পে ছিলাম না। ক্যাম্পে ভাঙচুরের খবর শুনে সেখানে যাবার পথে কয়েক রাউন্ড গুলির শব্দ শুনি। ক্যাম্পে গিয়ে দেখি সাউন্ড বক্স, চেয়ার, টেবিল সব ভাঙচুর করা হয়েছে। এমনকি আমাদের পোস্টার পর্যন্ত তারা খুলে নিয়ে গেছে। যাওয়ার সময় আমার দুই কর্মীকে তারা মারধর করেছে।’বিষয়টি সম্পর্কে নৌকা সমর্থক ইকবাল হক স্বপনের মুঠোফোনে কল করা হলেও তাকে পাওয়া যায়নি।বিষয়টি সম্পর্কে গজারিয়া পুলিশ তদন্ত কেন্দ্রের ইনচার্জ মহিদুল ইসলাম বলেন, ‘খবর পেয়ে ঘটনাস্থলে যাই। একটি টেবিল এবং কিছু চেয়ার ভাঙচুরের সত্যতা পেয়েছি।’গজারিয়া থানার অফিসার ইনচার্জ মো. রাজিব খান বলেন, ‘উভয় পক্ষের মুখোমুখি অবস্থানের কারণে কিছু সময়ের জন্য উত্তেজনাকর পরিস্থিতি তৈরি হয় তবে অপ্রীতিকর কিছু ঘটেনি।’",0,0,1,1,False
" রাষ্ট্রপতিকে অবিলম্বে বিদ্যমান জাতীয় সংসদ ভেঙে দিয়ে আসন্ন দ্বাদশ সংসদ নির্বাচন বন্ধ করার আহ্বান জানিয়েছেন ইসলামী আন্দোলনের আমির ও চরমোনাই পীর মুফতি সৈয়দ মুহাম্মদ রেজাউল করীম। একইসঙ্গে তিনি দেশের জনগণকেও সর্বাত্মকভাবে নির্বাচন বর্জনের আহ্বান জানান। গতকাল বৃহস্পতিবার দুপুরে রাজধানীর পুরানা পল্টনে দলীয় কার্যালয়ে এক সংবাদ সম্মেলনে তিনি এ আহ্বান জানান। এ সময় বিদ্যমান রাজনৈতিক সংকট উত্তরণে ৫ দফা দাবি তুলে ধরেন ইসলামী আন্দোলন, বাংলাদেশের আমির।দাবিগুলো হলোÑ আগামী ৭ জানুয়ারি নির্বাচন বন্ধ করা; বিদ্যমান জাতীয় সংসদ ভেঙে দেওয়া; নিবন্ধিত এবং আন্দোলনরত রাজনৈতিক দলগুলোর সঙ্গে আলোচনা করে জাতীয় সরকার গঠন করা; বর্তমান নির্বাচন কমিশন ভেঙে দিতে হবে এবং জাতীয় সরকারের অধীনে নতুন নির্বাচন কমিশন দ্বাদশ জাতীয় নির্বাচনের পুনঃতফসিল ঘোষণা করবে; রাজনৈতিক কারণে বিরোধীদলের কারাবন্দি সকল নেতাকর্মীর মুক্তি দিতে হবে।রাষ্ট্রের অভিভাবক হিসেবে রাষ্ট্রপতির কাছে অনুরোধ জানিয়ে চরমোনাই পীর বলেন, সংবিধান অনুযায়ী অবিলম্বে বিদ্যমান কলঙ্কিত জাতীয় সংসদ ভেঙে দিয়ে দেশবিরোধী প্রহসনের নির্বাচন বন্ধ করুন। সকল রাজনৈতিক পক্ষের সঙ্গে আলোচনা করে জাতীয় সরকার গঠনের রূপরেখা ঘোষণা দিন।সরকারের প্রতি আহ্বান জানিয়ে রেজাউল করীম বলেন, প্রহসনের নির্বাচন বন্ধ করুন। জনগণের ভোটাধিকার, রাজনৈতিক অধিকার, সাংবিধানিক অধিকার ও মৌলিক অধিকার ফিরিয়ে দিন।সংবাদ সম্মেলনের আরও উপস্থিত ছিলেন দলের মহাসচিব মাওলানা ইউনুছ আহমাদ, প্রেসিডিয়াম সদস্য প্রিন্সিপাল মাওলানা সৈয়দ মোসাদ্দেক বিল্লাহ আল-মাদানী, অধ্যাপক আশরাফ আলী আকন প্রমুখ।",0,0,1,1,False
" নির্বাচন বর্জন ও ভোটদান থেকে বিরত থাকার আহ্বান জানিয়ে ৩ দিনের কর্মসূচি ঘোষণা করেছে বাংলাদেশ জামায়াতে ইসলামী। আজ বৃহস্পতিবার এক বিবৃতিতে দলটির ভারপ্রাপ্ত সেক্রেটারি জেনারেল মাওলানা এটিএম মা’ছুম নতুন কর্মসূচি ঘোষণা করেন।কর্মসূচি অনুযায়ী আগামীকাল শুক্রবার দেশব্যাপী মিছিল ও গণসংযোগ এবং শনিবার ভোর ৬টা থেকে সোমবার ভোর ৬টা পর্যন্ত টানা ৪৮ ঘণ্টা দেশব্যাপী সর্বাত্মক হরতাল কর্মসূচি পালন করবে দলটি। বিবৃতিতে আরও বলা হয়, ‘২০২৪ সালের শুরুতেই আওয়ামী লীগ সন্ত্রাস, নৈরাজ্য ও ষড়যন্ত্রমূলক মামলায় রায় ঘোষণার মাধ্যমে যাত্রা শুরু করেছে। ৭ জানুয়ারি প্রহসনের নির্বাচনকে সামনে রেখে ভোটারদের মধ্যে ভয়-ভীতি, হুমকি-ধমকি, গ্রেপ্তার ও হয়রানি চালিয়ে যাচ্ছে। যশোর পূর্ব সাংগঠনিক জেলা জামায়াতের আমির মাস্টার নূরুন্নবী, পঞ্চগড় জেলার দেবীগঞ্জ উপজেলার আমির আবুল বাশার বসুনিয়া ও নাটোর জেলার লালপুর উপজেলার আমির মাওলানা আবুল কালাম আযাদসহ গত ২৪ ঘণ্টায় ২৫ জন নেতাকর্মীকে গ্রেপ্তার করা হয়েছে। আমি এই গ্রেপ্তারের তীব্র নিন্দা ও প্রতিবাদ জানাচ্ছি এবং তাদের দ্রুত মুক্তি দাবি করছি।’এটিএম মা’ছুম বলেন, ‘দেশের বুদ্ধিজীবী, সুশীল সমাজ ও রাজনৈতিক দলসমূহ প্রহসনের নির্বাচন বয়কট করে নির্দলীয় নিরপেক্ষ কেয়ারটেকার সরকারের নির্বাচনের মাধ্যমে জনগণের প্রতিনিধিত্বমূলক সরকারের প্রতি গুরুত্বারোপ করে আসছেন। কিন্তু সেদিকে সরকারের কোনো ভ্রুক্ষেপ নেই।’দলটির ভারপ্রাপ্ত সেক্রেটারি জেনারেল বলেন, ‘প্রত্যেক নাগরিকেরই ভোট দেওয়া বা না দেওয়ার অধিকার আছে। আওয়ামী লীগ প্রশাসনের সহযোগিতায় ভোটারদেরকে ভোটকেন্দ্রে যাওয়ার জন্য চাপ দিচ্ছে ও ভয়-ভীতি দেখাচ্ছে। ভোটের দিন সরকার পরিকল্পিতভাবে নৈরাজ্য সৃষ্টি করতে পারে মর্মে পত্র-পত্রিকায় সংবাদ প্রচারিত হচ্ছে। সরকারের সব ষড়যন্ত্র নস্যাৎ করে প্রহসনের নির্বাচন বর্জনের জন্য আমরা এ সব কর্মসূচি ঘোষণা করছি।’",0,0,1,1,False
" দ্বাদশ জাতীয় সংসদ নির্বাচনে ঢাকা-১ আসনের নৌকার প্রার্থী ও একই আসনের সংসদ সদস্য সালমান এফ রহমান বলেছেন, ‘এবারের নির্বাচন আমাদের কাছে অনেক চ্যালেঞ্জের। কারণ বিএনপি এই নির্বাচনকে নস্যাৎ করার জন্য নানা ষড়যন্ত্র করছে। তারা চায় না দেশের মানুষ শান্তিতে থাকুক। তারা দেশের উন্নয়নকে বাধাগ্রস্ত চায়।’আজ বৃহস্পতিবার বিকেলে কেন্দ্র ভিত্তিক উঠান বৈঠকের শেষ দিনে ঢাকার নবাবগঞ্জ উপজেলার কলাকোপা ইউনিয়ন আওয়ামী লীগ ও সহযোগী সংগঠন আয়োজিত কেন্দ্রীয় শহীদ মিনার প্রাঙ্গণে জনসভায় সালমান এফ রহমান এসব কথা বলেন।সালমান এফ রহমান বলেন, ‘মা-বোনদের প্রধান চাহিদা গ্যাস, আমি পাস করলেই গ্যাস চলে আসবে। তবে আপনাদের অবশ্যই নৌকা মার্কায় ভোট দিয়ে শেখ হাসিনাকে জয়যুক্ত করতে হবে। কারণ জীবন মানের উন্নয়ন পেতে হলে শেখ হাসিনাকেই প্রয়োজন।’তিনি বলেন, আপনারা দেখছেন বিএনপির ষড়যন্ত্র থেমে নেই। তারা প্রতিনিয়ত ট্রেনে আগুন দিচ্ছে, বাসে আগুন দিয়ে মানুষ মারছে। তারা জনগণ থেকে বিচ্ছিন্ন হয়ে গেছে। জনগণ তাদের সঙ্গে নাই। প্রধানমন্ত্রী শেখ হাসিনা জনগণের প্রধানমন্ত্রী। তিনি কোনো ফাইল সাইন করার আগে জনগণের কথা চিন্তা করেন। এই ফাইলে সাইন করলে আমার জনগণ কতটুকু উপকৃত হবে। এই সাইনে আমার জনগণের যেন ক্ষতির সম্মুখিন না হয়।অনুষ্ঠানের শুরুতেই স্বাগত বক্তব্য রাখেন উপজেলা আওয়ামী লীগের সাবেক সাধারণ সম্পাদক জালাল উদ্দিন ও কলাকোপা ইউনিয়ন পরিষদ চেয়ারম্যান ইব্রাহিম খলিল। অনুষ্ঠানের সভাপতিত্ব করেন ইউনিয়ন আওয়ামী লীগের সভাপতি আব্দুস সালাম মৃধা, সঞ্চলনা করেন সাধারণ সম্পাদক শহিদুল ইসলাম।এ সময় অনুষ্ঠানে বেক্সিমকোর চেয়ারম্যান সোহেল এফ রহমান, পরিচালক সায়ান এফ রহমান, জেলা আওয়ামী লীগের সাধারণ সম্পাদক পনিরুজ্জামান তরুন, নবাবগঞ্জ উপজেলা পরিষদ চেয়ারম্যান নাসির উদ্দিন আহমেদ ঝিলু, উপজেলা আওয়ামী লীগের সভাপতি মিজানুর রহমান ভুইয়া কিসমত, সাধারণ সম্পাদক ইঞ্জি. আরিফুর রহমান শিকদার, কেন্দ্রীয় যুবলীগের প্রেসিডিয়াম সদস্য মোয়াজ্জেম হোসেন, জেলা আওয়ামী লীগের সাংগঠনিক সম্পাদক হালিমা আক্তার লাবন্য ভুইয়া, সহদপ্তর সম্পাদক নাহিদুল আলম নাদিমসহ জেলা, উপজেলা, ইউনিয়ন ও ওয়ার্ডের বিভিন্ন স্তরের নেতাকর্মীরা উপস্থিত ছিলেন।",0,0,1,1,False
" ভোটের দিন যানবাহন চলাচলে শর্ত আরোপ করে বিজ্ঞপ্তি দিয়েছে বাংলাদেশ সড়ক পরিবহন কর্তৃপক্ষ বিআরটিএ ও ঢাকা মেট্রোপলিটন পুলিশ (ডিএমপি)। গতকাল বৃহস্পতিবার এ সংক্রান্ত বিজ্ঞপ্তি জারি করা হয়েছে।এতে বলা হয়েছে, আগামী ৬ জানুয়ারি রাত ১২টা থেকে ৭ জানুয়ারি রাত ১২টা পর্যন্ত ট্যাক্সিক্যাব, পিকআপ ভ্যান, মাইক্রোবাস ও ট্রাক চলাচল করতে পারবে না। এ ছাড়া আজ শুক্রবার রাত ১২টা থেকে ৮ জানুয়ারি রাত ১২টা পর্যন্ত মোটরসাইকেল চলাচলেও নিষেধাজ্ঞা আরোপ করা হয়েছে। তবে আইনশৃঙ্খলা বাহিনী, প্রশাসন,নির্বাচন পর্যবেক্ষক দল ও জরুরি সেবা কাজে নিয়োজিত যানবাহন, চিকিৎসক ও অনুরূপ কাজে ব্যবহৃত দ্রব্যাদি ও সংবাদপত্র বহনকারী সব ধরনের যানবাহন এ নিষেধাজ্ঞার আওতামুক্ত থাকবে।এ ছাড়া বিজ্ঞপ্তিতে আরও কিছু বিশেষ ক্ষেত্রে গাড়ি চলাচলের অনুমতি দেওয়া হয়েছে।বিআরটিএর পাশাপাশি ঢাকা মেট্রোপলিটন এলাকার জন্যও একই নির্দেশনা দিয়েছে ডিএমপি। স্বরাষ্ট্র মন্ত্রণালয়ের জননিরাপত্তা বিভাগের প্রজ্ঞাপনে দেওয়া ক্ষমতাবলে এই নির্দেশনা দেওয়া হয়েছে।",0,0,1,1,False
" আওয়ামী লীগের প্রার্থীকে সমর্থন দিয়ে আনুষ্ঠানিকভাবে নির্বাচন থেকে সরে দাঁড়ানোর ঘোষণা দিয়েছেন বাংলাদেশ তরীকত ফেডারেশনের চেয়ারম্যান সৈয়দ নজিবুল বশর মাইজভাণ্ডারী। গতকাল বৃহস্পতিবার সকালে ফটিকছড়িতে নিজ বাসভবনে এক সংবাদ সম্মেলনে তিনি এ ঘোষণা দেন।নিজের প্রার্থিতা প্রত্যাহার করলেও ৪১টি আসনে তার দলের প্রার্থী রয়েছেন জানিয়ে নজিবুল বশর বলেন, ‘তারা প্রতিদ্বন্দ্বিতা করবেন।’আওয়ামী লীগের নেতৃত্বাধীন ১৪ দলীয় জোটের প্রার্থী হিসেবে ২০১৪ ও ২০১৮ সালে চট্টগ্রাম-২ (ফটিকছড়ি) আসন থেকে সংসদ সদস্য নির্বাচিত হন সৈয়দ নজিবুল বশর মাইজভাণ্ডারী। প্রথমবার নিজ দলীয় প্রতীক ফুলের মালা এবং পরের বার প্রতীক ছিল নৌকা। ফটিকছড়ি আওয়ামী লীগে নজিবুল বশর মাইজভাণ্ডারীকে নিয়ে বরাবরই বিভক্তি ছিল। বিশেষ করে প্রয়াত নেতা ও সাবেক দুবারের সংসদ সদস্য রফিকুর আনোয়ারের অনুসারীরা কখনোই নজিবুল বশরকে ফটিকছড়িতে মেনে নেননি।এবার সেই সাবেক এমপি প্রয়াত রফিকুল আনোয়ারের মেয়ে খাদিজাতুল আনোয়ার সনি নৌকা প্রতীকে মাঠে আছেন। অতীতে নজিবুল বশরকে সমর্থন দেওয়া উপজেলা পরিষদের সাবেক চেয়ারম্যান হোসাইন মো. আবু তৈয়বও তরমুজ নিয়ে স্বতন্ত্র প্রার্থী। আওয়ামী লীগের বিবদমান কোনো অংশকেই পাশে না পেয়ে বেকায়দায় পড়েন নজিবুল বশর। উল্টো নিজ বংশের আরও একজন বাংলাদেশ সুপ্রিম পার্টির চেয়ারম্যান সৈয়দ সাইফুদ্দিন আহমদ মাইজভাণ্ডারী একতারা প্রতীকে প্রতিদ্বন্দ্বিতা করায় শেষ মুহূর্তে এসে কোণঠাসা হয়ে পড়েন নজিবুল বশর মাইজভাণ্ডারী। আওয়ামী লীগ এবারও আসনটি তাকে ছেড়ে দেবেÑ তার এমন প্রত্যাশা পূরণ হয়নি।নজিবুল বশর সংবাদ সম্মেলনে বলেন, আমিসহ তরীকত ফেডারেশনের ৪২ জন প্রার্থী ভোটযুদ্ধে অবতীর্ণ হয়েছিলাম। সংবিধান রক্ষার এ নির্বাচনে সম্পূর্ণ শান্তিপূর্ণ নির্বাচনী আমেজে আমরা আমাদের কার্যক্রম ব্যাপকভাবে চালিয়ে আসছিলাম। ফটিকছড়িতে আমাদের দলীয় প্রতীক ফুলের মালার সমর্থনে ব্যাপক গণসংযোগ ও পথসভা হয়েছে। ফটিকছড়িবাসীর ভালোবাসা ও সমর্থনে আমি আবেগ আপ্লুত হয়েছি। কিন্তু ১৪ দলীয় জোট নেত্রী মাননীয় প্রধানমন্ত্রী শেখ হাসিনার সিদ্ধান্তকে সম্মান জানিয়ে এবং ফটিকছড়ির সার্বিক উন্নয়নের ধারাবাহিকতা অব্যাহত রাখতে আমি নির্বাচন থেকে নিজেকে সরিয়ে নিলাম।সাংবাদিকদের প্রশ্নের জবাবে নজিবুল বশর বলেন, সরকারের কোনো অসুবিধা হতে পারে, এমন কিছু করতে চাই না। নৌকার বিজয় নিশ্চিত করতে ফটিকছড়ি আসন থেকে সরে দাঁড়ালাম। তবে দেশের অন্য আসনগুলোতে আমাদের প্রার্থী থাকবে। আমি ফটিকছড়িবাসীর সুখে-দুঃখে সবসময় পাশে ছিলাম, আছি এবং ভবিষ্যতেও থাকব।এ সময় তরীকত ফেডারেশনের নেতা সৈয়দ তৈয়বুল বশর মাইজভাণ্ডারী, মোহাম্মদ শাহজালাল, আলমগীর আলম, কাজী নিজাম মোরশেদ প্রমুখ উপস্থিত ছিলেন।সৈয়দ নজিবুল বশর মাইজভাণ্ডারী আওয়ামী লীগ নেতা হিসেবে ১৯৯১ সালে এ আসন থেকে প্রথমবার সংসদ সদস্য হন। কিন্তু সংসদ সদস্য থাকাকালীন মাঝপথে তিনি বিএনপিতে যোগ দেন। ১৯৯৬ সালে বিএনপির প্রার্থী হিসেবে তিনি আওয়ামী লীগের রফিকুল আনোয়ারের কাছে হেরে যান। ২০০১ সালে বিএনপির মনোনয়ন পাননি। নির্বাচনের পর বিএনপি ত্যাগ করে বাংলাদেশ তরীকত ফেডারেশন গঠন করেন। ২০১৪ সালের নির্বাচনের আগে আওয়ামী লীগের নেতৃত্বাধীন ১৪ দলীয় জোটে ভেড়েন নজিবুল বশর।",0,0,1,1,False
" দ্বাদশ জাতীয় সংসদ নির্বাচনে চাঁদপুর-২ (মতলব উত্তর-মতলব দক্ষিণ) আসনের স্বতন্ত্র প্রার্থী ঈগল প্রতীকের নির্বাচনী ক্যাম্পে হামলা, ভাঙচুর, কর্মী-সমর্থকদের মারধরের অভিযোগ উঠেছে নৌকা প্রার্থীর কর্মী-সমর্থকদের বিরুদ্ধে। এতে পাঁচজন গুরুতর অবস্থায় মতলব উত্তর উপজেলা স্বাস্থ্য কমপ্লেক্স এ ভর্তি আছেন।গতকাল বুধবার সন্ধ্যায় মতলব উত্তরের নিজ বাসভবনে আয়োজিত এক সংবাদ সম্মেলনে এ অভিযোগ করেন ঈগল প্রতীকের স্বতন্ত্র প্রার্থী এম ইসফাক আহসান।জানা যায়, গতকাল সন্ধ্যায় মতলব উত্তরউপজেলার পাঠান বাজারে স্বতন্ত্র প্রার্থী আওয়ামী লীগের আন্তর্জাতিক বিষয়ক উপকমিটির সদস্য এম ইসফাক আহসানের অস্থায়ী নির্বাচনী ক্যাম্পের চেয়ার-টেবিল ভাঙচুর করে বাংলাদেশ আওয়ামী লীগের প্রেসিডিয়াম সদস্য নৌকার প্রার্থী মোফাজ্জল হোসেন চৌধুরী মায়ার সমর্থকরা। এ সময় তারা এম ইসফাক আহসানের ১০-১৫ জন কর্মী-সমর্থকে পিটিয়ে ও কুপিয়ে আহত করে। তাদের মধ্যে ৫জন গুরুতর আহত মুক্তিরকান্দি গ্রামের মো. শরিফ সরকার (৩৮), একই গ্রামের জাকির হোসেন সরকার (৫১), আলমগীর সরকার (৩০), রাহিম সরকার (২২) এবং উত্তর শ্যামনগর গ্রামের মো. হারুন রশিদ প্রধানকে গুরুতর আহত অবস্থায় মতলব উত্তর উপজেলা স্বাস্থ্য কমপ্লেক্সে ভর্তি করা হয়।মতলব উত্তর ও দক্ষিণ উপজেলা নিয়ে গঠিত চাঁদপুর-২ আসনের স্বতন্ত্র প্রার্থী এম ইসফাক আহসান সংবাদ সম্মেলে বলেন, ‘আমি যেখানেই নির্বাচনী প্রচারণায় যাচ্ছি, সেখানেই নৌকার প্রার্থীর সন্ত্রাসী বাহিনী বাধার সৃষ্টি করছে। আজকেও আমার প্রচারলায় বারবার বাধা দিয়েছে। মতলব উত্তর বাগানবাড়ি ইউনিয়নে মোটরসাইকেলের বহর নিয়ে সামনে-পেছন থেকে আমাদের ওপর হামলার চেষ্টা করে। তবে সেখানে পুলিশ থাকায় তারা হামলা করতে পারেনি।’ইসফাক আহমেদ বলেন, ‘আমার একটি নির্বাচনী উঠান বৈঠকের চেয়ার-টেবিল ভাঙচুর করেছে। শুধু তাই নয় মতলন সাদুল্লাপুর পাঠান বাজারে আমার ঈগল প্রতীকের ৫ জন সমর্থক আহত করেছে। এ ছাড়া সাংবাদিকদের ওপর হামলা চালিয়েছেন তারা। গতকালকে তারা আমার নেতাকর্মীর ওপর হামলা করেছে। এতে একজন সাংবাদিকও আহত হয়েছেন। এসব হামলার ভিডিও চিত্র আমি জেলা প্রশাসক ও পুলিশ সুপারকে পাঠিয়েছি। এখানে নৌকার প্রার্থী আমার সকল কাজে সকল রকমের বাধা দিচ্ছেন। এমনকি তিনি বারবার নির্বাচনী আচরনবিধি লঙ্ঘন করছেন। তার সমর্থকরা প্রশাসনের সামনেই মোটরসাইকেল মহড়া দিচ্ছে।’ঈগল প্রতীকের এ স্বতন্ত্রপ্রার্থী আরও বলেন, ‘এত কিছুর পরেও আমি মতলবের যেখানেই যাচ্ছি, সেখানেই ব্যাপক সাড়া পাচ্ছি। ভোটারা আমাকে বলেছে, যদি সুষ্ঠু ভোট হয় আর জনগণ যদি ভোট দিতে পারে। তবে আমি বিপুল ভোটে বিজয়ী হব।’",0,0,1,1,False
" দ্বাদশ জাতীয় সংসদ নির্বাচনে নৌকার প্রার্থীকে সমর্থন জানিয়ে চট্টগ্রাম-২ (ফটিকছড়ি) আসনে নির্বাচন থেকে সরে দাঁড়িয়েছেন বাংলাদেশ তরীকত ফেডারেশনের চেয়ারম্যান সৈয়দ নজিবুল বশর মাইজভান্ডারী।ফটিকছড়িতে আওয়ামী লীগ মনোনীত নৌকা প্রতীকের প্রার্থী খাদিজাতুল আনোয়ারার বিজয় নিশ্চিত করার লক্ষে আজ বৃহস্পতিবার বেলা ১১টায় মাইজভান্ডার রহমানিয়া মনজিলস্থ চট্টগ্রাম-২ (ফটিকছড়ি) আসনের সংসদ সদস্য নজিবুল বশর মাইজভান্ডারী তার নিজ বাস ভবনে বিশেষ সংবাদ সম্মেলন করে ভোট থেকে সরে দাঁড়ানোর ঘোষণা দেন।সংবাদ সম্মেলনে লিখিত বক্তব্যে নজিবুল বশর মাইজভান্ডারী বলেন, ‘১৪ দলীয় জোট নেত্রী প্রধানমন্ত্রী শেখ হাসিনা ইতোমধ্যে ফটিকছড়িতে নৌকা প্রতীকের সমর্থন পুনর্ব্যক্ত করেছেন, সেহেতু উনার প্রতি সম্মান জানানো আমার নৈতিক দায়িত্বও বটে। এমতাবস্থায় ফটিকছড়িতে নৌকা প্রতীকের বিরুদ্ধে নির্বাচন করা আমি সমীর সমীচীন মনে করি না। তাছাড়া আমি যদি নির্বাচনের মাঠে থাকি তাহলে ভোটের যে সমীকরণ হবে, সেখানে আমার প্রাপ্ত ভোটের জন্য নৌকার বিজয় নিশ্চিতকরণের বাধার কারণ হতে পারে বলে আমি মনে করি। সার্বিক পরিস্থিতি বিবেচনা করে ১৪ দলীয় জননেত্রী প্রধানমন্ত্রী শেখ হাসিনাকে সম্মান জানিয়ে ও ফটিকছড়ির সার্বিক উন্নয়নের ধারাবাহিকতা অব্যাহত রাখার নিমিত্তে আমি (নজিবুল বশরর মাইজভান্ডারী, এমপি) আগামী ৭ জানুয়ারি অনুষ্ঠিতব্য জাতীয় সংসদ নির্বাচন থেকে সরে গেলাম।’উল্লেখ্য, ১৯৯১ সালে আওয়ামী লীগের মনোনয়নে প্রথমবার সংসদ সদস্য হন নজিবুল বশর মাইজভান্ডারী। ১৯৯৬ সালে বিএনপিতে যোগ দিয়ে ১৫ ফেব্রুয়ারির নির্বাচনে ধানের শীষ প্রতীক নিয়ে দ্বিতীয়বার সংসদ সদস্য হন মাইজভান্ডার দরবার শরীফের সাজ্জাদানশীন সৈয়দ নজিবুল বশর। পরে নিজেই প্রতিষ্ঠা করেন ‘বাংলাদেশ তরীকত ফেডারেশন’ নামে একটি রাজনৈতিক দল। আওয়ামী লীগ নেতৃত্বাধীন ১৪ দলে যোগ দিয়ে ১৪ ও ১৮ সালের নির্বাচনে জোটগত মনোনয়নে নৌকা প্রতীক নিয়ে এমপি হন। দ্বাদশ সংসদ নির্বাচনেও ভান্ডারী জোটগত মনোনয়ন পাওয়ার প্রবল সম্ভাবনা থাকলেও শেষ পর্যন্ত তিনি নৌকা বঞ্চিত হন। এরপর নিজ দলের মনোনয়নে ফুলের মালা প্রতীক নিয়ে ফটিকছড়িতে প্রার্থী হন ১৪ দলের নেতা ভান্ডারী। নির্বাচনী প্রচারণায় সংসদ সদস্য ভান্ডারীর পক্ষে তার ছেলে সৈয়দ তৈয়বুল বশর মাইজভান্ডারী গণসংযোগ ও পথসভা করেন। তিনি উপজেলার ১৮টি ইউনিয়ন ও দুটি পৌরসভা ব্যাপক গণসংযোগ ও পথসভা করেছিলেন।",0,0,1,1,False
" দ্বাদশ জাতীয় সংসদ নির্বাচন ঘিরে নতুন কর্মসূচি ঘোষণা করেছে বিএনপি। আগামীকাল শুক্রবার মিছিল ও গণসংযোগ এবং শনিবার সকাল ৬টা থেকে সোমবার সকাল ৬টা পর্যন্ত ৪৮ ঘণ্টা সারাদেশে হরতাল পালন করবে দলটি।আজ বৃহস্পতিবার বিকেল সোয়া ৪টায় ভার্চ্যুয়াল সংবাদ সম্মেলনে এ কর্মসূচি ঘোষণা করেন দলটির সিনিয়র যুগ্ম মহাসচিব রুহুল কবির রিজভী।এর আগে নির্বাচন বর্জন ও অসহযোগ আন্দোলনের পক্ষে ১ দিনের নতুন কর্মসূচি ঘোষণা করে বিএনপি।রিজভী বলেন, ‘আমরা আগামী ৭ জানুয়ারি প্রহসনের নির্বাচন বর্জন করতে দেশবাসী ও ভোটারদের প্রতি আহ্বান জানাই।’সংবাদ সম্মেলনে রিজভী অভিযোগ করে বলেন, ‘একতরফা নির্বাচনে সরকার নিজেরা পরিকল্পিতভাবে সহিংসতা ঘটিয়ে বিএনপি ও বিরোধীদলীয় নেতাকর্মীদের ওপর দোষ চাপাচ্ছে। গণতন্ত্র মঞ্চ ও গণঅধিকার পরিষদের কর্মসূচিতে ক্ষমতাসীন দলের নেতাকর্মীরা হামলা করেছে। এ ছাড়া সারাদেশে বিএনপির নেতাকর্মীদের ওপর সরকারের সন্ত্রাসী বাহিনী প্রতিনিয়ত হামলা করছে। আমি বিএনপির পক্ষ থেকে এ সব হামলার ঘটনায় তীব্র নিন্দা ও প্রতিবাদ জানাচ্ছি।’",0,0,1,1,False
" ভোটের দুই দিন আগে দ্বাদশ জাতীয় সংসদ নির্বাচন থেকে সরে দাঁড়ানোর ঘোষণা দিয়েছেন লক্ষ্মীপুর-৩ (সদর) আসনের জাতীয় পার্টির প্রার্থী মুহাম্মাদ রাকিব হোসেন। প্রশাসনের পক্ষপাত, সুষ্ঠু পরিবেশ না থাকা ও কালো টাকার ছড়াছড়ির অভিযোগ তুলেছেন তিনি।আজ বৃহস্পতিবার বিকেলে সংবাদ সম্মেলন করে নির্বাচন থেকে সরে দাঁড়ানোর বিষয়ে আনুষ্ঠানিকভাবে ঘোষণা দেন তিনি।শহরের ডিবি রোডে নিজ কার্যালয়ে সংবাদ সম্মেলনে তিনি বলেন, ‘দ্বাদশ জাতীয় সংসদ নির্বাচনে প্রশাসনের পক্ষ থেকে পক্ষপাত করা হচ্ছে। সকালে পোস্টার লাগালে দুপুরে পোস্টারগুলো ছিঁড়ে ফেলছেন প্রতিদ্বন্দ্বী প্রার্থীর লোকজন। এ আসনে আওয়ামী লীগ ও স্বতন্ত্র প্রার্থীর লোকজন কালো টাকার প্রভাবে লাঙ্গল প্রতীকের এজেন্ট ও কর্মীদের সরিয়ে নিচ্ছে। এসব বিষয়ে রিটার্নিং কর্মকর্তাকে একাধিক লিখিত অভিযোগ দিলেও কোনো ব্যবস্থা নেননি।’তিনি বলেন, আমার সরে দাঁড়ানোর বিষয়ে কেন্দ্রীয় নেতাদের সঙ্গেও আলোচনা হয়েছে। অবাধ ও সুষ্ঠু নির্বাচনের পরিবেশ না থাকায় আমি নির্বাচন থেকে সরে দাঁড়িয়েছি।’এ সময় উপস্থিত ছিলেন জেলা জাতীয় পার্টির সাংগঠনিক সম্পাদক মহিউদ্দিন খোকন, সাহিত্য বিষয়ক সম্পাদক সালাউদ্দিন এমরান, তথ্য ও গবেষণা বিষয়ক সম্পাদক নিজাম উদ্দিন খান, জেলা সদস্য মিনহাজুর রহমান বিন্তু, পৌর জাতীয় পার্টির সহ সাধারণ সম্পাদক মো. সালাহ উদ্দিন খোকন প্রমুখ।",0,0,1,1,False
" দ্বাদশ জাতীয় সংসদ নির্বাচন উপলক্ষে আগামী ৫ থেকে ৮ জানুয়ারি ছুটি ঘোষণা সংক্রান্ত তথ্য ছড়িয়ে পড়েছে ফেসবুকে। তবে ফেসবুকে ছড়িয়ে পড়া প্রজ্ঞাপনের তথ্য বানোয়াট বলে জানিয়েছে জনপ্রশাসন মন্ত্রণালয়। গতকাল বুধবার এক বিজ্ঞপ্তিতে জনপ্রশাসন মন্ত্রণালয় এ কথা জানিয়েছে। ওই প্রজ্ঞাপনটি জনপ্রশাসন মন্ত্রণালয়ের জারি করা নয় বলেও বিজ্ঞপ্তিতে উল্লেখ করা হয়েছে। এতে বলা হয়- ‘সংশ্লিষ্টসবার অবগতির জন্য জানানো যাচ্ছে যে, জনপ্রশাসন মন্ত্রণালয়ের ২৮ ডিসেম্বর ২০২৩ তারিখের প্রজ্ঞাপনে দ্বাদশ জাতীয় সংসদ নির্বাচন উপলক্ষে ৭ জানুয়ারি (রবিবার) সব সরকারি, আধা-সরকারি, স্বায়ত্তশাসিত ও বেসরকারি অফিস/প্রতিষ্ঠান/সংস্থায় কর্মরত কর্মকর্তা/ কর্মচারী এবং সরকারি, বেসরকারি শিক্ষা প্রতিষ্ঠানের শিক্ষক/কর্মকর্তা/ কর্মচারীদের ভোটাধিকার প্রয়োগ ও ভোটগ্রহণের সুবিধার্থে সারা দেশে নির্বাচনকালীন সাধারণ ছুটি ঘোষণা করা হয়েছে।’বিজ্ঞপ্তিতে আরও বলা হয়েছে, ‘কিন্তু লক্ষ করা যাচ্ছে যে, বিভিন্ন সামাজিক যোগাযোগমাধ্যমে দ্বাদশ জাতীয় সংসদ নির্বাচন উপলক্ষে ৫ থেকে ৮ জানুয়ারি ছুটি ঘোষণা সংক্রান্ত একটি বানোয়াট প্রজ্ঞাপন প্রচার হচ্ছে। এটি জনপ্রশাসন মন্ত্রণালয়ের জারি করা নয়।’ওই বানোয়াট প্রজ্ঞাপন আমলে না নেওয়ার জন্য সবাইকে অনুরোধ জানিয়েছে জনপ্রশাসন মন্ত্রণালয়।",0,0,1,1,False
" মুন্সীগঞ্জ-৩ আসনে নৌকার ক্যাম্পে হামলা ও গুলিবর্ষণের ঘটনা ঘটেছে। এতে গুলিবিদ্ধ হয়ে ডালিম সরকার নামের একজন নিহত হয়েছেন। তিনি নৌকার প্রার্থী মৃণাল কান্তি দাসের সমর্থক ও একই এলাকার বাসিন্দা।গতকাল বুধবার দিবাগত রাত সাড়ে ১২টার দিকে সদর উপজেলার মোল্লাকান্দি ইউনিয়নের মুন্সীকান্দি গ্রামে এ ঘটনা ঘটে। এ সময় হামলায় সোহেল মিয়া নামের একজন আহত হয়েছেন।অভিযোগ উঠেছে, কাঁচি প্রতীকের স্বতন্ত্র প্রার্থী ফয়সাল বিপ্লবের সমর্থকরা এ হামলা চালিয়েছেন।সোহেল মিয়া অভিযোগ করেন, ‘মুন্সীকান্দি এলাকার নৌকার ক্যাম্পে অবস্থানের সময় কাঁচি প্রতীকের সমর্থকরা গুলি চালায়।এ সময় ডালিম সরকার গুলিবিদ্ধ হন।তাকে বাঁচাতে গেলে আমাকে পিটিয়ে আহত করা হয়।’ঘটনার সত্যতা নিশ্চিত করে মুন্সীগঞ্জ সদর থানার ভারপ্রাপ্ত কর্মকর্তা (ওসি) আমিনুল ইসলাম জানান, এখন পরিস্থিতি নিয়ন্ত্রণে রয়েছে। তদন্ত সাপেক্ষে যথাযথ ব্যবস্থা গ্রহণ করা হবে।",0,0,1,1,False
" ভোট বর্জন ও অসহযোগ আন্দোলনের পক্ষে জনমত গড়তে রাজধানীতে গণসংযোগ ও লিফলেট বিতরণ করেছে জাতীয়তাবাদী ছাত্রদল।পরে ভোট বর্জনের আহ্বানে পুরান পল্টন থেকে দৈনিক বাংলা মোড় পর্যন্ত প্রতিবাদ মিছিল করে নেতাকর্মীরা।আজ বৃহস্পতিবার সকালে ছাত্রদলের সিনিয়র যুগ্ম সাধারণ সম্পাদক রাকিবুল ইসলাম রাকিবের নেতৃত্বে পুরানা পল্টন মোড় সংলগ্ন এলাকায় বিভিন্ন দোকানপাট, পথচারী এবং যানবাহনে লিফলেট বিতরণ ও গণসংযোগ করা হয়। এতে অংশ নেন- ছাত্রদলের সহ সাধারণ সম্পাদক জামিল মুরসালিন, কেন্দ্রীয় নেতা অলিউজ্জামান সোহেল, বেগম বদরুন্নেসা সরকারি মহিলা কলেজের সদস্যসচিব মাকসুদা রিমা, বাংলাদেশ জাতীয়তাবাদী আইন ছাত্র ফোরামের সদস্যসচিব মো. বিল্লাল হোসেন বিপ্লব, জগন্নাথ বিশ্ববিদ্যালয় ছাত্রদলের সহসভাপতি মহিউদ্দিন রুবেল, ঢাকা মহানগর উত্তর ছাত্রদলের ভারপ্রাপ্ত সভাপতি মো. সালাহউদ্দিন, বেসরকারি বিশ্ববিদ্যালয় ছাত্রদলের সহসভাপতি কাওছার আহমেদ রনি, যুগ্ম সাধারণ সম্পাদক সেলিম মাহমুদ, যুগ্ম সাধারণ সম্পাদক সাজ্জাদ হোসেন অনিক, যুগ্ম সাধারণ সম্পাদক রাকিব হোসেন খান, যুগ্ম সাধারণ সম্পাদক আরিফুল ইসলাম, সহ নাট্য বিষয়ক সম্পাদক মুনতাসীর মামুন, ঢাকা কলেজ ছাত্রদলের সহসভাপতি ইব্রাহীম কার্দী, সহসভাপতি পিয়াল হাসান, সহ সাধারণ সম্পাদক মো. শামীম শেখ, ঢাকা মহানগর পূর্ব ছাত্রদলের সাদিকা তামান্না রেমি, তিতুমীর কলেজ ছাত্রদলের সহসভাপতি সেলিম রেজা, যুগ্ম সাধারণ সম্পাদক শাহীন আল মাহমুদ, সাবেক সহ সাধারণ সম্পাদক আ. আজিজ, সহ সাধারণ সম্পাদক আনিছুর রহমান, সহ সাংগঠনিক সম্পাদক মিমনুর রহমান, ছাত্রনেতা জাহিদুল ইসলাম, কবি নজরুল সরকারি কলেজ ছাত্রদলের সহসভাপতি মো. মজিবুল হক রিপন, সহসভাপতি মাহামুদ ভূইয়া, সহসভাপতি শাহাদাৎ হোসেন শাহেদ, যুগ্ম সম্পাদক মেহেদী হাসান আবির, যুগ্ম সম্পাদক আহমদ উল্লাহ, তেজগাঁও কলেজ ছাত্রদলের সহ সাধারণ সম্পাদক শাকিল মাহমুদ, সহ সাধারণ সম্পাদক মাইনুল ইসলাম রনি, ঢাকা মহানগর উত্তর ছাত্রদলের জসিম উদ্দিন, সাহাদুর রহমান সজল,তেজগাঁও থানা ছাত্রদলের যুগ্ম সাধারণ সম্পাদক জাকির হোসেন রকি, ঢাকা পলিটেকনিক ইনস্টিটিউট ছাত্রদলের যুগ্ম সাধারণ সম্পাদক মো. আব্দুস সোবহান শাহ শাকিল, ঢাকা মহানগর দক্ষিণ ছাত্রদলের মো. রাসেল, হাম্মাদুর রহমান, জাহিদ হোসেন ফাহিম, সুমন প্রমুখ।এদিকে একই ইস্যুতে রাজধানীর সেগুনবাগিচার বিভিন্ন সড়কে লিফলেট বিতরণ করেছে ছাত্রদল। এতে আরও অংশ নেন- ছাত্রদলের প্রথম সহসভাপতি তানজিল হাসান, যুগ্ম সম্পাদক এইচ এম আবু জাফর, সহ সাধারণ সম্পাদক বায়েজিদ হুসাইন, রুহুল আমিন হিমেল, সহ সাংগঠনিক সম্পাদক আল আমিন, ঢাকা মহানগর দক্ষিণ ছাত্রদলের সিনিয়র যুগ্ম আহবায়ক রাজু আহমেদ, বেসরকারি বিশ্ববিদ্যালয় ছাত্রদলের সহসভাপতি আল আমিন মৃধা, কবি নজরুল সরকারি কলেজ ছাত্রদলের যুগ্ম সম্পাদক শাহিন ফরাজিসহ বিভিন্ন ইউনিটের নেতৃবৃন্দ।এ ছাড়া ভোট বর্জনের পক্ষে জনমত গড়তে রাজধানীর উত্তরায় লিফলেট বিতরণ করেছে স্বেচ্ছাসেবক দল। আজ বৃহস্পতিবার সকালে ঢাকা-ময়মনসিংহ সড়কে এই কর্মসূচি পালন করে।এতে অংশ নেন- স্বেচ্ছাসেবক দলের কেন্দ্রীয় সংসদের প্রথম সহসভাপতি ফখরুল ইসলাম রবিন, সহসভাপতি, আরিফ হাওলাদার, সহসভাপতি রফিকুল ইসলাম, রাসেল মাহমুদ, এমজি মাসুম রাসেল, স্বেচ্ছাসেবক দল ঢাকা মহানগর উত্তরের সাবেক সভাপতি গাজী রেজওয়ানুল হক রিয়াজ, কেন্দ্রীয় সংসদের যুগ্ম সম্পাদক কাজী মোখতার হোসেন, ফয়েজুল্লাহ ফয়েজ, মো. জসিম উদ্দীন, মোহাম্মদ উল্লাহ চৌধুরী ফয়সাল, সারোয়ার ভূঁইয়া রুবেল, আব্দুল্লাহ আল মামুন, সহ-সাধারণ সম্পাদক মাহবুব ফরাজী, ইউসুফ পাটওয়ারী, সহ-সাংগঠনিক সম্পাদক-ইকবাল কবির চাকলাদার,সাহিত্য প্রকাশনা সম্পাদক হাফিজুর রহমান হাফিজ, বিজ্ঞান ও প্রযুক্তি বিষয়ক সম্পাদক-আব্দুল্লাহ আল জুবায়ের বাবু,শিল্প বিষয়ক সম্পাদক-নুরুল আলম বিপ্লব, সহ যোগাযোগ বিষয়ক সম্পাদক আমজাদ হোসেন শাহাদাত, সহ কৃষি বিষয়ক সম্পাদক-শফিকুর রহমান নোবেল, সদস্য মো. শামিম, আরএস নৈতিক সহ বিভিন্ন পর্যায়ের নেতৃবৃন্দ। গণসংযোগ পুর্বে সংক্ষিপ্ত বক্তব্যে ফকরুল ইসলাম রবিন বলেন, বিএনপির ভারপ্রাপ্ত চেয়ারম্যান তারেক রহমানের আহ্বানে জনগণ আগামী ৭ জানুয়ারির অবৈধ সরকারের তামাশার ভোট বর্জন করবে।",0,0,1,1,False
" পিরোজপুরের মঠবাড়িয়ায় প্রতিপক্ষের হামলায় মো. জাহাঙ্গীর পঞ্চাইত (৫৫) নামের এক ব্যক্তি নিহত হয়েছেন।জাহাঙ্গীর উপজেলার মিরুখালী ইউনিয়নের বাদুরা গ্রামের মো. তোতাম্বর পঞ্চাইতের ছেলে। তিনি বাদুরা গ্রামের ওয়ার্ড আওয়ামী লীগের সহ-সভাপতি ছিলেন। নির্বাচনে স্বতন্ত্র প্রার্থী মো. শামীম শাহনেওয়াজের (কলার ছড়ি) পক্ষে কাজ করতেন জাহাঙ্গীর। মিরুখালী ইউনিয়ন আওয়ামী লীগের সভাপতি ও সাবেক ইউপি চেয়ারম্যান আ. সোবাহান শরীফ অভিযোগ করেন, শামীম শাহনেওয়াজের পক্ষে নির্বাচনী প্রচারের জন্য বুধবার সন্ধ্যায় মো. জাহাঙ্গীর বাড়ি থেকে বের হন। পথে আরেক স্বতন্ত্র প্রার্থী ডা. রুস্তম আলী ফরাজীর (ঈগল) সমর্থকরা হামলা চালায়। হামলায় জাহাঙ্গীর গুরুতর আহত হন । প্রথমে তাকে উপজেলা স্বাস্থ্য কমপ্লেক্সে নেওয়া হয়। সেখান থেকে বরিশাল শের-ই-বাংলা মেডিকেল কলেজ (শেবাচিম) হাসপাতালে পাঠানো হয়। বুধবার রাতে অবস্থার অবনতি হলে চিকিৎসকরা ঢাকা নেওয়ার পরামর্শ দেন। ঢাকা নেওয়ার পথে আজ বৃহস্পতিবার ভোরে জাহাঙ্গীরের মৃত্যু হয়।",0,0,1,1,False
" জাতীয় পার্টির চেয়ারম্যান জি এম কাদের বলেছেন, ‘এখন আর নির্বাচন থেকে সরে আসার সময় নেই। আমরা শেষ পর্যন্ত থাকার চেষ্টা করছি। আমরা নির্বাচন কমিশনের সুষ্ঠু নির্বাচনের অঙ্গীকারের পরিপ্রেক্ষিতে এই নির্বাচনে অংশ নিয়েছি। তবে ইতোমধ্যে কিছু কিছু জায়গায় এর ব্যত্যয় ঘটছে।’আজ বুধবার দৈনিক আমাদের সময়ের সঙ্গে একান্ত সাক্ষাতে তিনি এ কথা বলেন।নির্বাচনে শেষ পর্যন্ত জাতীয় পার্টি থাকবে কি না এমন প্রশ্নের জবাবে তিনি বলেন, ‘অতীতে নির্বাচন ভালো হয়নি। ভোটাররাও সুষ্ঠু নির্বাচন নিয়ে সংশয়ে ভুগছেন। তাদের আশঙ্কাও উড়িয়ে দেওয়ার মতো না। ব্যতিক্রম কিছু ঘটলে পরবর্তীতে পরিস্থিতি বুঝে সিদ্ধান্ত নেওয়া হবে।’জি এম কাদের বলেন, ‘দেশের বিভিন্ন জায়গায় জাতীয় পার্টির যে সকল প্রার্থী নির্বাচন থেকে সরে এসে সংবাদ সম্মেলন করেছেন, তারা দলের ভাবমূর্তি ক্ষুণ্ণ ও শৃঙ্খলা ভঙ্গ করেছেন। জাতীয় সংসদ নির্বাচনের পর তাদের বিরুদ্ধে ব্যবস্থা নেওয়া হবে।’নির্বাচনের পর সরকারের পতন হবে বলে বিএনপি বলছে এ বিষয়ে তিনি বলেন, ‘তাদের নেতাকর্মীদের মনোবল চাঙ্গা রাখতে তারা এ কথা বলছেন। ভোটের পর সরকার ক্ষমতায় না থাকার কোনো পরিস্থিতি সৃষ্টি হবে বলে মনে হয় না। আওয়ামী লীগ অবাধ, সুষ্ঠু, নিরপেক্ষ নির্বাচনের আশ্বাস দিলে আমরা অংশগ্রহণ করতে সম্মত হই। এরপরেও অনেক জায়গায় আমাদের প্রার্থী ও নেতাকর্মীদের ওপর নির্যাতন নিপীড়ন চালানো হচ্ছে। প্রশাসন ও নির্বাচন কমিশন নিরপেক্ষ না থাকলে গ্রহণযোগ্য নির্বাচন হবে না।’রংপুরে আওয়ামী লীগের সমর্থন প্রসঙ্গে জি এম কাদের বলেন, ‘মহানগর কমিটির সঙ্গে বৈঠক করেছি। তারা আমাকে সমর্থন দিয়ে আলাদাভাবে আমার জন্য কাজ করছে। কিন্তু অনেক জায়গায় আওয়ামী লীগের প্রার্থী না থাকলেও তাদের দলের নেতাকর্মীরা আমাদের প্রার্থীকে পরাজিত করার জন্য অন্য প্রার্থীর পক্ষে কাজ করছে। রংপুরে নির্বাচনী পরিবেশ বিরাজ করছে, যেখানে যাচ্ছি মানুষের ব্যাপক সাড়া পাচ্ছি। জয়ের ব্যাপারে আমি শতভাগ আশাবাদী।’এ দিকে, রংপুর-৩ আসনে জাতীয় পার্টির প্রার্থী জি এম কাদেরের বিরুদ্ধে কোনো শক্তিশালী প্রতিদ্বন্দ্বী না থাকায় মাঠ তার দখলে রয়েছে। তাই তিনি সহজেই বিজয়ী হবেন বলে মনে করা হচ্ছে।রংপুর মহানগর আওয়ামী লীগের আহ্বায়ক ডা. মো. দেলোয়ার হোসেন জানান, ‘আমাদের নেতাকর্মীরা আলাদা আলাদাভাবে জি এম কাদেরের পক্ষে কাজ করছে।’রংপুর-৩ আসন থেকে জাতীয় পার্টির প্রার্থী জি এম কাদের ছাড়াও বাংলাদেশ সুপ্রিম পার্টির আব্দুর রহমান রেজু ‘একতারা’, বাংলাদেশ কংগ্রেসের একরামুল হক ‘ডাব’, জাতীয় সমাজতান্ত্রিক দলের (জাসদ) সহিদুল ইসলাম ‘মশাল’, ন্যাশনাল পিপলস পার্টির শফিউল আলম ‘আম’ এবং তৃতীয় লিঙ্গের স্বতন্ত্র প্রার্থী আনোয়ারা ইসলাম রানী ‘ঈগল’ প্রতীকে লড়ছেন। এই আসন থেকে আওয়ামী লীগ মনোনীত প্রার্থী তুষার কান্তি মণ্ডলকে প্রত্যাহার করে নেওয়া হয়েছে। ভোটযুদ্ধে এ আসনে জি এম কাদেরসহ ৬ জন প্রতিদ্বন্দ্বিতা করছেন। তবে সাধারণ ভোটারদের কাছে ‘লাঙ্গল’ ও ‘ঈগল’ রয়েছে প্রতিদ্বন্দ্বিতার আলোচনায়।এখানে মোট ভোটার ৪ লাখ ৯৪ হাজার ৭৬৮ জন। এর মধ্যে নারী ভোটার ২ লাখ ৪৭ হাজার ২৯৪ জন ও পুরুষ ২ লাখ ৪৭ হাজার ৪৭২ এবং তৃতীয় লিঙ্গের ভোটার ২ জন। রংপুর জেলার সবচেয়ে বেশি ভোটার অধ্যুষিত এ আসনের ১৭৫টি ভোটকেন্দ্রের ১ হাজার ১৬টি ভোটকক্ষে ভোটাধিকার প্রয়োগ করবেন সাধারণ ভোটাররা।",0,0,1,1,False
" আগামী ৭ জানুয়ারি অনুষ্ঠেয় নির্বাচনে ক্ষমতাসীনদের মাঝে হানাহানি শেষ পর্যন্ত নিয়ন্ত্রণের বাইরে চলে যেতে পারে বলে শঙ্কা প্রকাশ করেছেন বিএনপির সিনিয়র যুগ্ম মহাসচিব রুহুল কবির রিজভী।আজ বুধবার ভার্চুয়াল সংবাদ সম্মেলনে তিনি এ শঙ্কার কথা জানান।তিনি বলেন, ‘বিএনপিসহ গণতন্ত্রের পক্ষের দলগুলোর আশঙ্কা করছে আওয়ামী লীগের ভাগবাটোয়ারার নির্বাচনকে কেন্দ্র করে নিজেদের মধ্যে হানাহানি শেষ পর্যন্ত মাফিয়া চক্রের নিয়ন্ত্রণের বাইরে চলে যেতে পারে। ফলে পরিস্থিতি সামাল দিতে গণবিচ্ছিন্ন আওয়ামী লীগ ইচ্ছেকৃতভাবে দেশে একটি অরাজক পরিস্থিতির সৃষ্টি করে জনগণের দৃষ্টি ভিন্ন দিকে নেওয়ার ষড়যন্ত্রে লিপ্ত।’ওবায়দুল কাদেরের আগাম কথায় আশঙ্কা আরও বেড়েছে উল্লেখ করে তিনি বলেন, ‘আওয়ামী লীগের গুপ্তবাহিনী নিজেরাই নিজেদের ‘নৌকা-লাঙ্গল-পাগল-ট্রাক-ঈগল’ প্রার্থীদেরকে হত্যা বা গুপ্তহত্যার পথও বেছে নিতে পারে। সুতরাং জনগণকে সজাগ ও সতর্ক থাকতে হবে। সম্ভব হলে আওয়ামী অপকর্মের সাক্ষ্য প্রমাণ রেকর্ড করে রাখুন।’কুড়িগ্রামের ফুলবাড়ি সীমান্তে ২০১১ সালের ৭ জানুয়ারি প্রতিবেশী দেশ ভারত সীমান্তে ফেলানীকে হত্যা করা হয়েছে উল্লেখ করে রুহুল কবির রিজভী বলেন, ‘আগামী ৭ জানুয়ারি আপনার-আমার প্রিয়তম বোন ফেলানী হত্যা দিবসে তাকে স্মরণ করে স্বাধীনতা রক্ষার অঙ্গীকারে এবং গণতন্ত্র পুনরুদ্ধারের প্রত্যয়ে নির্বাচন বর্জন করুন।’রুহুল কবির রিজভী বলেন, ‘দেশ-বিদেশের গণতন্ত্রকামী শক্তিকে ধোকা দেওয়ার জন্য ডামি নির্বাচনে স্বতঃ:উচ্ছ্বসিত আনন্দ নেই। এক কোম্পানির চার প্রোডাক্ট নৌকা-লাঙ্গল -ঈগল-ট্রাকের এই নির্বাচনী তামাশা গণপ্রত্যাখ্যাত হওয়ার পর আওয়ামী লীগ এবং তাদের দোসর অপশক্তি আবোলতাবোল বকতে শুরু করেছে। দেশজুড়ে নির্বাচনে ‘কে আসল আর কে ডামি’ এ সব নিয়ে প্রার্থী-সমর্থকদের মধ্যে সারাদেশে কামড়া-কামড়ি, সন্ত্রাস-সংঘর্ষ-হানাহানি-খুনোখুনি চলছে সমানে। আওয়ামী অপশক্তি নিজেরা নিজেদের পাতা ফাঁদে আটকে পড়ে জনগণের দৃষ্টি ভিন্নখাতে প্রবাহিত করতে বিএনপিকে নিষিদ্ধ করার হুংকার দিচ্ছে।’তিনি আরও বলেন, ‘শেখ হাসিনা বলেছেন, ‘‘বিএনপির দেশে রাজনীতি করার অধিকার নেই।” আর ওবায়দুল কাদেরের আশঙ্কা গুপ্তহত্যার। যুবলীগের সভাপতি শেখ ফজলে শামস পরশ বলেছেন, ‘‘অচিরেই নিষিদ্ধ করা হবে বিএনপিকে।” আইনমন্ত্রী আনিসুল হক বলেছেন, ‘‘এখন পর্যন্ত বিএনপিকে নিষিদ্ধ করার কোনো চিন্তা আমাদের নেই।” তার মানে যে কোনো সময় তাদের চিন্তার পরিবর্তন হতে পারে। গণতন্ত্রকামী জনগণের সতর্ক থাকা জরুরি। কারণ আদিম অসভ্য অবস্থা দেশে টেনে আনতে চাচ্ছে।’রুহুল কবির রিজভী বলেন, ‘বিএনপির রাজনীতি নিষিদ্ধ করার যে হুমকি দিচ্ছে সেটি ভয় পেয়ে আওয়ামী লীগেরই আর্তচিৎকার। এই ধরনের চিন্তা ও অপতৎপরতা সংবিধানবিরোধী, আইনের শাসনের পরিপন্থী। সরকার দীর্ঘদিন ধরেই একদলীয় ব্যবস্থার দিকে এগুচ্ছে। তবে তারা জনগণের প্রতিরোধের কারণে সফল হবে না।’বিএনপির এই নেতা বলেন, ‘ক্ষমতা কুক্ষিগত করে রাখতে গত ১৫ বছর ধরে অব্যাহতভাবে সংবিধান লঙ্ঘন করে চলেছেন। পঞ্চদশ সংশোধনীর পর সংবিধান অনুযায়ী প্রধানমন্ত্রী ইতোমধ্যে দুইবার রাষ্ট্রদ্রোহিতার অভিযোগে অভিযুক্ত। আগামী ৭ জানুয়ারি তথাকথিত একদলীয় দ্বাদশ সংসদ নির্বাচনের মাধ্যমে তিনি তৃতীয়বার রাষ্ট্রদ্রোহিতার অপরাধ করতে যাচ্ছেন। তার দল ভারি করার জন্য রাষ্ট্রের সংবিধান লঙ্ঘনের উদ্যোগ গ্রহণ বা ষড়যন্ত্রের দায়ে সংশ্লিষ্ট কুশীলব সবাই সংবিধান লঙ্ঘনের অভিযোগে অভিযুক্ত হবেন।’রুহুল কবির রিজভী বলেন, ‘গত ১৮ ডিসেম্বর থেকে সভা সমাবেশের ওপর নিষেধাজ্ঞার আদেশের মাধ্যমে মূলত অঘোষিত জরুরি অবস্থা জারির নির্দেশনা দেওয়া হয়েছে, যা সংবিধানের সুস্পষ্ট লঙ্ঘন। সুতরাং প্রজাতন্ত্রের সকল পর্যায়ের কর্মকর্তা-কর্মচারীদের বলব অবৈধ প্রধানমন্ত্রীর অবৈধ আদেশ পালন থেকে আপনারা বিরত থাকুন। আগামী ৭ জানুয়ারির পূর্বনির্ধারিত ফলাফলের পাতানো নির্বাচনে কোনো সহযোগিতা করবেন না।’",0,0,1,1,False
" ভুয়া-ধাপ্পাবাজির নির্বাচন করে সরকার ক্ষমতায় টিকে থাকতে পারবে না বলে মন্তব্য করেছেন বিএনপির স্থায়ী কমিটির সদস্য আব্দুল মঈন খান। তিনি বলেন, আমাকে প্রশ্ন করা হয়- ৭ জানুয়ারির ভোটের পর আপনারা কী করবেন? এই সরকারকে বুঝতে হবে, ২০২৪ সাল আর ২০১৪ সাল এক নয়। গতকাল বুধবার জাতীয় প্রেসক্লাবের সামনে ভোট বর্জনের লিফলেট বিতরণের আগে সাংবাদিকদের কাছে এসব মন্তব্য করেন তিনি।ভোট বর্জনে জাতীয় প্রেসক্লাবের সামনে কৃষক দলের নেতাকর্মীদের নিয়ে আব্দুল মঈন খান পথচারী, যানবাহনে থাকা সাধারণ যাত্রী ও ফুটপাতের হকারদের হাতে লিফলেট তুলে দেন। এ সময়ে তার সঙ্গে ছিলেন বিএনপির সহ-দপ্তর সম্পাদক তাইফুল ইসলাম টিপু, কৃষক দলের সহসভাপতি জামাল উদ্দিন খান মিলন, ভিপি ইব্রাহিম প্রমুখ।বহির্বিশ্বের চাপের পরও নির্বাচন হয়ে যাচ্ছে- এই প্রশ্নের জবাবে আব্দুল মঈন খান বলেন- নির্বাচন হয়ে যাচ্ছে না, নির্বাচন হয়ে গিয়েছে। যে দিন মনোনয়ন দাখিল করেছে, সেই দিনই একতরফা নির্বাচন হয়ে গিয়েছে। সরকার ইতোমধ্যে ঠিক করেছে কোন সিটে কোন এমপি হবে। ৭ জানুয়ারি বাংলাদেশে দ্বাদশ সংসদ নির্বাচনের কোনো গুরুত্ব বহন করে না।‘আওয়ামী লীগ সরকার কেন ক্ষমতা ধরে রাখতে চায়’- তার ব্যাখ্যা দিয়ে বিএনপির এই নেতা বলেন, ক্ষমতার মাধ্যমে মেগা দুর্নীতি করে তারা অবৈধ সম্পদ-অর্থ-বিত্ত-বৈভব সংগ্রহ করছে, যার প্রমাণ ইতোমধ্যে আজকে দেশে-বিদেশে সব পত্র-পত্রিকায় লিপিবদ্ধ হয়েছে। গত ১৫ বছরে এই সরকার আমাদের জাতীয় দেনা ৫ বিলিয়ন ডলার থেকে ১০০ বিলিয়ন ডলারে উন্নীত করেছে। ২০ গুণ বেশি এই দেনার দায়-দায়িত্ব চাপিয়ে দিয়েছে বাংলাদেশের খেটে খাওয়া মানুষের ট্যাক্সের ওপরে এবং সেটা তারা বিদেশে পাচার করেছে, লোপাট করেছে।",0,0,1,1,False
" চাঁপাইনবাবগঞ্জ-১ আসনে (শিবগঞ্জ) আবারও নৌকার নির্বাচনী অফিসে আগুন দিয়েছে দুর্বৃত্তরা। এতে ওই নির্বাচনী অফিসের মালামাল পুড়ে গেছে বলে জানিয়েছেন নৌকা প্রতীকের উপজেলা নির্বাচন পরিচালনা কমিটির যুগ্ম-আহ্বায়ক তৌহিদুল আলম টিয়া।গতকাল মঙ্গলবার দিবাগত রাত ৩টার দিকে কানসাট ইউনিয়নের আব্বাস বাজারের প্রধান নির্বাচনী অফিসে আগুন দেয় দুর্বৃত্তরা।তৌহিদুল আলম টিয়া জানান, দুর্বৃত্তদের দেওয়া আগুনে কানসাটের প্রধান নির্বাচনী অফিসের ব্যানার, পোস্টার, টেবিলক্লথ ও অফিসের সামিয়ানা পুড়ে গেছে। এ ঘটনা সহকারী রির্টানিং কর্মকর্তা ও আইনশৃঙ্খলা বাহিনীকে জানানো হয়েছে।তিনি বলেন, এখন পর্যন্ত নৌকার ৪টি অফিস (কানসাট, মোবারকপুর, মোহনবাগ ও দায়পুকুরিয়া) পুড়িয়ে দিয়েছে দুর্বৃত্তরা। এসব অফিস পোড়ানোর ঘটনায় আইনশৃঙ্খলা বাহিনী ও সহকারী রির্টানিং কর্মকর্তাদের জানানো হলেও ব্যবস্থা নেওয়ার আশ্বাসই শুধু মিলেছে; কার্যত কোনো ব্যবস্থাই গ্রহণ করা হয়নি। পুলিশের পক্ষ থেকে ঘটনার পর শুধু পরিদর্শনই মিলেছে। এমনকি কারা এ ধরনের ঘটনা রাতের আঁধারে করছে তাদের চিহ্নিত করাও সম্ভব হয়নি প্রশাসেনর পক্ষ থেকে।চাঁপাইনবাবগঞ্জ-১ আসনের নৌকা প্রতীকের প্রার্থী ডা. সামিল উদ্দিন আহম্মেদ শিশুল জানান, সম্প্রতি তার একাধিক অফিসে আগুন দেওয়ার ঘটনা ঘটলেও এখন পর্যন্ত কেউ গ্রেপ্তার হয়নি। তার নেতাকর্মীদের ওপর হুমকি-ধামকি অব্যাহত আছে।তিনি বলেন, ‘প্রতিপক্ষ স্বতন্ত্র প্রার্থীর (ট্রাক) লোকজনের হুমকি-ধামকি এবং কিছু কিছু জায়গায় প্রভাব বিস্তার করায় আমার নেতাকর্মী ও সমর্থকরা এখনও ওইসব এলাকায় ভোটের প্রচার-প্রচারণা চালাতে পারছে না। নয়ালাভাঙ্গা ইউনিয়েনর তিনিটি ওয়ার্ডে এবং মরদানা এলাকায় প্রতিপক্ষের লোকজন প্রতিনিয়ত এই হুমকি-ধামকি অব্যাহত রেখেছেন। আশা করব পুলিশ প্রশাসন ও রিটার্নিং কর্মকর্তা এসব বিষয়ে দ্রুত ব্যবস্থা গ্রহণ করে নির্বাচনের সুষ্ঠু পরিবেশ বজায় রাখবেন।’ শিবগঞ্জ থানার ভারপ্রাপ্ত কর্মকর্তা (ওসি) সাজ্জাদ হোসেন বলেন, এ ঘটনার পর পুলিশ ঘটনাস্থল পরিদর্শন করেছে। পেট্রোল বোমা বা বিষ্ফোরক দ্রব্য দিয়ে নির্বাচনী অফিসটি পুড়িয়ে ফেলার আলামত পাওয়া গেছে। তবে কে বা কারা এ ধরনের নাশকতামূলক কর্মকাণ্ড ঘটিয়েছে তা তদন্ত করা হচ্ছে এবং এ বিষয়ে দ্রুতই আইনগত ব্যবস্থা গ্রহণ করা হবে।",0,0,1,1,False
" সুষ্ঠু পরিবেশ নেই, এমন অভিযোগ এনে নির্বাচন থেকে সরে দাঁড়িয়েছেন সিলেট-৫ আসনের জাতীয় পার্টি দলীয় প্রার্থী শাব্বীর আহমদ। আজ বুধবার বিকেলে সিলেট নগরীতে সংবাদ সম্মেলন করে নির্বাচন থেকে সরে দাঁড়ানোর ঘোষণা দেন তিনি।লিখিত বক্তব্যে শাব্বীর আহমদ বলেন, ‘সরকার এবং নির্বাচন কমিশন অবাধ, সুষ্ঠু ও নিরপেক্ষ নির্বাচনের প্রতিশ্রুতি দিয়েছিল, কিন্তু আমরা নির্বাচনী মাঠে সেরকম কোনো পরিবেশ পাচ্ছি না, তাই নির্বাচন করা খুবই কঠিন।’এই আসনে নির্বাচনের পরিবেশ নিয়ে আওয়ামী লীগের প্রার্থী মুক্তিযোদ্ধা মাসুক উদ্দিন আহমদ ও স্বতন্ত্র প্রার্থী মুক্তিযোদ্ধা ড. আহমদ আল কবিরও রিটার্নিং কর্মকর্তা বরাবর অভিযোগ দেন। পরে মহানগর আওয়ামী লীগ সভাপতি মাসুক উদ্দিন আহমদের পক্ষে সংবাদ সম্মেলন করে মহানগর আওয়ামী লীগের সিনিয়র সহসভাপতি আসাদ উদ্দিন আহমদ লিখিত আবেদনটি প্রত্যাহার করা হয়েছে বলে জানান। নির্বাচনের অত্যন্ত সুষ্ঠু, সুন্দর ও উৎসবমুখর পরিবেশ রয়েছে বলে দাবি করেন তিনি।সিলেট-৫ আসনে শাব্বীর আহমদসহ বিভাগে এ পর্যন্ত জাতীয় পার্টির প্রার্থী তিনজন প্রার্থী নির্বাচন থেকে সরে দাঁড়ালেন। অন্যরা হলেন সুনামগঞ্জ-১ আসনের (তাহিরপুর, জামালগঞ্জ, ধর্মপাশা, মধ্যনগর) আবদুল মান্নান তালুকদার, হবিগঞ্জ-২ (বানিয়াচং-আজমিরীগঞ্জ) আসনের শংকর পাল।সিলেট-৫ আসনে নির্বাচনে রয়েছেন আওয়ামী লীগের প্রার্থী মাসুক উদ্দিন আহমদ (নৌকা), স্বতন্ত্র প্রার্থী আহমদ আল কবির (ট্রাক), স্বতন্ত্র প্রার্থী আনজুমানে আল ইসলাহের সভাপতি মাওলানা মো. হুছামুদ্দিন চৌধুরী ফুলতলি (কেটলি), জাতীয় পার্টির শাব্বীর আহমদ (লাঙ্গল), তৃণমূল বিএনপির কুতুব উদ্দিন আহমদ শিকদার (সোনালী আঁশ), বাংলাদেশ কংগ্রেসের বদরুল আলম (ডাব) ও মুসলিম লীগের (বিএমএল) খায়রুল ইসলাম (হাত-পাঞ্জা)। এই আসনে ভোটার ৪ লাখ ২ হাজার ৩২৫ জন।",0,0,1,1,False
" ফরিদপুরের ভাঙ্গা উপজেলায় দ্বাদশ জাতীয় সংসদ নির্বাচনে নৌকার ক্যাম্পে আগুন দিয়েছে দুর্বৃত্তরা। গতকাল মঙ্গলবার দিনগত গভীর রাতে উপজেলার আলগী ইউনিয়নের ২ নম্বর ওয়ার্ডের কৈখালী গ্রামে এ ঘটনা ঘটে। বিষয়টি নিশ্চিত করেন ভাঙ্গা থানার অফিসার ইনচার্জ মামুনুর রশিদ।এ বিষয়ে ওয়ার্ড আওয়ামী লীগের সভাপতি মাসুদ মেম্বার বলেন, ‘আমাদের আওয়ামী লীগের সমর্থিত কাজী জাফরউল্লাহর নৌকা প্রতীকের নির্বাচনী ক্যাম্প ছিল কৈখালী গ্রামে। আমরা রাতে নির্বাচনী প্রচারণা শেষে বাড়ি ফিরে যাই। কে বা কাহারা শেষ রাতের দিকে আগুন ধরিয়ে দিয়ে পালিয়ে যায়। খবর পেয়ে ঘটনাস্থলে পৌঁছে স্থানীয়দের সহায়তায় নেভানো হয়।’তিনি আরও বলেন, ‘ভাঙ্গা থানা পুলিশ, ম্যাজিস্ট্রেট, বিজিবিসহ অন্যান্য আইন-শৃঙ্খলা বাহিনী ঘটনাস্থল পরিদর্শন করেছেন। আমরা অভিযোগ দায়ের করব।’ভাঙ্গা উপজেলা আওয়ামী লীগের ১ নম্বর যুগ্ম সাধারণ সম্পাদক শরিফুজ্জামান ভিপি শরীফ বলেন, ‘প্রতিপক্ষরা আমাদের গণজোয়ার সহ্য করতে না পেরে নৌকার ক্যাম্পে আগুন দিয়েছে। আমরা এর বিচার চাই।’ভাঙ্গা থানার অফিসার ইনচার্জ মামুনুর রশিদ বলেন, ‘এখনো আমরা লিখিত কোনো অভিযোগ পাইনি।’",0,0,1,1,False
" একদলীয় সরকারের অধীনে আগামী ৭ জানুয়ারির ডামি নির্বাচন বাংলাদেশের জন্য মহাবিপদ সংকেত বলে মন্তব্য করেছেন ১২ দলীয় জোটের নেতারা। তারা বলেছেন, ৭ জানুয়ারি নির্বাচন হয়ে গেলে বিশ্বের কালো তালিকায় স্থান পাবে বাংলাদেশ। এমন পরিস্থিতি সৃষ্টি হলে বাংলাদেশে বিবিধ নিষেধাজ্ঞা আসতে পারে! আজ বুধবার দুপুরে জাতীয় প্রেসক্লাব, পল্টন, বিজয়নগর এলাকায় ‌সরকারের পদত্যাগ-তত্ত্বাবধায়ক সরকারের অধীনে জাতীয় নির্বাচনের দাবি, ভোট বর্জন ও অসহযোগ আন্দোলনের পক্ষে জনমত গড়তে গণসংযোগ শেষে সংক্ষিপ্ত বক্তব্যে তারা এসব কথা বলেন। জোট নেতারা বলেন, আওয়ামী লীগ সরকার একজন বিশ্বমানের স্বৈরাচার। এই সরকারের অধীনে শুধু নির্বাচন নয়! দেশের গণতন্ত্র-ভোটাধিকার এবং দেশের জনগণও নিরাপদ নয়। তাই জনগণ একদলীয় সরকারের অধীনে নির্বাচনকে বর্জন করবে। জাতীয় পার্টির (কাজী জাফর) প্রেসিডিয়াম সদস্য ও সাবেক এমপি নওয়াব আলী খান আব্বাস বলেন, ৭ তারিখের নির্বাচনে যারা এই অবৈধ ফ্যাসিস্ট শেখ হাসিনা সরকারকে সহযোগিতা করবে তাদেরও একদিন বিচারের কাঠগড়ায় দাঁড়াতে হবে। ১২ দলীয় জোটের প্রধান সমন্বয়ক ও জাতীয় গণতান্ত্রিক পার্টি-জাগপার সহসভাপতি রাশেদ প্রধান বলেন, আওয়ামী লীগ সরকার মূলত প্রতিশোধ নিতে গিয়ে গত ১৫ বছর ধরে দেশে জুলুম-অত্যাচার ও দুঃশাসন কায়েম করেছে। জমিয়তে উলামায়ে ইসলাম বাংলাদেশের মহাসচিব মাওলানা ড. গোলাম মহিউদ্দিন ইকরাম বলেন, গণআন্দোলনের মাধ্যমে এই সরকারকে বিদায় করে জনগণের সরকার প্রতিষ্ঠা করতে হবে। এতে আরও অংশ নেন- বাংলাদেশ জাতীয় দলের ভাইস চেয়ারম্যান শামসুল আহাদ, বাংলাদেশ লেবার পার্টির চেয়ারম্যান লায়ন মো. ফারুক রহমান, বাংলাদেশ এলডিপির অতিরিক্ত যুগ্ম মহাসচিব এম এ বাশার, বাংলাদেশ কল্যাণ পার্টির ভারপ্রাপ্ত চেয়ারম্যান মো. শামসুদ্দীন পারভেজ, ইসলামী ঐক্যজোটের সিনিয়র ভাইস চেয়ারম্যান বীর মুক্তিযোদ্ধা শওকত আমিন।",0,0,1,1,False
" বিএনপির সিনিয়র যুগ্ম মহাসচিব অ্যাডভোকেট রুহুল কবির রিজভী বলেছেন, অবৈধ ক্ষমতাসীন সরকার আরও বেশি লুট করতে আবারও একতরফা নির্বাচন করে ক্ষমতায় টিকে থাকতে চায়।তিনি আরও বলেন, ‘আপনারা দেখেছেন একজন এমপি বাংলাদেশ থেকে লুট করে ইংল্যান্ডে কিভাবে পাচার করেছে। তারা এ রকম পাচার করতে চায়। দেশ ও দেশের জনগণ জাহান্নামে যাক তাতে তাদের কিছু যায় আসে না।’ভোট বর্জন ও অসহযোগ আন্দোলনের পক্ষে জনমত গড়তে আজ বুধবার মতিঝিল এজিবি কলোনি বাজারে লিফলেট বিতরণ শেষে তিনি এসব কথা বলেন। রিজভী আরও বলেন, ‘অবৈধ সরকার একতরফা নির্বাচন করে দেশটাকে জাহান্নামের দিকে নিয়ে যাচ্ছে। দেশে জনগণের কোনো ভোটাধিকার নেই, জনগণের কথা বলার স্বাধীনতা নেই। এটি কোনো নির্বাচন নয়, এটি জনগণের সঙ্গে প্রতারণা মাত্র। দেশবাসীকে বলব, আপনারা ভোট কেন্দ্রে যাবেন না। এ নির্বাচন বর্জন করুন, এই লুটেরাদের বিরুদ্ধে সবাই একসাথে রুখে দাঁড়ান।’ এ সময় ছিলেন বিএনপির স্বাস্থ্য বিষয়ক সম্পাদক ডা. রফিকূল ইসলাম, যুব বিষয়ক সহ-সম্পাদক মীর নেওয়াজ আলী নেওয়াজ, স্বাস্থ্য বিষয়ক সহ-সম্পাদক ডা. পারভেজ রেজা কাকন, জাতীয় নির্বাহী কমিটির সদস্য ও ছাত্রদলের সাবেক সাধারণ সম্পাদক আকরামুল হাসান মিন্টু, তাঁতি দলের আহ্বায়ক আবুল কালাম আজাদ, মৎস্যজীবী দলের সদস্য সচিব আব্দুর রহিম, ছাত্রদলের সাবেক নেতা শোয়ায়েব খন্দকার, মোহাম্মাদ আশরাফুর রহমান বাবু, ঢাকা মহানগর দক্ষিণ বিএনপির আহ্বায়ক কমিটির সদস্য নাদিয়া পাঠান পাপন, যুবদলের কেন্দ্রীয় নেতা সোহেল, মেহবুব মাসুম শান্ত, কামরুজ্জামান জুয়েল, রামপুরা থানা বিএনপির যুগ্ম আহ্বায়ক নীলুফার ইয়াসমীন নীলু, ছাত্রদলের কেন্দ্রীয় যুগ্ম সম্পাদক শওকত আরা উর্মি, ডা. তৌহিদুর রহমান আউয়াল, সহ-সাধারণ সম্পাদক আজিজুল হক জিয়ন, মাজহারুল ইসলাম মারুফ, সহ-সাংগঠনিক সম্পাদক সাদেক মিয়া, সহ-সাংস্কৃতিক সম্পাদক জান্নাতুল নওরিন উর্মি, ঢাকা মহানগর উত্তরের সাবেক আহ্বায়ক জসিম সিকদার রানা, স্বেচ্ছাসেবক দলের সহ-স্বাস্থ্য সম্পাদক ডা. মিজান রহমান, যুবদল কেন্দ্রীয় নেতা খসরু আহমেদ হিরণ, অ্যাডভোকেট এমদাদুল হক ইমরান, ইডেন মহিলা কলেজ ছাত্রদল নেত্রী নিপা খান প্রমুখ।",0,0,1,1,False
" নাটোর-২ আসনে আওয়ামী লীগের নৌকা প্রতীকের নির্বাচন পরিচালনা ক্যাম্পে ককটেল বিস্ফোরণ এবং আরেকটি ক্যাম্প আগুন দিয়ে পুড়িয়ে দিয়েছে দুর্বৃত্তরা।গতকাল মঙ্গলবার দিবাগত রাত ১১টার দিকে এ ঘটনা ঘটে।জানা গেছে, প্রথমে শহরের মাদ্রাসা মোড় এলাকার নৌকার প্রার্থী শফিকুল ইসলাম শিমুলের একটি নির্বাচনী ক্যাম্পে কে বা কারা একটি ককটেল বিস্ফোরণ ঘটায়। পরে একই রাতে পৌরসভা দক্ষিণ হাজরা নাটোর ক্যাম্পে দেওয়া আগুনে পুড়ে যায় টাঙানো পোস্টার ও তিরপল। স্থানীয়রা জানান, স্থানীয় নৌকা সমর্থকরা গতকাল রাতে নির্বাচন ক্যাম্পিং শেষে বাড়ি যান। রাতের দিকে দুর্বৃত্তরা ক্যাম্পে আগুন দেয়। এ সময় ক্যাম্পে টাঙানো পোস্টার ও ক্যাম্পের চারিদিকে থাকা তিরপল পুড়ে যায়। নির্বাচনী ক্যাম্পে ককটেল বিস্ফোরণের খবর পেয়ে সদর আসনের সংসদ সদস্য শফিকুল ইসলাম শিমুল, নির্বাহী ম্যাজিষ্ট্রেট সহকারী কর্মিশনার (ভূমি) জোবায়ের হাবিব, সদর থানার ভারপ্রাপ্ত কর্মকর্তা মিজানুর রহমানসহ প্রশাসনের কর্মকর্তারা ঘটনাস্থল পরিদর্শন করেন।বিষয়টি নিশ্চিত করে নাটোর সদর থানার ভারপ্রাপ্ত কর্মকর্তা (ওসি) মিজানুর রহমান জানান, রাত ১১টার দিকে শহরের মাদ্রাসা মোড় এলাকার নৌকার প্রার্থী শফিকুল ইসলাম শিমুলের একটি নির্বাচনী ক্যাম্পে কে বা কারা একটি ককটেল বিস্ফোরণ ঘটায়। খবর পেয়ে পুলিশ ঘটনাস্থল পরিদর্শন করেছে। তিনি আরও বলেন, আরেকটি ক্যাম্পে আগুন লাগিয়ে পুড়িয়ে দেওয়ার ঘটনা গণমাধ্যমকর্মীদের কাছ থেকে শুনেছেন। বিষয়টি তদন্তে পুলিশের একটি টিম কাজ শুরু করেছে। এ বিষয়ে আইনগত ব্যবস্থা গ্রহণ করা হবে।",0,0,1,1,False
" আসন্ন জাতীয় সংসদ নির্বাচন সামনে রেখে ঢেলে সাজানো হচ্ছে পুলিশ প্রশাসন। এরই অংশ হিসেবে গতকাল পুলিশের উচ্চপর্যায়ে বড় রদবদল করা হয়েছে। গতকাল রবিবার পুলিশের উপ-মহাপরিদর্শক (ডিআইজি) পদমর্যাদার ১৬ কর্মকর্তা ও অতিরিক্ত উপ-মহাপরিদর্শক (অতিরিক্ত ডিআইজি) পদমর্যাদার ৩৫ কর্মকর্তাকে বদলি করা হয়েছে। স্বরাষ্ট্র মন্ত্রণালয়ের জননিরাপত্তা বিভাগ থেকে এক প্রজ্ঞাপনে এ রদবদল করা হয়। এই রদবদল প্রক্রিয়ায় রাজশাহী ও খুলনার পুলিশ কমিশনার পদে পরিবর্তন আনা হয়েছে। এ ছাড়া বরিশাল, রংপুর এবং রাজশাহীর রেঞ্জ ডিআইজি পদে পরিবর্তন আনা হয়েছে। আগামী জাতীয় সংসদ নির্বাচনের সময় তাদের নিজ নিজ অধিক্ষেত্রের শান্তিশৃঙ্খলা রক্ষায় গুরুত্বপূর্ণ ভূমিকা পালন করতে হবে। ভোটের বিষয়টি মাথায় রেখেই তাদের পদায়ন করা হয়েছে বলে সংশ্লিষ্ট সূত্রে জানা গেছে। রদবদলের প্রজ্ঞাপন আদেশ অনুযায়ী, সিআইডির ডিআইজি মো. আবু কালাম সিদ্দিককে ট্যুরিস্ট পুলিশে, সিআইডির অতিরিক্ত ডিআইজি (বর্তমানে ডিআইজি পদে পদোন্নতিপ্রাপ্ত) একেএম নাহিদুল ইসলামকে সিআইডিতে, ডিএমপির যুগ্ম পুলিশ কমিশনার (উপপুলিশ মহাপরিদর্শক পদে পদোন্নতিপ্রাপ্ত) বিপ্লব বিজয় তালুকদারকে পুলিশ কমিশনার (ডিআইজি) রাজশাহী, বরিশাল রেঞ্জ ডিআইজি এসএম আক্তারুজ্জামানকে ঢাকার পুলিশ স্টাফ কলেজে, হাইওয়ে পুলিশের ডিআইজি মো. মোজাম্মেল হককে খুলনা মেট্রোপলিটন পুলিশ কমিশনার এবং রাজশাহী মহানগর পুলিশ কমিশনার মো. আনিসুর রহমানকে রাজশাহীর রেঞ্জ ডিআইজি করা হয়েছে।এ ছাড়া রাজশাহী রেঞ্জ ডিআইজি মো. আবদুল বাতেনকে রংপুর রেঞ্জ ডিআইজি, রংপুর রেঞ্জ ডিআইজি মোহা. আবদুল আলীম মাহমুদকে অ্যান্টি টেররিজম ইউনিটে, আর্মড পুলিশ ব্যাটালিয়নের মো. জামিল হাসানকে বরিশাল রেঞ্জ ডিআইজি, পুলিশের বিশেষ শাখার (এসবি) অতিরিক্ত ডিআইজি (বর্তমানে উপপুলিশ মহাপরিদর্শক পদে পদোন্নতিপ্রাপ্ত) রখফার সুলতানা খানমকে রাজশাহীর সারদা পুলিশ একাডেমি, ডিএমপির যুগ্ম পুলিশ কমিশনার (বর্তমানে ডিআইজি পদে পদোন্নতিপ্রাপ্ত) মো. জাকির হোসেন খানকে ইন্ডাস্ট্রিয়াল পুলিশে বদলি করা হয়েছে।অন্যদিকে পুলিশের বিশেষ শাখার (এসবি) অতিরিক্ত ডিআইজি (বর্তমানে ডিআইজি পদে পদোন্নতিপ্রাপ্ত) মো. মনিরুজ্জামানকে এসবিতে, পুলিশ সদর দপ্তরের অতিরিক্ত ডিআইজি (বর্তমানে ডিআইজি পদে পদোন্নতিপ্রাপ্ত) মোহাম্মদ আব্দুল্লাহীল বাকীকে আর্মড পুলিশ ব্যাটালিয়নে, টাঙ্গাইল পুলিশ ট্রেনিং সেন্টারের কমান্ড্যান্ট (ডিআইজি) মো. ময়নুল ইসলামকে ঢাকার ট্রেনিং ড্রাইভিং স্কুলে ও ঢাকা ট্রেনিং ড্রাইভিং স্কুলের কমান্ড্যান্ট (ডিআইজি) মো. নজরুল ইসলামকে টাঙ্গাইল পুলিশ ট্রেনিং সেন্টারের কমান্ড্যান্ট (ডিআইজি) হিসেবে বদলি করা হয়েছে।বদলি হওয়া ৩৫ জন অতিরিক্ত ডিআইজির মধ্যে রয়েছেন- গাজীপুর মহানগর পুলিশের অতিরিক্ত কমিশনার মো. দেলোয়ার হোসেনকে রাজশাহীর সারদা পুলিশ একাডেমি, পুলিশ সদর দপ্তরের অতিরিক্ত ডিআইজি মারুফ হোসেন সরদারকে ঢাকা রেঞ্জের অতিরিক্ত ডিআইজি, ঢাকা রেঞ্জের অতিরিক্ত ডিআইজি মুহাম্মদ সাইদুর রহমান খানকে পুলিশ স্টাফ কলেজের অতিরিক্ত ডিআইজি, ঢাকা রেঞ্জের অতিরিক্ত ডিআইজি টুটুল চক্রবর্তীকে নৌপুলিশে, এসবির অতিরিক্ত ডিআইজি মোহাম্মদ রাশিদুল ইসলাম খানকে ঢাকা রেঞ্জের অতিরিক্ত ডিআইজি, এসবির অতিরিক্ত ডিআইজি মো. সাজ্জাদুর রহমানকে ময়মনসিংহ রেঞ্জের অতিরিক্ত ডিআইজি, রাজশাহী মহানগর পুলিশের অতিরিক্ত কমিশনার মো. ফারুক হোসনকে এসবিতে, রাজশাহী মহানগরী পুলিশের অতিরিক্ত কমিশনার সামসুন নাহারকে পুলিশের এসবিতে, ময়মনসিংহ রেঞ্জের অতিরিক্ত ডিআইজি আবিদা সুলতানাকে এসবিতে এবং রংপুর রেঞ্জের অতিরিক্ত ডিআইজি এএফএম আনজুমান কালামকে পুলিশ সদর দপ্তরে পদায়ন করা হয়েছে।একই প্রজ্ঞাপনে নৌপুলিশের অতিরিক্ত ডিআইজি পংকজ চন্দ্র রায়কে রংপুর রেঞ্জে, সিলেট রেঞ্জের অতিরিক্ত ডিআইজি এমএ জলিলকে পুলিশ সদর দপ্তরে, খুলনা রেঞ্জের অতিরিক্ত ডিআইজি মো. ইকবালকে অধিনায়ক কক্সবাজার ১৪ আর্মড পুলিশ ব্যাটালিয়ন, কক্সবাজার ১৪ আর্মড পুলিশ ব্যাটালিয়নের অধিনায়ক সৈয়দ হারুন অর রশীদকে সিলেট রেঞ্জে, সিলেট রেঞ্জের অতিরিক্ত ডিআইজি নাবিলা জাফরিন রীনাকে হাইওয়ে পুলিশে, ডিএমপির যুগ্ম কমিশনার লিটন কুমার সাহাকে সিলেট রেঞ্জের অতিরিক্ত ডিআইজি, অ্যান্টি টেররিজম ইউনিটের অতিরিক্ত ডিআইজি আবদুল মান্নান মিয়াকে সিএমপির অতিরিক্ত পুলিশ কমিশনার, ট্যুরিস্ট পুলিশের অতিরিক্ত ডিআইজি মোহাম্মদ মুসলিমকে অ্যান্টি টেররিজম ইউনিটে, অ্যান্টি টেররিজম ইউনিটের অতিরিক্ত ডিআইজি মোহাম্মদ হেমায়েতুল ইসলামকে আরএমপির অতিরিক্ত কমিশনার এবং হাইওয়ে পুলিশের অতিরিক্ত ডিআইজি জয়দেব চৌধুরীকে খুলনা রেঞ্জে বদলি করা হয়েছে।এ ছাড়া পুলিশ সদর দপ্তরের অতিরিক্ত ডিআইজি মো. হাসানুজ্জামানকে খুলনা রেঞ্জে, খুলনা রেঞ্জের অতিরিক্ত ডিআইজি মো. আতিকুর রহমান মিয়াকে হাইওয়ে পুলিশে, রাজশাহী রেঞ্জের অতিরিক্ত ডিআইজি নরেশ চাকমাকে ট্যুরিস্ট পুলিশে, সিএমপির অতিরিক্ত পুলিশ কমিশনার ফয়সল মাহমুদকে রাজশাহী রেঞ্জে, র‌্যাবের পরিচালক চৌধুরী মঞ্জুরুল কবিরকে নোয়াখালী পুলিশ ট্রেনিং সেন্টারে, নোয়াখালী পুলিশ ট্রেনিং সেন্টারের অতিরিক্ত ডিআইজি দীন মোহাম্মদকে রাজশাহী আরআরএফের কমান্ড্যান্ট, রাজশাহী আরআরএফের কমান্ড্যান্ট মো. আব্দুর রাজ্জাককে বগুড়া ৪ আর্মড পুলিশ ব্যাটালিয়নের অধিনায়ক, বগুড়া ৪ আর্মড পুলিশ ব্যাটালিয়নের অধিনায়ক সৈয়দ আবু সায়েমকে ময়মনসিংহ রেঞ্জের অতিরিক্ত ডিআইজি, পুলিশ স্টাফ কলেজের অতিরিক্ত ডিআইজি মো. মেহেদুল করিমকে রংপুর রেঞ্জ রিজার্ভ ফোর্সের কমান্ড্যান্ট এবং রংপুর রেঞ্জ রিজার্ভ ফোর্সের কমান্ড্যান্ট এসএম আশরাফুজ্জামানকে সিআইডিতে পদায়ন করা হয়েছে।একই প্রজ্ঞাপনে বরিশাল ১০ আর্মড পুলিশ ব্যাটালিয়নের অধিনায়ক মোহাম্মদ মোয়াজ্জেম হোসেন ভূঁঞাকে র‌্যাবের পরিচালক, বিএমপির অতিরিক্ত পুলিশ কমিশনার আবু আহাম্মদ আল মামুনকে বরিশাল ১০ আর্মড পুলিশ ব্যাটালিয়নের অধিনায়ক, এসবির অতিরিক্ত ডিআইজি মোহা. আহমার উজ্জামানকে গাজীপুর মহানগর পুলিশের অতিরিক্ত কমিশনার, রাজশাহীর সারদা পুলিশ একাডেমির অতিরিক্ত ডিআইজি মো. হামিদুল আলমকে বিএমপির অতিরিক্ত পুলিশ কমিশনার এবং ঢাকা রেঞ্জ রিজার্ভ ফোর্সের কমান্ড্যান্ট মো. রেজাউল করিমকে অ্যান্টি টেররিজম ইউনিটের অতিরিক্ত ডিআইজি করা হয়েছে।",0,0,1,1,False
" দুই রাতের ব্যবধানে কক্সবাজার-১ (চকরিয়া-পেকুয়া) আসনে কল্যাণ পার্টির প্রার্থী সৈয়দ মুহাম্মদ ইবরাহিমের হাতঘড়ি প্রতীকের আরেকটি নির্বাচনী ক্যাম্পে আগুন দিয়েছে দুর্বৃত্তরা। এ সময় নির্বাচনী ক্যাম্পের পাহারাদার আবু ছালেককে মারধর করে রশি দিয়ে বেঁধে পাশের মরিচ ক্ষেতে ফেলে পালিয়ে যায় তারা।আজ মঙ্গলবার ভোর ৪টায় চকরিয়া উপজেলার বিএমচর ইউনিয়নের পুচ্ছালিয়া পাড়ার রাস্তার মাথায় হাতঘড়ি প্রতীকের নির্বাচনী ক্যাম্পে এ ঘটনা ঘটে।স্থানীয়রা জানান, আজ ভোর ৪টায় বিএমচর ইউনিয়নের পুচ্ছলিয়া পাড়ার রাস্তার মাথার সৈয়দ মুহাম্মদ ইবরাহিমের হাতঘড়ি প্রতিকের নির্বাচনী ক্যাম্পে একদল দুর্বৃত্ত হামলা চালায়। এ সময় আসবাবপত্র ভাঙচুর ও নির্বাচনী ক্যাম্প পুড়িয়ে ফেলা হয়। ক্যাম্পের পাহারাদার আবু ছালেককে মারধর করে রশি দিয়ে বেঁধে পাশের মরিচ ক্ষেতে ফেলে রেখে চলে যায় তারা। পরে স্থানীয় লোকজন তাকে মরিচ ক্ষেত থেকে উদ্ধার করে হাসপাতালে নিয়ে যায়।এর আগে গত রবিবার রাতে কৈয়ারবিল ইউনিয়নের খোঁজাখালী এলাকায় হাতঘড়ি প্রতীকের আরেকটি নির্বাচনী ক্যাম্পে আগুন দেয় দুর্বৃত্তরা। এ ঘটনায় স্থানীয় ইউনিয়ন পরিষদের (ইউপি) চেয়ারম্যান মক্কী ইকবালকে প্রধান করে ২৫ জনের নাম উল্লেখ করে চকরিয়া থানায় মামলা দায়ের করা হয়েছে।হাতঘড়ি প্রতীকের প্রার্থী সৈয়দ মুহাম্মদ ইবরাহিম বলেন, ‘গত দুই দিনে আমার দুটি নির্বাচনী ক্যাম্পে আগুন দিয়েছে প্রতিপক্ষের লোকজন। আমার জনপ্রিয়তা দেখে জঘণ্য এই কাজে লিপ্ত হয়েছে স্বতন্ত্র প্রার্থী জাফর আলমসহ তার অনুসারীরা। আমি চাই ঘটনার সঙ্গে জড়িতের দ্রুত গ্রেপ্তার করে আইনের আওতায় আনা হোক।’ঘটনার পরপরই উপজেলা নির্বাহী কর্মকর্তা (ইউএনও) ও সহকারী রির্টানিং কর্মকর্তা মো. ফখরুল ইসলাম, চকরিয়া থানার ভারপ্রাপ্ত কর্মকর্তা (ওসি) শেখ মোহাম্মদ আলী ও বর্ডার গার্ড বাংলাদেশ (বিজিবি)-সহ আইনশৃঙ্খলা বাহিনীর সদস্যরা ঘটনাস্থল পরিদর্শন করেন।চকরিয়া থানার ভারপ্রাপ্ত কর্মকর্তা (ওসি) শেখ মোহাম্মদ আলী বলেন, ‘ঘটনাস্থল পরিদর্শন করেছি। এই বিষয়ে আইনি ব্যবস্থা নেওয়া হবে। এ ছাড়া কৈয়ারবিলের ঘটনায় মামলা দায়ের হয়েছে।’",0,0,1,1,False
" কেন্দ্রীয় যুবলীগের চেয়ারম্যান শেখ ফজলে শাম্স পরশ বলেছেন, এবারের নির্বাচন জননেত্রী শেখ হাসিনার জন্য বড় চ্যালেঞ্জ। আমাদের কোনো আত্মতুষ্টির সুযোগ নেই। বহির্বিশ্বের চাপ, দেশি-বিদেশি ষড়যন্ত্র মোকাবিলা করছেন বঙ্গবন্ধুকন্যা। আমাদের দরকার আংশগ্রহণ, প্রতিযোগিতামূলক ও গ্রহণযোগ্য নির্বাচন।যুবলীগের চেয়ারম্যান গতকাল দুপুরে মাধবপুর উপজেলা যুবলীগের আয়োজনে ঢাকা-সিলেট মহাসড়কে কিবরিয়া চত্বরে হবিগঞ্জ-৪ আসনে নৌকার প্রার্থী মাহবুব আলীর সমর্থনে পথসভায় এসব কথা বলেন।উপজেলা যুবলীগ সভাপতি ফারুক পাঠানের সভাপতিত্বে পথসভায় বক্তব্য রাখেন নৌকার প্রার্থী বিমান পরিবহন ও পর্যটন প্রতিমন্ত্রী অ্যাডভোকেট মো. মাহবুব আলী, কেন্দ্রীয় যুবলীগের যুগ্ম সাধারণ সম্পাদক সৈকত জোয়ার্দার, মুক্তিযোদ্ধাবিষয়ক সম্পাদক আব্দুল মুকিত চৌধুরী, শেখ মো. মিছির আলী, জেলা যুবলীগ সভাপতি আবুল কাশেম চৌধুুরী, সেক্রেটারি একেএম মঈন উদ্দিন চৌধুরী সুমন, উপজেলা যুবলীগের সাধারণ সম্পাদক আবুল কাশেম, পৌর যুবলীগ আহ্বায়ক একরামুল আলম লেবু প্রমুখ।এ সময় দলীয় নেতাকর্মীদের উদ্দেশে শেখ পরশ বলেন, নির্বাচন গ্রহণযোগ্য করতে হবে। জননেত্রী শেখ হাসিনা বলেছেন, কোনো প্রকার সংঘাত, হট্টগোল বরদাশত করা হবে না। এ ক্ষেত্রে জিরো টরারেন্স। নেতাকর্মীদেরকে সাধারণ ভোটারদের কেন্দ্রে নিয়ে যাওয়ার দায়িত্ব নিতে হবে।",0,0,1,1,False
" দ্বাদশ জাতীয় সংসদ নির্বাচনে গাজীপুর-৪ আসন থেকে সরে দাঁড়ানোর ঘোষণা দিয়েছেন জাতীয় পার্টির (জাপা) প্রার্থী বীর মুক্তিযোদ্ধা মো. সামসুদ্দিন খান। আজ মঙ্গলবার সকালে কাপাসিয়া উপজেলা প্রেসক্লাবে এক সংবাদ সম্মেলনে তিনি এ ঘোষণা দেন।মো. সামসুদ্দিন খান বলেন, ‘দল আমাকে মনোনয়ন দিয়েছে। কাপাসিয়া আসনে আমি দলীয় লাঙ্গল প্রতীকে নির্বাচন করার জন্য প্রস্তুতি নিয়েছিলাম। বর্তমানে আমার শারীরিক, পারিবারিক ও আর্থিক সমস্যার কারণে নির্বাচন থেকে সরে দাঁড়াচ্ছি। এই মুহূর্তে আমার যে শারীরিক অবস্থা তাতে নির্বাচন কার্যক্রম চালিয়ে নেওয়া আমার পক্ষে সম্ভব নয়। তাই আমি দ্বাদশ জাতীয় সংসদ নির্বাচন থেকে সরে দাঁড়ালাম।’এ সময় উপস্থিত ছিলেন কাপাসিয়া উপজেলা জাতীয় পার্টির সাধারণ সম্পাদক এনামুল কবীর, গাজীপুর জেলার জাতীয় যুব সংহতির সদস্য সচিব অ্যাডভোকেট জাকির হোসেন ও জাতীয় ছাত্র সমাজের কেন্দ্রীয় শিক্ষা বিষয়ক সম্পাদক বাদশা আব্দুল্লাহসহ আরও অনেকে।এর আগে গাজীপুর-১ ও গাজীপুর-৫ আসনের জাতীয়পার্টির প্রার্থী মনোনয়ন প্রত্যাহার করে নিয়েছেন।",0,0,1,1,False
" নোয়াখালী-১ আসনে স্বতন্ত্র প্রার্থী খন্দকার রুহুল আমিনের প্রার্থিতা বাতিল করতে নির্বাচন কমিশনকে দেওয়া হাইকোর্টের নির্দেশ বহাল রেখেছেন আপিল বিভাগ। এর ফলে তিনি নির্বাচন করতে পারবেন নাবলে জানিয়েছে আইনজীবীরা। আজ মঙ্গলবার প্রধান বিচারপতি ওবায়দুল হাসানের নেতৃত্বে আপিল বেঞ্চ তার আবেদন খারিজ করে দেন।আদালতে রুহুল আমিনের পক্ষে ছিলেন আইনজীবী মো. মোমতাজ উদ্দিন ফকির ও এবিএম আলতাফ হোসেন। রিট আবেদনকারী পক্ষে ছিলেন আইনজীবী প্রবীর নিয়োগী, আজাহার উল্লাহ ভূঁইয়া ও ইমাম হাছান। নির্বাচন কমিশনের পক্ষে ছিলেন আইনজীবী খান মোহাম্মদ শামীম আজিজ।পরে সাংবাদিকদের আইনজীবী খান মোহাম্মদ শামীম আজিজ বলেন, হাইকোর্টের দেওয়া বাতিল আদেশ বহাল রয়েছে।আজাহার উল্লাহ ভূঁইয়া জানান, আজকের আদেশের ফলে খন্দকার রুহুল আমিন নির্বাচন করতে পারবেন না।যুক্তরাষ্ট্রের নাগরিকত্বের তথ্য গোপন করে নোয়াখালী-১ আসন থেকে স্বতন্ত্র প্রার্থী হন খন্দকার রুহুল আমিন। তাকে প্রতীকও বরাদ্দ দেয় নির্বাচন কমিশন। তবে দ্বৈত নাগরিকত্বের অভিযোগে প্রার্থিতা বাতিল চেয়ে ১৯ ডিসেম্বর নির্বাচন কমিশনে আবেদন করেন জেলা আওয়ামী লীগের সহসভাপতি শফিকুর রহমান। তাতে সাড়া না পেয়ে ২০ ডিসেম্বর রিট করেন তিনি। রিটের পরিপ্রেক্ষিতে বিষয়টি যাচাই করে প্রতিবেদন দিতে পুলিশের স্পেশাল ব্রাঞ্চ ও পররাষ্ট্র মন্ত্রণালয়কে নির্দেশ দেন হাইকোর্ট। দুই সংস্থার প্রতিবেদনে খন্দকার রুহুল আমিনের দ্বৈত নাগরিকত্বের প্রমাণ মেলে। তাই তার প্রার্থিতা বাতিলে পদক্ষেপ নিতে নির্বাচন কমিশনকে গত ২৭ ডিসেম্বর নির্দেশ দেন হাইকোর্ট।পরে প্রার্থিতা ফিরে পেতে চেম্বার আদালতে আবেদন করেন রুহুল আমিন। চেম্বার আদালত বিষয়টি শুনানির জন্য আপিল বিভাগের পূর্ণাঙ্গ বেঞ্চে পাঠান। সে অনুযায়ী আজ মঙ্গলবার বিষয়টি কার্যতালিকায় ওঠে।",0,0,1,1,False
" নোয়াখালী-১ আসনে স্বতন্ত্র প্রার্থী খন্দকার রুহুল আমিনের প্রার্থিতা বাতিল করতে নির্বাচন কমিশনকে দেওয়া হাইকোর্টের নির্দেশ বহাল রেখেছেন আপিল বিভাগ। আজ মঙ্গলবার প্রধান বিচারপতি ওবায়দুল হাসানের নেতৃত্বে আপিল বেঞ্চ রুহুল আমিনের আবেদন খারিজ করে দেন।আদালতে রুহুল আমিনের পক্ষে ছিলেন আইনজীবী মো. মোমতাজ উদ্দিন ফকির ও এবিএম আলতাফ হোসেন। রিট আবেদনকারী পক্ষে ছিলেন আইনজীবী প্রবীর নিয়োগী, আজাহার উল্লাহ ভূঁইয়া ও ইমাম হাছান।নির্বাচন কমিশনের পক্ষে ছিলেন আইনজীবী খান মোহাম্মদ শামীম আজিজ।যুক্তরাষ্ট্রের নাগরিকত্বের তথ্য গোপন করে নোয়াখালী-১ আসন থেকে স্বতন্ত্র প্রার্থী হন খন্দকার রুহুল আমিন।তাকে প্রতীকও বরাদ্দ দেয় নির্বাচন কমিশন। তবে দ্বৈত নাগরিকত্বের অভিযোগে প্রার্থিতা বাতিল চেয়ে ১৯ ডিসেম্বর নির্বাচন কমিশনে আবেদন করেন জেলা আওয়ামী লীগের সহসভাপতি শফিকুর রহমান।তাতে সাড়া না পেয়ে ২০ ডিসেম্বর রিট করেন তিনি। রিটের পরিপ্রেক্ষিতে বিষয়টি যাচাই করে প্রতিবেদন দিতে পুলিশের স্পেশাল ব্রাঞ্চ এবং পররাষ্ট্র মন্ত্রণালয়কে নির্দেশ দেন হাইকোর্ট। দুই সংস্থার প্রতিবেদনে খন্দকার রুহুল আমিনের দ্বৈত নাগরিকত্বের প্রমাণ মেলে। তাই তার প্রার্থিতা বাতিলে পদক্ষেপ নিতে নির্বাচন কমিশনকে ২৭ ডিসেম্বর নির্দেশ দেন হাইকোর্ট।আইনজীবী খান মোহাম্মদ শামীম আজিজ বলেন, ‘হাইকোর্টের দেওয়া বাতিল আদেশ বহাল রয়েছে।’আইনজীবী আজাহার উল্লাহ ভূঁইয়া জানান, আজকের আদেশের ফলে খন্দকার রুহুল আমিন নির্বাচন করতে পারবেন না।",0,0,1,1,False
" আওয়ামী লীগের সাধারণ সম্পাদক ওবায়দুল কাদের বলেছেন, ‘আগামী ৭ জানুয়ারি নির্বাচন। মোট ২৮টি দল নির্বাচনে অংশ নিচ্ছে। এটি একটি অংশগ্রহণমূলক নির্বাচন বলে আমি মনে করি। সুতারাং নির্বাচন থেকে পিছিয়ে পড়ার কোনো সুযোগ নেই।’আজ মঙ্গলবার ধানমন্ডিতে আওয়ামী লীগ সভাপতির রাজনৈতিক কার্যালয়ে নিয়মিত ব্রিফিংয়ে তিনি এসব কথা বলেন।ওবায়দুল কাদের বলেন, ‘আমাদের সংবিধান অনুযায়ী ৭ জানুয়ারি যে নির্বাচনের তারিখ নির্ধারিত হয়েছে, পাঁচ বছর পর, এটা থেকে আমাদের পিছিয়ে আসার কোন সুযোগ নেই। যত বাধাই আসুক, যত সন্ত্রাসই হোক, আগুন সন্ত্রাস, লিফলেট বিতরণ করে জনগণকে বিরত করা, কোনটাই এই নির্বাচন বন্ধ করতে পারবে না।’তিনি বলেন, ‘আমরা কিছু খারাপ তথ্যও পাচ্ছি। হঠাৎ করেই তারা গুপ্ত হত্যা, চোরা গুপ্তা হামলা করতে পারে। সে জন্য তারা প্রস্তুতি নিচ্ছে। এখন লিফলেট বিতরণের নামে কিছু নিরবতা দেখানো হলেও হঠাৎ করেই সরব হয়ে উঠবে সশস্ত্র তৎপরতার মাধ্যমে।’",0,0,1,1,False
" পরিবহনে অগ্নিসংযোগ ও ট্রেন লাইনচ্যুত করে বিএনপি-জামায়াতের সৃষ্ট সহিংসতা সুষ্ঠু নির্বাচনের জন্য ক্ষতিকর বলে উল্লেখ করেছেন প্রধানমন্ত্রী শেখ হাসিনার ছেলে সজীব ওয়াজেদ জয়। তিনি বলেন, অগ্নিসংযোগ, রেললাইন উপড়ে ফেলা বিএনপির তথাকথিত গণতান্ত্রিক আন্দোলনের বৈশিষ্ট্য।সামাজিক যোগাযোগ মাধ্যমে সজীব ওয়াজেদ লিখেছেন, বিএনপি নেতা রিজভী বাসে হামলায় তাদের জড়িত থাকার কথা অস্বীকার করলেও সংবাদমাধ্যমে তার নেতৃত্বে৩০ জনেরও কম নেতাকর্মীর মিছিল থেকে চলন্ত বাসে ইটপাটকেল নিক্ষেপ করতে দেখা যায়। রাজনৈতিক পর্যবেক্ষক ও মানবাধিকার কর্মীরা রিজভীর মিথ্যাচারের নিন্দা জানিয়েছেন।নিজের ভেরিফাইড এক্স অ্যাকাউন্টে ভিডিও পোস্ট করে সজীব ওয়াজেদ লেখেন, মুকিতকে কারা নিয়োগ করেছে ও তার সঙ্গে কাদের সখ্যতা সেটি এখানে দেখা গেছে। বিএনপি নেতৃত্বের মিথ্যাচারেরও প্রমাণ এটি। ঢাকার মার্কিন দূতাবাস ও তাদের পররাষ্ট্র দপ্তর একটি অবাধ ও সুষ্ঠু নির্বাচনের পরিবেশের জন্য এ সন্ত্রাসমূলক কর্মকাণ্ডকে ক্ষতিকর মনে করবে কিনাÑ প্রশ্ন রাখেন তিনি।",0,0,1,1,False
" রাজধানীর ডেমরার মধ্য হাজীনগর এলাকায় মোয়াজ্জেম আলী উচ্চ বিদ্যালয় সংলগ্ন স্বতন্ত্র প্রার্থী মশিউর রহমান মোল্লা সজলের ট্রাক মার্কার নির্বাচনী ক্যাম্প ভাঙচুরের অভিযোগ উঠেছে নৌকার প্রার্থী হারুনুর রশিদ মুন্নার সমর্থকদের বিরুদ্ধে।গতকাল রবিবার রাত পৌনে ২টার দিকে তিনটি মোটরসাইকেলে আসা ৬ জন প্রথমে স্বতন্ত্র প্রার্থীর সমর্থক ও আওয়ামী লীগ নেতা মুন্সি মুজিবুর রহমান মিলনের বাসার গেটে হামলা চালায়। তখন হামলাকারীরা মিলনকে অকথ্য ভাষায় গালাগাল করে। এসময় ট্রাকের পক্ষ থেকে সরে, নৌকার পক্ষে কাজ না করলে মিলনকে হত্যা করা হবে বলে হুমকি দেয় হামলাকারীরা। এরপরই তারা ট্রাকের নির্বাচনী ক্যাম্প ভাঙচুর করে সেখান থেকে দ্রুত পালিয়ে যায়। জানা গেছে, মিলন মোয়াজ্জেম আলী উচ্চ বিদ্যালয় ইউনিট আওয়ামী লীগের সভাপতি, স্থানীয় মসজিদ কমিটির সহসভাপতি ও ডিএসসিসির ৬৮ নম্বর ওয়ার্ড কমিউনিটি পুলিশিংয়ের তৃতীয় লেনের সভাপতি।ভুক্তভোগী মিলন বলেন, ‘ঢাকা-৫ আসনের স্বতন্ত্র প্রার্থী ডেমরা থানা আওয়ামী লীগের সাবেক সাধারণ সম্পাদক মশিউর রহমান মোল্লা সজল ট্রাক প্রতীকে নির্বাচন করছেন। তার বাবা এ আসনের চারবারের এমপি ছিলেন বলে আমিসহ ঘরে ঘরে তার সমর্থক রয়েছে। তার জনপ্রিয়তা অনেক বলে নিরবে কাজ করছে সবাই। এদের মধ্যে আমরা বেশকিছু লোক তার পক্ষে কাজ করছি। গতকাল গভীর রাতে ৬ জন নৌকার সমর্থক এমন ন্যক্কারজনক কাজ করেছে। তারা ক্যাম্পের লাইট, চেয়ার, টেবিল ভেঙে ফেলেছে। পরে ডেমরা থানায় খবর দেওয়া হলে পুলিশ এসে আমার বাসার সিসিটিভি ক্যামেরার ফুটেজ নিয়ে যায়।’স্বতন্ত্র প্রার্থী মশিউর রহমান সজল মোল্লা বলেন, ‘শান্তিপূর্ণ পরিবেশের নির্বাচন ভুণ্ডুল করতে নৌকার প্রার্থীর লোকজন সন্ত্রাসী কর্মকাণ্ড শুরু করেছে। আমার নির্বাচনী ক্যাম্প ভাঙচুরসহ কর্মী সমর্থকদের প্রতিনিয়ত হুমকি-ধামকি দিয়ে যাচ্ছে। যতই অপচেষ্টা করুক, আমার জয় হবেই ইনশাআল্লাহ।’  এ ব্যাপারে নৌকার প্রার্থী হারুনুর রশিদ মুন্নার মোবাইলে একাধিকবার যোগাযোগ করা হলেও তিনি ফোন ধরেননি। ডেমরা থানার ভারপ্রাপ্ত কর্মকর্তা (ওসি) মো. জহিরুল ইসলাম বলেন, ‘পুলিশের ঊর্ধ্বতনসহ আমরা ঘটনাস্থলে গিয়ে সিসিটিভি ক্যামেরার ফুটেজ নিয়ে তদন্ত চালাচ্ছি। চিহ্নিত হলেই তাদের গ্রেপ্তার করে আইনের আওতায় আনা হবে।’",0,0,1,1,False
" সুনামগঞ্জের তাহিরপুরে নৌকা প্রতীকের প্রার্থীর নির্বাচনী অস্থায়ী অফিসে আগুন দিয়ে পুড়িয়ে দিয়েছে দুর্বৃত্তরা। এ ঘটনায় নির্বাচনী অস্থায়ী অফিসটির আংশিক ক্ষতিগ্রস্ত হলেও কোনো হতাহতের ঘটনা ঘটেনি।গতকাল রবিবার দিবাগত রাত ১টা ২০ মিনিটের দিকে উপজেলার উত্তর বড়দল ইউনিয়নের আমতলা বাজারে নৌকা প্রতীকের নির্বাচনী অফিসে আগুনের এ ঘটনা ঘটে।স্থানীয়রা জানান, আমতলা গ্রামে সড়কের পাশে ত্রি-পাল ও কাপড় দিয়ে নৌকা প্রতীকের নির্বাচনী অস্থায়ী অফিস তৈরি করা হয়। রবিবার রাত ৯টার দিকে অফিস বন্ধ করে নেতাকর্মীরা চলে যান। পরে রাত ১টার পর অজ্ঞাত ব্যক্তিরা অফিসে আগুন দেয়। এতে নির্বাচনী অফিসের সামনের কিছু অংশ ও উপরের দিকের কিছু অংশ পুড়ে যায়।আওয়ামী লীগ মনোনিত নৌকার প্রার্থী এডভোকেট রঞ্জিত চন্দ্র সরকার বলেন, ‘আমি এই এলাকায় থাকি না। আমার নির্বাচন পরিচালনা কমিটি দেখেন। এই ঘটনা নির্বাচনে অংশগ্রহণকারী প্রতিপক্ষের কাজ। এ বিষয়ে আমার নির্বাচন পরিচালনা কমিটি লিখিতভাবে অভিযোগ করবে।’তাহিরপুর থানার ভারপ্রাপ্ত কর্মকর্তা (ওসি) মোহাম্মদ নাজিম উদ্দীন বলেন, আগুনের ঘটনা সত্য। খবর পেয়ে ঘটনাস্থল পরিদর্শন করেছি। তবে কে বা কারা আগুন লাগিয়েছে তা কেউ দেখেনি। ঘটনাটি তদন্ত করা হচ্ছে। এখনও পর্যন্ত লিখিতভাবে কোনো অভিযোগ পাইনি।",0,0,1,1,False
" দ্বাদশ জাতীয় সংসদ নির্বাচনে অংশ জাতীয় পার্টি (জাপা) শেষ পর্যন্ত ভোটের মাঠে থাকবে কি না তা সময়ই বলে দেবে বলে মন্তব্য করেছেন দলটির চেয়ারম্যান ও রংপুর-৩ আসনের সংসদ সদস্য প্রার্থী গোলাম মোহাম্মদ (জি এম) কাদের। আজ সোমবার দুপুর সাড়ে ১২টার দিকে রংপুর নগরীর কোর্ট চত্বরে গণসংযোগকালে সাংবাদিকদের প্রশ্নের জবাবে তিনি এ মন্তব্য করেন।ভোটগ্রহণের এক সপ্তাহ আগে এক দিনে পাঁচটি আসনের নির্বাচন থেকে সরে দাঁড়িয়েছেন জাতীয় পার্টির প্রার্থীরা। এ বিষয়ে প্রশ্ন করা হলে জাপা চেয়ারম্যান বলেন, ‘অনেক সময় অনেক প্রার্থী নির্বাচনের শেষ পর্যন্ত থাকেন না, কেউ আনুষ্ঠানিক ঘোষণা দিয়ে প্রকাশ করেন, আবার কেউ ঘোষণা করেন না। কেউ এমনিতেই বসে যান। পার্টির প্রার্থীদের মধ্যে আমার একটা নির্দেশ আছে, যারা নির্বাচন করতে চান, করতে পারেন। নির্বাচন করতে না চাইলে সেটিও সিদ্ধান্ত নেওয়ার স্বাধীনতা রয়েছে।’প্রার্থিতা প্রত্যাহারের কারণ জানতে চাইলে জি এম কাদের বলেন, ‘প্রার্থিতা প্রত্যাহার হুমকির কারণেও হতে পারে, অর্থের অভাবেও হতে পারে। অনেক প্রার্থী অর্থশালী হয়ে থাকেন না, অর্থের কারণেও অনেকে নির্বাচন থেকে সরে যায়। তবে নির্বাচনে অংশ নিয়ে আবার সরে যাওয়াটা ওই আসনের ভোটাররা ভালোভাবে দেখেন না। নির্বাচন থেকে সরে গেলে প্রার্থীরা অন্য কারও প্ররোচণায় কিংবা সমর্থনে বা আঁতাত করে অথবা ভয়ে সরে গেছে এমন একটা ম্যাসেজ যায়। যা রাজনীতির জন্য সুখবর নয়।’জাতীয় পার্টি শেষ পর্যন্ত নির্বাচনে থাকবে কি না- এমন প্রশ্নের জবাবে তিনি বলেন, ‘নির্বাচন না আসা পর্যন্ত সঠিক করে বলা যাচ্ছে না। নির্বাচনে শেষ পর্যন্ত থাকব কি না সেটা সময়ই বলে দেবে। সেই পর্যন্ত অপেক্ষা করেন।’গণসংযোগকালে উপস্থিত ছিলেন জাতীয় পার্টির কো-চেয়ারম্যান ও রংপুর সিটি করপোরেশনের মেয়র মোস্তাফিজার রহমান মোস্তফা, দলের ভাইস চেয়ারম্যান ও রংপুর মহানগর কমিটির সাধারণ সম্পাদক এস এম ইয়াসীর, কেন্দ্রীয় সাংগঠনিক সম্পাদক ও রংপুর জেলা কমিটির সদস্যসচিব হাজী আব্দুর রাজ্জাক, জাতীয় পার্টির চেয়ারম্যানের উপদেষ্টা আলাউদ্দিন মিয়া প্রমুখ।",0,0,1,1,False
" জাতীয় সংসদ নির্বাচন নিয়ে প্রধান রাজনৈতিক দলগুলোর সঙ্গে কূটনীতিকদের চলমান আলোচনার মধ্যে আজ সোমবার ঢাকা-১৭ আসনে উপনির্বাচন হতে যাচ্ছে। সংসদের বাইরে থাকা বিএনপি এ নির্বাচনে অংশগ্রহণ করছে না। ক্ষমতাসীন আওয়ামী লীগ, সংসদের বিরোধী দল জাতীয় পার্টিসহ নিবন্ধিত ছয়টি দল প্রার্থী দিয়েছে। স্বতন্ত্র প্রার্থী দুজন। জাতীয় নির্বাচনের চার-পাঁচ মাস আগের এ ভোটে হাড্ডাহাড্ডি লড়াইয়ের আভাস না মিললেও সবার দৃষ্টি রাজধানীর অভিজাত এলাকার এ ভোটে। সকাল ৮টা থেকে বিকাল ৪টা পর্যন্ত একটানা ব্যালটে ভোট হবে। সুষ্ঠু নির্বাচন অনুষ্ঠানে সার্বিক প্রস্তুতি নিয়েছে কাজী হাবিবুল আউয়াল কমিশন।রিটার্নিং কর্মকর্তা মো. মুনীর হোসাইন খান বলেন, ১ হাজার ৩৩৯ জন কর্মকর্তা প্রস্তুত ঢাকা-১৭ আসনের নির্বাচনী দায়িত্বে। প্রত্যেক কেন্দ্রে থাকছেন পাঁচজন পুলিশ, দুজন আনসারসহ আইনশৃঙ্খলা বাহিনীর ১৯ সদস্য। ১২৪টি কেন্দ্রের মধ্যে ঝুঁকিপূর্ণ দু-চারটি। নির্বাচনে কোনো রাজনৈতিক চাপ নেই দাবি করে তিনি জানান, মাঠে থাকবে ১০ প্লাটুন বিজিবিসহ ভ্রাম্যমাণ আদালত ও স্ট্রাইকিং ফোর্স।গুলশান-বনানী-ক্যান্টনমেন্ট ও ভাসানটেক নিয়ে গঠিত ঢাকা-১৭ আসনে ভোটার সংখ্যা ৩ লাখ ২৫ হাজার ২০৫ জন। পুরুষ ভোটার ১ লাখ ৭১ হাজার ৬২৫ জন; নারী ১ লাখ ৫৩ হাজার ৫৮০ জন। ভোটকক্ষ ৬০৫টি। এ উপনির্বাচন সিসি ক্যামেরার মাধ্যমে নির্বাচন কমিশন সচিবালয় থেকে সরাসরি পর্যবেক্ষণ করবে ইসি।ঢাকা উত্তর সিটি করপোরেশনের ১৫, ১৮, ১৯ ও ২০ ওয়ার্ড নিয়ে গঠিত এ আসনের একটা বড় অংশ অভিজাত হিসেবে পরিচিত। তবে কড়াইল বস্তিও পড়েছে এ আসনে। এ বস্তিতে প্রায় ২৫ হাজার ভোটার রয়েছে, যাদের কাছে নৌকার প্রার্থীর পাশাপাশি স্বতন্ত্র প্রার্থী হিরো আলমও পরিচিত।সরেজমিনে ভোটারদের সঙ্গে আলোচনা করে এই উপনির্বাচনে তেমন কোনো প্রতিদ্বন্দ্বিতার আভাস মেলেনি। নৌকার প্রার্থী অধ্যাপক মোহাম্মদ এ আরাফাত প্রচারে এগিয়ে। তবে হিরো আলমকে কিছু মানুষ ভোট দিতে পারেন। বিএনপি-জামায়াতের সমর্থকরাও হিরো আলমকে ভোট দেবেন বলে অনেকে ধারণা করছেন। এদিকে নির্বাচনে পুলিশ ও আনসার সদস্যদের সঠিকভাবে দায়িত্ব পালন এবং সরকারি ও ব্যক্তিগত সম্পদের প্রতি সতর্ক থাকার নির্দেশনা দিয়েছেন ঢাকা মেট্রোপলিটন পুলিশের অতিরিক্ত কমিশনার (ক্রাইম অ্যান্ড অপারেশনস) ড. খ. মহিদ উদ্দিন। নির্বাচনকে কেন্দ্র করে যেন আইনশৃঙ্খলা পরিস্থিতির অবনতি না ঘটে, সে লক্ষ্যে সবাইকে সজাগ থাকার আহ্বান জানান তিনি।গতকাল দুপুর সাড়ে ১২টায় রাজধানীর বনানী বিদ্যানিকেতন স্কুল অ্যান্ড কলেজ কেন্দ্র থেকে নির্বাচনী সরঞ্জামাদি বিতরণ করেন রিটার্নিং কর্মকর্তা। ইতোমধ্যে কেন্দ্রে কেন্দ্রে পৌঁছে গেছে ব্যালটবাক্সসহ নির্বাচনী সরঞ্জাম। আজ সকাল ৫টায় দেওয়া হবে ব্যালট পেপার। প্রতিদ্বন্দ্বিতা করছেন- আওয়ামী লীগের প্রার্থী মোহাম্মদ এ আরাফাত, জাতীয় পার্টির (জিএম কাদেরের অনুসারী) সিকদার আনিসুর রহমান (লাঙল), জাকের পার্টির কাজী মো. রাশিদুল হাসান (গোলাপ ফুল), বাংলাদেশ কংগ্রেসের রেজাউল ইসলাম স্বপন (ডাব), বাংলাদেশ সাংস্কৃতিক মুক্তি জোটের মো. আকতার হোসেন (ছড়ি), তৃণমূল বিএনপির শেখ হাবিবুর রহমান (সোনালি আঁশ) এবং স্বতন্ত্র প্রার্থী হিরো আলম (একতারা) ও মো. তারেকুল ইসলাম ভূঞা (ট্রাক)। মোহাম্মদ এ আরাফাত ভোট দেবেন গুলশান-২ নম্বরের গুলশান মডেল হাইস্কুল অ্যান্ড কলেজ কেন্দ্রে। ভোটের কারণে গতকাল মধ্যরাত থেকে আজ সোমবার রাত ১২টা পর্যন্ত নির্বাচনী এলাকায় মোটরসাইকেল, বাস, ট্রাক, মিনিবাস, মাইক্রোবাস, জিপ, পিকআপ, প্রাইভেট কার ও ইজিবাইক চলাচল বন্ধ থাকবে। তবে রিটার্নিং কর্মকর্তার অনুমতিসাপেক্ষে প্রতিদ্বন্দ্বী প্রার্থী ও তাদের নির্বাচনী এজেন্ট, দেশি-বিদেশি পর্যবেক্ষক, সাংবাদিক (পরিচয়পত্র থাকতে হবে), নির্বাচনের কাজে নিয়োজিত কর্মকর্তা-কর্মচারী, আইনশৃঙ্খলা রক্ষাকারী বাহিনীর সদস্য, নির্বাচনের বৈধ পরিদর্শক, অ্যাম্বুলেন্স, ফায়ার সার্ভিস, বিদ্যুৎ, গ্যাস, ডাক, টেলিযোগাযোগ ইত্যাদি কার্যক্রমে ব্যবহারের জন্য উল্লিখিত যানবাহন চলাচলের ক্ষেত্রে নিষেধাজ্ঞা প্রযোজ্য হবে না। জাতীয় মহাসড়ক, বন্দর ও জরুরি পণ্য সরবরাহসহ অন্যান্য জরুরি প্রয়োজনে সংশ্লিষ্ট কর্তৃপক্ষ এরূপ নিষেধাজ্ঞা শিথিলের বিষয়ে প্রয়োজনীয় কার্যকর ব্যবস্থা গ্রহণ করতে পারবেন। উপনির্বাচনে শান্তিপূর্ণ পরিবেশ নিশ্চিত করতে এ সংসদীয় আসনে সাধারণ ছুটি ঘোষণা করা হয়েছে।চিত্রনায়ক আকবর হোসেন পাঠান ফারুক গত ১৫ মে মারা গেলে আসনটি শূন্য হয়।",0,0,1,1,False
" হবিগঞ্জ-২ আসনের (বানিয়াচং-আজমিরিগঞ্জ) জাতীয় পার্টির (জাপা) প্রার্থী শংকর পাল নির্বাচন থেকে সরে দাঁড়িয়েছেন।আজ সোমবার সাংবাদিকদের সঙ্গে আলাপকালে তিনি এ তথ্য জানান। শংকর পাল জাপার কেন্দ্রীয় কমিটির সমবায় বিষয়ক সম্পাদক এবং হবিগঞ্জ জেলা শাখার সাবেক সাধারণ সম্পাদক।নির্বাচনের সুষ্ঠু পরিবেশের অভাব রয়েছে জানিয়ে জাপার এই প্রার্থী বলেন, ‘ক্ষমতাসীনদের পেশিশক্তির প্রভাব আছে। দেশের বিভিন্ন স্থানে যেভাবে সংঘর্ষ-সংঘাত চলছে, তাতে নিজের ও সমর্থকদের জানমাল রক্ষা করা কঠিন। তাই বানিয়াচং-আজমিরীগঞ্জে প্রচারণা থেকে বিরত রয়েছি। ইতিমধ্যে সমর্থকদের জানিয়ে দিয়েছি লাঙল ছাড়া তাদের পছন্দের যেকোনো প্রার্থীকে যেন ভোট দেয়।’শংকর পাল বলেন, ‘প্রয়াত রাষ্ট্রপতি এইচ এম এরশাদ ও তার গড়া জাতীয় পার্টিকে ভালোবাসি বলে এখনো দল করি। জাতীয় পার্টির মনোনয়ন নিয়ে আওয়ামী লীগের সমর্থিত পোস্টার ছাপিয়ে ভোট চাওয়ার লোক আমি নই। তাহলে দলের অবস্থান কোথায় থাকল? আওয়ামী লীগের সমর্থন নিয়ে সাধারণ মানুষের ভোট পাওয়া যাবে না।’দলের শীর্ষ নেতাদের সমালোচনা করে তিনি বলেন, ‘গত নির্বাচনে আমার এজেন্টকে নানাভাবে নাজেহাল করা হয়েছে। কোনো কারণ ছাড়াই দোকান থেকে পুলিশ ধরে নিয়ে গেছে। এর জবাব আজও পাইনি। এবারের নির্বাচনেও যে তা হবে না এর নিশ্চয়তা কোথায়?’ ‘সম্প্রতি হবিগঞ্জে নির্বাচন কমিশনার আনিছুর রহমানের সঙ্গে মতবিনিময়কালে বলেছি, নির্বাচন করতে প্রার্থী হইনি। সাক্ষী হয়ে দেখতে চাই, আপনারা কতটুকু সুষ্ঠু ও নিরপেক্ষ নির্বাচন করছেন। যদি নিরপেক্ষ নির্বাচন হয় তাহলে আগামী নির্বাচনে প্রতিদ্বন্দ্বিতা করব’, যোগ করেন শংকর পাল। নির্বাচন কমিশন সূত্রে জানা যায়, এ আসনে আওয়ামী লীগ, একই দলের স্বতন্ত্র প্রার্থীসহ মোট ৯ জন প্রতিদ্বন্দ্বিতা করছেন।",0,0,1,1,False
" কক্সবাজার-১ আসনে কল্যাণ পার্টির চেয়ারম্যান হাতঘড়ি মার্কার প্রার্থী সৈয়দ মোহাম্মদ ইব্রাহিমের নির্বাচনী প্রচারণার অফিস পুড়িয়ে দিয়েছে দুর্বৃত্তরা।এ সময় আগুনে একটি দোকানও পুড়ে গেছে।গতকাল রবিবার গভীর রাতে চকরিয়া উপজেলার কৈয়ারবিল ইউনিয়নের খোজাখালী এলাকায় এ ঘটনা ঘটে। চকরিয়ার ইউএনও মো. ফখরুল ইসলাম বিষয়টি নিশ্চিত করেছেন। কল্যাণ পার্টির চেয়ারম্যান সৈয়দ মোহাম্মদ ইব্রাহিম অভিযোগ করেন, রবিবার গভীর রাতে চকরিয়ার কৈয়ারবিল ইউনিয়নের খোজাখালী সিএনজি স্টেশনের কাছে হাতঘড়ি মার্কার নির্বাচনী প্রচারণার অফিসে কে বা কারা আগুন লাগিয়ে পালিয়ে যায়। পরে স্থানীয় লোকজন চকরিয়া উপজেলার ফায়ার সার্ভিস স্টেশনকে খবর দেয়। খবর পেয়ে ফায়ার সার্ভিসের কর্মীরা ঘটনাস্থলে পৌঁছে আগুন নিয়ন্ত্রণে আনে।  তবে তার আগেই আগুনে একটি সার ও কীটনাশকের দোকান এবং নির্বাচনী অফিস সম্পূর্ণ পুড়ে যায়। আগুনে দোকানের মালামাল ছাড়াও নির্বাচনী অফিসের পোস্টার লিফলেটসহ প্রচুর নির্বাচনী সরঞ্জাম পুড়ে গেছে, বলেন হাতঘড়ি মার্কার এই প্রার্থী। এ ব্যাপারে ইউএনও ফখরুল বলেন, সকালে ঘটনার খবর পেয়ে তিনিসহ পুলিশের একটি দল ঘটনাস্থল পরিদর্শন করেছেন। আগুনে হাতঘড়ি প্রতীকের নির্বাচনী অফিস ও একটি ব্যবসা প্রতিষ্ঠান পুড়ে গেছে। কে বা কারা আগুন লাগিয়ে তা এখনো নিশ্চিত হওয়া যায়নি। ঘটনার ব্যাপারে নির্বাচনী দায়িত্বে থাকা বিচারিক হাকিমকে অবহিত এবং জড়িতদের চিহ্নিত করে ব্যবস্থা নিতে পুলিশকে নির্দেশনা হয়েছে বলেও জানান এই কর্মকর্তা। চকরিয়া থানার ভারপ্রাপ্ত কর্মকর্তা (ওসি) শেখ মোহাম্মদ জানান, ঘটনায় জড়িতদের চিহ্নিত করে গ্রেপ্তারে পুলিশ অভিযান চালাচ্ছে।",0,0,1,1,False
" প্রধান নির্বাচন কমিশনার (সিইসি) কাজী হাবিবুল আউয়াল বলেছেন, ‘নির্বাচন কমিশন চাইলে নির্বাচন পিছিয়ে দিতে পারে এটি ভুল ধারণা, নির্বাচন পেছানোর এখতিয়ার কমিশনের নেই।’আজ সোমবার রাজধানীর বঙ্গবন্ধু আন্তর্জাতিক সম্মেলন কেন্দ্রে আসন্ন দ্বাদশ সংসদ নির্বাচন উপলক্ষে জুডিসিয়াল ম্যাজিস্ট্রেটদের প্রশিক্ষণ উদ্বোধন অনুষ্ঠানে তিনি এ কথা বলেন।হাবিবুল আউয়াল বলেন, ‘২০১৮ সালের নির্বাচন নিয়ে বিতর্ক আছে; তবে গণতন্ত্র এখনো নিরবচ্ছিন্ন হয়নি। নির্বাচন পেছানোর এখতিয়ার নির্বাচন কমিশনের নেই।’সিইসি বলেন, ‘৪২ থেকে ৪৩ হাজার কেন্দ্রে একই দিনে নির্বাচন অনুষ্ঠিত হবে। এখানে কাজের ক্ষেত্র অনেক বিস্তৃত। তাই অনেককে এখানে দায়িত্ব পালন করতে হয়। আমরা নির্বাচন কমিশনে দায়িত্ব পালন করছি। সর্বোচ্চ দায়িত্ব এ কমিশনকে দেওয়া হয়েছে। কিন্তু নির্বাচন কমিশন কখনো একক সিদ্ধান্তে একটি নির্বাচন আয়োজন করতে পারে না।’তিনি বলেন, ‘ইন্টারন্যাশনাল কমিউনিটিকে দেখাতে হবে নির্বাচনটা অবাধ ও সুষ্ঠু হয়েছে।’কাজী হাবিবুল আউয়াল বলেছেন, ‘সহিংস পন্থায় যদি নির্বাচনের বিরুদ্ধাচরণ করা হয় বা ভোটারদের বাধা দেওয়া হয়, তাহলে অবশ্যই সংকট দেখা দেবে। তবে সেই সংকট মোকাবিলা করতে হবে। কারণ, নির্ধারিত সময়ে ও নির্ধারিত পদ্ধতিতে নির্বাচন করতে হবে। এখানে প্রতিরোধ আসতে পারে, তারপরও দায়িত্ব পালন করতে হবে।’",0,0,1,1,False
" চাঁপাইনবাবগঞ্জ-১ (শিবগঞ্জে) আসনের স্বতন্ত্র প্রার্থী ও আওয়ামী লীগ নেতা সৈয়দ নজরুল ইসলামের ট্রাক প্রতীকের নির্বাচনী অফিস আগুন দিয়ে পুড়িয়ে দিয়েছে দুর্বৃত্তরা। গতকাল রবিবার দিবাগত রাত ২টার পর কানসাট ইউনিয়নের ৯ নম্বর ওয়ার্ডের মহিলা বাজারে এ ঘটনা ঘটে।আজ সোমবার বিষয়টি নিশ্চিত করেছেন সংশ্লিষ্ট ওয়ার্ড ট্রাক প্রতীকের নির্বাচন পরিচালনা কমিটির আহ্বায়ক মো. রাজিন সালেহ বাবুল। পুলিশ বলছে, নির্বাচন বানচালকারী কোনো একটি পক্ষ এ কাজ করে থাকতে পারে।রাজিন সালেহ বাবুল জানান, রাতে অফিস বন্ধ করে নেতাকর্মীরা বাসায় চলে গেলে দুর্বৃত্তরা আগুন লাগিয়ে দেয়। এতে পুরো অফিসটি পুড়ে যায়। অফিসে থাকা মাইকের মেশিন, চেয়ার-টেবিল ও প্রচার সামগ্রী পুড়ে গেছে। ঘটনাটি পুলিশ ও সহকারী রিটার্নিং কর্মকর্তাকে জানানো হয়েছে।চাঁপাইনবাবগঞ্জ-১ (শিবগঞ্জ) আসনের স্বতন্ত্র প্রার্থী ও জেলা আওয়ামী লীগের সহসভাপতি সৈয়দ নজরুল ইসলাম বলেন, সম্প্রতি তার একাধিক অফিসে আগুন দেওয়ার ঘটনা ঘটলেও এখন পর্যন্ত কেউ গ্রেপ্তার হয়নি। এ সময় তিনি তার কর্মীদের ওপর হামলার ঘটনাও ঘটেছে বলে জানান।শিবগঞ্জ থানার ভারপ্রাপ্ত কর্মকর্তা (ওসি) মো. সাজ্জাদ হোসেন বলেন, ট্রাক প্রতীকের অফিসে আগুন দেওয়ার খবর পেয়ে ঘটনাস্থলে পুলিশ পাঠানো হয়েছে। এ ঘটনায় তদন্ত করে দোষীদের বিরুদ্ধে আইনি ব্যবস্থা নেওয়া হবে। ধারণা করা হচ্ছে যারা নির্বাচন বানচালের জন্য আন্দোলন করছে, তারাই অফিসে আগুন দিয়ে সহিংসতা চালাচ্ছে। তাদের শিগগিরই শনাক্ত করে আইনের আওতায় আনা হবে।",0,0,1,1,False
" নাটোর-২ আসনে আওয়ামী লীগের মনোনীত প্রার্থী মো. শফিকুল ইসলাম শিমুলের নৌকা প্রতীকের নির্বাচন পরিচালনা ক্যাম্পে আগুন লাগিয়ে পুড়িয়ে দিয়েছে দুর্বৃত্তরা।আজ সোমবার ভোররাতে পৌরসভা চৌমহনী মহল্লায় এ ঘটনা ঘটে।স্থানীয়রা জানান, নৌকার সমর্থকরা গতকাল রবিবার রাতে নির্বাচন ক্যাম্পিং শেষে বাড়ি যান। আজ ভোররাতের দিকে দুর্বৃত্তরা ক্যাম্পে আগুন দেয়। ভোরে মুসুল্লিরা নামাজে যাওয়ার পথে আগুন দেখতে পেলে স্থানীয়দের সহযোগিতায় আগুন নিয়ন্ত্রণে আনে।আগুনে ক্যাম্পে থাকা ১০টি চেয়ারের মধ্যে পাঁচটি সম্পূর্ণ আর বাকি পাঁচটি আংশিক পুড়ে গেছে। এ ছাড়া ক্যাম্পের চারিদিকে থাকা কাপড়ের পর্দাগুলোও পুড়ে যায়। ঘটনার সত্যতা নিশ্চিত করে নাটোর সদর থানার ভারপ্রাপ্ত কর্মকর্তা (ওসি) মিজানুর রহমান জানান, স্থানীয় লোকজনের মারফত শুনেছেন। ঘটনাস্থলে পুলিশ পাঠানো হয়েছে।নাটোর-২ আসনের রিটার্নিং কর্মকর্তা আবু নাছের ভুঁইয়া জানান, ক্যাম্পে আগুন দেওয়ার ঘটনা তিনি জেনেছেন। তদন্ত করে প্রয়োজনীয় ব্যবস্থা নথা নেবেন বলে জানান তিনি।  ",0,0,1,1,False
" নির্বাচন বর্জন ও অসহযোগ আন্দোলনের ডাকে জনসাধারণের মাঝে বিজয়নগর এলাকায় লিফলেট বিতরণ ও গণসংযোগ এবং পুরানা পল্টন মোড় থেকে দৈনিক বাংলা মোড় পর্যন্ত প্রতিবাদ র‌্যালি করেছে ছাত্রদলের নেতাকর্মীরা।আজ সোমবার ঢাকা বিশ্ববিদ্যালয় ছাত্রদলের সাবেক আহ্বায়ক, ছাত্রদল কেন্দ্রীয় সংসদের সিনিয়র যুগ্ম সাধারণ সম্পাদক মো. রাকিবুল ইসলাম রাকিবের নেতৃত্বে এই কর্মসূচি পালিত হয়। এ সময় আরও উপস্থিত ছিলেন- বাংলাদেশ জাতীয়তাবাদী ছাত্রদল কেন্দ্রীয় সংসদের সদস্য মো. অলিউজ্জামান সোহেল, সদস্য ও বেগম বদরুন্নেসা সরকারি মহিলা কলেজের সদস্যসচিব মাকসুদা রিমা, ঢাকা বিশ্ববিদ্যালয় ছাত্রদলের যুগ্ম সাধারণ সম্পাদক মো. মাসুম বিল্লাহ, জগন্নাথ বিশ্ববিদ্যালয় ছাত্রদলের সহসভাপতি মহিউদ্দিন রুবেল, ঢাকা কলেজ ছাত্রদলের সহসভাপতি ইব্রাহীম কার্দী, সহসভাপতি শাহাদাত হোসেন মানিক, বেসরকারি বিশ্ববিদ্যালয় ছাত্রদলের যুগ্ম সাধারণ সম্পাদক সেলিম মাহমুদ, যুগ্ম সাধারণ সম্পাদক সুলতানা আক্তার মিম, যুগ্ম সাধারণ সম্পাদক আরিফুল ইসলাম, সহ নাট্যবিষয়ক সম্পাদক মুনতাসীর মামুন, ঢাকা ইন্টারন্যাশনাল ইউনিভার্সিটি ছাত্রদলের সিনিয়র যুগ্ম আহ্বায়ক রাকিবুল হাসান চাঁদ, কবি নজরুল সরকারি কলেজ ছাত্রদলের সহসভাপতি মো. মজিবুল হক রিপন, সহসভাপতি মাহমুদ ভূঁইয়া, সহসভাপতি শাহাদাৎ হোসেন শাহেদ, যুগ্ম সম্পাদক মেহেদী হাসান আবির, যুগ্ম সম্পাদক আহমদ উল্লাহ, যুগ্ম সম্পাদক আব্দুর রহিম, ঢাকা মহানগর পূর্ব ছাত্রদলের সাদিকা তামান্না রেমি, তেজগাঁও কলেজ ছাত্রদলের সহ সাধারণ সম্পাদক শাকিল মাহমুদ, ঢাকা মহানগর পশ্চিম ছাত্রদলের শফিকুল ইসলাম ভূইয়া, ঢাকা মহানগর দক্ষিণ ছাত্রদলের মো. টগর প্রধান, মো. রাসেল, হাম্মাদুর রহমান, জুয়েল প্রধান প্রমুখ নেতৃবৃন্দ",0,0,1,1,False
" শরীয়তপুর-২ (নড়িয়া-সখিপুর) আসনে ঈগল প্রতীকের স্বতন্ত্র প্রাথী খালেদ শওকত আলীর আশ্রয়-প্রশ্রয়ে বিএনপি-জামায়াতের ক্যাডাররা নির্বাচনী প্রচারণায় ককটেল নিক্ষেপ, চোরাগুপ্তা হামলা ও নৌকার নির্বাচনী অফিস ভাঙচুরসহ সহিংসতায় লিপ্ত রয়েছে বলে অভিযোগ করেছেন নৌকা প্রতীকের প্রার্থী একেএম এনামুল হক শামীমের নির্বাচন পরিচালনা কমিটির প্রধান সমন্বয়কারী নড়িয়া পৌরসভার মেয়র, জেলা আওয়ামী লীগের আইন বিষয়ক সম্পাদক অ্যাডভোকেট আবুল কালাম আজাদ।আজ রবিবার দুপুরে নড়িয়া উপজেলা আওয়মী লীগ কার্যালয়ে সংবাদ সম্মেলনে এসব অভিযোগ করেন তিনি।তিনি বলেন, নির্বাচনকে সামনে রেখে বিভিন্ন এলাকা থেকে বিএনপি-জামায়াতের ক্যাডাররা এসে জড়ো হচ্ছে নড়িয়াতে। নির্বাচনকে বানচাল ও প্রশ্নবিদ্ধ করতে ককটেল বিষ্ফোরণ ও চোরাগুপ্তা হামলাসহ নানা সন্ত্রাসী কর্মকাণ্ড চালাচ্ছেন তারা। গত ১ সপ্তাহে নৌকার নির্বাচনী অফিস পুড়িয়ে দেওয়া, মিছিলে ককটেল ও বোমা নিক্ষেপ, চোরাগুপ্তা হামলাসহ বহু ছাত্রলীগ ও যুবলীগের নেতাকর্মীরা আহত হয়ে চিকিৎসাধীন রয়েছেন।তিনি বলেন, গতকাল শনিবার রাতে শরীয়তপুর ২ নির্বাচনী এলাকার মূলফৎগঞ্জ বাঁশতলা বাজারে সংঘর্ষের ঘটনা ঘটে। এখানে ককটেল হামলায় প্রায় ১০ জন আহত হয়েছেন। আহতদের শরীয়তপুর সদর হাসপাতালে ও অন্যান্য স্বাস্থ্য কেন্দ্রে চিকিৎসা দেওয়া হচ্ছে। এর আগে স্বতন্ত্র প্রার্থীর সমর্থকদের বোমা হামলায় নড়িয়া উপজেলা ছাত্রলীগের সভাপতি আসাদুজ্জামান বিপ্লবসহ অন্তত ১০ জন নেতাকর্মী গুরুতর আহত হয়ে চিকিৎসাধীন রয়েছেন। এসব বিষয়ে রিটার্নিং কর্মকর্তা বরাবর ২৩টি লিখিত অভিযোগ করা হলেও মাত্র ৫টির বিষয়ে শুনানি করে প্রয়োজনীয় ব্যবস্থা নেওয়া হয়েছে।নৌকা প্রতীকের সমর্থকদের দাবি, নির্বাচনের পরিবেশ নষ্ট ও প্রশ্নবিদ্ধ করতে নিজেরাই নিজেদের মধ্যে বিভিন্ন নাশকতা ও সংঘর্ষ ঘটাচ্ছে। এর মধ্যে বিএনপি-জামায়াতের ক্যাডাররা জড়িত রয়েছে।সংবাদ সম্মেলনে আওয়ামী লীগের কেন্দ্রীয় বিজ্ঞান ও প্রযুক্তি বিষয়ক উপকমিটির সদস্য জহির সিকদার, বন ও পরিবেশ উপকমিটির সদস্য সৈয়দ হেমায়েত হোসেন, নড়িয়া উপজেলা আওয়ামী লীগের সভাপতি বীর মুক্তিযোদ্ধা ফজলুল হক মাল, সাধারণ সম্পাদক মাস্টার হাসানুজ্জামান খোকন, নড়িয়া পৌরসভার সাবেক মেয়র শহীদুল ইসলাম বাবু রাড়ী, উপজেলা পরিষদের ভাইস চেয়ারম্যান জাকির বেপারী, নড়িয়া পৌরসভা আওয়ামী লীগের সভাপতি শহিদুল ইসলাম সরদার, সাধারণ সম্পাদক জাফর শেখসহ দলীয় নেতাকর্মীরা উপস্থিত ছিলেন।তবে স্বতন্ত্র প্রার্থী খালেদ শওকত আলীর দাবি, শনিবার সন্ধ্যায় মূলফৎগঞ্জ বাজার এলাকায় ঈগল প্রতীকের গণসংযোগকালে নৌকার সমর্থকরা দেশীয় অস্ত্র ও ককটেল নিয়ে হামলা চালান।এদিকে পরিস্থিতি নিয়ন্ত্রণে রাখতে নড়িয়াতে অতিরিক্ত পুলিশ মোতায়েন করা হয়েছে।",0,0,1,1,False
" বিএনপি নির্বাচনে আসার জন্য দর কষাকষি করেছে বলে মন্তব্য করেছেন আইনমন্ত্রী আনিসুল হক। বিএনপি পেছনের দরজা ছাড়া আর কিছু বোঝে না। কথায় আছে নাÑ এমন দাম চাইব কেউ আর কিনতে পারবে না। তাই তারা অজুহাত দেখিয়ে নির্বাচনে আসতে চাইছে না। ২০১৪ সালে বিএনপি-জামায়াতের বাধার মুখে ভোট হয়েছে। ২০১৮ সালেও ভোট হয়েছে এবং দেশে-বিদেশে গ্রহণযোগ্যতা পেয়েছে। ১৯৯৬ সালে বিএনপি একটি প্রহসনের নির্বাচন করে সরকার গঠন করেছিল, যা আন্দোলনের মুখে দেড় মাসও টিকেনি। ২০১৮ সালে আমার বিরুদ্ধে লন্ডনে বসে পর পর চারজনকে মনোনয়ন দিয়েছিল। এমনিভাবে সারাদেশেই একাধিক মনোনয়ন দিয়ে বাণিজ্য করে তারেক জিয়া শত শত কোটি টাকা পাচার করে নিয়ে গেছে। গতকাল রবিবার দুুপুরে ব্রাহ্মণবাড়িয়া-৪ (কসবা-আখাউড়া) কসবা উপজেলার গোপিনাথপুর ইউনিয়নের জয়নগর বাজারে নিজ নির্বাচনী এলাকায় গণসমাবেশে তিনি এসব কথা বলেন। মন্ত্রী বলেন, আগামী ৭ জানুয়ারি যে জাতীয় নির্বাচন হবে বিএনপি-জামায়াত নির্বাচন বন্ধ করার চেষ্টা করবে। আপনারা এক বাক্যে বলে দেবেনÑ আমরা নির্বাচন বন্ধ করার চেষ্টাকে মানি না। তাই আপনারা কেন্দ্রে গিয়ে ভোট দেবেন। সারাবিশ্ব দেখতে চায়Ñ আপনারা আমাদের ভালোবাসেন কিনা।আইনমন্ত্রী জনগণের উদ্দেশ্যে বলেন, আপনারা দেশে বিশৃঙ্খলা সৃষ্টি করার সুযোগ দেবেন না। দেশকে পিছিয়ে নেওয়ার সুযোগ দেবেন না। দেশকে যাতে এগিয়ে নেওয়া যায়, সেই চেষ্টা করতে হবে। আপনারা আমাদের ভোট দিয়ে সেই সুযোগই সৃষ্টি করবেন। প্রধানমন্ত্রী শেখ হাসিনা দেশকে সারাবিশ্বে উন্নয়নের রোল মডেল বানিয়েছেন। আমরা চাই বাংলাদেশ আরও উন্নত হোক। আমরা চাই ২০৪১ সালে বাংলাদেশ সারাবিশ্বে উন্নত বাংলাদেশের মর্যাদা লাভ করুক। আপনাদের সহযোগিতায় বাংলাদেশ তাই হবে ইনশাআল্লাহ।",0,0,1,1,False
" রাজশাহী-১ (তানোর-গোদাগাড়ী) আসনের স্বতন্ত্র প্রার্থী চিত্রনায়িকা মাহিয়া মাহির নির্বাচনী অফিসে অগ্নিসংযোগের ঘটনা ঘটেছে।গতকাল শনিবার দিবাগত রাত ২টার দিকে গোদাগাড়ী উপজেলার দেওপাড়া ইউনিয়নের ভাগাইল গ্রামের নির্বাচনী অফিসে এ অগ্নিসংযোগের ঘটনা ঘটে।গোদাগাড়ী মডেল থানার ভারপ্রাপ্ত কর্মকর্তা (ওসি) আব্দুল মতিন বিষয়টি নিশ্চিত করেছেন। তিনি জানান, পুলিশ ঘটনাস্থল পরিদর্শন করেছে। অফিসের সামনের অংশে আগুনের আলামত পাওয়া গেছে। প্রার্থী এখন পর্যন্ত কোনো অভিযোগ দেননি। অভিযোগ পেলে তদন্ত সাপেক্ষে আইনানুগ ব্যবস্থা গ্রহণ করা হবে।অগ্নিসংযোগের ঘটনায় থানায় লিখিত অভিযোগের প্রস্তুতি চলছে জানিয়ে মাহিয়া মাহি বলেন, ‘আমাকে পরিকল্পিতভাবে যেখানে সেখানে হেনস্তার চেষ্টা করা হচ্ছে। ’এর আগে শুক্রবার রাতে নৌকার প্রার্থী এমপি ওমর ফারুক চৌধুরীর লোকজন বাধা দেওয়ার চেষ্টা করছে বলে অভিযোগ করেন মাহি। সে সময় তিনি বলেন, ‘পরিকল্পিতভাবে আমাকে হেনস্তা করার চেষ্টা করা হচ্ছে। চৌধুরীর লোকজন আমাকে বাধা দিচ্ছে।’ ওইদিন নির্বাচনী মাঠে নিজের নিরাপত্তা নিয়ে শঙ্কাও প্রকাশ করেন মাহি।উল্লেখ্য, রাজশাহী- (তানোর গোদাগাড়ী) আসনে স্বতন্ত্র প্রার্থী হিসেবে ট্রাক প্রতীকে ভোট করছেন ঢাকাই সিনেমার ‘অগ্নিকন্যা’খ্যাত নায়িকা মাহিয়া মাহি। এই আসনে আওয়ামী লীগ মনোনীত প্রার্থী ওমর ফারুক চৌধুরী এমপি। এ ছাড়া এ আসনে পররাষ্ট্র প্রতিমন্ত্রী শাহরিয়ার আলমের সহধর্মিনী শাহনেওয়াজ আয়েশা আখতার জাহান ডালিয়াসহ ১১ জন প্রার্থী প্রতিদ্বন্দ্বিতা করছেন। ",0,0,1,1,False
" নির্বাচন কমিশনের কঠোর অবস্থানের মধ্যেই দ্বাদশ সংসদ নির্বাচনকে কেন্দ্র করে সহিংসতা চলছে। বেশির ভাগ ঘটনা ঘটছে ক্ষমতাসীন দল আওয়ামী লীগের প্রার্থী ও একই দল থেকে স্বতন্ত্র প্রার্থী হওয়া আওয়ামী লীগ নেতাদের কর্মী-সমর্থকদের মধ্যে। সহিংসতার শিকার হচ্ছেন প্রতিদ্বন্দ্বী প্রার্থী ও তাদের সমর্থকরা। আগুন দেওয়া হচ্ছে নির্বাচনী ক্যাম্পে। রাতের আঁধারে ভেঙে ফেলা হচ্ছে নির্বাচনী ক্যাম্প। এ ছাড়া প্রতিপক্ষ প্রার্থীকে দেওয়া হচ্ছে নানা রকম হুমকি। সর্বশেষ আরও ১০ জেলা থেকে সহিংসতারখবর পাওয়া গেছে। জেলাগুলো হচ্ছে- চট্টগ্রাম, রাজশাহী, নোয়াখালী, লক্ষ্মীপুর, রাজবাড়ী, নেত্রকোনা, কুষ্টিয়া, ময়মনসিংহ, কুড়িগ্রাম ও শরীয়তপুর। এসব জেলায় ধাওয়া পাল্টাধাওয়া ও সংঘর্ষে আহত হয়েছেন নৌকা ও স্বতন্ত্র প্রার্থীদের অর্ধশতাধিক কর্মী-সমর্থক। জয়পুরহাটে এবার নৌকা সমর্থক আওয়ামী লীগ নেতাদের লাঞ্ছিত করার অভিযোগ পাওয়া গেছে। শরীয়তপুর-২ আসনে নৌকার সমর্থকদের ওপর হামলা ও ক্যাম্প পোড়ানোর অভিযোগ করা হয়েছে। ব্যুরো প্রধান, জেলা ও উপজেলা প্রতিনিধিদের পাঠানো খবর-রাজশাহী : রাজশাহী-৪ আসনের বাগমারায় গতকাল বিকালে স্বতন্ত্র প্রার্থী ও বর্তমান এমপি ইঞ্জিনিয়ার এনামুল হকের নির্বাচনী প্রচারে হামলা চালায় নৌকার কর্মীরা। এতে উভয়পক্ষের মধ্যে সংঘর্ষ বেধে যায়। এ ঘটনায় অন্তত ২০ জন আহত হন। পরে বিজিবি ও পুলিশ ঘটনাস্থলে অ্যাকশনে নামে। ঘটনাস্থল থেকে নৌকার দুই কর্মীকে আটক করে পুলিশ। প্রত্যক্ষদর্শীরা জানায়, বাগমারা গনিপুর ইউনিয়নের মাদারীগঞ্জ এলাকার হাসনীপুর বাজারে বিপুলসংখ্যক নেতাকর্মী নিয়ে নির্বাচনী প্রচার করছিলেন কাঁচি প্রতীকের স্বতন্ত্র প্রার্থী এনামুল হক এমপি। এ সময় অতর্কিতভাবে গনিপুর ইউপি আওয়ামী লীগের সাধারণ সম্পাদক শামসুল ও রহিদুলের নেতৃত্বে নৌকার একদল কর্মী নৌকার সেøাগান দিতে শুরু করে। এক পর্যায়ে তারা এনামুলের প্রচারবহর লক্ষ্য করে ইটপাটকেল ছোড়া শুরু করে। পরে তারা লাঠিসোটা নিয়ে এগিয়ে এলে উভয়পক্ষের মধ্যে ধাওয়া পাল্টাধাওয়া ও সংঘর্ষ শুরু হয়।এদিকে রাজশাহী-১ (তানোর-গোদাগাড়ী) আসনের স্বতন্ত্র প্রার্থী চিত্রনায়িকা মাহিয়া মাহির নির্বাচনী অফিসে অগ্নিসংযোগের ঘটনা ঘটে। গত শনিবার রাত ২টার দিকে গোদাগাড়ী উপজেলার দেওপাড়া ইউনিয়নের ভাগাইল গ্রামের নির্বাচনী অফিসে এ ঘটনা ঘটে। গোদাগাড়ী মডেল থানার ভারপ্রাপ্ত কর্মকর্তা (ওসি) আব্দুল মতিন বিষয়টি নিশ্চিত করে জানান, পুলিশ ঘটনাস্থল পরিদর্শন করেছে। অফিসের সামনের অংশে আগুনের আলামত পাওয়া গেছে। প্রার্থী এখন পর্যন্ত অভিযোগ দেননি। অভিযোগ পেলে তদন্তসাপেক্ষে আইনানুগ ব্যবস্থা গ্রহণ করা হবে। থানায় অভিযোগের প্রস্তুতি চলছে জানিয়ে মাহিয়া মাহি বলেন, আমাকে পরিকল্পিতভাবে যেখানে-সেখানে হেনস্তার চেষ্টা করা হচ্ছে।নোয়াখালী : নোয়াখালী-১ (চাটখিল-সোনাইমুড়ী) আসনে বাংলাদেশ কংগ্রেসের প্রার্থী আবু নাছের ওয়াহেদ ফারুকের (ডাব প্রতীক) নির্বাচনী গণসংযোগে হামলা করে ছাত্রলীগ। গত শনিবার (৩০ ডিসেম্বর) সন্ধ্যায় চাটখিল উপজেলার পরকোট ইউনিয়নের দশগরিয়া বাজারে নির্বাচনী গণসংযোগ চালাতে গিয়ে এই হামলার শিকার হন ডাব প্রতীকের প্রার্থীসহ উপস্থিত সমর্থকরা। পুলিশ অভিযোগ পেয়ে তাৎক্ষণিক অভিযান চালিয়ে স্থানীয় পরকোট ইউনিয়ন ছাত্রলীগের সভাপতি হাবিব আদনান ও সাধারণ সম্পাদক রফিকুল ইসলাম রাফিকে আটক করে থানায় নিয়ে আসে।রামগঞ্জ (লক্ষ্মীপুর) : স্বতন্ত্র প্রার্থী হাবীবুর রহমান পবনের ঈগল সমর্থনে গণসংযোগকালে রামগঞ্জ উপজেলার ভোলাকোট ইউনিয়ন পরিষদের চেয়ারম্যান আলহাজ মোহাম্মদ দেলোয়ার হোসেন দেলুসহ প্রায় ১০ জনকে পিটিয়ে জখম করার অভিযোগ ওঠে। ঘটনাটি ঘটেছে গত শনিবার সন্ধ্যা সাড়ে ৭টায় উপজেলার ভোলাকোট ইউনিয়নের নাগমুদ বাজারের উত্তরে সেলিম মাস্টার বাড়ির সামনে। আহতদের মধ্যে রয়েছেন- চেয়ারম্যান আলহাজ দেলোয়ার হোসেন দেলু, সিএনজিচালক তাজুল ইসলাম, ঈগলের কর্মী রাসেল হোসেন, দুলাল খলিফা, জুয়েল হোসেন, হানিফ মিয়া, রুবেল হোসেন, আব্দুল মোতালেব ও বিল্লাল হোসেন ফজলু। এ ঘটনায় দেলোয়ার হোসেন দেলু রিটার্নিং অফিসারসহ নির্বাচন মনিটরিং সেলে লিখিতভাবে অভিযোগ করেন।রাজবাড়ী : রাজবাড়ী-২ (পাংশা, বালিয়াকান্দি, কালুখালী) আসনের স্বতন্ত্র প্রার্থী নুরে আলম সিদ্দিকী হকের ঈগল প্রতীকের নির্বাচনী ক্যাম্পে ককটেল বিস্ফোরণ ঘটিয়ে আতঙ্ক সৃষ্টি ও কর্মীকে মারধরের অভিযোগ উঠেছে। রবিবার দুপুরে ওই প্রার্থী রাজবাড়ী রিটার্নিং অফিসার ও জেলা প্রশাসকের কাছে এ অভিযোগ করেন। নুরে আলম সিদ্দিকী হক বলেন, নির্বাচনে প্রচার শুরু হওয়ার পর থেকে একটি পক্ষ নির্বাচনকে বাধাগ্রস্ত করার জন্য নানাভাবে পাঁয়তারা করছে। প্রতিনিয়ত কর্মীদের ওপর হামলা, হুমকি-ধমকি দিচ্ছে। প্রচারে বাধা দিচ্ছে। গত শনিবার রাত সাড়ে ১০টার দিকে কালুখালী উপজেলার মৃগী ইউনিয়নের গাংবথুনদিয়া গ্রামের প্রধান নির্বাচনী ক্যাম্পের অদূরে ১০০ গজের মধ্যে মৃগী ইউনিয়ন পরিষদের চেয়ারম্যান আব্দুল মতিনের নেতৃত্বে বেশ কয়েকটি ককটেলের বিস্ফোরণ ঘটানো হয়।কুষ্টিয়া : সদর উপজেলার আইলচারা ইউনিয়নের বড় আইলচারা বাক্সব্রিজ মোড়ে স্বতন্ত্র প্রার্থী মো. পারভেজ আনোয়ার তনুর ঈগল প্রতীকের অফিস ভেঙে দেয় দুষ্কৃতকারীরা। শনিবার গভীর রাতে এ ঘটনা ঘটানো হয়। ঈগলের কর্মীরা অভিযোগ করেন, তাদের প্রার্থী পারভেজ আনোয়ার তনুর ওই নির্বাচনী অফিসে গভীর রাত পর্যন্ত তারা ছিলেন। রাতে চলে যাওয়ার পরেই প্রতিপক্ষের কর্মীরা অফিসের ব্যানার, পোস্টারসহ আসবাবপত্র নিয়ে যায়। পরে অফিস ভেঙে তাদের বিভিন্নভাবে হুমকি দিচ্ছে। এ আসনে নৌকার প্রার্থী আওয়ামী লীগের যুগ্ম সাধারণ সম্পাদক মাহবুব-উল আলম হানিফ।নেত্রকোনা : দ্বাদশ সংসদ নির্বাচনে নেত্রকোনা-৩ আসনের স্বতন্ত্র প্রার্থী ও সাবেক সংসদ সদস্য ইফতেখার উদ্দিন তালুকদার পিন্টুর ট্রাক প্রতীকের মিছিলে হামলায় আরাফাত নামে এক শিশু আহত হয়। গত শনিবার সন্ধ্যায় কেন্দুয়া উপজেলার আশুজিয়া ইউনিয়নে মিয়ারগাতী বাজারে এ ঘটনা ঘটে। ঘটনার জন্য ট্রাক সমর্থক নৌকার প্রার্থী অসীম কুমার উকিল এমপির সমর্থকদের দায়ী করা হয়েছে। আহত আরাফাত বলাইশিমুল ইউনিয়নের মো. হলুদ মিয়ার ছেলে। কেন্দুয়া থানার ওসি মো. এনামুল হক জানান, লিখিত অভিযোগ পেলে আইনগত ব্যবস্থা নেওয়া হবে। স্বতন্ত্র প্রার্থী পিন্টু কেন্দুয়া উপজেলা আওয়ামী লীগের সহসভাপতি।ভালুকা (ময়মনসিংহ) : ভালুকায় স্বতন্ত্র প্রার্থী আব্দুল ওয়াহেদের (ট্রাক) নির্বাচনী ক্যাম্পে হামলা, ভাঙচুর, আগুন, মারপিট ও লুটপাটের ঘটনা ঘটেছে। গত শনিবার রাতে উপজেলার ধলিয়া বাজারে এ ঘটনা ঘটে। এতে সাবেক ইউপি চেয়ারম্যানহ প্রায় ৯ জন আহত হন। আহত কয়েকজনকে ভালুকা উপজেলা স্বাস্থ্য কমপ্লেক্সে ও ময়মনসিংহ মেডিক্যাল কলেজ হাসপাতালে ভর্তি করা হয়েছে। এ ঘটনায় উপজেলা ছাত্রলীগের সাবেক সভাপতি ইফতেখার আহমদ সুজন বাদী হয়ে ২৪ জনের নাম উল্লেখ করে ও অজ্ঞাত ১২০ জনকে আসামি দিয়ে থানায় মামলা দায়ের করেন। এদিকে ক্যাম্পে হামলা ও আগুন দেওয়ার প্রতিবাদে ও সহকারী রিটার্নিং কর্মকর্তার অপসারণ দাবিতে স্বতন্ত্র প্রার্থীর (ট্রাক) পক্ষে গতকাল দুপুরে ভালুকা ওয়াহেদ টাওয়ারের তৃতীয় তলায় সংবাদ সম্মেলন অনুষ্ঠিত হয়। উল্লেখ, প্রার্থী ওয়াহেদ জেলা আওয়ামী লীগের সহসভাপতি।নাগেশ্বরী (কুড়িগ্রাম) : কুড়িগ্রাম-১ আসনের নাগেশ^রীতে জাকের পার্টির পথসভায় হামলার অভিযোগ পাওয়া গেছে। গত শনিবার রাত ৮টায় উপজেলার হাসনাবাদ ইউনিয়নের হাসনাবাদ আদর্শ জনতা বিদ্যাবিতান উচ্চ বিদ্যালয় মাঠে এ ঘটনা ঘটে। থানায় সাধারণ ডায়েরি করেছেন গোলাপ ফুল প্রতীকের প্রার্থী।রূপগঞ্জ (নারায়ণগঞ্জ) : নারায়ণগঞ্জ-১ আসনের রূপগঞ্জের চনপাড়া পুনর্বাসন কেন্দ্রে প্রতিদ্বন্দ্বী নৌকার প্রার্থীর সমর্থকরা জাতীয় পার্টির প্রার্থী সাইফুল ইসলামের নির্বাচনী ক্যাম্প বন্ধের হুমকি দিয়েছে বলে অভিযোগ পাওয়া গেছে। শুধু তাই নয়, নির্বাচনী ক্যাম্প বন্ধ না করলে ক্যাম্প আগুন দিয়ে পুড়িয়ে ফেলা হবে বলেও হুমকি-ধমকি প্রদান করে তারা।শেরপুর : শেরপুর-১ (সদর) আসনের স্বতন্ত্র প্রার্থী জেলা আওয়ামী লীগের সাধারণ সম্পাদক আলহাজ মো. ছানোয়ার হোসেন ছানু (ট্রাক প্রতীক) অভিযোগ করেন, জেলা আওয়ামী লীগের সভাপতি নৌকার প্রার্থী হুইপ আতিউর রহমান আতিক তার নিশ্চিত পরাজয় জেনে নানামুখী ষড়যন্ত্র ও মিথ্যাচার করছেন। তিনি প্রকাশ্যে আমাকে ও আমার কর্মীদের হত্যার হুমকি দিয়ে আসছেন। এ পর্যন্ত বিভিন্ন স্থানে তার কর্মীদের হামলায় আমাদের অন্তত ১০ জন আহত হয়েছে। এ ছাড়া আমার কর্মীদের মোটরসাইকেল ভাঙচুর ও নির্বাচনী কেন্দ্র করতে বাধা দিচ্ছেন।জয়পুরহাট : জয়পুরহাট শহরের সাহেবপাড়ায় নৌকা মার্কার বৈঠকে কাঁচি মার্কার সমর্থক কাউন্সিলর জাকির মোল্লার নেতৃত্বে আওয়ামী লীগ নেতৃবৃন্দকে লাঞ্ছিত করার অভিযোগ পাওয়া গেছে। এর প্রতিবাদ সভা করেছে জেলা আওয়ামী লীগ। গতকাল সন্ধ্যায় শহরের জিরো পয়েন্টের কেন্দ্রীয় মসজিদ চত্বরে এ সভা অনুষ্ঠিত হয়। জেলা আওয়ামী লীগের সাধারণ সম্পাদক জাকির হোসেনের সভাপতিত্বে বক্তব্য রাখেন নৌকার প্রার্থী অ্যাডভোকেট সামছুল আলম দুদু, জয়পুরহাট জেলা আওয়ামী লীগের সহসভাপতি রাজা চৌধুরী প্রমুখ।শরীয়তপুর : শরীয়তপুর-২ (নড়িয়া-সখিপুর) আসনে স্বতন্ত্র প্রাথী খালেদ শওকত আলীর (ঈগল প্রতীক) মদদে বিএনপি-জামায়াতের ক্যাডাররা নির্বাচনী প্রচারে ককটেল নিক্ষেপ, চোরাগোপ্তা হামলা ও নৌকার নির্বাচনী অফিস ভাঙচুর করেছে বলে অভিযোগ করেছেন নৌকার প্রার্থী একেএম এনামুল হক শামীমের নির্বাচন পরিচালনা কমিটির প্রধান সমন্বয়কারী অ্যাডভোকেট আবুল কালাম আজাদ। গতকাল দুপুরে নড়িয়া উপজেলা আওয়ামী লীগ কার্যালয়ে সংবাদ সম্মেলনে এ অভিযোগ করেন তিনি।চট্টগ্রাম : চট্টগ্রাম-১ (মিরসরাই) ও চট্টগ্রাম-১৬- (বাঁশখালী) আসনে পৃথকভাবে আওয়ামী লীগের নেতাকর্মীদের বিরুদ্ধে স্বতন্ত্র প্রার্থীদের নির্বাচনী কার্যালয় ভাঙার অভিযোগ ওঠেছে। মিরসরাইয়ের জোরারগঞ্জ বিষু মিয়ার হাট এলাকায় স্বতন্ত্র প্রার্থী আওয়ামী লীগ নেতা গিয়াস উদ্দিনের নির্বাচনী কার্যালয় গতকাল ভোরে ভেঙে দেওয়া হয়। আর বাঁশখালীর পুঁইছড়ি ইউনিয়নের পূর্ব পুইছড়ি ৬ নম্বর ওয়ার্ডে সালমা চৌধুরী বাজার এলাকায় ঈগল প্রতীকের কার্যালয়ের চেয়ার টেবিল ও অন্যান্য মালামাল ভাঙচুর করা হয়। শনিবার রাতে এই ঘটনা ঘটে।",0,0,1,1,False
" নির্বাচন কমিশনার মো. আলমগীর বলেছেন, জাতীয় নির্বাচনে একটিও যাতে অনাকাক্সিক্ষত ঘটনা না ঘটে, সে বিষয়ে সোচ্চার রয়েছে নির্বাচন কমিশন। নির্বাচন কেন্দ্র করে একটি প্রাণও যেন না যায়। কারও সম্মানহানি যেন না হয়। প্রত্যেক নাগরিক সম্মানিত, প্রত্যেক প্রার্থী ও তাদের সমর্থকরা সম্মানিত। এ দেশের প্রত্যেকটি মানুষ সম্মানিত। কেউ যেন কারও সম্মানে আঘাত না করে।গতকাল দুপুরে জেলা প্রশাসক ও জেলা রিটার্নিং কর্মকর্তার কার্যালয়ের সভাকক্ষে মুন্সীগঞ্জের তিনটি আসনের প্রতিদ্বন্দ্বী প্রার্থীদের সঙ্গে মতবিনিময়সভা শেষে সাংবাদিকদের এসব কথা বলেন মো. আলমগীর।নির্বাচন কমিশনার আরও বলেন, নির্বাচন সুষ্ঠু করতে সব ধরনের প্রস্তুতি নিয়েছে ইসি। ভোটারদের কোনো ভয় নেই। ভোট সুষ্ঠু করার জন্য যত রকম বাহিনী দরকার সে বাহিনী নামানো হয়েছে। অতীতের সব রেকর্ড ভেঙে অতিরিক্ত আইনশৃঙ্খলা বাহিনীর সদস্য নামানো হচ্ছে।এর আগে বেলা ১১টার দিকে প্রার্থীদের সঙ্গে মতবিনিময় করেন নির্বাচন কমিশনার আলমগীর। জেলা প্রশাসক ও জেলা রিটার্নিং কর্মকর্তা মো. আবুজাফর রিপনের সভাপতিত্বে মতবিনিময়সভায় অন্যদের মধ্যে উপস্থিত ছিলেন ঢাকা আঞ্চলিক নির্বাচন কর্মকর্তা মো. ফরিদুল ইসলাম, মুন্সীগঞ্জের পুলিশ সুপার মো. আসলাম খান, অতিরিক্ত জেলা প্রশাসক মো. মাসুদুল আলম, জেলা নির্বাচন কর্মকর্তা মোহাম্মদ বশির আহমেদ প্রমুখ।",0,0,1,1,False
" আওয়ামী লীগের সভাপতি মণ্ডলীর সদস্য, জাতীয় নির্বাচন পরিচালনা কমিটির সদস্য ও রাজশাহী সিটি করপোরেশনের মেয়র এএইচএম খায়রুজ্জামান লিটন বলেছেন, ‘দ্বাদশ জাতীয় সংসদ নির্বাচনের দিকে ভারত, চীন, আমেরিকা, ইউরোপীয় ইউনিয়ন, রাশিয়াসহ অনেক উন্নত দেশ তাকিয়ে আছে। আমাদের দেশে নির্বাচন হবে, এতে সবার ঘুম হারাম কেন?’আজ রবিবার নাটোর-৩ (সিংড়া) আসনে আওয়ামী লীগ মনোনীত নৌকার প্রার্থী জুনাইদ আহমেদ পলককে বিজয়ী করার লক্ষে উপজেলা আওয়ামী লীগের আয়োজনে গোল-ই আফরোজ সরকারি কলেজ মাঠে নির্বাচনী জনসভায় তিনি এ কথা বলেন।তিনি বলেন, ‘মার্কিন যুক্তরাষ্ট্রের রাষ্ট্রদূতের দৌঁড়াদৌঁড়ি দেখেছি। আমরা লক্ষ্য করেছি, দেশের মানুষের প্রতি বিশ্বাস ও আস্থা রাখতে না পেরে বিদেশি পরাশক্তির মাধ্যমে বাংলাদেশের নির্বাচনকে বন্ধ করতে বা প্রশ্নবিদ্ধ করতে অপচেষ্টা চালাচ্ছে বিএনপি-জামায়াত।’জনসভায় উপস্থিত ছিলেন- সংসদ সদস্য প্রার্থী প্রতিমন্ত্রী জুনাইদ আহমেদ পলক, উপজেলা আওয়ামী লীগের সভাপতি শেখ ওহিদুর রহমান, সিংড়া পৌর মেয়র ও উপজেলা আওয়ামী লীগের সাধারণ সম্পাদক জান্নাতুল ফেরদৌসসহ আওয়ামী লীগ ও তার বিভিন্ন অংগসংগঠনের নেতাকর্মীরা।",0,0,1,1,False
" আইনমন্ত্রী ও ব্রাহ্মণবাড়িয়া-৪ (কসবা ও আখাউড়া) আসনের নৌকার প্রার্থী আনিসুল হক বলেছেন, ‘নির্বাচনে আসার জন্য বিএনপি দর-কষাকষি করেছে। কথায় আছে না ‘‘এমন দাম চাইব কেউ আর কিনতে পারবে না।’’ তারা পেছনের দরজা ছাড়া আর কিছু বোঝে না। তাই অজুহাত দেখিয়ে তারা নির্বাচনে আসতে চাইছে না।’আজ রবিবার দুপুরে ব্রাহ্মণবাড়িয়া-৪ (কসবা-আখাউড়া) কসবা উপজেলার গোপিনাথপুর ইউনিয়নের জয়নগর বাজারে গণসমাবেশে প্রধান অতিথির বক্তব্যে তিনি এ কথা বলেন।আনিসুল হক বলেন, ‘২০১৪ সালে বিএনপি-জামায়াতের বাধার মুখে ভোট হয়েছে। ২০১৮ সালেও ভোট হয়েছে এবং দেশে-বিদেশে গ্রহণযোগ্যতা পেয়েছে। ১৯৯৬ সালে বিএনপি একটি প্রহসনের নির্বাচন করে সরকার গঠন করেছিল, যা আন্দোলনের মুখে দেড় মাসও টিকেনি। ২০১৮ সালে আমার বিরুদ্ধে লন্ডনে বসে পরপর চারজনকে মনোনয়ন দিয়েছিল। এমনিভাবে সারাদেশেই একাধিক মনোনয়ন দিয়ে বাণিজ্য করে তারেক জিয়া শতশত কোটি টাকা পাচার করে নিয়ে গেছে।’ মন্ত্রী বলেন, ‘আগামী ৭ জানুয়ারি জাতীয় নির্বাচন হবে। বিএনপি-জামায়াত নির্বাচন বন্ধ করার চেষ্টা করবে। আপনারা এক বাক্যে বলে দেবেন ‘‘আমরা নির্বাচন বন্ধ করার চেষ্টাকে মানি না।’’ তাই আপনারা কেন্দ্রে গিয়ে ভোট দেবেন। সারাবিশ্ব দেখতে চায় আপনারা আমাদের ভালবাসেন কি না।’জনগণের উদ্দেশে আইনমন্ত্রী বলেন, ‘আপনারা দেশে বিশৃঙ্খলা সৃষ্টি করার সুযোগ দেবেন না। দেশকে পিছিয়ে নেওয়ার সুযোগ দেবেন না। দেশকে যাতে এগিয়ে নেওয়া যায়, সেই চেষ্টা করতে হবে। আপনারা আমাদের ভোট দিয়ে সেই সুযোগই সৃষ্টি করবেন। প্রধানমন্ত্রী শেখ হাসিনা দেশকে সারাবিশ্বে উন্নয়নের রোল মডেল বানিয়েছেন। আমরা চাই বাংলাদেশ আরও উন্নত হোক। আমরা চাই ২০৪১ সালে বাংলাদেশ সারা বিশ্বে উন্নত বাংলাদেশের মর্যাদা লাভ করুক। আপনাদের সহযোগিতায় বাংলাদেশ তাই হবে ইনশাআল্লাহ।’তিনি বলেন, ‘বাংলাদেশ যদি উন্নত দেশ হয় তাহলে আমাদের এবং আপনাদেরসহ সকলের মর্যাদা বাড়বে। আমাদের আর কেউ বলতে পারবে না ‘‘আমরা মিসকিন’’। আমাদের এখন আর কেউ বলে না ‘‘তলাবিহীন ঝুড়ি’’। আপনারা আমাকে ভালবাসেন এবং আমিও আপনাদের ভালবাসি, এটা বলার প্রয়োজন নেই। আমি আপনাদের সেবক, ছোটদের অভিভাবক। আপনারা যে আমাকে ভালবাসেন এই গণসমাবেশ আপনাদের উপস্থিতিই প্রমাণ করে। তাই আপনারা সকলে ভোটকেন্দ্রে যাবেন এবং আমাকে ভোট দিয়ে নির্বাচিত করবেন।’গোপিনাথপুর ইউনিয়ন আওয়ামী লীগের সভাপতি আবদুল কাদিরের সভাপতিত্বে বিশেষ অতিথি ছিলেন- উপজেলা চেয়ারম্যান রাশেদুল কাওসার ভুঁইয়া জীবন, পৌর মেয়র গোলাম হাক্কানী, উপজেলা আওয়ামী লীগ সহসভাপতি কাজী আজহারুল ইসলাম ও রুহুল আমিন ভুঁইয়া বকুল, উপজেলা আওয়ামী লীগের সাংগঠনিক সম্পাদক শফিকুল ইসলাম সোহাগ, জেলা পরিষদ সদস্য আবদুল আজিজ, সাবেক পৌর মেয়র এমরান উদ্দিন জুয়েল, উপজেলা ভাইস চেয়ারম্যান মো. মনির হোসেন ও মহিলা ভাইস চেয়ারম্যান ফারহানা সিদ্দিকী, গোপিনাথপুর ইউনিয়ন চেয়ারম্যান মিজানুর রহমান ভূইয়া প্রমুখ। এ সময় আওয়ামী লীগ, যুবলীগ ও ছাত্রলীগের উপজেলা ও ইউনিয়ন পর্যায়ের সকল ইউনিটের নেতারা উপস্থিত ছিলেন। পরে আইনমন্ত্রী পৌর এলাকার তালতলা গ্রামে ও গোপিনাথপুর শহীদ বাবুল উচ্চ বিদ্যালয় মাঠে নির্বাচনী পথসভায় যোগদান করেন এবং কেন্দ্রে গিয়ে তাকে ভোট দেওয়ার জন্য জনগণকে আহ্বান জানান।",0,0,1,1,False
" আওয়ামী লীগ সরকারের অধীনে দ্বাদশ জাতীয় সংসদ নির্বাচন বাতিলসহ ৪ দফা দাবিতে অবস্থান কর্মসূচি পালনকালে ‘মানসিক রোগী’ উল্লেখ করে তাকে আন্দোলন থেকে সরিয়ে নিয়ে যান তার পরিবারের সদস্যরা।আজ শনিবার রাত ৯টার দিকে আন্দোলনরত শিক্ষার্থী আকাশ বিশ্বাসের মামা ‘তার বাবা অসুস্থ’ বলে তাকে বাসায় নিয়ে যান। আকাশ বিশ্বাস বিশ্ববিদ্যালয়ের ইংরেজি বিভাগের প্রথম বর্ষের ছাত্র। তিনি জগন্নাথ হলের অনাবাসিক ছাত্র।এ বিষয়ে আকাশ বিশ্বাসের মামা ডা. তন্ময়বলেন, ‘আকাশ বেশ কিছুদিন থেকেই মানসিক সমস্যায় ভুগছে। তার নিয়মিত চিকিৎসা চলছে। আজকে আমি হঠাৎ করেই জানতে পারি আকাশ বিশ্ববিদ্যালয়ে একাই অবস্থান কর্মসূচি পালন করছে। পরে আমি বিশ্ববিদ্যালয়ে গিয়ে তাকে নিয়ে আসতে চাইলে সে আসতে না চাইলে ‘তার বাবা হঠাৎ অসুস্থ হয়েছে’ বলে তাকে বাসায় নেওয়ার ব্যবস্থা করি।’এ বিষয়ে জগন্নাথ হল প্রাধ্যাক্ষ অধ্যাপক ড. মিহির লাল সাহা বলেন, ‘ছেলেটা নন রেসিডেন্ট। সে হলেও না থেকে তার ডাক্তার মামার সঙ্গে ঢাকায় একটি বাসা নিয়ে থাকে। আমি যখন জানতে পারি ছেলেটা রাজু ভাস্কর্যের সামনে অবস্থান নিয়েছে তখন আমি তার বাবার নম্বর জোগাড় করে ফোন দিলে তিনি বলেন, তার ছেলে কিছুদিন ধরে মানসিক সমস্যায় ভুগছে। পরে রাত ৯টার দিকে তার মামা এসে তাকে বাসায় নিয়ে যাবার ব্যবস্থা করে।’উল্লেখ্য, আওয়ামী লীগ সরকারের অধীনে দ্বাদশ জাতীয় সংসদ নির্বাচন বাতিলসহ চার দফা দাবিতে আজ বিকেলে অবস্থান কর্মসূচি শুরু করেন ঢাকা বিশ্ববিদ্যালয়ের (ঢাবি) ইংরেজি বিভাগের প্রথম বর্ষের শিক্ষার্থী আকাশ বিশ্বাস। এসময় তিনি বাংলাদেশের ছাত্র-নাগরিকদের প্রতি দলমত নির্বিশেষে একটি গণতান্ত্রিক বাংলাদেশের পক্ষে একতাবদ্ধ হয়ে ৭ জানুয়ারির ‘প্রহসনে’র নির্বাচনের বিরুদ্ধে সকলকে গণঅবস্থানের আহ্বান জানান।",0,0,1,1,False
" দ্বাদশ জাতীয় সংসদ নির্বাচনকে অংশগ্রহণ ও গ্রহণযোগ্য করতে এবং গণতন্ত্র ও সব ষড়যন্ত্র মোকাবিলার মাধ্যমে গণতান্ত্রিক শাসনব্যবস্থা প্রতিষ্ঠায় পেশাজীবী সমন্বয় পরিষদের উদ্যোগে ‘নির্বাচন-গণতন্ত্র-নাশকতা’ শীর্ষক আলোচনাসভা ও র‌্যালির আয়োজন করে। গতকাল শনিবার বিকালে রাজধানীর রমনায় অবস্থিত ইঞ্জিনিয়ার্স ইনস্টিটিউশনের শহীদ প্রকৌশলী ভবনের কাউন্সিল হলে এই আলোচনাসভা অনুষ্ঠিত হয়। আলোচনাসভা শেষে প্রতিবাদী র‌্যালি বের করেন তারা।আলোচনায় সভাপতির বক্তব্যে পরিষদের সিনিয়র প্রেসিডিয়াম সদস্য অ্যাডভোকেট ইউসুফ হোসেন হুমায়ুন বলেন, নির্বাচন কেন্দ্র করে এখন ষড়যন্ত্র চলছে। ষড়যন্ত্রের একটি অংশ হচ্ছেÑ জনগণকে কীভাবে নির্বাচন থেকে বিমুখ করে প্রশ্নবিদ্ধ করা যায়। আরেকটি অংশ হচ্ছেÑ সন্ত্রাসী কর্মকাণ্ড। যাতে ভোটাররা ভোটকেন্দ্রে না যায়। সেই চেষ্টা তারা অব্যাহত রেখেছে। ইতোমধ্যে তারা অগ্নিসন্ত্রাস চালিয়েছে। আপনারা লক্ষ্য করেছেনÑ ট্রেন-বাসে তারা অগ্নিসন্ত্রাস চালিয়েছে। তাদের এই ষড়যন্ত্র আমাদের প্রতিহত করতে হবে। এখানে সব পেশার মানুষ উপস্থিত আছেন। সবাই মিলে বঙ্গবন্ধুর অসাম্প্রদায়িক বাংলাদেশকে বাঁচাতে হবে।সভায় ঢাকা বিশ্ববিদ্যালয়ের সাবেক উপাচার্য অধ্যাপক ড. মোহাম্মদ আখতারুজ্জামান বলেন, সরকারের বিরোধিতা করা রাজনৈতিক অধিকার। কিন্তু সহিংসতা ও নাশকতা করার অধিকার কারো নেই। এধরনের কার্যক্রমের কোনো গ্রহণযোগ্যতা নেই। এ ধরনের রাষ্ট্র পরিপন্থী কাজ থেকে বিরত থাকার অনুরোধ করছি।ভোরের কাগজ পত্রিকার সম্পাদক শ্যামল দত্ত বলেন, আমাদের পেশাজীবী দায়িত্ব হলোÑ মানুষের মধ্যে ভোট দেওয়ার সচেতনতা তৈরি করা এবং দেশজুড়ে সহিংসতা প্রতিরোধ করতে হবে। বিএনপি কিন্তু বসে নেই। আপনারা যদি ভাবেন বিএনপি লিফলেট কর্মসূচির মধ্যে আছে। এটি ভাবা ঠিক হবে না। তারা ষড়যন্ত্র চালিয়ে যাচ্ছে। এগুলো থেকে আমাদের সবাইকে সাবধান থাকতে হবে। বাংলাদেশ টেলিভিশনের সাবেক পরিচালক ম. হামিদ বলেন, যখন মুক্তিযোদ্ধার শক্তি ক্ষমতায় থাকে। তখনই রাষ্ট্রের বিরুদ্ধে নাশকতাগুলো ঘটে। আলোচনাসভায় ইঞ্জি. মো. শাহাদাৎ হোসেন শীবলুর সঞ্চালনায় আরও বক্তব্য রাখেন গোলাম কুদ্দুস, অ্যাডভোকেট মোখলেসুর রহমান বাদল, অধ্যাপক ড. নিজামুল হক ভূঁইয়া, অধ্যক্ষ একেএম আসাদুল হক, নাসিরুদ্দিন ইউসুফ, অধ্যাপক ড. ইঞ্জি. মো. হাবিবুর রহমান, ডা. রোকেয়া সুলতানা ও ইঞ্জি. নূরুল হুদা প্রমুখ।আলোচনাসভা শেষে পেশাজীবী সমন্বয় পরিষদের ব্যানারে নির্বাচনকেন্দ্রিক অগ্নিসন্ত্রাস ও নাশকতার বিরুদ্ধে প্রতিবাদী র‌্যালি বের করেন।",0,0,1,1,False
" সরকারের কোনো মন্ত্রীর সার্টিফিকেটে নির্বাচন ক্রেডিবল (বিশ্বাসযোগ্য) হবে না বলে মন্তব্য করেছেন প্রধান নির্বাচন কমিশনার (সিইসি) কাজী হাবিবুল আউয়াল।তিনি বলেন, ‘আমরা নির্বাচনকে বিশ্বাস করাতে পারব না, আমার সার্টিফিকেট দিয়ে বা আমাদের সরকারের কোনো মন্ত্রীর সার্টিফিকেট দিয়ে। নির্বাচন ক্রেডিবল হবে যদি দৃশ্যমানতার মধ্য দিয়ে আমরা নির্বাচন প্রক্রিয়ার স্বচ্ছতা ফুটিয়ে তুলতে পারি।’আজ রবিবার সকাল সাড়ে ১০টায় রাজধানীর বঙ্গবন্ধু আন্তর্জাতিক সম্মেলন কেন্দ্রে এক্সিকিউটিভ (নির্বাহী) ম্যাজিস্ট্রেটদের দিনব্যাপী প্রশিক্ষণ কার্যক্রমের উদ্বোধন অনুষ্ঠানে প্রধান অতিথির বক্তব্যে তিনি এসব কথা বলেন। প্রথম দফার দিনব্যাপী প্রশিক্ষণ কার্যক্রমে দেশের বিভিন্ন অঞ্চলের ৪৩১ জন নির্বাহী ম্যাজিস্ট্রেট অংশ নেন।সিইসি বলেন, ‘সরকার ক্ষমতায় থেকেও যে নির্বাচন সুষ্ঠু হতে পারে সেটি এবার প্রমাণ করতে হবে। সেজন্য দ্বাদশ জাতীয় সংসদ নির্বাচন ঘিরে মাঠ পর্যায়ে দায়িত্ব সবাইকে স্বচ্ছতার সঙ্গে পালন করতে হবে।’রাজনীতিতে নির্বাচন নিয়ে বিতর্ক আছে জানিয়ে হাবিবুল আউয়াল বলেন, ‘নির্বাচন গ্রহণযোগ্য করা বড় চ্যালেঞ্জ। কেননা ভোটাররা যদি দেখেন কেন্দ্রে কারচুপি হচ্ছে, তারা আর ভোটকেন্দ্রে যাবেন না। তাই সার্বিক পরিবেশ নিশ্চিতে কাজ করছে নির্বাচন কমিশন।’নির্বাচনে সহায়তা করতে সরকার সাংবিধানিকভাবে বাধ্য উল্লেখ করে তিনি আরও বলেন, ‘সরকারের সহায়তা ছাড়া সুষ্ঠু নির্বাচন সম্ভব না। ভোটাররা যাতে নির্বিঘ্নে ভোট দিতে পারেন, সেজন্য পরিবেশ অনুকূলে রাখতে হবে।’বিদেশিরা ভালো নির্বাচন দেখতে চায়, এটা অন্যায় নয় বলেও অনুষ্ঠানে মন্তব্য করেছেন কাজী হাবিবুল আউয়াল। নির্বাচন কমিশন সচিবালয়ের সচিব মো. জাহাংগীর আলমের সভাপতিত্বে অনুষ্ঠানে বিশেষ অতিথি হিসেবে উপস্থিত ছিলেন- নির্বাচন কমিশনার মো. আনিছুর রহমান এবং জনপ্রশাসন মন্ত্রণালয়ের সিনিয়র সচিব মোহাম্মদ মেজবাহ্ উদ্দিন চৌধুরী।",0,0,1,1,False
" দ্বাদশ জাতীয় সংসদ নির্বাচনে গাজীপুর-১ ও গাজীপুর-৫ আসন থেকে জাতীয় পার্টির (জাপা) প্রার্থী হয়েছিলেন সাবেক স্বাস্থ্যসচিব এম এম নিয়াজউদ্দিন। এলাকায় এলাকায় লাগানো হয়েছিলেন পোস্টার। তবে প্রথম থেকেই প্রচারে যাননি তিনি।আজ রবিবার দুপুরে এম এম নিয়াজউদ্দিন আমাদের সময়কে বলেন, ব্যক্তিগত কারণে আর নির্বাচনে থাকছেন না। খুব দ্রুত সংবাদ সম্মেলন করে নির্বাচন থেকে সরে যাওয়ার আনুষ্ঠানিক ঘোষণা দেবেন।জাতীয় পার্টির চেয়ারম্যানের সাবেক স্বাস্থ্য উপদেষ্টা এম এম নিয়াজউদ্দিন বলেন, ‘গত সিটি করপোরেশন নির্বাচনে আমি জাতীয় পার্টির হয়ে মেয়র পদে প্রতিদ্বন্দ্বিতা করেছিলাম। এবারও আমাকে গাজীপুরের দুটি আসন থেকে মনোনয়ন দেওয়া হয়। তবে এ মুহূর্তে মনে হয়েছে আমার সরে যাওয়া উচিত। এ ছাড়া ব্যক্তিগত কারণও রয়েছে, তাই আমি সরে যাচ্ছি। নির্বাচনের পরিবেশও নেই, সেটাও একটি কারণ।’উল্লেখ্য, এম এম নিয়াজউদ্দিন ২০১৫ সালে স্বাস্থ্যসচিব হিসেবে অবসরে যান।",0,0,1,1,False
" আগামী ৭ জানুয়ারির নির্বাচনে ১ শতাংশও ভোট পড়বে না বলে মন্তব্য করেছেন বিএনপি চেয়ারপারসনের উপদেষ্টা মিজানুর রহমান মিনু। বলেছেন, ভোটের দিন কেন্দ্রগুলোয় চতুষ্পদ জন্তু ছাড়া কাউকে পাওয়া যাবে না। গতকাল শনিবার দুপুরে রাজশাহী মহানগরীতে ভোট বর্জনের আহ্বান জানিয়ে প্রচারপত্র বিলির সময় সাংবাদিকদের কাছে এমন মন্তব্য করেন মিনু।এর আগে মহানগরীর মালোপাড়া এলাকায় দলীয় কার্যালয় থেকে কর্মসূচি শুরু করা হয়। এ সময় আসন্ন দ্বাদশ জাতীয় সংসদ নির্বাচনে ভোট বর্জন ও অসহযোগ আন্দোলনের সমর্থনে প্রচারপত্র বিলি করেন বিএনপি নেতৃবৃন্দ।মিজানুর রহমান মিনু বলেন, ‘এই ডামি নির্বাচনে জনগণ অংশ নেবে না। বিএনপি যে নির্বাচনে নেই, বাংলাদেশের মানুষও সে নির্বাচনে নেই।এরই মধ্যে দেখা গেছে যে, বাংলাদেশ ব্যাংক থেকে ২৪ হাজার কোটি টাকারও বেশি অন্যান্য ব্যাংকে দেওয়া হয়েছে। এর মানে ইতোমধ্যেই জনগণ তাদের টাকা-পয়সা ব্যাংক থেকে তুলে নিয়ে অসহযোগিতা করছেন। এর কারণেই ব্যাংকগুলো এখন টাকাশূন্য হয়ে পড়েছে।’মিজানুর রহমান মিনু আরও বলেন, রাজশাহী কেন্দ্রীয় কারাগারে মানুষ থাকার জায়গা নাই। বিএনপি-জামায়াতের নেতাকর্মীদের গ্রেপ্তার করে কারাগার ভরিয়ে দেওয়া হয়েছে। সেখানে পানি নেই। খাবার নেই। টয়লেটের কোনো ব্যবস্থা নেই। মানবিক বিপর্যয় ঘটেছে। অবিলম্বে তিনি গ্রেপ্তারকৃত নেতাকর্মীদের মুক্তি দেওয়ার দাবি জানান।কর্মসূচিতে বিএনপির বন ও পরিবেশবিষয়ক সম্পাদক মোসাদ্দেক হোসেন বুলবুল, রাজশাহী মহানগর বিএনপির আহ্বায়ক বীর মুক্তিযোদ্ধা এরশাদ আলী, যুগ্ম আহ্বায়ক নজরুল হুদাসহ বিএনপি ও সহযোগী সহযোগী সংগঠনের বিভিন্ন পর্যায়ের নেতাকর্মী উপস্থিত ছিলেন।",0,0,1,1,False
" সুষ্ঠু, সুন্দর ও গ্রহণযোগ্য নির্বাচন না করতে পারলে দেশের ভবিষ্যৎ অনিশ্চিত বলে মন্তব্য করেছেন নির্বাচন কমিশনার মো. আনিছুর রহমান।তিনি বলেছেন, ‘বাংলাদেশের সব বিষয়; বিশেষ করে আর্থিক, সামাজিক, ব্যবসা-বাণিজ্যসহ সবকিছু থমকে যাওয়ার সম্ভাবনা থাকে। বাংলাদেশ হয়তোবা বিচ্ছিন্ন হয়ে যাওয়ার সম্ভাবনা থাকবে।’আজ রবিবার সকালে বঙ্গবন্ধু আন্তর্জাতিক সম্মেলন কেন্দ্রে দ্বাদশ জাতীয় সংসদ নির্বাচন উপলক্ষে এক্সিকিউটিভ ম্যাজিস্ট্রেটদের প্রশিক্ষণ কর্মসূচির উদ্বোধনী অনুষ্ঠানে তিনি এসব কথা বলেন। আনিছুর রহমান বলেন, দ্বাদশ জাতীয় সংসদ নির্বাচন অনুষ্ঠিত হবে ছয় দিন পর। নির্বাচনকে যেকোনো মূল্যে সুষ্ঠু, অবাধ ও অংশগ্রহণমূলক করতে হবে। সেই উদ্দেশ্যে ২৮ নভেম্বর থেকে মাঠে নির্বাহী ম্যাজিস্ট্রেটরা আছেন, আচরণবিধি প্রতিপালনে কাজ করে যাচ্ছেন নিরলসভাবে।’এবারই প্রথম প্রতিটা আসনভিত্তিক সার্বক্ষণিক জুডিশিয়াল অফিসার দিয়ে ইলেকট্ররাল ইনকোয়ারি করা হয়েছে বলে জানান এই নির্বাচন কমিশনার। তিনি বলেন, ‘উভয়ই মাঠে খুব ভালো কাজ করেছেন। এক মাসেরও বেশি সময় পুরো মাঠ চষে বেড়িয়েছি। সিইসিসহ অন্যান্য কমিশনাররা দেশের বিভিন্ন স্থানে গেছেন।’তিনি আরও বলেন, ‘আমরা লক্ষ্য করেছি আচরণবিধি প্রতিপালনে নিরলস চেষ্টা চালিয়ে গেছে নির্বাহী ম্যাজিস্ট্রেটরা। একই সঙ্গে যেই অভিযোগগুলো তাদের কাছে এসেছে, তারা যেটা সমাধান করতে পারেনি বা রিটার্নিং, সহকারী রিটার্নিং অফিসার সেগুলো ইলেকটোরাপ ইনকোয়ারি কমিটিকে দিয়েছে, তারা কারও কারও হাজিরা চেয়েছে। কাউকে শোকজ করেছে, লিখিত ব্যাখ্যা চেয়েছে এইভাবে তারা নিষ্পত্তি করেছে। কিছু আমাদের কাছে এসেছে, আমরা সেগুলোর ব্যবস্থা নিয়েছি।’সুষ্ঠু নির্বাচন করতে ইসির চেষ্টার শেষ নেই জানিয়ে আনিছুর রহমান বলেন, ‘অন্যান্য যেকোনো নির্বাচনের তুলনায় এবার সহিংসতা খুব কম। যদিও ক্ষেত্র বিশেষে দু-একটা ঘটনা ঘটেছে। এ ছাড়া আচরণবিধি লঙ্ঘন অন্যবারের চেয়েও কম। তারপরও আমরা আত্মতুষ্টিতে ভুগতে চাই না।’দ্বাদশ জাতীয় সংসদ নির্বাচন উপলক্ষে নির্বাহী ম্যাজিস্ট্রেটদের দিনব্যাপী প্রশিক্ষণ কার্যক্রম শুরু হয়েছে। প্রথম দফার প্রশিক্ষণ কর্মসূচিতে দেশের বিভিন্ন অঞ্চলের ৪৩১ জন ম্যাজিস্ট্রেট অংশ নেন।",0,0,1,1,False
" বিএনপির স্থায়ী কমিটির সদস্য নজরুল ইসলাম খান বলেছেন, যে প্রহসনের নির্বাচনের আয়োজন চলছে তা অত্যন্ত হাস্যকর। সিন্ডিকেট করে বাজার লুট, ব্যাংক লুট, শেয়ারবাজার লুটের যে মহোৎসব চালিয়েছে, সেই লোভেই আওয়ামী লীগ ক্ষমতা ছাড়তে চায় না। গতকাল শনিবার এক আলোচনাসভায় তিনি এসব কথা বলেন।‘দলীয় সরকারের অধীনে নির্বাচন : বর্জন, অংশগ্রহণ ও ডামি ভোটাভুটি’ শীর্ষক আলোচনাসভাটির আয়োজন করে আমার বাংলাদেশ পার্টি ‘এবি পার্টি’। জাতীয় প্রেসক্লাবে সর্বদলীয় আলোচনায় সভাপতিত্ব করেন এবি পার্টির আহ্বায়ক এএফএম সোলায়মান চৌধুরী। সদস্য সচিব মজিবুর রহমান মঞ্জুর সঞ্চালনায় অনুষ্ঠিত সভায় ধারণাপত্র উপস্থাপন করেন নর্থ সাউথ বিশ্ববিদ্যালয়ের শিক্ষক প্রফেসর ড. আ ক ম ওয়ারেসুল করিম।অনুষ্ঠানে নাগরিক ঐক্যের সভাপতি মাহমুদুর রহমান মান্না বলেন, এই নির্বাচনে আওয়ামী লীগের মন্ত্রী, এমপিরা যে হলফনামা দিয়েছে তা আগে দেখলে মানুষ আওয়ামী লীগ ছাড়া আর কোনো পার্টি করত না। এভাবে মানুষ টাকার মালিক হতে পারে তা কল্পনাও করা যায় না।বিপ্লবী ওয়ার্কার্স পার্টির সাধারণ সম্পাদক সাইফুল হক বলেন, ৭ জানুয়ারি নির্বাচন নির্বাচন খেলার আয়োজন করা হয়েছে। মানুষ ভোট দিয়ে নেতা নির্বাচন করতে চায়, খেলা দেখতে মানুষ ভোটকেন্দ্রে যাবে না। আলোচনাসভায় আরও বক্তব্য রাখেন ইসলামী আন্দোলন বাংলাদেশের আমির মুফতি সৈয়দ মুহাম্মদ রেজাউল করিম, খেলাফত মজলিসের মহাসচিব ড. আহমদ আব্দুল কাদের, গণফোরাম সেক্রেটারি অ্যাডভোকেট সুব্রত চৌধুরী, মানবাধিকার সংগঠক ড. শহীদুল আলম, গণঅধিকার পরিষদের একাংশের সভাপতি ড. রেজা কিবরিয়া, জমিয়তে উলামায়ে ইসলামের মহাসচিব মাওলানা মঞ্জুরুল ইসলাম আফেন্দী, রাষ্ট্র সংস্কার আন্দোলনের প্রধান সমন্বয়কারী অ্যাডভোকেট হাসনাত কাইয়ূম, প্রমুখ।",0,0,1,1,False
" দ্বাদশ জাতীয় সংসদ নির্বাচনের ফেনী-২ (সদর) আসনের একজন প্রার্থী জানেন না তার নির্বাচনী এলাকার সীমানা। তিনি বাংলাদেশ ইসলামী ফ্রন্টের মোমবাতি প্রতীকের প্রার্থী মাওলানা নুরুল ইসলাম। আসনটি শুধু ফেনী সদর উপজেলা নিয়ে গঠিত। অথচ নুরুল ইসলাম প্রচার সামগ্রীতে লিখেছেন ফেনী সদর ও সোনাগাজীর একাংশের প্রার্থী। এ কারণে তাকে জরিমানা করা হয়েছে।শুক্রবার বিকালে ফেনী শহরের বিভিন্ন স্থানে সবার নজরে আসে মোমবাতি প্রতীকের ব্যানার, ফেস্টুন ও পোস্টার। ভুল নির্বাচনী এলাকা উল্লেখের বিষয় নজরে এলে জনমনে হাস্যরসের সৃষ্টি হয়। পোস্টার, ব্যানার ও ফেস্টুনে বিভ্রান্তিকর তথ্য দেওয়ায় মাওলানা নুরুল ইসলামকে তিন হাজার টাকা জরিমানা এবং একই সঙ্গে এসব পোস্টার, ব্যানার ও ফেস্টুন প্রত্যাহারের আদেশ দেন সহকারী কমিশনার ও নির্বাহী ম্যাজিস্ট্রেট বদরুদ্দোজ্জা।মাওলানা নুরুল ইসলাম বলেন, এক সময়ে ফেনী-২ আসনের সঙ্গে সোনাগাজী উপজেলার একটি অংশ ছিল। সেই আলোকে প্রচারসামগ্রী তৈরি ও ব্যবহার করা আমার ভুল হয়েছে।ইতোমধ্যে মোমবাতি প্রতীকের এক হাজার পোস্টার, ৩০০ ফেস্টুন ও ১",0,0,1,1,False
" গণঅধিকার পরিষদকে রাজনৈতিক দল হিসেবে নিবন্ধন দেয়নি নির্বাচন কমিশন। আজ রোববার এ ঘটনায় প্রতিক্রিয়া জানিয়েছেন দলটির সভাপতি নুরুল হক নুর।রাজধানীর আগারগাঁওয়ে নির্বাচন ভবনে প্রধান নির্বাচন কমিশনার (সিইসি) কাজী হাবিবুল আউয়ালের সঙ্গে বৈঠক শেষে নুর বলেন, ‘দীর্ঘ সময় পর আমরা নির্বাচন কমিশনের সাক্ষাৎ পেয়েছি। সিইসির সঙ্গে আমরা কথা বলেছি। তার কথাবার্তায় একটু অসহায়ত্বের ছাপ ফুটে উঠেছে। তিনি ব্যক্তিগতভাবে ভালো কিছু করার চিন্তা-ভাবনা করলেও এই পরিবেশ-পরিস্থিতির জন্য করতে পারছেন না। তার হাত-পা বাঁধা। আমরা তার কথাবার্তা ও কার্যক্রমে বুঝতে পেরেছি।’নুর বলেন, ‘নিবন্ধন দেয়নি ভালো, আমরা এই সরকার ও নির্বাচন কমিশনের পতন ঘটিয়েই আগামী নির্বাচনের আগে নিবন্ধনও নেব এবং নির্বাচনে অংশগ্রহণ করব।’গণঅধিকার পরিষদের সভাপতি বলেন, ‘দলগুলোর নিবন্ধনে যাচাই-বাছাই কমিটির আহ্বায়ক একজন উপসচিব ও অতিরিক্ত জেলা জজ। যিনি আইনকানুন সম্পর্কে ভালো বোঝেন। তার সঙ্গে কথা বলে দেখুন তিনি কী তদন্ত প্রতিবেদন দিয়েছেন। তদন্ত প্রতিবেদনের কপিও আমাদের হাতে রয়েছে। তিনি অত্যন্ত সুন্দরভাবে লিখে দিয়েছেন, গণঅধিকার কাউন্সিলের মাধ্যমে গঠনতন্ত্র অনুযায়ী সমস্ত কার্যক্রম পরিচালিত হচ্ছে। তারা নিবন্ধনের যোগ্য, এটা তদন্ত কমিটি লিখেছে। কিন্তু নির্বাচন কমিশন সরকার ও এজেন্সির পরামর্শে আমাদের নিবন্ধন দেয়নি।’আরও পড়ুন: নিবন্ধন পাচ্ছে না নুরের গণঅধিকার পরিষদ, আরও বাদ পড়ল যারাতিনি আরও বলেন, ‘আমাদের সাংগঠনিক বিষয়ের আপডেট চিঠি নিয়ে এখানে সশরীরে হাজির হয়েছি। এর আগে সাধারণত আমরা চিঠি নিয়ে সশরীরে এখানে আসিনি। আমরা মনে করেছি যে, নিবন্ধনের কার্যক্রমটা যেহেতু চূড়ান্ত পর্যায়ে এবং মাঠ পর্যায়ে তাদের (ইসির) যে কর্মকর্তারা আছেন, তারা বিভিন্ন এজেন্সির দ্বারা প্রভাবিত। ডিজিএফআই, এনএসআই নিবন্ধন কার্যক্রমে বাধাগ্রস্তের পরিবেশ তৈরি করেছে। আমরা আমাদের কার্যক্রম লিখিতভাবে ডকুমেন্টসহ তাদের কাছে উপস্থাপন করেছি।’তিনি বলেন, ‘আজকে যারা দালালি করেছে, আমি চ্যালেঞ্জ দিয়ে বলছি, আপনাদের অধীনে আগামীতে জাতীয় নির্বাচন সম্ভব নয়। নির্বাচন কমিশন পুনর্গঠন হবে, নতুন সরকার গঠন হবে, দালালির পুরস্কার আপনারা পাবেন। জনগণ আপনাদের রাস্তাঘাটে দেখলে থুথু মারবে।’আদালতে যাবেন কি না—এমন প্রশ্নের জবাবে নুরুল হক নুর বলেন, ‘এই সরকারের নিয়ন্ত্রিত ক্যাঙ্গারু কোর্টে মানুষ ন্যায় বিচার পায় না। ওখানে মানুষ অবিচারের শিকার হয়। আমরা রাজপথের আন্দোলনের মাধ্যমে সরকারের পতন করে এবং নির্বাচন কমিশনকে পুনর্গঠনের মাধ্যমে জনগণকে সম্পৃক্ত করেই দাবি আদায়ের চেষ্টা করব এবং দলের নিবন্ধন নেব।’",0,0,1,1,False
" দক্ষিণ চট্টগ্রামের শান্ত জনপদ বলে পরিচিত পটিয়া সংসদ নির্বাচনকে সামনে রেখে সংঘর্ষের কেন্দ্রে পরিণত হয়েছে। প্রতিদিনই সংঘর্ষ হচ্ছে নৌকা ও স্বতন্ত্র প্রার্থীর লোকজনের মধ্যে। গতকাল শনিবার সকাল থেকে সন্ধ্যা পর্যন্ত তিন দফা সংঘর্ষে জাতীয় সংসদের হুইপের গাড়িসহ আটটি গাড়ি ভাঙচুর হয়েছে। মাথা ফেটেছে হুইপ শামসুল হক চৌধুরীর ভাই ফজলুল হক চৌধুরী মোহাব্বতের। ঘটনাস্থলে থাকা চট্টগ্রাম জেলা পুলিশের অতিরিক্ত সুপার (ডিএসবি) মো. আরিফুল ইসলাম আমাদের সময়কে বলেন, ঘটনা ঘটার খবর শুনে আমরা গিয়েছি। সিনিয়র স্যারদেরও নিয়ে গিয়েছিলাম। পুলিশ ছাড়াও একাধিক আইনশৃঙ্খলা বাহিনীর সদস্যরা এলাকায় এসেছেন। ঘটনা প্রসঙ্গে তিনি বলেন, হুইপ প্রচারে যাচ্ছিলেন। পথে বাধাপ্রাপ্ত হয়েছেন। তার বহরের কিছু গাড়ির গ্লাস ভাঙা হয়েছে। আমরা তদন্ত করছি। আর লিখিত অভিযোগ দিলে আমরা ব্যবস্থা নেব। সম্ভবত হুইপের পক্ষ থেকে লিখিত অভিযোগ দেওয়া হবে।এদিকে গতকাল আরও চার জেলা থেকে সহিংসতার খবর পাওয়া গেছে। এর মধ্যে নোয়াখালী-৩ (বেগমগঞ্জ), চাঁপাইনবাবগঞ্জ-৩ (সদর), লালমনিরহাট-১ (হাতীবান্ধা) ও পিরোজপুর-৩ (মঠবাড়িয়া) আসনে সহিংসতা ঘটে। এ ছাড়া জয়পুরহাট-১ ( সদর ও পাঁচবিবি) আসনে সহিংসতার প্রতিবাদে গতকাল সভা করেছেন স্বতন্ত্র প্রার্থীর নেতাকর্মীরা।হুইপ শামসুল হক চৌধুরী অভিযোগ করেন, তিনি সকালে শান্তিরহাট এবং বিকেলে মোহাম্মদপুর এলাকায় হামলার শিকার হন। শান্তিরহাটে তাকে বহনকারী গাড়িটির কাচ ভেঙে দেওয়া হয়। বিকালে মোহাম্মদপুর এলাকায় ছয়টি গাড়ির কাচ ভেঙে দেওয়া হয়। হামলায় মাথায় আঘাত পান শামসুল হক চৌধুরীর ভাই ফজলুল হক চৌধুরী মোহাব্বত। হামলা ও গুলিবর্ষণে অন্তত ১০ জন রক্তাক্ত জখম হয়েছে। বিষয়টি নিয়ে তাৎক্ষণিকভাবে কোনো কথা বলতে রাজি হননি আওয়ামী লীগের প্রার্থী মোতাহেরুল ইসলাম চৌধুরী।সাবেক তিনবারের সংসদ সদস্য ও জাতীয় সংসদের হুইপ শামসুল হক চৌধুরী এবার আওয়ামী লীগের মনোনয়ন পাননি। পেয়েছেন পটিয়া উপজেলার সাবেক চেয়ারম্যান মোতাহেরুল ইসলাম চৌধুরী। শামসুল হক চৌধুরী ঈগল মার্কা নিয়ে স্বতন্ত্র প্রার্থী হয়েছেন। নির্বাচনী প্রচারের শুরু থেকেই এক সময়ের ঘনিষ্ঠ শামসুল হক চৌধুরী ও মোতাহেরুল ইসলাম চৌধুরী দুই মেরুতে অবস্থান নেন। মারামারি হয়ে পড়ে নিয়মিত ঘটনা।পুলিশ প্রশাসন শামসুল হক চৌধুরীর নিয়ন্ত্রণে- এমন অভিযোগ এনে পটিয়া থানার ওসিকে বদল করিয়েছেন মোতাহেরুল ইসলাম। পরে পটিয়া থানায় যোগ দিতে আসা পরপর দুই ওসির বিরুদ্ধেই তিনি অভিযোগ আনেন যোগ দেওয়ার আগেই। ফলে তারাও ফিরে যান। গতকাল শনিবার সর্বশেষ একজন ওসি পটিয়া থানায় যোগ দেওয়ার কথা, কিন্তু সন্ধ্যা পর্যন্ত আসেননি।মোতাহেরুল ইসলাম চৌধুরীর পক্ষে-বিপক্ষে ভাগ হয়ে গেছে স্থানীয় আওয়ামী লীগ। এর বাইরে চট্টগ্রাম মহানগর আওয়ামী লীগ নেতা হেলাল আকবর বাবরের নেতৃত্বে শহর থেকে ছাত্রলীগ, যুবলীগ ও আওয়ামী লীগের একদল নেতাকর্মী নিয়মিতই পটিয়ায় নৌকার পক্ষে প্রচার চালিয়ে যাচ্ছেন। মোতাহেরের পক্ষে প্রচারের জন্য তিনি গঠন করেছেন ছাত্রলীগের সমন্বয় কমিটি, যেখানে কেন্দ্রীয় ছাত্রলীগ, চট্টগ্রাম মহানগর, চট্টগ্রাম দক্ষিণ জেলা ও পটিয়া উপজেলা ছাত্রলীগের নেতারা আছেন। নৌকার প্রার্থীমোতাহেরুল ইসলাম পুলিশ প্রশাসনের বিরুদ্ধে বারবার অভিযোগ করলেও সেই পথে হাঁটেননি কৌশলী রাজনীতিবিদ শামসুল হক চৌধুরী। তিনি প্রচারকে বেশি গুরুত্ব দিচ্ছেন। গত ১৫ বছরে পটিয়ায় যে উন্নয়ন ও অবকাঠামো নির্মাণ করা হয়েছে, ভোটারা কেন্দ্রে এলে তার সুফল শামসুল হক চৌধুরী পাবেন বলে তার অনুসারীরা মনে করেন।শামসুল হক চৌধুরী আমাদের সময়কে বলেন, ভোটারদের ভয়ভীতি দেখিয়ে মোতাহেরুল ইলাম চৌধুরী নির্বাচন করতে চান। তিনি চিহ্নিত সন্ত্রাসীদের ভাড়া করে এনেছেন পটিয়ায়। আমি চাই অবাধ ও সুষ্ঠু নির্বাচন। মোতাহেরুল ইসলাম বলেন, শামসুল হক চৌধুরী দীর্ঘসময় এমপি থাকাকালে নিজের মতো করে প্রশাসন তৈরি করেছেন। তাই সেখানে হাত দিলেই তিনি আপত্তি দিচ্ছেন।এর মধ্যে মোতাহেরুল ইসলাম চৌধুরীর ভোটারদের মাঝে টাকা বিতরণের ছবি সামাজিক যোগাযোগমাধ্যমে ভাইরাল হয়েছে। গত বুধবার জঙ্গলখাইন ইউনিয়নের এয়াকুবদন্ডী এলাকায় গণসংযোগের একপর্যায়ে ভোটারদের হাতে নগদ টাকা তুলে দিতে দেখা যায় মোতাহেরুল ইসলাম চৌধুরীকে। টাকা বিতরণের সময় মোতাহেরুল ইসলাম চৌধুরীর সঙ্গে ছিলেন উপজেলা থেকে আওয়ামী লীগের এবারে মনোনয়নপ্রত্যাশী সাবেক ফুটবলার সত্যজিত দাশ রুপো, দক্ষিণ জেলা যুবলীগের সহ-সভাপতি মর্তুজা কামাল মুন্সি, প্রচার ও প্রকাশনা সম্পাদক সাইফুল আজম টিটু।নোয়াখালী-৩ (বেগমগঞ্জ) আসন : আওয়ামী লীগ প্রার্থী মামুনুর রশীদ কিরণ ও স্বতন্ত্র প্রার্থী মিনহাজ আহমেদ জাবেদের (ট্রাক) সমর্থকদের মধ্যে ধাওয়া পাল্টাধাওয়া এবং সংঘর্ষ ঘটে। এতে এটিএন বাংলার স্টাফ রিপোর্টার নাজিবুর রহমান ও ক্যামেরা পারসন এহসানুল গনি স্বজনসহ অন্তত ১২ জন আহত হন। ভাঙচুর করা হয় এটিএন বাংলারসহ কয়েকটি গাড়ি। শুক্রবার সন্ধ্যা ৭টার দিকে উপজেলার একলাশপুর ইউনিয়নের গাবুয়া বাজারে এ সংঘর্ষের ঘটনা ঘটে। বেগমগঞ্জ সার্কেলের অতিরিক্ত পুলিশ সুপার মোহাম্মদ নাজমুল হাসান রাজিব জানান, দ্রুত সময়ের মধ্যে হামলাকারীদের চিহ্নিত করে আইনগত ব্যবস্থা নেওয়া হবে।চাঁপাইনবাবগঞ্জ-৩ (সদর) আসন : বাংলাদেশ জাতীয়তাবাদী আন্দোলনের (বিএনএম) প্রার্থী মাওলানা আব্দুল মতিনের (নোঙর) নির্বাচনী অফিসে শুক্রবার রাত সাড়ে ১১টার দিকে আগুন দেয় দুর্বৃত্তরা। এতে অফিসটি পুড়ে যায়। ঘটনার পর থেকে ওই এলাকায় উত্তেজনা বিরাজ করছে। ঘটনাস্থল পরিদর্শন করেন জেলা পুলিশ সুপারসহ ঊর্ধ্বতন কর্মকর্তারা। চাঁপাইনবাবগঞ্জ সদর মডেল থানার ওসি মিন্টু রহমান জানান, নির্বাচনী অফিসে খড়ের গাদায় প্রথমে আগুন লাগে। সে আগুন থেকেই পুরো নির্বাচনী অফিস পুড়েছে। তবে ঘটনা তদন্ত করা হচ্ছে। নোঙর প্রতীকের প্রার্থী অভিযোগ দিলে তদন্তের মাধ্যমে দুর্বৃত্তদের বিরুদ্ধে আইনানুগ ব্যবস্থা গ্রহণ করা হবে।লালমনিরহাট-১ (হাতীবান্ধা) আসন : হাতীবান্ধা উপজেলায় নৌকা প্রতীক পুড়িয়ে দেওয়ার অভিযোগ উঠেছে স্বতন্ত্র প্রার্থী সোনালী ব্যাংকের সাবেক এমডি আতাউর রহমান প্রধানের সমর্থক ও কর্মীদের বিরুদ্ধে। শনিবার ভোরে উপজেলার গড্ডিমারী ইউনিয়নের মধ্য গড্ডিমারী গ্রামের হাটখোলা বাজারে এ ঘটনা ঘটে। এ ঘটনায় মামলা দায়েরের প্রস্তুতি চলছে বলে জানিয়েছেন আওয়ামী লীগ নেতা আবু বক্কর সিদ্দিক শ্যামল। এ বিষয়ে জানতে স্বতন্ত্র প্রার্থী (ঈগল প্রতীক) আতাউর রহমানের মোবাইল ফোনে একাধিকবার কল করা হলেও তাকে পাওয়া যায়ি। তবে তার নির্বাচনী সমন্বয়ক সরওয়ার হায়াত খান বলেন, আমরা নৌকায় আগুন দেইনি। তারা নিজেরাই আগুন দিয়ে আমাদের দোষারোপ করছেন।পিরোজপুর-৩ (মঠবাড়িয়া) : স্বতন্ত্র প্রার্থী ডা. রুস্তম আলী ফরাজীর (ঈগল) নির্বাচনী সভা শেষে ভূরিভোজের অভিযোগ উঠেছে কর্মী-সমর্থকদের বিরুদ্ধে। শুক্রবার রাতে প্রশাসন তাৎক্ষণিক ঘটনাস্থলে গিয়ে ভূরিভোজ পণ্ড করে দেয়। গতকাল ভোরে ঈগলের সমর্থকরা স্থানীয় ওয়ার্ড আওয়ামী লীগ অফিসে অগ্নিসংযোগ করেন বলে অভিযোগ করেন নৌকার সমর্থকরা।জয়পুরহাট-১ (সদর-পাঁচবিবি) আসন : স্বতন্ত্র প্রার্থী আব্দুল আজিজ মোল্লার (কাঁচি মার্কা) সমর্থকরা নৌকার কর্মীদের বিরুদ্ধে হামলার অভিযোগ করেন। এ ঘটনায় তারা গতকাল প্রতিবাদ সভা করে। শনিবার বিকালে জয়পুরহাট শহরের পাঁচুর মোড়ে এই সভা অনুষ্ঠিত হয়। সভায় স্বতন্ত্র প্রার্থী জয়পুরহাট পৌরসভার সাবেক মেয়র আব্দুল আজিজ মোল্লা বক্তব্য রাখেন।-প্রতিবেদন তৈরিতে তথ্য দিয়ে সহায়তা করেছেন চট্টগ্রাম ব্যুরোপ্রধান হামিদ উল্লাহ, নোয়াখালী প্রতিনিধি সাইফুল্যাহ কামরুল, চাঁপাইনবাবগঞ্জ প্রতিনিধি ডাবলু কুমার ঘোষ, লালমনিরহাট প্রতিনিধি মিজানুর রহমান মিজু, জয়পুরহাট প্রতিনিধি শাহিদুল ইসলাম সবুজ ও মঠবাড়িয়া প্রতিনিধি ইশরাত জাহান মমতাজ।",0,0,1,1,False
" বরিশালের ২১ নম্বর ওয়ার্ডের গোরস্থান রোড মাদ্রাসা কেন্দ্রের ভেতরেই ভোট দিতে আসা লাটিম মার্কার প্রার্থী মু. শাহরিয়ার সাচিব (রাজিব) এবং টিফিন বক্স মার্কার প্রার্থী শেখ সাঈদ আহমেদের (মান্না) সমর্থকদের মধ্যে হাতাহাতির ঘটনা ঘটেছে। আজ সোমবার সকাল সাড়ে ৯টার দিকে এ ঘটনা ঘটে।ভোট গ্রহণ শুরুর পর থেকেই দুই কাউন্সিলর প্রার্থীর সমর্থকদের ভোট কেন্দ্রের ভেতরে ও বাইরে ঘোরাফেরা করতে দেখা যায়। একপর্যায়ে উভয় পক্ষের সমর্থকদের মধ্যে হাতাহাতির ঘটনা ঘটে।টিফিন বক্স মার্কার প্রার্থী শেখ সাঈদ আহমেদের (মান্না) সমর্থক শাহিন হোসেন বলেন, লাটিম মার্কার প্রার্থী ও তার স্ত্রী ভোটারদের জোর করে তাদের পক্ষে ভোট দেওয়াচ্ছে। আমাদের কাউকে ঢুকতে দিচ্ছে না। তারা আমাদের সন্ত্রাসী বলছে। আমাদের বিভিন্নভাবে হুমকিও দিচ্ছে।আরও পড়ুন: বরিশালে হাতপাখার মেয়র প্রার্থীর গাড়িতে হামলালাটিম মার্কার প্রার্থী মু. শাহরিয়ার সাচিবের (রাজিব) স্ত্রী মৌসুমী কবির মৌ বলেন, ‘টিফিন বক্সের প্রার্থী মাঠে নেই। সে ভোটারদের টাকার প্রলোভন দিয়ে ভোট কেন্দ্রে নিয়ে আসছে। এর বাধা দেওয়ায় আমার সঙ্গে খারাপ ব্যবহার করছে। আমাদের লাইনেই দাঁড়াতে দিচ্ছে না। বলছে বের করে দেবে ‘লাটিম মার্কার আরেক সমর্থক বলেন, ‘সবাই জানে শেখ সাঈদ আহমেদ মান্না একাধিক, মার্ডার ও অস্ত্র মামলার আসামী।’এপিবিএন কর্মকর্তা দুলাল আহমেদ বলেন, ‘এখানে ঝামেলা হচ্ছে এমন খবর পেয়ে আমরা এসেছি। দুই কাউন্সিলরের লোকজনকে কেন্দ্রের সামনে থেকে সরিয়ে দেওয়া হয়েছে। এখন ভোটকেন্দ্রের পরিস্থিতি স্বাভাবিক। যেকোনো অপ্রীতিকর ঘটনার খবর পেলেই আমরা সঙ্গে সঙ্গে ব্যবস্থা নিচ্ছি।’",0,0,1,1,False
" কক্সবাজার পৌরসভা নির্বাচনে ভোটগ্রহণ চলছে। আজ সোমবার ইভিএমে ১২টি ওয়ার্ডে ৪৩টি কেন্দ্রে ভোট গ্রহণ শুরু হয়। এসব কেন্দ্রের সবকটি অতি ঝুঁকিপূর্ণ হিসেবে চিহ্নিত করেছে পুলিশ। ফলে প্রতিটি কেন্দ্রে নির্বাহী ম্যাজিস্ট্রেটের নেতৃত্বে র‍্যাব, বিজিবি ও পুলিশের টহল রাখা হয়েছে।জেলা নির্বাচন ও রিটার্নিং কর্মকর্তা এসএম শাহাদাত হোসেন জানান, আজ সোমবার সকাল ৮টা থেকে বিকেল ৪টা পর্যন্ত পৌর নির্বাচনের ভোট গ্রহণ চলবে। নির্বাচনকে সুষ্ঠু ও সুশৃঙ্খলভাবে সম্পন্ন করতে ৪৩টি কেন্দ্রের প্রতি কেন্দ্রে ৪ জন পুলিশসহ পুরুষ ও মহিলা আনসার বাহিনীর ১৩ সদস্য, ১২টি ওয়ার্ডে পুলিশের ১২টি টহল টিম, স্ট্রাইকিং ফোর্সসহ ৭৯০ জন আইনশৃঙ্খলা বাহিনীর সদস্য দায়িত্ব পালন করছেন। পাশাপাশি ৭ প্লাটুন বিজিবি, র‌্যাবের ১২টি পেট্রোল টিম এবং ১২ জন নির্বাহী ম্যাজিস্ট্রেট ও তিনজন জুডিসিয়াল ম্যাজিস্ট্রেট মাঠে কাজ করছেন। প্রত্যেকটি কেন্দ্রে বসানো হয়েছে সিসিটিভি ক্যামেরা।কক্সবাজার সদর মডেল থানার ভারপ্রাপ্ত কর্মকর্তা (ওসি) মোহাম্মদ রফিকুল ইসলাম বলেন, ‘৪৩টি কেন্দ্রের প্রতিটিকে ঝুঁকিপূর্ণ হিসেবে চিহ্নিত করে নিরাপত্তা ব্যবস্থা জোরদার করা হয়েছে।’আরও পড়ুন: কক্সবাজারপৌর নির্বাচন: মেয়রসহ ৪ প্রার্থীর মনোনয়ন বাতিলনির্বাচনে মেয়র পদে মূল প্রতিদ্বন্দ্বিতায় রয়েছেন আওয়ামী লীগ মনোনীত নৌকা প্রতীকের প্রার্থী মাহাবুবুর রহমান চৌধুরী ও একই দলের বিদ্রোহী (স্বতন্ত্র) নারকেল গাছ প্রতীকে মাসেদুল হক রাশেদ। এছাড়া তিনজন স্বতন্ত্র মেয়র প্রার্থী নির্বাচন করছেন। তারা হলেন- জগদীশ বড়ুয়া (হেলমেট), জোছনা হক (মোবাইল ফোন) ও মো. জাহেদুর রহমান (হাতপাখা)।কক্সবাজার পৌরসভা নির্বাচনে সংরক্ষিত নারী কাউন্সিলর পদে ১৬ জন এবং সাধারণ কাউন্সিলর পদে ৫৬ জন প্রতিদ্বন্দ্বিতা করছেন। পৌরসভার মোট ভোটারসংখ্যা ৯৫ হাজার ৩৮৬ জন।",0,0,1,1,False
" আগামী ২১ জুন অনুষ্ঠিত হতে যাওয়া সিলেট ও রাজশাহী সিটি করপোরেশনের ভোট বয়কটের ঘোষণা দিয়েছে ইসলামী আন্দোলন বাংলাদেশ।আজ সোমবার সন্ধ্যায় বরিশাল নগরীতে দলীয় কার্যালয়ে আয়োজিত এক সংবাদ সম্মেলনে এ ঘোষণা দেন চরমোনাই পীর ও ইসলামী আন্দোলন বাংলাদেশের আমির মুফতি সৈয়দ রেজাউল করীম।বরিশাল সিটি করপোরেশন নির্বাচনে হাতপাখা প্রতীকের মেয়র প্রার্থী মুফতি সৈয়দ মুহাম্মাদ ফয়জুল করীমের ওপর হামলার প্রতিবাদে ইসলামী আন্দোলন এ ঘোষণা দিয়েছে। একই সঙ্গে বরিশাল ও খুলনা সিটিতে ভোটের ফল প্রত্যাখ্যান করে আগামী শুক্রবার দেশব্যাপী বিক্ষোভ কর্মসূচির ডাক দেওয়া হয়েছে।সৈয়দ রেজাউল করীম বলেন, ‘নির্বাচনে মারাত্মক অনিয়মের কারণেই আমরা বরিশাল সিটি করপোরেশন নির্বাচনের ফলাফল প্রত্যাখ্যান করছি। যখন প্রসাশন দলীয়করণ হয় তখন এই সরকারের অধীনে সুষ্ঠু নির্বাচন কখনোই আশা করা যায় না। আমরা এই সরকার এবং নির্বাচন কমিশনের পদত্যাগ দাবি করছি।’চরমোনাই পীর বলেন, ‘রাজশাহী ও সিলেটে আমাদের যে প্রার্থী রয়েছে তাদের প্রার্থিতাও আমরা প্রত্যাহার করে নিচ্ছি এবং নির্বাচন বয়কটের ঘোষণা দিচ্ছি। খুলনার ফলাফলও আমরা প্রত্যাখ্যান করছি।’",0,0,1,1,False
" আওয়ামী লীগের প্রেসিডিয়াম সদস্য অ্যাডভোকেট কামরুল ইসলাম বলেছেন বিএনপি এবার নির্বাচনে না এলে কর্মীরাই গণধোলাই দেবে। যারা গণতান্ত্রিক দল করে, তাদের গণতান্ত্রিক আচরণ নিয়ে নির্বাচনে আসতে হবে। তা না হলে কর্মীরাই তাদেরকে মারধর করবে।আজ শনিবার কেরানীগঞ্জ মডেল থানার রুহিতপুর ইউনিয়ন শাখার আওয়ামী লীগের সম্মেলনে প্রধান অতিথির বক্তব্য তিনি এ কথা বলেন।তিনি বলেন, বিএনপি নির্বাচনে না এলেও সাংবিধানিকভাবে নির্বাচন হয়ে যাবে। সিটি করপোরেশন নির্বাচনে বিএনপি অংশগ্রহণ করেনি। তাতে নির্বাচন থেমে থাকেনি, জনগণ ঠিকই সাড়া দিয়েছে।আরও পড়ুন: কেউ ভোট দিতে না পারলে চিৎকার দিতে বললেন সিইসিকামরুল ইসলাম বর্তমান সরকারের উন্নয়ন কর্মকাণ্ড তুলে ধরে বলেন, বৈশ্বিক মহামারি করোনা প্রধানমন্ত্রী শক্তহাতে মোকাবিলা করেছেন। রাশিয়া-ইউক্রেন যুদ্ধের কারণে বর্তমানে বিশ্বের অবস্থা খারাপ। তবে বিশ্বের অন্য দেশের চেয়ে বাংলাদেশ অনেক ভালো রয়েছে।সভায় আরও উপস্থিত ছিলেন কেরানীগঞ্জ মডেল থানা আওয়ামী লীগের সভাপতি ইউসুফ আলী চৌধুরী সেলিম, কেরানীগঞ্জ মডেল থানা আওয়ামী লীগের সাধারণ সম্পাদক আলতাফ হোসেন বিপ্লব, ঢাকা জেলা আওয়ামী লীগের সহসভাপতি শফিউল খান বারকু, ঢাকা জেলা আওয়ামী লীগের সদস্য শিলা ইসলাম, ঢাকা জেলা আওয়ামী লীগের সাংগঠনিক সম্পাদক ও শাক্তা ইউনিয়ন পরিষদ চেয়ারম্যান হাবিবুর রহমান হাবিব প্রমুখ।",0,0,1,1,False
" কক্সবাজার পৌরসভা নির্বাচনে ভোটারদের মাঝে রাতে টাকা বিতরণ করার সময় হাতেনাতে ধরা পড়েছেন মো. ইসমাইল হোসেন (৫২) নামের এক ব্যক্তি। পরে তাকে ৫০ হাজার টাকা জরিমানা করেন নির্বাহী ম্যাজিস্ট্রেট মাসুম বিল্লাহ।জানা গেছে, নির্বাচনে আওয়ামী লীগের বিদ্রোহী মেয়র প্রার্থী মাশেদুল হক রাশেদের পক্ষে টাকা বিতরণ করছিলেন সাজা পাওয়া ইসমাইল।কক্সবাজার জেলা প্রশাসন সূত্র জানা যায়, গোপন সংবাদের ভিত্তিতে গতকাল শনিবার রাত সাড়ে ১১টার দিকে কক্সবাজার পৌরসভার ১০ নম্বর ওয়ার্ডের মোহাজের পাড়া এলাকার স্টেডিয়ামের কাছে অভিযান চালায় নির্বাহী ম্যাজিস্ট্রেট মাসুম বিল্লাহ। এ সময় আওয়ামী লীগের বিদ্রোহী মেয়র প্রার্থী মাশেদুল হক রাশেদের পক্ষে টাকা বিতরণের সময় মো. ইসমাইল হোসেন হাতেনাতে আটক করা হয়। ইসমাইল বিদ্রোহী মেয়র প্রার্থীর কর্মী।পরে ঘটনার সত্যতা পেয়ে জনসম্মুখে নির্বাচনী আচরণবিধি লঙ্ঘনের দায়ে ১৭ (গ) ধারায় ইসমাইল হোসেনকে ৫০ হাজার টাকা জরিমানা করেন নির্বাহী ম্যাজিস্ট্রেট। এ সময় তার কাছে থাকা ২ হাজার ২৬০ টাকা ও টাকা বিতরণের তালিকা জব্দ করা হয়েছে।নির্বাহী ম্যাজিস্ট্রেট জানান, পৌর নির্বাচনের আচরণবিধি লঙ্ঘনের বিষয়টি প্রমাণিত হওয়ায় আটক ব্যক্তিকে ৫০ হাজার টাকা জরিমানা করা হয়েছে।",0,0,1,1,False
" আইনমন্ত্রী আনিসুল হক বলেন, ‘যখন বাণিজ্য করার দরকার পড়ে, তখন তারা (বিএনপি) নির্বাচন করতে আসে। এখন তাদের এইসব মানুষ ধরে ফেলেছে। যখন বাণিজ্য করতে পারে না, তখন বিএনপি বলে- তারা নির্বাচনে আসবে না।’আজ শনিবার বিকেলে ব্রাহ্মণবাড়িয়ার আখাউড়া উপজেলার মোগড়া ইউনিয়নের খলাপাড়া খেলার মাঠে নির্বাচনী জনসভায় প্রধান অতিথির বক্তব্যে তিনি এ কথা বলেন।আনিসুল হক বলেন, ‘২০২৪ সালের ৭ জানুয়ারির নির্বাচন বাংলাদেশের জন্য খুব গুরুত্বপূর্ণ। আপনারা কেন্দ্রে গিয়ে আমাকে ভোট দিয়ে সারা বিশ্বকে দেখাবেন আমাকে আপনারা ভালোবাসেন।’তিনি বলেন, ‘সঠিকভাবে গণতন্ত্র চলছিল বলেই বাংলাদেশের উন্নতি হচ্ছে। আর তারা এসব গণতান্ত্রিক পদ্ধতিতে অংশগ্রহণ করতে চায় না। বিএনপি গণতন্ত্রে বিশ্বাস করে না, সন্ত্রাসে বিশ্বাস করে। তারা ট্রেনে আগুন দিয়ে ৩ বছরের শিশুকে মেরেছে।’মন্ত্রী আরও বলেন, ‘আমার বিরুদ্ধে কোনো শক্ত প্রতিদ্বন্দ্বী প্রার্থী নাই। অনেকে আমাকে প্রশ্ন করেন, আমি কেন প্রত্যেক ইউনিয়নে মিটিং করছি। এর কারণ হল- আমি আখাউড়া-কসবাবাসীকে ভালোবাসি। আমি এও জানি আপনারা আমাকে ভালোবাসেন। নির্বাচন মুখ্য নয়, এই ভালোবাসার টানেই আমরা পরস্পর পরস্পরকে দেখতে যাই। ১০ বছর আপনাদের সেবা করে উন্নয়ন করেছি। সন্তানের দাবিতে ভোট দাবি করছি। ভালোবাসার দাবিতে আপনাদের ভোট চাই।’ মোগড়া ইউনিয়ন আওয়ামী লীগ নির্বাচন পরিচালনা কমিটির চেয়ারম্যান মো. আতাউর রহমান নাজিমের সভাপতিত্বে সভায় আরও বক্তব্য দেন উপজেলা আওয়ামী লীগের সভাপতি মোহাম্মদ আলী চৌধুরী, সাধারণ সম্পাদক তাকজিল খলিফা কাজল, উপজেলা পরিষদের চেয়ারম্যান আবুল কাশেম ভূইয়া, মোগড়া ইউনিয়ন পরিষদের চেয়ারম্যান এম. এ. মতিন প্রমুখ।",0,0,1,1,False
" দ্বাদশ জাতীয় সংসদ নির্বাচন নিয়ে বহু এলাকার প্রার্থীদের মধ্যেও আগ্রহ নেই বলে মন্তব্য করেছেন বিএনপির সিনিয়র যুগ্ম মহাসচিব রুহুল কবির রিজভী। আজ শুক্রবার এক ভার্চ্যুয়াল সংবাদ সম্মেলনে এ মন্তব্য করেন তিনি।রুহুল কবির রিজভী বলেন, ‘দেশের সবচেয়ে জনপ্রিয় রাজনৈতিক দল বিএনপিসহ ৬৩টি রাজনৈতিক দলের ভোটবর্জন এবং ‘‘একমাত্র ভোটার’’ শেখ হাসিনার ভাগ-বাটোয়ারার নির্বাচনে কে জিতবে তার সিদ্ধান্ত ইতোমধ্যে হয়ে গেছে। এটা জানার পর প্রার্থী নিজেও প্রচার থামিয়ে দিয়েছে। প্রচার চালানোর জন্য দলীয় সমর্থকদের যে হাতখরচ, প্রার্থী তাও বন্ধ করে দিয়েছে। প্রার্থীর পক্ষে প্রচারের জন্য যে নির্বাচনী ক্যাম্প খোলা হয়েছিল, এখন তা জনমানবহীন।’বিএনপির সিনিয়র যুগ্ম মহাসচিব বলেন, ‘শুরুতে ক্ষমতাসীন দলের মদদপুষ্ট গণমাধ্যম নানা অ্যাঙ্গেলে প্রচার চালিয়ে নির্বাচন জমানোর চেষ্টা করেছিল। প্রার্থী ও তাদের সমর্থক এবং সাধারণ মানুষের ভোট নিয়ে আগ্রহ না থাকায় গণমাধ্যমের আগ্রহেও ভাটা পড়েছে। কিন্তু নানা চাপের কারণে তারাও প্রচার চালাতে বাধ্য হচ্ছে।’তিনি বলেন, ‘ভাগ-বাটোয়ারার এই নির্বাচনে ভোট কেন্দ্রে নিজের পোলিং এজেন্ট দেওয়া নিয়েও প্রার্থীদের মধ্যে কোনো আগ্রহ নেই। কেউ কেউ পোলিং এজেন্ট সংগ্রহের জন্য বিজ্ঞাপন দিচ্ছেন। তবে যত যাই করুক, কেউ ভোট কেন্দ্রে যাবে না। ৭ জানুয়ারি জনগণ শেখ হাসিনাকে লাল কার্ড দেখিয়ে বিদায় করবে। তারেক রহমানের নেতৃত্বে গণতন্ত্রকামী মানুষের চলমান আন্দোলন এগিয়ে যাবে, জনগণের বিজয় হবেই হবে।’দেশের বর্তমান পরিস্থিতি তুলে ধরে রুহুল কবির রিজভী বলেন, ‘অবৈধ ক্ষমতার মেয়াদ বাড়াতে পূর্বনির্ধারিত ফলাফল ঘোষণার পাতানো ডামি নির্বাচন ঘিরে দেশে এক অকল্পনীয় ভয়ঙ্কর অরাজক পরিস্থিতির সৃষ্টি করা হয়েছে। বন্দুক-পিস্তল, রামদা, রড, জিআই পাইপ, হকিস্টিকসহ দেশীয় অস্ত্র উঁচিয়ে প্রকাশ্যে মিছিল করছে তারা। নৌকা-ডামি, আইন শৃংখলা রক্ষাকারী বাহিনী, প্রশাসন, রাষ্ট্রযন্ত্র প্রিজাইডিং অফিসার সব আওয়ামীময়-একাকার হয়ে গেছে।’তিনি বলেন, ‘ছলে-বলে-কৌশলে ভোটারদের ভোট কেন্দ্রে আনার জন্য মরিয়া তারা। প্রতিটি জনপদের মানুষ আমি-ডামি প্রার্থী আর তাদের সমর্থক এবং প্রশাসনের দলবাজ কর্মকর্তাদের প্রকাশ্য হুমকি-ধমকিতে সন্ত্রস্ত। ভোট কেন্দ্রে না গেলে হত্যা, গ্রাম ছাড়া করার হুঙ্কার দেওয়া হচ্ছে। কোনো কোনো প্রার্থী হুমকি দিচ্ছে, ভোট কেন্দ্রে না গেলে নাগরিক সুবিধা বাতিল করা হবে। ভোট না দিলে মসজিদ-কবরস্থান বন্ধ করার হুমকি দেওয়া হচ্ছে।’রিজভী বলেন, ‘২০১১ সালের গুলশান থানার একটি মিথ্যা মামলার ফরমায়েশি রায়ে বিএনপির ভাইস চেয়ারম্যান এয়ার ভাইস মার্শাল (অব.) আলতাফ হোসেন চৌধুরী ও মেজর (অব.) হাফিজ উদ্দিন আহমেদ বীর বিক্রমসহ ৮ জন নেতাকর্মীকে সাজা দিয়েছে। আমি এই মিথ্যা মামলায় ফরমায়েশি রায়ের বিরুদ্ধে তীব্র নিন্দা ও প্রতিবাদ জানাচ্ছি এবং অবিলম্বে মিথ্যা মামলায় সাজা প্রত্যাহারের জোর আহ্বান জানাচ্ছি।’বিএনপির এ নেতা জানান, প্রাপ্ত তথ্যনুযায়ী সবশেষ ২৪ ঘণ্টায় সারাদেশে বিএনপি ও অঙ্গ-সহযোগী সংগঠনের ২৯৫ জনের অধিক নেতাকর্মীকে গ্রেপ্তার করা হয়েছে। ",0,0,1,1,False
" দ্বাদশ জাতীয় সংসদ নির্বাচনকে ‘প্রহসনের নির্বাচন’ আখ্যা দিয়ে নির্বাচন বর্জন ও নির্দলীয় সরকার গঠনের দাবিতে অবস্থান কর্মসূচি পালন করছেন ঢাকা বিশ্ববিদ্যালয়ের (ঢাবি) ইংরেজি বিভাগের প্রথম বর্ষের শিক্ষার্থী আকাশ বিশ্বাস।আজ শনিবার বিকেল ৪টায় চার দফা দাবিতে অবস্থান কর্মসূচি পালন করছেন আকাশ বিশ্বাস। দাবি পূরণ না হওয়া পর্যন্ত তিনি অবস্থান কর্মসূচি চালিয়ে যাওয়ার ঘোষণা দিয়েছেন।চারটি দাবি হলো- ক. একদলীয় সরকারের অধীনে ৭ই জানুয়ারির প্রহসনের নির্বাচন বর্জন করে নির্দলীয় সরকার গঠন করতে হবে ও সার্বজনীন ভোটাধিকার প্রতিষ্ঠা করতে হবে। খ. জাতীয় ঐকমত্যের ভিত্তিতে গণতান্ত্রিকভাবে ক্ষমতা হস্তান্তরের সাংবিধানিক প্রক্রিয়া চালু করতে হবে। গ. গুম, খুন, নির্যাতনের বিচার করতে হবে ও শ্রমিকের ন্যায্য মজুরি দিতে হবে। সকল নাগরিকের নাগরিক অধিকার ও মানবিক মর্যাদা নিশ্চিত করতে হবে। ঘ. রাষ্ট্র ও বিশ্ববিদ্যালয়ে গণতান্ত্রিক পরিসর সংকোচন বন্ধ করতে হবে। গণমাধ্যমের স্বাধীনতা নিশ্চিত করতে হবে।আকাশ বিশ্বাস বলেন, ‘দলীয় সরকারের অধীনে ২০১৪ ও ২০১৮ -এর নির্বাচনে বাংলাদেশের নাগরিকগণ তাদের ভোটাধিকার প্রয়োগ করতে পারেনি। আবারও একই রকম একটি নির্বাচন সামনে হতে যাচ্ছে, যেখানে বাংলাদেশের নাগরিকদের গণতান্ত্রিক অধিকার পুনর্বার ভূলুষ্ঠিত হবে। আওয়ামী লীগের অধীনে এই ডামি নির্বাচনের প্রতি নাগরিকদের কোনো আস্থা নেই। এই নির্বাচন বাংলাদেশের ফ্যাসিবাদী শাসনব্যবস্থাকে আরও দীর্ঘায়িত করবে। তাই আমি এই নির্বাচনকে বর্জন করে নির্দলীয় সরকারের অধীনে একটি সুষ্ঠু, নিরপেক্ষ ও অংশগ্রহণমূলক নির্বাচন প্রত্যাশা করছি।’বাংলাদেশের স্বাধীনতার বায়ান্নো বছর পার হলেও আমাদের রাষ্ট্র ও রাজনৈতিক ব্যবস্থা ক্ষমতা হস্তান্তরের কোনো গণতান্ত্রিক প্রক্রিয়া প্রতিষ্ঠা করতে পারেনি বলে দাবি করে আকাশ বলেন, সংবিধানেই এক ব্যক্তিকেন্দ্রীক ও এক দলীয় শাসনকাঠামোর বীজ বপন করা আছে। তাই একটি গণতান্ত্রিক বাংলাদেশ বিনির্মাণে জাতীয় ঐক্যমত্যের ভিত্তিতে ক্ষমতা হস্তান্তরের সাংবিধানিক প্রক্রিয়া চালু করতে হবে। গত পনেরো বছরে বাংলাদেশের নাগরিকগণ অব্যাহতভাবে গুম, খুন ও নির্যাতনের শিকার হচ্ছে, রাজনৈতিক কারণে গ্রেপ্তার হচ্ছে, শিক্ষার্থীরা গেস্টরুমে নির্যাতিত হচ্ছে, শ্রমিকদের মজুরির আন্দোলনে গুলি চালানো হচ্ছে; সর্বোপরি বাংলাদেশে একটা মানবাধিকার বিপর্যয় চলছে। এই সকল ঘটনার বিচার করতে হবে, শ্রমিকদের ন্যায্য মজুরি দিতে হবে এবং নাগরিকদের মানবিক মর্যাদা নিশ্চিত করতে হবে। বাংলাদেশে ধারাবাহিকভাবে রাজনৈতিক ও গণতান্ত্রিক পরিসর সংকোচন করা হচ্ছে।তিনি আরও বলেন, ‘ছাত্র সংসদ নির্বাচন বন্ধ করে রাখা হয়েছে। সাইবার নিরাপত্তা আইনের মাধ্যমে গণমাধ্যমের স্বাধীনতা কেড়ে নেওয়া হয়েছে। কিন্তু আমরা এমন একটা রাষ্ট্র চাই যেখানে নাগরিকরা নির্ভয়ে কথা বলতে পারবে। তাই রাজনৈতিক পরিসর সংকোচনের চক্রান্ত বন্ধ করতে হবে এবং সাইবার নিরাপত্তা আইন বাতিল করতে হবে। রাষ্ট্র ও বিশ্ববিদ্যালয়ে শিক্ষার্থীদের হিস্যা ও প্রতিনিধিত্ব নিশ্চিত করতে হবে। ৭ই জানুয়ারির নির্বাচন বর্জনসহ চার দফা দাবিতে রাজু ভাষ্কর্যে অবস্থানে বসেছি।দাবি আদায় না হওয়া পর্যন্ত আমি এই আন্দোলন চালিয়ে যাব।’তিনি বলেন, ‘বাংলাদেশের ছাত্র-নাগরিকদের প্রতি আমার আহ্বান, আপনারা আসুন দলমত নির্বিশেষে আমরা একটা গণতান্ত্রিক বাংলাদেশের পক্ষে একতাবদ্ধ হই। ৭ই জানুয়ারির প্রহসনের নির্বাচনের বিরুদ্ধে আমি সকলকে গণঅবস্থানের আহ্বান জানাচ্ছি।’",0,0,1,1,False
" আগামী ৭ জানুয়ারি নির্বাচন নিয়ে বহু এলাকায় প্রার্থীদের মাঝেও আগ্রহ নেই বলে দাবি করেছে বিএনপি। গতকাল শুক্রবার ভার্চুয়াল সংবাদ সম্মেলনে দলটির সিনিয়র যুগ্ম মহাসচিব রুহুল কবির রিজভী বলেন, শেখ হাসিনার ভাগবাটোয়ারার নির্বাচনে কে জিতবে তার সিদ্ধান্ত ইতোমধ্যে হয়ে গেছে। এটা জানার পর প্রার্থী নিজেও প্রচার থামিয়ে দিয়েছেন। প্রচার চালানোর জন্য দলীয় সমর্থকদের যে হাতখরচ প্রার্থী তাও বন্ধ করে দিয়েছেন। প্রচারের জন্য যে নির্বাচনী ক্যাম্প খোলা হয়েছিল, এখন তা জনমানবহীন।আগামী নির্বাচনে ভোটকেন্দ্রে পোলিং এজেন্ট দেওয়া নিয়ে প্রার্থীদের কোনো আগ্রহ নেই বলে দাবি করেন বিএনপি নেতা রুহুল কবির রিজভী। তিনি বলেন, কেউ কেউ পোলিং এজেন্ট সংগ্রহের জন্য বিজ্ঞাপন দিচ্ছেন। তবে যত যাই করুক কেউ ভোটকেন্দ্রে যাবে না। ৭ জানুয়ারি জনগণ শেখ হাসিনাকে লালকার্ড দেখিয়ে বিদায় করবে।রিজভী বলেন, ভোটকেন্দ্রে না গেলে হত্যা, গ্রামছাড়া করার হুংকার দেওয়া হচ্ছে। কোনো কোনো প্রার্থী হুমকি দিচ্ছে, ভোটকেন্দ্রে না গেলে নাগরিক সুবিধা বাতিল করা হবে। ভোট না দিলে মসজিদ-কবরস্থান বন্ধ করার হুমকি দেওয়া হচ্ছে।রিজভী জানান, গত ২৪ ঘণ্টায় সারাদেশে বিএনপি ও অঙ্গসহযোগী সংগঠনের ২৯৫ জনের বেশি নেতাকর্মীকে গ্রেপ্তার করা হয়েছে।",0,0,1,1,False
" চাঁপাইনবাবগঞ্জ-৩ (সদর) আসনে নোঙর প্রতীকের এক স্বতন্ত্র প্রার্থীর নির্বাচনী প্রচার অফিসে আগুন দিয়েছে দুর্বৃত্তরা। এতে প্রচার অফিসটি পুড়ে ভস্মীভূত হয়েছে। ঘটনার পর থেকে ওই এলাকায় উত্তেজনা বিরাজ করছে।গতকাল শুক্রবার রাত সাড়ে ১১টার দিকে পৌর এলাকার শংকরবাটি ঈদগাহের পাশে বাংলাদেশে জাতীয়তাবাদী আন্দোলন (বিএনএম) মনোনীত নোঙর প্রতীকের প্রার্থী মাওলানা আব্দুল মতিনের নির্বাচনী প্রচার অফিসে এ ঘটনা ঘটে। খবর পেয়ে স্থানীয়রা আগুন নিয়ন্ত্রণ করলেও পুড়ে ছাই হয়ে যায় পুরো প্যান্ডেল ও ভেতরে থাকা প্রচার সামগ্রী ও অন্যান্য আসবাবপত্র। এ ঘটনায় জেলা পুলিশ সুপারসহ ঊর্ধ্বতন কর্মকর্তারা ঘটনাস্থল পরিদর্শন করেছেন।বিএনএম প্রার্থী আব্দুল মতিন অভিযোগ করেন, ‘আমার প্রতিপক্ষরা ভোটারদের ভয়ভীতি দেখাতে মালামালসহ অফিসে অগ্নিসংযোগ করেছে। এ ছাড়া মহারাজপুরে আমার প্রচারযানের চালককে মারধর করে তাড়িয়ে দিয়েছে ইউপি চেয়ারম্যান রাজন ও তার দলবল। রামকৃষ্টপুর এলাকায় আমার প্রচারযান ভাঙচুর করে এলাকা থেকে বের করে দেওয়া হয়েছে।’‘এ ছাড়া পৌর এলাকার অন্তত ২৫/৩০টি স্থানে পোস্টার ও ফেস্টুন ছিড়ে ফেলা হয়েছে। বালিয়াডাঙ্গায় আমার কর্মীদের উপর হামলা চালিয়েছে। এমনকি কর্মীদের এলাকাছাড়া করা হয়েছে। আমার কর্মীদের প্রাণনাশের হুমকিসহ প্রতিনিয়ত আমার প্রচার কাজে প্রকাশ্যে বাধা প্রদান করা হচ্ছে,’ যোগ করেন আব্দুল মতিন। এ সময় এসব ঘটনার সুষ্ঠু বিচার দাবি করেন তিনি।ঘটনার সত্যতা নিশ্চিত করে চাঁপাইনবাবগঞ্জ সদর মডেল থানার ভারপ্রাপ্ত কর্মকর্তা (ওসি) মিন্টু রহমান বলেন, ‘নির্বাচনী অফিসে খড়ের গাদায় প্রথমে আগুন লাগে। সে আগুন থেকেই পুরো নির্বাচনী অফিস পুড়েছে। আগুন লাগার ঘটনাটি আমরা তদন্ত করছি। ’নোঙর প্রতীকের প্রার্থী যদি অভিযোগ দেয়, তাহলে তদন্তের মাধ্যমে দুর্বৃত্তদের বিরুদ্ধে আইনানুগ ব্যবস্থা গ্রহণ করা হবে বলেও জানান পুলিশের এই কর্মকর্তা।",0,0,1,1,False
" সিরাজগঞ্জ-৩ আসনে ঈগল প্রতীকের স্বতন্ত্র প্রার্থী কৃষিবিদ সাখাওয়াত হোসেন সুইটের নির্বাচনী প্রচারণায় হামলার ঘটনা ঘটেছে। আজ শুক্রবার বিকেলে জেলার তাড়াশ উপজেলার সগুনা ইউনিয়নে কুন্দইল গ্রামে সাখাওয়াত হোসেন সুইটের কর্মী-সমর্থকদের নিয়ে নির্বাচনী প্রচারণার সময় এ হামলার ঘটনা ঘটে।এ বিষয় সাখাওয়াত হোসেন সুইট বলেন, ‘আজ বিকেলে প্রচারণা করার সময় নৌকা প্রতীকের প্রার্থী ডা. আব্দুল আজিজের সমর্থক সাবেক চেয়ারম্যান টি এম আব্দুল্লাহেল বাকী ও মঞ্জিল তালুকদারের নেতৃত্বে ২০-২৫ জনের একটি দল আমাদের ওপর হামলা চালায়। এতে আমাদের বেশ কয়েকজন নেতাকর্মী আহত হন।’তাড়াশ থানার ভারপ্রাপ্ত কর্মকর্তা (এসআই) বদিউজ্জামান বলেন, ‘আমরা ঘটনাস্থলেই ছিলাম। হঠাৎ করে বেশ কয়েকজন লোক এসে সাখাওয়াত হোসেন সুইটের নির্বাচনী প্রচারণায় হামলা চালায়। পরে আমরা পরিস্থিতি নিয়ন্ত্রণে নেওয়ার চেষ্টা করি।’",0,0,1,1,False
" বিএনপি-জামায়াতের সমালোচনা করে আওয়ামী লীগ সভাপতি ও প্রধানমন্ত্রী শেখ হাসিনা বলেছেন, ‘ক্ষমতায় থেকে মানুষের ভাগ্য না গড়ে নিজেদের ভাগ্য গড়েছিল বিএনপি-জামায়াত। তারা সন্ত্রাসী দল, তাদের রাজনীতি করার অধিকার নেই। বিএনপি ও তাদের দোসর নির্বাচন বানচাল করতে চায়।’আজ শুক্রবার বিকেল ৪টায় বরিশাল নগরীর বঙ্গবন্ধু উদ্যানে আওয়ামী লীগ আয়োজিত নির্বাচনী জনসভায় এসব কথা বলেন তিনি। দুপুর ১টায় এ জনসভায় শুরু হয়।আওয়ামী লীগ সভাপতি বলেন, ‘আমি বিএনপি-জামায়াতকে ধিক্কার জানাই। তারা মানুষ পোড়ায়, মানুষ হত্যা করে। আমাদের রাজনীতি মানুষের কল্যাণে আর তাদের রাজনীতি মানুষ পোড়ানোতে।’শেখ হাসিনা বলেন, ‘পঁচাত্তরে জাতির পিতাকে হত্যার পর শুধু যে একজন রাষ্ট্রপতিকে হত্যা করেছে তা নয়, আমাদের মুক্তিযুদ্ধের চেতনাকে ধ্বংস করেছিল, স্বাধীনতার মূল্যবোধকে ধ্বংস করেছিল। শুধু তাই নয়, জয় বাংলা স্লোগান, ৭ মার্চের ভাষণ এমনকি জাতির পিতার ছবিও নিষিদ্ধ করেছিল।’বরিশালবাসীর উদ্দেশে প্রধানমন্ত্রী বলেন, ‘শস্যভাণ্ডার হিসেবে বরিশালের সুনাম ফিরিয়ে আনতে চাই। বরিশালে মেডিকেল খুলে দিয়েছি, এ ছাড়া মেডিকেল বিশ্ববিদ্যালয় খুলে দেওয়া হবে।’আজ দুপুর ১টার দিকে বরিশালে পৌঁছে সার্কিট হাউসে যান শেখ হাসিনা। সেখান থেকে বিকেল ৩টা ৫ মিনিটে জনসভায় যোগ দেন তিনি। শেখ হাসিনার সঙ্গে তার ছোট বোন শেখ রেহানাও জনসভায় যোগ দেন। জনসভায় সভাপতিত্ব করেন বরিশাল জেলা আওয়ামী লীগের সভাপতি আবুল হাসনাত আব্দুল্লাহ। ",0,0,1,1,False
" নোয়াখালী-২ (সেনবাগ-সোনাইমুড়ী) আসনে আওয়ামী লীগ মনোনীত নৌকার প্রার্থী মোরশেদ আলমের সমর্থককে আচরণবিধি লঙ্ঘন করার দায়ে তিন হাজার টাকা করে জরিমানা করা হয়েছে। গতকাল বৃহস্পতিবার সন্ধ্যায় উপজেলার অম্বরনগর ইউনিয়নে এ জরিমানা করেন উপজেলা সহকারী কমিশনার (ভূমি) ও এক্সিকিউটিভ ম্যাজিস্ট্রেট মো. শাহিন মিয়া।জানা গেছে, নির্বাচনী আচরণবিধি অনুযায়ী এক ইউনিয়নে একটার বেশি নির্বাচনী ক্যাম্প থাকতে পারবে না কোনো প্রার্থীর। তবে এ নিয়ম না মেনে নোয়াখালী-২ (সেনবাগ-সোনাইমুড়ী) আসনের অম্বরনগর ইউনিয়নে আওয়ামী লীগের মনোনীত প্রার্থী মোরশেদ আলমের একাধিক অফিস (ক্যাম্প) স্থাপন করা হয়। এ অবস্থায় নির্বাচনী আচরণ বিধিমালা ২০০৮ এর ১০ (গ) আইন লঙ্ঘনের অভিযোগে মোরশেদ আলমের সমর্থক লিটনকে তিন হাজার টাকা জরিমানা করা হয়।উপজেলা সহকারী কমিশনার (ভূমি) ও এক্সিকিউটিভ ম্যাজিস্ট্রেট মো. শাহিন মিয়া বলেন, ‘নির্বাচনী আচরণবিধিমালা ২০০৮ এর ১০(গ) লঙ্ঘন ও ১৮ ধারায় একই ইউনিয়নে অম্বরনগর ইউনিয়নে (একই ইউনিয়নে) একাধিক অফিস থাকার অপরাধে নৌকার প্রার্থীর সমর্থক লিটনকে তিন হাজার টাকা জরিমানা করা হয়েছে।’তিনি আরও বলেন, ‘নির্বাচনী আচরণবিধি রক্ষায় প্রশাসন কাজ করছেন। নির্বাচনের আগ পর্যন্ত এ ধরনের অভিযান চলমান থাকবে।’",0,0,1,1,False
" বিএনপির সিনিয়র যুগ্ম মহাসচিব রুহুল কবির রিজভী বলেছেন, আগামী ৭ জানুয়ারি ইমিটেশন নির্বাচন হচ্ছে। এই নির্বাচন জনগণ প্রত্যাখ্যান করেছে।আজ শুক্রবার সকালে নেতাকর্মীদের নিয়ে ধানমন্ডি পুরাতন ১৫ নম্বর এলাকায় লিফলেট বিতরণ ও গণসংযোগ শেষে তিনি এ কথা বলেন। রিজভী বলেন, আগামী ৭ জানুয়ারি দেশে কোনো নির্বাচন হচ্ছে না। যা হচ্ছে তা হচ্ছে অবৈধ নির্বাচন, তামাশার নির্বাচন, ইমিটেশন নির্বাচন। নির্বাচনের নামে তামাশা হচ্ছে। নির্বাচনের নামে ক্ষমতাসীন আওয়ামী সরকার জনগণকে ভেলকিবাজি দিচ্ছে। দেশের মানুষ এমন প্রতারণার নির্বাচন চায় না। নির্বাচনের নামে কোনো প্রহসন চায় না। নির্বাচনের নামে ইমিটেশন নির্বাচন জনগণ প্রত্যাখ্যান করেছে।এ সময় আরও উপস্থিত ছিলেন কেন্দ্রীয় বিএনপির স্বাস্থ্য বিষয়ক সম্পাদক ডা. রফিকূল ইসলাম, অর্থনৈতিক বিষয়ক সহসম্পাদক মাহমুদুর রহমান সুমন, তাঁতি দলের আহ্বায়ক আবুল কালাম আজাদ, মৎস্যজীবী দলের সদস্য সচিব আব্দুর রহিম, যুবদল কেন্দ্রীয় কমিটির সহসাংগঠনিক সম্পাদক কামরুজ্জামান জুয়েল, ঢাকা মহানগর দক্ষিণ বিএনপির আহ্বায়ক কমিটির সদস্য আরিফা সুলতানা রুমা, নাদিয়া পাঠান পাপন, রামপুরা থানা বিএনপির যুগ্ম আহ্বায়ক নীলুফার ইয়াসমীন নীলু, ছাত্রদলের কেন্দ্রীয় সাবেক সহ সভাপতি তারেক উজ জামান তারেক, বর্তমান যুগ্ম সম্পাদক শওকত আরা উর্মি, ডা. তৌহিদুর রহমান আউয়াল, সহসাধারণ সম্পাদক আজিজুল হক জিয়ন, সহসাংস্কৃতিক সম্পাদক জান্নাতুল নওরিন উর্মি প্রমুখ।",0,0,1,1,False
" নির্বাচন বর্জন ও অসহযোগ আন্দোলনকে সফল করার লক্ষে ঢাকা জজ কোর্ট ও ন্যাশনাল মেডিকেলের জনসন রোডের বিভিন্ন এলাকায় লিফলেট বিতরণ করেছে জগন্নাথ বিশ্ববিদ্যালয় ছাত্রদল।আজ শুক্রবার জবি ছাত্রদলের সভাপতি আসাদুজ্জামান আসলাম ও সাধারণ সম্পাদক সুজন মোল্লার নেতৃত্বে এই লিফলেট বিতরণ করা হয়।এ সময় উপস্থিত ছিলেন ছাত্রদলের সহসভাপতি জুলকার নাইন, শামিম হোসেন, প্রচার সম্পাদক (যুগ্ম সম্পাদক পদমর্যাদা) মোস্তাফিজুর রহমান রুমি, ইয়াকুব শেখ অনিক, দপ্তর সম্পাদক (যুগ্ম সম্পাদক পদমর্যাদা) সাখাওয়াতুল ইসলাম খান পরাগ, আরিফুল ইসলাম আরিফ, আসিফ আল ইমরান, সমাজসেবা সম্পাদক রবিন মিয়া শাওন, স্বাস্থ্য বিষয়ক সম্পাদক রায়হান হোসেন, তথ্য ও গবেষণা বিষয়ক সম্পাদক রবিউল ইসলাম শাওন, বিজ্ঞান ও প্রযুক্তি বিষয়ক সম্পাদক মিরাজ, সহসাংগঠনিক সম্পাদক নাইমুর রহমান দুর্জয়, ইমন, মাহবুব আলম, ফয়সাল মুরাদ, ইথার, আয়াত, সহপ্রচার সম্পাদক, মেহেদী হাসান, সদস্য শিহাব, রায়হান, আনোয়ার, তাজুল প্রমুখ।লিফলেট বিতরণ শেষে আসন্ন দ্বাদশ জাতীয় সংসদ নির্বাচন বর্জন এবং বিএনপি ও সমমনা দলগুলোর চলমান অসহযোগ আন্দোলন সফল করার জন্য দেশবাসীর প্রতি আহ্বান জানান জবি ছাত্রদলের সভাপতি আসাদুজ্জামান আসলাম ও সাধারণ সম্পাদক সুজন মোল্লা।",0,0,1,1,False
" নওগাঁ-২ আসনের স্বতন্ত্র প্রার্থী আমিনুল হকের মৃত্যুর কারণে সেখানকার নির্বাচন স্থগিতের সিদ্ধান্ত নিয়েছে নির্বাচন কমিশন (ইসি)। আজ শুক্রবার ইসির অতিরিক্ত সচিব অশোক কুমার দেবনাথ এ তথ্য জানান।গণপ্রতিনিধিত্ব আদেশ ১৯৭২ এ বলা হয়েছে, নির্বাচনের আগে বৈধ প্রার্থী মারা গেলে তা বাতিল করা হবে।অশোক কুমার দেবনাথ বলেন, ‘পরে ওই আসনে নতুন নির্বাচনের তারিখ ঘোষণা করা হবে। এখনকার বাকি বৈধ প্রার্থীরা তখনও প্রার্থী হিসেবে থাকবেন। এই আসনে নির্বাচন স্থগিত করায় আগামী ৭ জানুয়ারি ২৯৯ আসনে নির্বাচন অনুষ্ঠিত হবে।তিনি আরও বলেন, ‘নওগাঁ-২ আসনের স্বতন্ত্র প্রার্থী আমিনুল হক, যার প্রতীক ছিল ঈগল। তিনি আজ ভোর ৫টায় ঢাকার ইউনাইটেড হাসপাতালে মৃত্যুবরণ করেছেন। আমিনুল হক একজন প্রতিদ্বন্দ্বী প্রার্থী ছিলেন। প্রতিদ্বন্দ্বী প্রার্থী মৃত্যুবরণ করলে রিটার্নিং কর্মকর্তা গণপ্রতিনিধিত্ব আদেশের ১৭ অনুচ্ছেদ অনুযায়ী নির্বাচন স্থগিত করবেন।’আমিনুল হক ২০০৬ সালে নওগাঁর পত্নীতলা উপজেলার নজিপুর পৌরসভার মেয়র নির্বাচিত হন। তিনি নওগাঁ জেলা আওয়ামী লীগের সাবেক বন ও পরিবেশ বিষয়ক সম্পাদক। এ ছাড়া তিনি ১৯৮৬ সাল থেকে ২০০৬ সাল পর্যন্ত একাধিকবার পত্নীতলা উপজেলা আওয়ামী লীগের সাধারণ সম্পাদক হিসেবে দায়িত্ব পালন করেছেন।আমিনুল হকের ব্যক্তিগত সহকারী ছয়ফুল ইসলাম বলেন, মামলার শুনানিতে অংশ নিতে গত সোমবার ঢাকায় যান আমিনুল হক। ঢাকায় যাওয়ার পর থেকেই তিনি অসুস্থ হয়ে পড়েন। পরের দিন গত মঙ্গলবার রাতে তাকে রাজধানীর ইউনাইটেড হাসপাতালে ভর্তি করা হয়। সেখানে চিকিৎসাধীন অবস্থায় আজ ভোর ৫টার দিকে তিনি মারা যান। তিনি ডায়াবেটিস, হৃদরোগসহ বিভিন্ন জটিল রোগে ভুগছিলেন।",0,0,1,1,False
" পিরোজপুর-১ আসনের ঈগল মার্কার স্বতন্ত্র প্রার্থী জেলা আওয়ামী লীগের সভাপতি একেএমএ আউয়ালের নির্বাচনী ক্যাম্পে অগ্নিসংযোগের অভিযোগ পাওয়া গেছে। আজ শুক্রবার ভোরে যেকোনো সময় এ অগ্নিসংযোগ করা হয় বলে জানান কলাখালী ইউনিয়ন পরিষদের চেয়ারম্যান মো. হেদায়াতুল ইসলাম।স্থানীয় ইউপি সদস্য মো. মাসুম জানান, পিরোজপুর সদর উপজেলার কলাখালী ইউনিয়নের উদয়কাঠী এলাকার ৩৪ নম্বর গজালিয়া সরকারি প্রাথমিক বিদ্যালয়ের পার্শ্ববর্তী ঈগল মার্কার স্বতন্ত্র প্রার্থীর একটি নির্বাচনী অফিসে রাত ১১টা পর্যন্ত নেতাকর্মীরা কাজ করছিল। কাজ শেষে তারা চলে গেলে মধ্য রাতের যেকোনো সময়ে কে বা কারা ওই নির্বাচনী অফিসে ভাঙচুর চালায় ও অগ্নিসংযোগ করে। এতে কয়েকটি চেয়ার ও ওই অফিসের অনেকটা পুড়ে যায়।এ বিষয়ে ইউনিয়ন আওয়ামী লীগের সাধারণ সম্পাদক মো. দিদারুজ্জামান শিমুল বলেন, ‘এটি একটি রাজনৈতিক ও মিথ্যা ঘটনা। ওই এলাকার নৌকার পথসভায় মানুষের মধ্যে আতঙ্ক সৃষ্টির জন্য এটি করা হয়েছে।’পিরোজপুর সদর থানার ভারপ্রাপ্ত কর্মকর্তা (ওসি) মো. আশিকুজ্জামান জানান, পুলিশ ঘটনাস্থল পরিদর্শন করেছে। আগুনের সূত্রপাত এবং কখন কারা আগুন নেভায় সে সম্পর্কে কোনো তথ্য স্থানীয়রা দিতে পারেনি। স্থানীয়দের সঙ্গে কথা বলে কোনো অভিযোগ না পাওয়ায় থানায় সাধারণ ডায়েরি করা হয়েছে।",0,0,1,1,False
" আসন্ন নির্বাচনের নামে যাত্রাপালা চলছে বলে মন্তব্য করেছেন বিএনপির স্থায়ী কমিটির সদস্য ড. আব্দুল মঈন খান। তিনি বলেন, নির্বাচনের নামে প্রকাশ্যে গরুর হাটের মতো প্রাথীদের কেনাবেচা হচ্ছে। এটা অত্যন্ত লজ্জার। বিশ্বের কোথাও বাহাদুরি করে এভাবে আসন কেনাবেচা ও ভাগাভাগি কখনো দেখেনি। নির্বাচনের নামে যাত্রাপালার আয়োজন করছে সরকার। আর নির্বাচন কমিশন যাত্রাপার্টির ভূমিকা পালন করছে। প্রহসনের নির্বাচন করে কেউ কোনোদিন ক্ষমতা চিরস্থায়ী করতে পারবে না।গতকাল ঢাকা রিপোর্টার্স ইউনিটিতে গণতন্ত্র পুনরুদ্ধার ও দেশনেত্রী বেগম খালেদা জিয়া, মির্জা ফখরুল ইসলাম আলমগীরসহ সব রাজবন্দির মুক্তির দাবিতে জাতীয়তাবাদী সমমনা জোটের আলোচনাসভায় প্রধান অতিথির বক্তব্যে তিনি এ কথা বলেন। জোটের প্রধান সমন্বয়ক ও এনপিপি চেয়ারম্যান ড. ফরিদুজ্জামান ফরহাদের সভাপতিত্বে এতে বক্তব্য রাখেন জাগপা সভাপতি খন্দকার লুৎফর রহমান, সাধারণ সম্পাদক শাহাদাত হোসেন, গণদলের চেয়ারম্যান এটিএম গোলাম মাওলা চৌধুরী, মহাসচিব আবু সৈয়দ, বিকল্পধারার চেয়ারম্যান কমরেড অধ্যাপক নুরুল আমিন বেপারী, মহাসচিব অ্যাড. শাহ আলম বাদল, সাম্যবাদী দলের চেয়ারম্যান কমরেড সৈয়দ ডা. নুরুল ইসলাম, এনডিপি চেয়ারম্যান ক্বারী আবু তাহের, বাংলাদেশ ন্যাপের চেয়ারম্যান শাওন সাদেকী প্রমুখ।",0,0,1,1,False
" নির্বাচনের আগে জ্বালানি খাতে রাষ্ট্রায়ত্ত ৫টি প্রতিষ্ঠানের ব্যবস্থাপনা পরিচালক পদে রদবদল করা হয়েছে একই দিনে একই আদেশে। অতীতে এমন ঘটনার কোনো নজীর নেই।আজ বৃহস্পতিবার পরিচালক (প্রশাসন) মো. আলতাফ হোসেন স্বাক্ষরিত এক আদেশে বলা হয়, পরবর্তী নির্দেশ না দেয়া পর্যন্ত পেট্রোবাংলার কন্ট্রাক্ট ডিভিশন এ কর্মরত মহাব্যবস্থাপক (কারিগরি ক্যাডার) শাহনেওয়াজ পারভেজকে কাজের স্বার্থে গ্যাস ট্রান্সমিশন কোম্পানি লিমিটেডের (জিটিসিএল) ব্যবস্থাপনা পরিচালক পদে চলতি দায়িত্ব প্রদান করা হলো।অন্যদিকে পেট্রোবাংলার সেবা বিভাগে কর্মরত আরপিজিসিএল এর মহাব্যবস্থাপক (প্রশাসন ক্যাডার) মো. আতিকুর রহমানকে জালালাবাদ গ্যাস ট্রান্সমিশন এন্ড ডিস্ট্রিবিউশন সিস্টেম লিমিটেডের (জেজিটিডিএসএল) ব্যবস্থাপনা পরিচালক, উৎপাদন ও বিপণন বিভাগে কর্মরত পেট্রোবাংলার মহাব্যবস্থাপক (কারিগরি ক্যাডার) মো. আনোয়ারুল ইসলামকে বাখরাবাদ গ্যাস ডিস্ট্রিবিউশন কোম্পানি লিমিটেডের (বিজিডিসিএল) ব্যবস্থাপনা পরিচালক, বাংলাদেশ গ্যাস ফিল্ড কোম্পানি লিমিটেডের (বিজিএফএসল) অপারেশন বিভাগের মহাব্যবস্থাপক (কারিগরি ক্যাডার) উত্তম কুমারকে সুন্দরবন গ্যাস কোম্পানি লিমিটেডের (এসজিসিএল) ব্যবস্থাপনা পরিচালক পদে চলতি দায়িত্ব দেওয়া হয়েছে।একই আদেশে জিটিসিএল এর ব্যবস্থাপনা পরিচালক রুখসানা নাজমা ইসহাককে সরিয়ে পশ্চিমাঞ্চল গ্যাস কোম্পানি লিমিটেডের (পিজিসিএল) ব্যবস্থাপনা পরিচালক পদে বদলী করা হয়েছে।",0,0,1,1,False
" ময়মনসিংহ-৯ (নান্দাইল) আসনে এক যুবক দুই হাতে দুটি অস্ত্র উঁচিয়ে নৌকার পক্ষে মিছিলে অংশ নেন। বুধবার সন্ধ্যায় নান্দাইলের চ-ীপাশা ইউনিয়নের আনন্দ বাজারে নৌকার মিছিলে এ ঘটনা ঘটে। পরে একাধিক ফেসবুক আইডি থেকে অস্ত্র প্রদর্শনের ছবি আপলোড হলে সবার নজরে আসে। পুলিশেরও দৃষ্টিগোচর হয়। এ ঘটনায় রাতেই এক যুবককে গ্রেপ্তার করা হয়। তিনি অস্ত্রের ‘মালিক’, অস্ত্র প্রদর্শনকারীকে খুঁজছে পুলিশ।এদিকে বৃহস্পতিবার দুপুরে অতিরিক্ত পুলিশ সুপার (গৌরীপুর সার্কেল) মোহাম্মদ সুমন মিয়া নান্দাইল মডেল থানায় সংবাদ সম্মেলনে বলেন, গ্রেপ্তারকৃত ওয়াহিদুজ্জামান তানভীরকে জিজ্ঞাসাবাদের ভিত্তিতে পিস্তল সদৃশ বস্তু দুটি তার নিজের বলে স্বীকার করে। মিছিলে অংশগ্রহণকারী শাহ আলম অস্ত্র দুটি তার হাতে প্রদর্শন করে। প্রাথমিকভাবে পিস্তল সদৃশ বস্তু দুটি লাইটার বলে প্রতীয়মান হয়েছে। অস্ত্র প্রদর্শনকারী যুবক শাহ আলমকে গ্রেপ্তারে পুলিশি অভিযান অব্যাহত রয়েছে।",0,0,1,1,False
" টাঙ্গাইল-৩ আসনে ঘাটাইলে আওয়ামী লীগ ও স্বতন্ত্র (ঈগল) প্রতীকের প্রার্থীর সমর্থকদের মধ্যে নির্বাচনী সহিংসতায় ৪ জন আহত হয়েছে। আজ বৃহস্পতিবার রাত ১০টার দিকে ঘাটাইল উপজেলার লক্ষীন্দরে এ ঘটনা ঘটে।আহতরা হলেন লক্ষিন্দর ইউনিয়নের ৭ নম্বর বাগ-আড়া এলাকার মো. হামিদুল ইসলাম (৫০), আমিরুল (৪১) মেম্বার ও মো. রুহুল আমীন (৩৪) ও মো. জাফর আলী (৪৫)।ঘাটাইল থানার ভারপ্রাপ্ত কর্মকর্তা (ওসি) মো: আবু ছালাম বলেন, ‘আহতদের স্বাস্থ্য কমপ্লেক্সে ভর্তি করা হয়েছে। অতিরিক্ত পুলিশ মোতায়েন করা হয়েছে।’",0,0,1,1,False
" অবৈধ ক্ষমতার মেয়াদ বাড়াতেই সরকার একতরফা নির্বাচন করছে বলে মন্তব্য করেছেন বিএনপির স্থায়ী কমিটির সদস্য নজরুল ইসলাম খান। তিনি বলেন, এ সরকারের কৌশল হলো নির্বাচনের নামে তাদের মেয়াদ আরও পাঁচ বছর বৃদ্ধি করা। তাই জনগণকে বলব, এ পাতানো নির্বাচন প্রতিহত ও বর্জন করুন। দয়া করে ভোট দিতে যাবেন না। আপনার ভোটে কোনো কিছুর পরিবর্তন ঘটবে না। এখন যারা নির্বাচন করছে তাদের সংখ্যাগরিষ্ঠ প্রার্থী কোটিপতি। এত কোটিপতি দেশে কোথা থেকে এলো? আমরা ২২ পরিবারের বিরুদ্ধে মুক্তিযুদ্ধ করলাম আর আজ ২২শ পরিবার তৈরি হয়ে গেল। গতকাল জাতীয় প্রেসক্লাবের সামনে ডক্টরস অ্যাসোসিয়েশন বাংলাদেশের (ড্যাব) ডামি নির্বাচন বর্জন ও অসহযোগ আন্দোলনের সমর্থনে মানববন্ধনে নজরুল ইসলাম এসব কথা বলেন। পরে চিকিৎসকদের নিয়ে পথচারীদের মধ্যে ভোট বর্জনের লিফলেট বিতরণ করেন তিনি।তিনি বলেন, ব্যাংক লুট হয়ে গেছে। কারা করেছে? সরকার কি জানে না, সরকার কি তাদের ধরতে পারে না? পারে, কিন্তু ধরে না। কারণ তারা সরকারি দলের লোক। ড্যাবের সভাপতি অধ্যাপক হারুন আল রশিদের সভাপতিত্বে ও কোষাধ্যক্ষ ডা. জহিরুল ইসলাম শাকিলের পরিচালনায় আরও বক্তব্য রাখেন ড্যাবের মহাসচিব অধ্যাপক আব্দুস সালাম প্রমুখ।",0,0,1,1,False
" একতরফা নির্বাচন দেশকে ভয়াবহ বিপদে ফেলবে বলে মন্তব্য করেছেন গণতন্ত্র মঞ্চের নেতারা। আজ বৃহস্পতিবার বেলা সাড়ে ১১টায় এক সমাবেশে গণতন্ত্র মঞ্চের নেতারা এ মন্তব্য করেন।এর আগে ‘একতরফা ভোট বর্জন করুন’ এই আহ্বানে রাজধানীর কারওয়ানবাজারের পেট্রোবাংলার সামনে গণতন্ত্র মঞ্চের গণসংযোগপূর্ব সমাবেশ অনুষ্ঠিত হয়েছে। সমাবেশ শেষে কাটাবন মোড় পর্যন্ত মিছিল, গণসংযোগ ও লিফলেট বিতরণ করেন নেতারা।সমাবেশে সভাপতিত্ব করেন গণসংহতি আন্দোলনের প্রধান সমন্বয়কারী ও গণতন্ত্র মঞ্চের বর্তমান সমন্বয়ক জোনায়েদ সাকি। সমাবেশে বক্তব্য দেন, নাগরিক ঐক্যের সভাপতি মাহমুদুর রহমান মান্না, বাংলাদেশ বিপ্লবী ওয়ার্কার্স পার্টির সাধারণ সম্পাদক সাইফুল হক, জাতীয় সমাজতান্ত্রিক দলের (জেএসডি) সাধারণ সম্পাদক শহীদ উদ্দিন মাহমুদ স্বপন, ভাসানী অনুসারী পরিষদের সদস্য সচিব হাবিবুর রহমান রিজু ও রাষ্ট্র সংস্কার আন্দোলনের জাতীয় নির্বাহী কমিটির সদস্য প্রীতম দাশ। সভা পরিচালনা করেন গণসংহতি আন্দোলনের রাজনৈতিক পরিষদের সদস্য মনির উদ্দিন পাপ্পু।নেতারা বলেন, ‘সারাদেশ তুষের আগুনে পুড়ছে। চারদিকে বারুদের স্ফুলিঙ্গ যে কোনো সময় ফেটে পড়বে। আমাদেরকে পুলিশ বাধা দিয়েছে, হামলা করেছে। পুলিশ আমাদের নেতাদের মাটিতে ফেলে দিয়েছে। কিন্তু আমরা আবার উঠে দাঁড়িয়েছি।’সমাবেশে নেতারা আরও বলেন, ‘সবার জন্য আওয়ামী লীগ একাই ইশতেহার দিয়েছে। সব দলের নেতৃত্ব নিজে নিয়েছে। রাজনৈতিক দল ওনার পছন্দ না। ওনার একটা দল থাকবে, বাকিরা হবে সহযোগী সংগঠন। সবাই ওনার থেকে ভিক্ষার সিট নেবে। শেখ হাসিনা পুরো রাষ্ট্রকে তার পারিবারিক বিষয়ে পরিণত করেছেন। আওয়ামী লীগের এই দম্ভ টিকবে না।’সমাবেশ থেকে গণতন্ত্র মঞ্চের নেতারা বলেন, ‘দেশের মানুষের অধিকাংশ ও বিরোধী সকল মতামতকে উপেক্ষা করে সরকার একতরফা নির্বাচনের প্রায় দ্বারপ্রান্তে। এখন প্রহসনের ক্ষণটা কেবল মঞ্চস্থ করা বাকি। যে নির্বাচনটাকে জনগণ ইতোমধ্যে প্রত্যাখ্যান করেছে সেটা নিয়ে নানান ষড়যন্ত্র করছে সরকার। কাজেই দেশ নিয়ে এ সব খেলা জনগণকে রুখে দিতে হবে। দেশে ভাগবাটোয়ারার এই একতরফা নির্বাচন দেশকে ভয়াবহ বিপদে নিয়ে যাবে।’সমাবেশে আরও উপস্থিত ছিলেন, নাগরিক ঐক্যের সাধারণ সম্পাদক শহীদুল্লাহ কায়সার, বাংলাদেশ বিপ্লবী ওয়ার্কার্স পার্টির রাজনৈতিক পরিষদের সদস্য বহ্নিশিখা জামালী, রাষ্ট্র সংস্কার আন্দোলনের সাংগঠনিক সমন্বয়ক ইমরান ইমন, জাতীয় সমাজতান্ত্রিক দলের সিনিয়র যুগ্ম সাধারণ সম্পাদক কামাল উদ্দিন পাটোয়ারী, গণসংহতি আন্দোলনের সম্পাদক মণ্ডলীর সদস্য বাচ্চু ভূঁইয়া ও ভাসানী অনুসারী পরিষদের যুগ্ম আহ্বায়ক ড. আবু ইউসুফ সেলিমসহ আরও অনেকে।",0,0,1,1,False
" দ্বাদশ জাতীয় সংসদ নির্বাচন নিয়ে জাতীয় ও আন্তর্জাতিকভাবে নানারকম চক্রান্ত হচ্ছে বলে দাবি করেছেন আওয়ামী লীগ সভাপতি ও প্রধানমন্ত্রী শেখ হাসিনা। আজ বৃহস্পতিবার বিকেলে রাজধানীর তেজগাঁওস্থ ঢাকা জেলা আওয়ামী লীগ কার্যালয় থেকে ভার্চ্যুয়ালি যুক্ত ছয় জেলায় আয়োজিত নির্বাচনী জনসভায় দেওয়া ভাষণে এ কথা বলেন তিনি।আজ জামালপুর, শেরপুর, কিশোরগঞ্জ, নরসিংদী, চাঁদপুর ও বান্দরবানে নির্বাচনী জনসভা আয়োজন করে আওয়ামী লীগ। তেজগাঁও প্রান্তে শেখ হাসিনার সঙ্গে আরও উপস্থিত ছিলেন আওয়ামী লীগের সাধারণ সম্পাদক ওবায়দুল কাদের, দলের সভাপতিমন্ডলীর সদস্য কাজী জাফরউল্লাহ, যুগ্ম সাধারণ সম্পাদক ড. হাছান মাহমুদ, সাংগঠনিক সম্পাদক বি এম মোজাম্মেল হক ও দপ্তর সম্পাদক ব্যারিস্টার বিপ্লব বড়ুয়া। শেরপুর প্রান্তে আওয়ামী লীগের সভাপতিমন্ডলীর সদস্য বেগম মতিয়া চৌধুরী উপস্থিত ছিলেন।দলীয় নেতাকর্মীদের উদ্দেশে আওয়ামী লীগ সভাপতি বলেন, ‘আমরা গতকাল (বুধবার) আমাদের নির্বাচনী ইশতেহার ঘোষণা করেছি। ইশতেহারটি পড়ুন এবং ইশতেহার নিয়ে জনগণের কাছে যান এবং নৌকায় ভোট চান।’শেখ হাসিনা বলেন, ‘আওয়ামী লীগ সরকার বাংলাদেশকে একটি উন্নয়নশীল দেশে রূপান্তর করতে সক্ষম হয়েছে এবং একটি উন্নয়নশীল দেশ হিসেবে এর যাত্রা ২০২৬ সালে শুরু হবে। আমরা গত ১৫ বছরে দেশের যে উন্নয়ন করেছি সেই উন্নয়নের অগ্রযাত্রা অব্যাহত রাখতে হবে এবং একমাত্র আওয়ামী লীগই পারবে ক্ষমতায় আসলে সেই অগ্রযাত্রাটা ধরে রাখতে। সে কারণে নৌকা মার্কায় ভোট দেওয়ার জন্য আপনারা জনগণের দ্বারে দ্বারে যাবেন। আপনারা ভোট চাইবেন। জনগণ ভোট দিয়ে যেন আমাদের সেবা করার সুযোগ দেন।’তিনি বলেন, ‘আর একটি কথা, এবার যেহেতু নির্বাচন নিয়ে জাতীয় ও আন্তর্জাতিকভাবে নানারকম চক্রান্ত হচ্ছে। তাই নির্বাচনের পরিবেশটা যাতে সুন্দর হয়, উৎসবমুখর হয়, প্রতিদ্বন্দিতাপূর্ণ হয় সেদিকে খেয়াল রাখবেন।’বিএনপির সমালোচনা করে আওয়ামী লীগ সভাপতি বলেন, ‘বিএনপি হচ্ছে একটি সন্ত্রাসী দল আর একটি দল (জামায়াত) হচ্ছে যুদ্ধাপরাধীদের দল। আর এরা নির্বাচনে না আসলে নির্বাচন অংগ্রহণমূলক হবে না, এটা আমরা বিশ্বাস করি না।’তিনি বলেন, ‘নির্বাচনের অংশগ্রহণ হবে জনগণের সমাবেশ হলে। ভোটারদের আগমনে তাদের অংশগ্রহণে এখানে নির্বাচন হবে অংশগ্রহণমূলক নির্বাচন। আমরা সেটাই চাই। আর সন্ত্রাসী দল তারা নির্বাচনে বিশ্বাসও করে না, মানুষ খুন ছাড়া আর দুর্নীতি করা ছাড়া ওদের দিয়ে দেশের কোনো কল্যাণও আসবে না। ওরা মানুষকে কিছুই দিতে পারবে না।’",0,0,1,1,False
" সফররত ইউরোপিয়ান ইউনিয়নের (ইইউ) নির্বাচন বিশেষজ্ঞ দলের সঙ্গে ভার্চুয়াল বৈঠক করেছে বিএনপি। এতে দলটি বলেছে, জাতীয় সংসদের বিরোধী দলে কারা বসবে তাও ঠিক করে দিচ্ছে ক্ষমতাসীন আওয়ামী লীগ সরকার। নির্বাচনের নামে এটি নাটক মঞ্চস্থ হতে যাচ্ছে। গতকাল বুধবার ইইউ প্রতিনিধিদের সঙ্গে প্রায় ঘণ্টাব্যাপী বৈঠক করেন বিএনপি।বৈঠকে বিএনপির পক্ষে অংশ নেন দলটির জাতীয় স্থায়ী কমিটির সদস্য ড. আবদুল মঈন খান, নজরুল ইসলাম খান, চেয়ারপারসনের উপদেষ্টা ইসমাইল জবিউল্লাহ,আন্তর্জাতিকবিষয়ক সম্পাদক হুমায়ুন কবির, সাংগঠনিক সম্পাদক শামা ওবায়েদ, মানবাধিকারবিষয়ক সম্পাদক আসাদুজ্জামান। ইইউ প্রতিনিধি দলে ছিলেন রেবেকা কক্স, শার্লোট সুয়েবেস। বিকাল ৩টা থেকে বৈঠক শুরু হয়ে ৪টার পর শেষ হয়। বৈঠকের বিষয়ে কোনো পক্ষই গণমাধ্যমকে কিছু বলেনি।বৈঠকে দলটির নেতারা ইইউ প্রতিনিধি দলকে বলেছেন, সরকারবিরোধী দলবিহীন যে একতরফা নির্বাচনের দিকে যাচ্ছে, সেটি কোনো নির্বাচন নয়, নির্বাচনের নামে একটা নাটক মঞ্চস্থ হতে যাচ্ছে। এ বিষয়ে তাদের কিছু তথ্যপ্রমাণও দেওয়া হয়।বৈঠকে উপস্থিত একজন নেতা বলেন, তারা ইইউ নির্বাচন বিশেষজ্ঞ দলকে তথ্যপ্রমাণ দিয়ে দেখিয়েছেন আসন্ন ৭ জানুয়ারির নির্বাচন সরকারের কতটা সাজানো এবং পাতানো। এখানে আওয়ামী লীগের নেতারা কেউ নৌকার প্রার্থী, কেউ আবার স্বতন্ত্র প্রার্থী। বিরোধী দলও ঠিক করছে তারা। যাদের বিরোধী দল হিসেবে দেখানো হচ্ছে, তারা সরকারের সঙ্গে আসন ভাগাভাগির নির্বাচন করছে। এখানে নির্বাচনসংশ্লিষ্ট আইনশৃঙ্খলা বাহিনীসহ সংশ্লিষ্টদের ভূমিকাও বিএনপির পক্ষ থেকে তুলে ধরা হয়েছে।বিএনপির প্রতিনিধি দলের নেতৃত্ব দেওয়া ড. আবদুল মঈন খান আমাদের সময়কে বলেন, আমরা নির্বাচনের বাস্তবতা তুলে ধরেছি। বলেছি, এটি কোনো নির্বাচন নয়, নাটক হচ্ছে।এর আগে দুপুরে সিলেটের একটি হোটেলে বিএনপির বিভাগীয় প্রতিনিধি দলের সঙ্গে বৈঠক করেন ইইউর দুই নির্বাচন বিশেষজ্ঞ। বৈঠকে বিএনপি চেয়ারপারসনের উপদেষ্টা পরিষদের সদস্য খন্দকার আবদুল মুক্তাদির, সিলেটের সাবেক মেয়র আরিফুল হক চৌধুরী, সিলেট জেলা বিএনপির সভাপতি আবদুল কাইয়ুম চৌধুরী অংশ নেন।বিএনপির কেন্দ্রীয় কমিটির নেতাদের সঙ্গে দ্বিতীয়বারের মতো বৈঠক করেছে ইইউ প্রতিনিধি দল। গত ২ ডিসেম্বর প্রথম দফার বৈঠক হয়েছিল। এ ছাড়া ১৯ ডিসেম্বর চট্টগ্রাম বিভাগ বিএনপির একটি প্রতিনিধি দলের সঙ্গেও তারা ভার্চুয়াল বৈঠক করেন। ওই বৈঠকে চট্টগ্রাম মহানগর উত্তর বিএনপির সভাপতি গোলাম আকবর খন্দকার, দক্ষিণের আহ্বায়ক ডা. শাহাদাত হোসেন, চট্টগ্রাম দক্ষিণ জেলা বিএনপির আহ্বায়ক আবু সুফিয়ান ও বিএনপির আন্তর্জাতিক সম্পর্কবিষয়ক কমিটির সদস্য মীর মোহাম্মদ হেলাল উদ্দিন অংশ নেন।",0,0,1,1,False
" নারায়ণগঞ্জের রূপগঞ্জে স্বতন্ত্র প্রার্থীর নির্বাচনী প্রচারণায় প্রার্থীর পক্ষের ঘনিষ্ঠ এক অনুসারীর প্রকাশ্যে টাকা বিলির একটি ভিডিও ভাইরাল হয়েছে। ওই ব্যক্তির নাম নুরুল ইসলাম জাহাঙ্গীর ওরফে জাহাঙ্গীর মাস্টার। তিনি রূপগঞ্জ উপজেলার দাউদপুর ইউনিয়ন আওয়ামী লীগের সাধারণ সম্পাদক এবং ওই ইউনিয়ন পরিষদের চেয়ারম্যান।ভিডিওতে দেখা যায়, শাহজাহান ভূঁইয়ার পক্ষে নির্বাচনী গণসংযোগ করছেন ইউপি চেয়ারম্যান নুরুল ইসলাম। তার পেছনে কর্মী-সমর্থকরা শাহজাহানের নির্বাচনী প্রতীক ‘কেটলি’র পক্ষে স্লোগান দিচ্ছেন। এ সময় নুরুলকে পকেট থেকে টাকা বের করে তার পাশের একজনকে দিতে দেখা যায়।ভাইরাল হওয়া ভিডিওটি গত ২১ ডিসেম্বর দাউদপুর ইউনিয়নের ৫ নম্বর ওয়ার্ডে ‘কেটলি’ প্রতীকের প্রচারণার সময় বলে জানা যায়। প্রচারণার সময় ভিডিও ধারণ করে তা নিজের ফেসবুক একাউন্টে পোস্ট করেন শাহজাহান ভূঁইয়ার অনুসারী ছাত্রলীগ নেতা নাসিম মোল্লা।এই বিষয়ে জানতে দাউদপুর ইউপি চেয়ারম্যান নুরুল ইসলাম জাহাঙ্গীরের মুঠোফোনে একাধিকবার কল করলেও তিনি রিসিভ করেননি।তবে ‘কেটলি’ প্রতীকের স্বতন্ত্র প্রার্থী শাহজাহান ভূঁইয়া বলেন, ‘যে টাকা বিলি করছে, সে আমার কতটুকু কাছের লোক, সে আমার নির্বাচন করে কিনা সেইটা দেখার ব্যাপার আছে। ওই ব্যক্তি আমাকে বিতর্কিত করার জন্য এমনটা করেছেন কিনা সেটাও একটি বিষয়। কারণ টাকা বিলিয়ে নির্বাচন আমি করি না।’",0,0,1,1,False
" গাজীপুর-৩ আসনের আওয়ামী লীগ মনোনীত প্রার্থী রুমানা আলীর নির্বাচনী ক্যাম্পের আগুন দিয়েছে দুর্বৃত্তরা। গতকাল মঙ্গলবার দিবাগত রাত ৩টায় শ্রীপুর উপজেলার গোসিঙ্গা ইউনিয়নের নারায়ণপুর বেড়াবাড়ি বাজারে ঘটনাটি ঘটে।নির্বাচনী ক্যাম্পে আগুনের খবরে সহকারী রিটার্নিং কর্মকর্তা ও পুলিশ ঘটনাস্থল পরিদর্শন করেছেন।গোসিঙ্গা ইউনিয়ন আওয়ামী লীগের সাবেক যুগ্ম সাধারণ সম্পাদক নাজমুল আহসান জানান, শ্রীপুর উপজেলার নারায়ণপুর বেড়াবাড়ি এলাকায় আওয়াী লীগের নৌকা প্রতীকের নির্বাচনী ক্যাম্প স্থাপন করা হয়েছিল। সেখান থেকে নারায়ানপুর ও বেড়াবাড়ি এলাকার আশপাশে নির্বাচনী প্রচার প্রচারণা চালানো হত। ওই নির্বাচনী ক্যাম্পের পাশের দোকানে ঘুমিয়ে ছিল রুবেল নামে দোকানি। গতকাল রাতে রুবেল প্লাস্টিক পোড়ার গন্ধ পেয়ে ঘুম থেকে ওঠে। দোকানের সাটার খুলে নির্বাচনী ক্যাম্পে আগুন জ্বলতে দেখে। পরে স্থানীয়রা এগিয়ে এসে আগুন নেভায়। আগুনে চার-পাঁচটি চেয়ার ও দুটি টেবিল পুড়ে যায়।শ্রীপুর থানার ভারপ্রাপ্ত কর্মকর্তা (ওসি) শাহ্ জামান জানান, ‘আগুন লাগার খবরে থানা পুলিশ ঘটনাস্থল পরিদর্শন করেছে। এ ঘটনায় এখনো কেউ লিখিত কোনো অভিযোগ দায়ের করেননি। অভিযোগ পেলে আইন ব্যবস্থা নেওয়া হবে।’নির্বাচনের সহকারী রিটার্নিং কর্মকর্তা ও শ্রীপুর উপজেলা নির্বাহী কর্মকর্তা (ইউএনও) শামীমা ইয়াসমিন বলেন, ‘নির্বাচনি ক্যাম্পে আগুন দেওয়ার খবর পেয়ে ঘটনাস্থল পরিদর্শন করেছি। শ্রীপুর থানা পুলিশকে ঘটনা খতিয়ে দেখার নির্দেশনা দেওয়া হয়েছে। পাশাপাশি উপজেলা প্রশাসন থেকেও বিষয়টি খতিয়ে দেখা হচ্ছে।’এ আসনে আওয়ামী লীগ প্রার্থীর বিরুদ্ধে বর্তমান সংসদ সদস্য মুহাম্মদ ইকবাল হোসেন সবুজ স্বতন্ত্র হিসেবে ট্রাক প্রতিকে লড়ছেন।",0,0,1,1,False
" সাজানো, একতরফা এবং জোরজবরদস্তির নির্বাচন দেশকে আরও ভয়াবহ অন্ধকারের দিকে নিয়ে যাবে বলে মন্তব্য করেছেন গণতন্ত্র মঞ্চের নেতারা। আজ বুধবার ‘একতরফা ভোট বর্জন করুন’— এ আহ্বান জানিয়ে গণসংযোগের আগে পথ সমাবেশে তারা এ কথা বলেন।বাংলাদেশ বিপ্লবী ওয়ার্কার্স পার্টির সাধারণ সম্পাদক সাইফুল হকের সভাপতিত্বে পথ সমাবেশে বক্তব্য দেন গণসংহতি আন্দোলনের প্রধান সমন্বয়কারী জোনায়েদ সাকি, রাষ্ট্র সংস্কার আন্দোলনের প্রধান সমন্বয়ক হাসনাত কাইয়ূম, জাতীয় সমাজতান্ত্রিক দলের (জেএসডি) সাধারণ সম্পাদক শহীদ উদ্দিন মাহমুদ স্বপন ও নাগরিক ঐক্যের সাধারণ সম্পাদক শহীদুল্লাহ কায়সার।আজ বেলা সাড়ে ১১টায় ‘একতরফা ভোট বর্জন করুন’ এই আহ্বানে মালিবাগ হোসাফ টাওয়ারের সামনে গণতন্ত্র মঞ্চের গণসংযোগপূর্ব সমাবেশ অনুষ্ঠিত হয়। পরে গণতন্ত্র মঞ্চের কর্মী ও নেতারামগবাজার রেলগেট পর্যন্ত মিছিল, গণসংযোগ ও লিফলেট বিতরণ করে।বক্তারা বলেন, ‘সরকার এমন একটি নির্বাচন করছে, যেখানে সরকার কে হবে তা কেউ জিজ্ঞাসা করে না। সব দিক থেকে শুধু প্রশ্ন ও জিজ্ঞাসা উঠেছে যে, বিরোধী দল কে হবে? এই তামাশায় মানুষ আসবে না। যে সরকার ভোটের ওপর দাঁড়িয়ে নেই, তাদের সহযোগিতা করার কোনো দায় বাংলাদেশের মানুষের নেই। ৭ জানুয়ারির এই তামাশার ভোট বর্জন করে মানুষ তাদের সমুচিত জবাব দেবে। সরকারের নাশকতার ষড়যন্ত্রের বিরুদ্ধে জনগণ অসহযোগিতার মধ্য দিয়ে অহিংস আন্দোলন করছে।’নেতারা আরও বলেন, ‘সব বিরোধী মতকে উপেক্ষা করে সরকার তাদের ভাগ বাটোয়ারার নির্বাচন আয়োজন করছে। রাষ্ট্র পরিচালনায় যদি জনগণের অংশগ্রহণ না থাকে, প্রতিনিধিত্ব না থাকে, তাহলে সেই সরকারকে সহযোগিতা করার নৈতিক কারণ জনগণের নেই। সরকার তাদের নির্বাচন নামক খেলাতে অংশ নিতে বাধ্য করতে বিভিন্ন অঞ্চলে ভিজিএফ কার্ড,বয়স্ক ভাতা, দুস্থ ভাতা কার্ড জমা নিয়ে সাধারণ মানুষকে জিম্মি করছে। দেশের ৮০-৮৫ ভাগ মানুষ ইতোমধ্যেই এই তামাশার নির্বাচনকে প্রত্যাখ্যান করেছে।’সমাবেশে উপস্থিত ছিলেন জাতীয় সমাজতান্ত্রিক দল জেএসডি এর সিনিয়র যুগ্ম সাধারণ সম্পাদক কামাল উদ্দিন পাটোয়ারী, বাংলাদেশ বিপ্লবী ওয়ার্কার্স পার্টির রাজনৈতিক পরিষদের সদস্য বহ্নিশিখা জামালী, রাষ্ট্র সংস্কার আন্দোলনের সাংগঠনিক সমন্বয়ক ইমরান ইমন, নাগরিক ঐক্যের সাংগঠনিক সম্পাদক কবির হাসান, গণসংহতি আন্দোলনের সম্পাদক মণ্ডলীর সদস্য বাচ্চু ভূঁইয়া ও ভাসানী অনুসারী পরিষদ এর যুগ্ম আহবায়ক ড. আবু ইউসুফ সেলিমসহ আরও অনেকে।",0,0,1,1,False
" জাতীয় সংসদ নির্বাচনে হবিগঞ্জ-২ (বানিয়াচং-আজমিরীগঞ্জ) আসনে প্রার্থীর সমর্থকরা ঈগল ভেবে জীবন্ত এক শকুন নিয়ে নির্বাচনী প্রচারণা করেছিল। পরে দেখা যায় সেটি ঈগল নয়, বিপন্ন প্রজাতির একটি শকুন। গত মঙ্গলবার সন্ধ্যা সাড়ে ৬টায় শকুনটি উপজেলার মকা গ্রাম থেকে উদ্ধার করেন জেলা বন বিভাগের কর্মকর্তারা।স্থানীয়রা জানান, সপ্তাহখানেক আগে বানিয়াচং উপজেলার ৬ নম্বর কাগাপাশা ইউনিয়নের মকা হাওর থেকে ওই শকুনটি ধরা পড়ে। পরে পাখিটিকে ঈগল ভেবে নির্বাচনী প্রচারণা চালান সমর্থকরা। সামাজিক যোগাযোগমাধ্যমেও বিষয়টি ছড়িয়ে পড়ে। এ ব্যাপারে জেলা বন বিভাগ কর্মকর্তারা অবহিত হলে অভিযান চালিয়ে শকুনটি উদ্ধার করেন।বন বিভাগের হবিগঞ্জ জেলা রেঞ্জ কর্মকর্তা তোফায়েল আহমেদ চৌধুরী জানান, বিপন্ন প্রজাতির এই শকুনটি বর্তমানে অসুস্থ। উপযুক্ত চিকিৎসার পর শকুনটি অবমুক্ত করা হবে।",0,0,1,1,False
" দ্বাদশ জাতীয় সংসদ নির্বাচনে ফরিদপুর-৩ আসনের স্বতন্ত্র প্রার্থী এ. কে. আজাদ বলেছেন, ‘নির্বাচনের মাঠে টিকে থাকা কঠিন হয়ে যাচ্ছে। আমার নির্বাচনী প্রতীক ঈগলের পক্ষে প্রচার কাজ চালাতে দেওয়া হচ্ছে না। নির্বাচনী অফিসে হামলা, ভাঙচুর ও আগুন দেওয়া হচ্ছে।’আজ বুধবার দুপুর ১২টার দিকে নির্বাচনী অফিস ভাঙচুর, অব্যাহত হামলার বিষয়ে এক জরুরি সংবাদ সম্মেলন তিনি এসব কথা বলেন।এ. কে. আজাদ বলেন, ‘বিভিন্ন জায়গায় নির্বাচনী অফিস খুলতে পারছেন না কর্মী সমর্থকরা। তাদের হুমকিও দেয়া হচ্ছে, বাধা দেয়া হচ্ছে। এসব কারণে অনেক জায়গায় নির্বাচনী অফিস খুলতে পারছি না।’ এসময় নির্বাচনী প্রচারে যারা হুমকি ও বাধা দিচ্ছেন তাদের কয়েকজনের নাম উল্লেখ করেন তিনি। তারা নৌকা প্রতীকের পক্ষে কাজ করছে জানিয়ে আজাদ বলেন, ‘এই লোকগুলো আমার প্রচারে বাধা দিচ্ছে। তাদের নামও মুখে আনতে ভয় পাচ্ছেন আমার কর্মীরা।’ ঈগল প্রতীকের প্রার্থী বলেন, ‘এরা বিভিন্ন ইউনিয়নে গিয়ে আমাদের নির্বাচনী প্রচারে বাধা দিচ্ছেন, অফিস ভাঙচুর করেছেন। কৃষ্ণনগর ইউনিয়নে একটি নির্বাচনী প্রচার কেন্দ্র বন্ধ করে দিয়েছেন। হুমকি দিয়ে বলেছেন, ‘কাল থেকে ঈগল প্রতীকের ক্যাম্পেইন করলে তোকে খুঁজে পাওয়া যাবে না।’এ. কে. আজাদ বলেন, ‘ফরিদপুরের সারা শহরে দিনের বেলা পোস্টার লাগাই। কিন্তু রাতের বেলা সেগুলো উঠানো হয়।’এ কে আজাদ ফরিদপুর জেলা আওয়ামী লীগের উপদেষ্টামণ্ডলীর সদস্য, হা-মীম গ্রুপের ব্যবস্থাপনা পরিচালক এবং ব্যবসায়ীদের শীর্ষ সংগঠন এফবিসিসিআইয়ের সাবেক সভাপতি।",0,0,1,1,False
" দ্বাদশ জাতীয় সংসদ নির্বাচন প্রত্যাখ্যানের ঘোষণা দিয়েছে ইসলামী আন্দোলন বাংলাদেশ। আজ বুধবার দুপুরে একটি সংক্ষিপ্ত সমাবেশে দলটির ঢাকা বিভাগীয় সাংগঠনিক সম্পাদক সৈয়দ বেলায়েত হোসেন এ ঘোষণা দেন।তিনি বলেন, ‘সরকার তাদের গোলাম নির্বাচন কমিশনের মাধ্যমে আগামী ৭ জানুয়ারির নির্বাচন করার পাঁয়তারা করছে। চরমোনাই পীর ঘোষণা দিয়েছেন ৭ তারিখের নির্বাচনে দেশবাসী অংশগ্রহণ করবে না। আমরাও সেই নির্দেশনা মোতাবেক ভোট দিতে যাব না। গণমানুষের কাছে এই বার্তা পৌঁছে দেওয়ার জন্যই আমরা এখানে সমবেত হয়েছি। সাধারণ মানুষের কাছে গণসংযোগ করছি।’যুব আন্দোলনের সাধারণ সম্পাদক মুফতি মানসুর আহমেদ সাকি বলেন, ‘দেশের মানুষ পাতানো নির্বাচনকে ঘৃণাভরে প্রত্যাখ্যান করেছে। তবে ৭ তারিখ যদি নির্বাচন করার চেষ্টা করা হয় তাহলে চরমোনাইয়ের পীর সৈনিকরা নির্বাচন প্রতিরোধ করার জন্য যা যা করা প্রয়োজন, তাই করবে।’সমাবেশ শেষে পুরানা পল্টন থেকে মিছিল বের করেন ইসলামী আন্দোলন বাংলাদেশের নেতাকর্মীর। মিছিলটি বায়তুল মোকাররম মসজিদের উত্তর গেটে গিয়ে শেষ হয়।",0,0,1,1,False
" গণঅধিকার পরিষদের সভাপতি নুরুল হক নুর বলেছেন, ‘নির্বাচন চলছে, আমরাও নির্বাচনে অংশগ্রহণ করতে চাই। ভোট দিতে চাই। তাহলে কেন নিজেদের জীবন বিপন্ন করে নির্বাচন বিরোধী আন্দোলন করছি। কারণ, সরকার আগামী ৭ জানুয়ারি একতরফা নির্বাচন করে ফেললে দেশের উপর নানা ধরনের নিষেধাজ্ঞা আসবে। বাংলাদেশ বিশ্ব থেকে বিচ্ছিন্ন হবে। দেশের ব্যবসা-বাণিজ্য ক্ষতিগ্রস্ত হবে। কাজেই দেশের অস্তিত্ব ও গণতন্ত্রের ভবিষ্যৎ রক্ষায় আমাদেরকে এই আন্দোলন করতে হচ্ছে।’আজ বুধবার বেলা পৌনে ১২টায় শান্তিনগর মোড়ে লিফলেট বিতরণ ও গণসংযোগ পূর্ব সংক্ষিপ্ত সমাবেশে তিনি এসব কথা বলেন। অবাধ, সুষ্ঠু ও অংশগ্রহণমূলক নির্বাচনের দাবিতে পথসভা শেষে শান্তিনগর মোড়, মালিবাগ ও মৌচাক এলাকায় লিফলেট বিতরণ করে গণঅধিকার পরিষদ।এ সময় নুর বলেন, ‘আপনারা দেখছেন পুলিশ আমাদের এখানে দাঁড়াতে দিচ্ছে না। বার বার শেষ করতে বলছে, মাইক ব্যবহার করতে নিষেধ করতেছে। একটা রাজনৈতিক দলের কর্মসূচি কতক্ষণ চলবে, কী বক্তব্য হবে তাও পুলিশ ঠিক করে দিবে? মনে হচ্ছে দেশে পুলিশি শাসন চলছে। আমরা দোয়া করি, শেখ হাসিনা ডামি প্রধানমন্ত্রী আর পুলিশ প্রধান ফুল মন্ত্রী হোক। বাংলাদেশের নির্বাচনে এমপি হওয়ার মনোনয়ন বিক্রি হয় ভারতে। এমনকি এই নির্বাচনে প্রার্থী নিজেই বলে আমি ভারতের প্রার্থী। নির্বাচন কী হবে, ভোটের হার সবই ঠিক হয়ে গেছে। শুধু রাষ্ট্রের কয়েকহাজার কোটি টাকার প্রার্থী, ডিসি-এসপিসহ বিভিন্ন জনকে ভাগ-বাঁটোয়ারা করে দিতেই ৭ জানুয়ারি ভোটের নাটক। এভাবে কতিপয় ডিসি, এসপি, কতিপয় নেতা শত কোটি, হাজার কোটি টাকার মালিক হয়েছে। আর সাধারণ মানুষ বাজারে গিয়ে সবজি কিনলে মাংস কিনতে পারে না, একটা সবজি কিনলে তেল কিনতে পারে না। আর তারা হাজার হাজার কোটি টাকা বিদেশে পাচার করেছে। এই লুটপাটের ধারা অব্যাহত রাখতেই আগামী ৭ জানুয়ারি একতরফা নির্বাচন।’তিনি বলেন, আমরা জনগণকে এই ভারতীয় মদদের একতরফা নির্বাচন বর্জনের কথা বলছি। আমরা শান্তিপূর্ণ আন্দোলন করছি। জনগণকে সঙ্গে নিয়ে গণঅভ্যুত্থানের মাধ্যেমে এই সরকারের পতন ঘটানো হবে।এ সময় দলের সাধারণ সম্পাদক মো. রাশেদ খাঁন বলেন, ‘আমরা জনগণের কাছে যাচ্ছি। জনগণ আমাদেরকে বলছে, যে খেলায় রেফারি নাই, প্রতিদ্বন্দ্বী টিম নাই, সে খেলায় তারা অংশগ্রহণ করবে না। তাহলে ওবায়দুল কাদের সাহেব কি খেলা খেলবে? ডামি খেলা, স্বতন্ত্র খেলা? ফাঁকা মাঠে গোল দিবে?’তিনি বলেন, ‘হায়রে নির্বাচন! আমি প্রধানমন্ত্রীকে একটি প্রশ্ন করতে চাই, ডামি ও স্বতন্ত্র প্রার্থী দিয়েছেন, আওয়ামী লীগ জিতলে ডামি প্রধানমন্ত্রী কে হবে? রাজনৈতিক হস্তক্ষেপ করে দেশের রাজনীতি ধ্বংস করছে ভারত। ভারত চায় না বাংলাদেশ রাষ্ট্র হিসেবে টিকে থাকুক। তাই আগামীতে যাতে বাংলাদেশ অর্থনৈতিকভাবে দেউলিয়া হয় এবং ভারত বলতে পারে তোমরা তো দেশ চালাতে পারছো না, আসো তোমাদের অঙ্গ রাজ্য হিসেবে ঘোষণা করি। তাই একতরফা নির্বাচনকে বৈধতা দিয়ে যাচ্ছে প্রতিবেশী রাষ্ট্রটি।’রাশেদ বলেন, ‘৭১ সালে মুক্তিযুদ্ধের পর দ্যা ইকোনোমিস্ট লিখেছিল, পাকিস্তান হবে দুর্বল ও ক্ষয়িষ্ণু রাষ্ট্র আর বাংলাদেশ হবে ভারতের মক্কেল। আজকে তাই প্রমাণিত হয়েছে। আমাদের সবকিছু ভারতের নিয়ন্ত্রণে। আওয়ামী লীগের ৮৭ শতাংশ প্রার্থী কোটিপতি। জনগণের ভ্যাট ট্যাক্সের ৯২ হাজার কোটি টাকা তারা লোপাট করেছে। এবারও সেই লোপাটের জন্যই ভূয়া নির্বাচন করতে যাচ্ছে। আমরা জনগণকে বলবো, ৭ জানুয়ারি ভুয়া নির্বাচন বর্জন করুন।’গণঅধিকার পরিষদের উচ্চতর পরিষদের সদস্য শাকিল উজ্জামানের সঞ্চালনায় আরও বক্তব্য রাখেন উচ্চতর পরিষদের সদস্য আবু হানিফ, যুগ্ম সাধারণ সম্পাদক হাসান আল মামুন, রবিউল হাসান, যুব অধিকার পরিষদের সাধারণ সম্পাদক নাদিম হাসান, ছাত্র অধিকার পরিষদের সাধারণ সম্পাদক আরিফুল ইসলাম আদীব, সহ সভাপতি নাহিদ উদ্দিন তারেক, শ্রমিক নেতা মাহবুবুল হক শিপন প্রমুখ।",0,0,1,1,False
" বিএনপির সিনিয়র যুগ্ম মহাসচিব অ্যাডভোকেট রুহুল কবির রিজভী বলেছেন, দেশের জনগণ একতরফা পাতানো নির্বাচন বর্জন করছে। অবৈধ সরকার ও নির্বাচন কমিশন দেশে ডামি ও তামাশার যে নির্বাচনের আয়োজন করেছে জনগণ তাতে সাড়া দিচ্ছে না। এই নির্বাচন নিয়ে ভোটারদের ন্যূনতম আগ্রহ নেই।বিএনপির ডাকা অসহযোগ আন্দোলন সফল করতে আজ বুধবার সকাল ৭টায় শান্তিনগর মোড় ও কাঁচাবাজার এলাকায় লিফলেট বিতরণকালে তিনি এসব কথা বলেন।রিজভী বলেন, গণতান্ত্রিক বিশ্বও তথাকথিত ভোটের উৎসবকে প্রত্যাখ্যান করেছে। সাধারণ মানুষ তাদের ডাকে সাড়া না দেওয়ায় জোর করে তাদের মিছিলে যেতে বাধ্য করা হচ্ছে। এলাকা ছাড়া করার ভয় দেখানো হচ্ছে। রিলিফ ও ভাতার কার্ড ছিনিয়ে নেওয়ার হুমকি দেওয়া হচ্ছে। এমনকি মসজিদ ও কবরস্থানে জায়গা না দেওয়ার ভয়ও দেখানো হচ্ছে। নৌকার প্রচার মাইকের আওয়াজ শুনলেই লোকজন সেখান থেকে পালিয়ে যাচ্ছেন। ভোটের উৎসবের বদলে সারাদেশে আতঙ্ক বিরাজ করছে। এ সময় উপস্থিত ছিলেন কেন্দ্রীয় বিএনপির স্বাস্থ্য সম্পাদক ডা. মো. রফিকুল ইসলাম, তাঁতি দলের আহ্বায়ক আবুল কালাম আজাদ, মৎস্যজীবী দলের সদস্য সচিব আব্দুর রহিম, ঢাকা মহানগর দক্ষিণ বিএনপির সদস্য আরিফা সুলতানা রুমা, ঢাকা মহানগর উত্তর ছাত্রদলের সাবেক আহ্বায়ক জসিম সিকদার রানা, কেন্দ্রীয় ছাত্রদলের যুগ্ম সাধারণ সম্পাদক ডা. তৌহিদুর রহমান আউয়াল, সহসাংস্কৃতিক সম্পাদক জান্নাতুল নওরিন উর্মি, ঢাবি ছাত্রদলের রাজু আহমেদ প্রমুখ ।বিএনপির ডাকা অসহযোগ আন্দোলন সফল করার জন্য জনগণের প্রতি আহ্বান জানান রিজভী।",0,0,1,1,False
" নারায়ণগঞ্জের রূপগঞ্জে নির্বাচনী প্রচারণার সময় মুক্তিযোদ্ধাদের বাধা প্রদান ও মারধরের ঘটনায় নৌকার ১১ জন সমর্থককে গ্রেপ্তার করেছে পুলিশ।এর আগে এ ঘটনায় গতকাল সোমবার রুপগঞ্জ থানায় একটি মামলা দায়ের করা হয়। সোমবার রাত ১২টায় নারায়ণগঞ্জের পুলিশ সুপার গোলাম মোস্তফা রাসেল এক সংবাদ বিজ্ঞপ্তিতে নৌকার ১১ সমর্থককে গ্রেপ্তারের বিষয়টি নিশ্চিত করেছেন।বিজ্ঞপ্তিতে পুলিশ সুপার জানান, সোমবার দুপুরে মুক্তিযোদ্ধা মো. চান মিয়াসহ আরও বেশ কয়েকজন মুক্তিযোদ্ধা রূপগঞ্জ থানাধীন কায়েতপাড়া ইউনিয়নের চনপাড়া পুনর্বাসন কেন্দ্রের ৬নং ওয়ার্ডে স্বতন্ত্র প্রার্থী (কেটলী) শাহজাহান ভূইয়ার পক্ষে প্রচরণা করেন। এ সময় নৌকা প্রতীকের প্রচারণায় থাকা নেতাকর্মী ও সমর্থক কায়েতপাড়া ইউনিয়নের ৯নং ওয়ার্ডের মেম্বার শমসের আলীর (৪০) নেতৃত্বে মুক্তিযোদ্ধাদের কেটলী প্রতীকের নির্বাচনী প্রচারণায় বাধা প্রদান করেন। এ সময় তাদের হত্যার উদ্দেশ্যে মারধর করা হয়। পরবর্তী সময়ে এ ঘটনায় মুক্তিযোদ্ধা চান মিয়া রূপগঞ্জ থানায় অভিযোগ দায়ের করেন। অভিযোগের পরিপ্রেক্ষিতে রূপগঞ্জ থানা পুলিশ এবং গোয়েন্দা পুলিশ সোমবার রাতে ১১ জনকে গ্রেপ্তার করে। গ্রেপ্তারকৃতরা হলেন- মো. ইমন মাহমুদ রবিন (২৫), সেন্টু তালুকদার (৪৯), মো. ডন শরীফ (৪৫), আনিসুর রহমান শাওন (৩২), রাসুকুল ওরফে রাকিব (৩০), মো. চান মিয়া (২৭), মো. মাজিদুর রহমান নয়ন (৩৬), এনায়েত উল্লাহ শিপলু (৩৭), মো. ফয়সাল (২৫), মো. ইমন (১৮) ও মো. হারুনুর রশিদ (২৮)।",0,0,1,1,False
" দ্বাদশ জাতীয় সংসদ নির্বাচনে অংশগ্রহণ করা নিবন্ধিত ২৯ দলের মধ্যে তিন-চারটি ছাড়া অন্য দলগুলোর নাম কেউ শোনেননি বলে মন্তব্য করেছেন বিএনপির জ্যেষ্ঠ যুগ্ম মহাসচিব রুহুল কবির রিজভী। আজ সোমবার ভার্চুয়াল সংবাদ সম্মেলনেআওয়ামী লীগ সাধারণ সম্পাদক ওবায়দুল কাদেরের বক্তব্যের জবাবে দলের পক্ষে থেকে তিনি এই মন্তব্য করেন।রিজভী বলেন, ‘ওবায়দুল কাদের সাহেবের প্রতিনিয়ত শব্দ বাজি ফাটিয়ে মানুষের জীবন অতিষ্ঠ করে তুলেছেন। তিনি এখন বলেন, ২৯ টি নিবন্ধিত দল নিয়ে তারা অংশগ্রহণমূলক নির্বাচন করছেন। তাদের এই ২৯ দলের মধ্যে তিন-চারটি বাদে অন্যগুলোর নামও শোনেনি কেউ।স্বগৃহে ইলেকশন থিয়েটারে রঙ্গনাটক মঞ্চস্থ করতে যাদের আনা হয়েছে তারা হলো আওয়ামী লীগের সঙ্গ-অনুষঙ্গ। এটা আসলে বাকশালের নতুন ভার্সন। আপডেটেড বাকশাল ২.০ ভার্সন। এই তথাকথিত বাকশাল সঙ্গীদের নিয়ে ‘সুপার-ইমপোজড’ নির্বাচনের আজব তামাশা করছেন শেখ হাসিনা।’বিএনপিসহ সমমনা দল এই নির্বাচন বর্জন করে সরকারের পদত্যাগসহ এক দফা দাবি ও নির্বাচনের তফসিল বাতিলের দাবিতে রাজপথে আন্দোলন করছে। এই নির্বাচনকে ‘একতরফা’ আখ্যা দিয়ে জ্যেষ্ঠ যুগ্ম মহাসচিব বলেন, ‘একদিকে যেমন চলেছে প্রার্থী বেচাকেনা, তেমনি তাদের রাজি করাতে কাজে লাগানো হয়েছে চাপ প্রয়োগের কৌশল। মামলা, হামলা, হুমকি কোনো কিছুই বাদ যায়নি এ থেকে। কথিত দু-তিনটি রাজদল বা কুইন্স পার্টি নামকাওয়াস্তে গঠন করে বিএনপিসহ সকল জনপ্রিয় দলকে দূরে সরিয়ে তাদের নির্বাচনের পাতানো খেলার মাঠে নামানো হয়েছে।’রুহুল কবির রিজভী বলেন, ‘প্রধান নির্বাচন কমিশনারসহ নির্বাচন কমিশনাররা আধা রোবট হয়ে গেছে। তাদের বদৌলতেই শেখ হাসিনা ভোটার নির্বাচনের বৈতরণী পার করতে চাচ্ছে। নানা কৌশল করছে সেগুলো তারা বাস্তবায়ন করছেন। কারণ এই রোবটদের সুইচ আছে শেখ হাসিনা হাতে।’তিনি আরও বলেন, ‘নির্বাচন কমিশন অবাধ ও সুষ্ঠু নির্বাচনের কথা বলে যাচ্ছেন। এই প্রহেলিকার উত্তর লুকিয়ে আছে সাম্প্রতিক কিছু ঘটনায়। বাসে আগুন দেওয়ার মামলায় অভিযুক্ত আসামি তেলেসমাতির জামিনে এক ঘণ্টায় কারামুক্ত হয়ে নৌকায় চড়ে স্বঘোষিত হ্যাডমওয়ালা ব্যক্তির মুখ থেকে শুনলাম ২ কোটি দিয়ে প্রত্যেককে ইলেকশনে দাঁড় করানো হয়েছে। তিনিই বলেছেন, ‘‘এগুলো তো ফকিন্নি পার্টি। দু-তিন কোটি টাকা পাইছে, দাঁড় করাইছে”।’বিএনপির এই নেতা বলেন, ‘একতরফা নির্বাচনকে লোক দেখানো বৈধতা দিতে সরকারের প্রস্তুতি ছিল প্রার্থী বেচাকেনার হাট জমিয়ে তোলার। কর্মীবিহীন নাম সর্বস্ব দলের নেতাদের পকেটে পুরতে উদয়াস্ত খেটেও সুবিধা করতে পারেনি সরকারি দলের আজ্ঞাবহ গোয়েন্দা কর্মকর্তারা। একদিকে যেমন চলেছে বেচাকেনা তেমনি কাজে লাগানো হয়েছে চাপ প্রয়োগের কৌশলও। মামলা, হামলা হুমকি কোন কিছুই বাদ যায়নি এ থেকে। কিন্তু কথিত দু-তিনটি ‘রাজদল’ বা কুইন্স পার্টি নামকাওয়াস্তে গঠন করে বিএনপিসহ সকল জনপ্রিয় দলকে দূরে সরিয়ে তাদের নির্বাচনের পাতানো খেলার মাঠে নামানো হয়েছে।’রিজভী বলেন, ‘গত দুই মাসে প্রায় ২০ হাজার মুক্তিকামী জনতাকে কারাগারে বন্দী করা হয়েছে। বন্দী নির্যাতনের নেপথ্যে কাহিনী অবর্ণনীয়, এগুলো হচ্ছে চিকিৎসা না দিয়ে হত্যা, অসুস্থ বন্দীকে হাত-পায়ে শিকল পড়িয়ে কারা হাসপাতালের ফেলে রাখা, ছোট্ট সেলে ধারণ ক্ষমতার তিনগুণ বন্দীকে গ্যাস চেম্বারের মতো নিগৃহীত করা। অত্যাচারে কাশিমপুর কারাগারে ৬ দিনের ব্যবধানে বিএনপির দুই নেতার মৃত্যু হয়েছে।’",0,0,1,1,False
" আসন্ন নির্বাচনে ভারতের ভূমিকার সমালোচনা করে বিএনপির সিনিয়র যুগ্ম মহাসচিব রুহুল কবির রিজভী বলেছেন, বিএনপিসহ সব দলকে বাদ দিয়ে এ পাতানো নির্বাচনের অন্যতম মদদদাতা হিসেবে পার্শ্ববর্তী দেশের নাম সর্বজনবিদিত। ভারতের পররাষ্ট্র মন্ত্রণালয়ের কর্মকর্তারা বাংলাদেশে এসে একদলীয় নির্বাচনের পক্ষে সাফাই গাইছেন। তারা বাংলাদেশের গণতন্ত্র ও মানুষের অধিকার চায় না। এদিকে ‘আমরা আর মামুদের’ একদলীয় ডামি নির্বাচন ঘিরে খুনোখুনি, সংঘাত-সহিংসতায় দেশে ত্রাসের রাজত্ব কায়েম হয়েছে বলেও অভিয়োগ করেন তিনি।গতকাল ভার্চুয়াল সংবাদ সম্মেলনে দলটির সিনিয়র যুগ্ম মহাসচিবরুহুল কবির রিজভী এ অভিযোগ করেন। তিনি বলেন, ভোটারদের ন্যূনতম আগ্রহ না থাকলেও বিশ্বকে তথাকথিত ভোটের উৎসব দেখানোর জন্য জনগণের ওপর নিপীড়ন শুরু হয়েছে। মানুষকে জোর করে মিছিলে যেতে বাধ্য করা হচ্ছে। এলাকা ছাড়া করার ভয় দেখানো হচ্ছে। ভোটের উৎসবের বদলে সর্বত্র আতঙ্ক আর উৎকণ্ঠা। দেশকে যুদ্ধাবস্থায় নিয়ে যেতে চায় তারা। পুরো রাষ্ট্রযন্ত্রকে নামানো হয়েছে আমি-ডামির ভোটরঙ্গে। এখন তাদের থলের বিড়াল বের হতে শুরু করেছে। ভারত মনোনীত প্রার্থীরা বীরদর্পে বলছেন- ‘আমাকে ভারত মনোনয়ন দিয়েছে। আমি ভারতের প্রার্থী। আমি এখানে হারার জন্য আসিনি।’ এই বক্তব্য চরম রাষ্ট্রদ্রোহিতা। অথচ তার বিরুদ্ধে ব্যবস্থা নেওয়া তো দূরের কথা, প্রতিবাদেরও সাহস পায় না সরকার বা নির্বাচন কমিশন। তার মানে তারা স্বীকার করে নিয়েছে- ভারত তাদের অনুগত বহুসংখ্যককে মনোনয়ন দিয়েছে। তা হলে বাংলাদেশ কি পরাধীনতার শৃঙ্খলে আবদ্ধ? তলে তলে দেশের স্বাধীনতা-সার্বভৌমত্ব কি বিকিয়ে দেওয়া হয়েছে? ভারত এখন তাদের এদেশীয় অনুচরদের নমিনেশনও দিচ্ছে?গাজীপুরে মোহনগঞ্জ এক্সপ্রেস ট্রেনে অগ্নিকা-ে যুবদলের সভাপতি সুলতান সালাউদ্দিন টুকু ও ছাত্রদলের সাবেক সহ-সভাপতি ইখতিয়ার রহমান কবিরকে ফাঁসানোর জন্য পুলিশের মিথ্যাচারের প্রতিবাদ জানান রিজভী। তিনি বলেন, পাতানো নির্বাচনকে জায়েজ করার জন্য প্রতিটি আগুনসন্ত্রাসও সরকারের পরিকল্পিত নাটক। এ পর্যন্ত যারা ধরা পড়েছে তাদের অনেকেই সরকারি দলের লোকজন।",0,0,1,1,False
 তফসিল বাতিল করে সংবিধান অনুযায়ী সংসদ ভেঙে পরবর্তী ৯০ দিনের মধ্যে নির্বাচনের দাবি জানিয়েছে গণতন্ত্র মঞ্চের অন্যতম শরিক দল রাষ্ট্র সংস্কার আন্দোলন। পাশাপাশি দেশকে ধ্বংসের দ্বারপ্রান্তে নিয়ে যাওয়ার এ ষড়যন্ত্র রুখতে ৭ জানুয়ারির ডামি নির্বাচনকে প্রত্যাখ্যান করতে দেশবাসীকে আহ্বান জানানো হয়। গতকাল দলটির কার্যালয়ে জাতীয় সমন্বয় কমিটির বর্ধিত সভায় এ দাবি জানানো হয় বলে এক বিজ্ঞপ্তিতে জানানো হয়।বিজ্ঞপ্তিতে রাজনৈতিক দলগুলোর সঙ্গে আলোচনা করে নির্বাচন পরিচালনাসহ পরবর্তী পরিস্থিতি মোকাবিলার লক্ষ্যে ন্যূনতম সমঝোতার ভিত্তিতে ‘জাতীয় সমঝোতা সনদ’ গ্রহণ ও পরবর্তী সংসদের প্রথম অধিবেশনে গৃহীত ‘জাতীয় সমঝোতা সনদ’র ভিত্তিতে সংবিধান সংস্কারের জন্য বিল পাসের আহ্বান জানানো হয়।,0,0,1,1,False
" নারায়ণগঞ্জ-৪ আসনে আওয়ামী লীগের প্রার্থী ও সংসদ সদস্য এ কে এম শামীম ওসমানের নির্বাচনী উঠান বৈঠকে ঢিল ছুড়েছে দুর্বৃত্তরা। এ ঘটনায় এক নারী কর্মী আহত হন।সোমবার বিকেল ৪টার দিকে সদর উপজেলার ফতুল্লা থানার পিলকুনি পাঁচতলা এলাকার মোবারক মিয়ার বাড়ির সামনে এ ঘটনা ঘটে।আহত ওই নারীর নাম লিপি বেগম। তার বিস্তারিত পরিচয় পাওয়া যায়নি। তবে তিনি আওয়ামী লীগ কর্মী বলে জানা গেছে।ভিডিওতে দেখা যায়, শামীম ওসমান উঠান বৈঠকে বক্তব্য রাখছিলেন। এ সময় হঠাৎ এক নারীর চিৎকার শোনা যায়। এ সময় ওই নারীকে মাথা চেপে ধরতে দেখা যায়। পরে আওয়ামী লীগ কর্মীরা তাকে সরিয়ে নিয়ে যান। এ সময় একটি টেলিভিশন চ্যানেলের ক্যামেরাপারসনের শরীরে আরেকটি ঢিল পড়ে।শামীম ওসমান বলেন, ‘আমার প্রোগ্রামে ঢিল ছুড়ে মেরেছে, কে মেরেছে বের হয়ে যাবে। এক বোন আমার নির্বাচনী প্রচারণায় এসে আহত হয়েছেন। অনেক কষ্টে মেজাজ ধরে রেখেছি।’নারায়ণগঞ্জ মহানগর আওয়ামী লীগের যুগ্ম সাধারণ সম্পাদক শাহ্‌ নিজাম বলেন, ‘ঢিলে আমাদের এক নারী কর্মী আহত হয়েছেন। তাকে চিকিৎসা দেওয়া হচ্ছে। তবে ঢিল কে মেরেছে, তা তদন্ত ছাড়া বলা যাচ্ছে না।’ফতুল্লা থানার অফিসার ইনচার্জ মোহাম্মদ নুরে আযম মিয়া বলেন, এ ঘটনায় কেউ অভিযোগ করতে আসেনি। অভিযোগ পেলে তদন্ত করে ব্যবস্থা নেওয়া হবে।’",0,0,1,1,False
" দ্বাদশ জাতীয় সংসদ নির্বাচনের কারণে ঢাকা আন্তর্জাতিক বাণিজ্যমেলা (ডিআইটিএফ) শুরুর সময় পেছানো হচ্ছে বলে জানিয়েছে রপ্তানি উন্নয়ন ব্যুরো (ইপিবি)। সাধারণত ১ জানুয়ারি থেকে বাণিজ্যমেলা শুরু হয়। তবে ২০২৪ সালের জন্য তা পিছিয়ে ১৫ জানুয়ারি থেকে শুরুর পরিকল্পনা করছে মেলার আয়োজক প্রতিষ্ঠান ইপিবি।ইপিবি সূত্র জানিয়েছে, আগামী ৭ জানুয়ারি জাতীয় সংসদ নির্বাচনের ভোটগ্রহণ হওয়ার কথা রয়েছে। তাই মেলা শুরুর দিন পেছানোর সিদ্ধান্ত নেওয়া হয়েছে। তবে কবে থেকে শুরু হবে সেই তারিখ এখন পর্যন্ত নির্ধারণ হয়নি। প্রাথমিকভাবে ১৫ জানুয়ারি থেকে মেলা শুরুর পরিকল্পনা ধরে প্রস্তুতির কাজ এগোচ্ছে। প্রয়োজনে মেলার উদ্বোধনী আরও কিছুদিন পেছানো হতে পারে। আরও জানা গেছে, মেলার প্রস্তুতি হিসেবে ইতোমধ্যে স্টল বরাদ্দ, প্রধান ফটক, টিকিটিং বুথ নির্মাণসহ সব খাতের টেন্ডার বা ইজারা প্রক্রিয়া শেষ পর্যায়ে রয়েছে। স্টল বরাদ্দসহ ইজারাসংক্রান্ত যাবতীয় প্রক্রিয়াও আগমী কয়েকদিনের মধ্যে সম্পন্ন হবে বলে আশা করা হচ্ছে। দুই বছর ধরে রাজধানীর পূর্বাচলে বঙ্গবন্ধু বাংলাদেশ-চীন মৈত্রী প্রদর্শনী কেন্দ্রে (বিবিসিএফইসি) বাণিজ্যমেলা অনুষ্ঠিত হচ্ছে।আগামী বছর সেখানে তৃতীয়বারের মতো ২৮তম ঢাকা আন্তর্জাতিক বাণিজ্যমেলা অনুষ্ঠিত হবে। এর আগে রাজধানীর শেরেবাংলা নগরে বাণিজ্যমেলা অনুষ্ঠিত হতো।",0,0,1,1,False
" দ্বাদশ জাতীয় সংসদ নির্বাচনে নওগাঁ-৫ (সদর) আসনে আওয়ামী লীগ মনোনীত প্রার্থী ব্যারিস্টার নিজাম উদ্দিন জলিল জনের পাঁচটি নির্বাচনী ক্যাম্পে আগুন দেওয়ার অভিযোগ উঠেছে স্বতন্ত্র প্রার্থী দেওয়ান ছেকার আহমেদ শিষাণের সমর্থকদের বিরুদ্ধে। গতকাল রবিবার রাতে শহরের গোস্তহাটির মোড়, সদর উপজেলার তিলকপুর ইউনিয়নের ত্রিমোহনী বাজার মোড়, বক্তারপুর ইউনিয়নের হালঘোষপাড়া এবং চকতারতাও মুক্তারপাড়া এলাকায় এ ঘটনা ঘটে।গতকাল রবিবার রাতের বিভিন্ন সময়ে ওই পাঁচ নির্বাচনী ক্যাম্পে আগুন দেওয়া হয় বলে অভিযোগ নৌকার প্রার্থীর।নৌকার সমর্থকদের অভিযোগ, বাংলাদেশ আওয়ামী লীগের সবেক সাধারণ সম্পাদক ও সাবেক বাণিজ্য মন্ত্রী প্রয়াত আব্দুল জলিলের ছেলে হওয়ায় নিজাম উদ্দিন জলিল জনের জনপ্রিয়তা অনেক বেশি। আসন্ন নির্বাচনে আবারও তিনি বিজয়ী হবেন জেনে নৌকার সমর্থকদের ওপর ভয়ভীতি ও চাপ সৃষ্টি করতে এক রাতে নৌকার ৫টি নির্বাচনী ক্যাম্প পুড়িয়ে দেওয়া হয়েছে। ট্রাক প্রতীকের স্বতন্ত্র প্রার্থী দেওয়ান ছেকার আহমেদ শিষাণের সমর্থকরা এসব ঘটনা ঘটিয়েছে।নওগাঁ সদর উপজেলা আওয়ামী লীগের সভাপতি মাহবুবুল হক কমল বলেন, ‘প্রতীক বরাদ্দের পর থেকেই নৌকার সমর্থকদের উস্কে দিতে যা যা করা দরকার করছেন স্বতন্ত্র প্রার্থী দেওয়ান ছেকার আহম্মেদ শিষাণের সমর্থকরা। বিপরীতে নৌকার প্রার্থী নিজাম উদ্দিন শান্তি বজায় রেখে প্রচার প্রচারণা করে যাচ্ছেন। গতকাল রবিবার নির্বাচন কমিশনারের সঙ্গে মতবিনিময়ে দেওয়ান ছেকার আহম্মেদ শিষাণের সন্ত্রাসী কর্মকাণ্ড আমরা তুলে ধরেছি। তাৎক্ষণিক দেওয়ান ছেকার আহম্মেদ শিষাণকে সাবধান করে দিয়েছেন নির্বাচন কমিশনার বেগম রাশেদা সুলতানা। অথচ ওই রাতেই তার সমর্থকরা আরও বেশি বেপরোয়া হয়ে নৌকার বিভিন্ন ক্যাম্পে আগুন ধরিয়ে দিয়েছে। এসব ঘটনায় স্থানীয় থানা ও নির্বাচন কমিশনে লিখিত অভিযোগের প্রস্তুতি নেওয়া হচ্ছে।’অভিযোগ বিষয়ে নওগাঁ পৌর আওয়ামী লীগের সভাপতি ও ট্রাক প্রতীকের স্বতন্ত্র প্রার্থী দেওয়ান ছেকার আহমেদ শিষাণ বলেন, ‘নির্বাচনের দিন ঘনিয়ে আসায় পরাজয় নিশ্চিত জেনে নোংরা রাজনীতির খেলায় মেতেছে নৌকা প্রার্থী নিজাম উদ্দিন জলিল জনের সমর্থকরা। নিজেরাই নিজেদের নির্বাচনী ক্যাম্পে আগুন ধরিয়ে দিয়ে নাটক সাজাচ্ছে। প্রতিনিয়ত আমার সমর্থকদের হুমকি দেওয়া অব্যাহত রেখেছে নৌকার সমর্থকরা। তাদের অভিযোগগুলো মিথ্যা ও ভিত্তিহীন।’নওগাঁ সদর মডেল থানার ভারপ্রাপ্ত কর্মকর্তা (ওসি) জাহিদুল হক বলেন, রাতে নৌকার ৫টি নির্বাচনী ক্যাম্পে আগুন দিয়েছে দুর্বৃত্তরা। এসব ঘটনায় এখনো কেউ লিখিত অভিযোগ করেনি। অভিযোগ পেলে তদন্ত সাপেক্ষে ঘটনায় জড়িতদের বিরুদ্ধে আইনগত ব্যবস্থ্যা নেওয়া হবে।",0,0,1,1,False
" একতরফা নির্বাচন বন্ধ করে সংকট সমাধানে সরকারকে রাজনৈতিক দলগুলোর সঙ্গে সংলাপে বসার আহ্বান জানিয়েছে সম্মিলিত পেশাজীবী পরিষদ। আজ সোমবার সকালে ‘৭ জানুয়ারির ভোট বর্জনে’ লিফলেট বিতরণ উপলক্ষে সংক্ষিপ্ত সমাবেশে সংগঠনটির নেতারা এ আহ্বান জানান।এর আগে জাতীয় প্রেসক্লাবের সামনে সম্মিলিত পেশাজীবী পরিষদের নেতা-কর্মীরা সমবেত হন। সমাবেশ শেষে ৭ জানুয়ারির ভোট বর্জনে তোপখানা রোডে পথচারি, বাস-রিকশা চালক ও যাত্রীদের হাতে হাতে লিফলেট তুলে দেন সম্মিলিত পেশাজীবী পরিষদের নেতারা।সমাবেশে সম্মিলিত পেশাজীবী পরিষদের সাবেক আহ্বায়ক রুহুল আমিন গাজী সরকারকে উদ্দেশ্য করে বলেন, ‘বাংলাদেশের জনগণ মুক্তিযুদ্ধের বিনিময়ে এই দেশ স্বাধীন করেছে। এক সাগর রক্তের বিনিময় যেই দেশটি আমরা সবাই মিলে স্বাধীন করলাম গণতন্ত্রের জন্য, মানবাধিকারের জন্য, ন্যায় বিচার প্রতিষ্ঠা করার জন্য আজকে সেই দেশে গণতন্ত্রের জন্য আন্দোলন করতে হয়। এর চেয়ে দুঃখ আর কী হতে পারে। আপনি ১৪ সালে বিনা প্রতিদ্বন্দ্বিতার ভোট করলেন, ১৮ সালে রাতে ভোট করলেন, এখন আবার তামাশার ডামি নির্বাচন শুরু করেছেন। এ নির্বাচন কেউ মানে না, বাংলাদেশের জনগণ এই নির্বাচন মানে না।’তিনি আরও বলেন, ‘আমরা সম্মিলিত পেশাজীবী পরিষদের পক্ষ থেকে পরিস্কারভাবে বলতে চাই, এই নির্বাচনী খেলা বন্ধ করেন, তফসিল-ভোট বন্ধ করেন। রাজনৈতিক দলগুলোর সঙ্গে আলোচনায় বসেন। একটি ‍সুষ্ঠু গ্রহণযোগ্য নির্বাচনের মধ্য দিয়ে বাংলাদেশে শান্তি ও শৃঙ্খলা ফিরিয়ে আনুন।’রুহুল আমিন গাজী বলেন, ‘অন্যথায় এই নির্বাচন করে আপনি যদি মনে করেন চিরস্থায়ী আরেকটি বাকশাল শাসন কায়েম করবেন সেটি হবে দু:স্বপ্ন। এদেশের মানুষ স্বাধীনতাকামী মানুষ, এদেশের মানুষ গণতন্ত্রের পূজারি মানুষ। এই দেশের মানুষ কখনো পরাধীনতা মেনে নেয় না, কখনো পরাধীনতা মেনে নেবে না।’রুহুল আমিন গাজীর সভাপতিত্বে ও সম্মিলিত পেশাজীবী পরিষদের সদস্য কাদের গনি চৌধুরীর সঞ্চালনায় সংক্ষিপ্ত সমাবেশে ঢাকা বিশ্ববিদ্যালয়ের শিক্ষক অধ্যাপক এবিএম ওবায়দুল ইসলাম, অধ্যাপক লুতফর রহমান, অধ্যাপক শামসুল আলম, অ্যাডভোকেট আবেদ রাজা প্রমুখ বক্তব্য রাখেন।সমাবেশে অধ্যাপক কামরুল আহসান, অধ্যাপক নজরুল ইসলাম, অধ্যাপক খান মো. মনোয়ারুল ইসলাম, ডক্টরস অ্যাসোসিয়েশনের ডা. জহিরুল ইসলাম শাকিল, শিক্ষক-কর্মচারি ঐক্যজোটের দেলোয়ার হোসেন, ইঞ্জিনিয়ার্স অ্যাসোসিয়েশনের প্রকৌশলী আব্দুল হালিম মিঞা, জাতীয়তাবাদী সাংস্কৃতিক জোটের রফিকুল ইসলাম, নার্সেস অ্যাসোসিয়েশনের জাহানারা বেগম, সাংবাদিক বাছির জামালসহ পেশাজীবী নেতারা উপস্থিত ছিলেন।",0,0,1,1,False
" দ্বাদশ জাতীয় সংসদ নির্বাচনে দেশ-বিদেশের অনেকে নজর রাখছে বলে জানিয়েছেন সুশাসনের জন্য নাগরিক (সুজন) সম্পাদক বদিউল আলম মজুমদার।আজ রবিবার রাজধানীর আগারগাঁওয়ের আইডিবি ভবনে ভোটার সচেতনতা ও নাগরিক সক্রিয়তা কার্যক্রম, ভোটবিডি ওয়েবসাইট সম্পর্কিত অবহিতকরণ সভায় তিনি এ কথা বলেন।সুজন সম্পাদক বলেন, ‘গত দুটি যে বিতর্কিত নির্বাচন হয়েছে, যেটার কারণে সরকারের যে লেজিটিমেসি (বৈধতা/ন্যায্যতা) সমস্যা তা আরও ভয়াবহ হবে। সরকার কিন্তু এই লেজিসলেটিভ সমস্যা দূরীভূত করতে পারবে না। বরং আরও ভয়াবহ রূপ ধারণ করতে পারে। কারণ, আমাদের নির্বাচনে কিন্তু আরও অনেকের চোখ আছে। অতীতে কিন্তু এই চোখ ছিল না। এই সমস্যা দূর করার জন্য আমাদের আরও বিদেশি বন্ধুদের ওপর নির্ভরশীল হয়ে পড়ার সম্ভাবনা রয়েছে, যার ফলে আমাদের সার্বভৌমত্বও ক্ষুণ্ন হতে পারে। বিস্তৃত বলব না, ভয়াবহ পরিস্থিতিতে যেতে পারি।’বদিউল আলম মজুমদার বলেছেন, ‘আমি তো আসন্ন নির্বাচনকে নির্বাচনই মনে করি না। নির্বাচনের যে সংজ্ঞা তার মধ্যেই এটা পড়ে না। নির্বাচনের যে গ্রামার—বিকল্প থেকে বেছে নেওয়ার সুযোগ, সেটাও নেই।’সুজনের সহযোগিতায় দ্য হাঙ্গার প্রজেক্টের পক্ষ থেকে ভোটবিডি ওয়েবসাইট সম্পর্কিত এ অবহিতকরণ সভার আয়োজন করা হয়। সভায় রিপোর্টার্স ফোরাম ফর ইলেকশন অ্যান্ড ডেমোক্রেসির (আরএফইডি) সদস্যরাসহ বিভিন্ন গণমাধ্যমে কর্মরত সাংবাদিকরা উপস্থিত ছিলেন।বদিউল আলম মজুমদার বলেন, ‘নির্বাচনে দুটো প্রধান ব্র্যান্ড। একটা আওয়ামী লীগ ও আরেকটা বিএনপি। বিএনপি তো নেই। যদি না থাকে তাহলে নিশ্চিত করে বলাই যায়, আওয়ামী লীগ চাইলে সবার সঙ্গে জিতবে। কিন্তু তারা আসন ভাগাভাগি করছে কেন? অন্যদের কিছু সিট দেওয়ার জন্য। প্রতিযোগিতা হচ্ছে নিজেদের মধ্যে, নিজেদের অনুগত বা নিজেদের সৃষ্ট নাম সর্বস্ব দলগুলোর সঙ্গে।’তিনি আরও বলেন, ‘একমাত্র বিরোধী দল জাতীয় পার্টির সঙ্গেও আসন ভাগাভাগি হয়েছে। জাতীয় পার্টির সাধারণ সম্পাদক বলেছেন, জাতীয় পার্টি দ্বারা মনোনীত ও আওয়ামী লীগ দ্বারা সমর্থিত। তাহলে এটাতে প্রতিযোগিতা হচ্ছে না। এটা ভোটের খেলা, নির্বাচন-নির্বাচন খেলা, যা নির্বাচনী সংজ্ঞায় পড়ে না।’বর্তমান নির্বাচন কমিশনের কার্যক্রম নিয়ে অনেক প্রশ্ন রয়েছে উল্লেখ করে সুজন সম্পাদক বলেন, ‘নির্বাচন আসন্ন, কিন্তু তাদের নিয়োগের বৈধতার প্রশ্ন কখনো যাবে না। ভবিষ্যতে ইস্যু হয়ে থাকবে। বর্তমান নির্বাচন কমিশন ইতোমধ্যে অনেক বিতর্কিত কাজ করছেন। যেমন শাহজাহান ওমরের ব্যাপার, তিনি মামলার তথ্য গোপন করেছেন। যে মামলায় তিনি গ্রেপ্তার ও জামিন পেয়ে প্রার্থী হয়েছেন। সেটিই তিনি গোপন করেছেন। যা চরম বিতর্কিত।’বদিউল আলম মজুমদার বলেন, ‘প্রয়াত জাফরুল্লাহ চৌধুরী বর্তমান প্রধান নির্বাচন কমিশনারের নাম প্রস্তাব করেছিলেন। এই রকম আরও অনেকে অনেকের নাম প্রস্তাব করেছিলেন। কিন্তু আইনগতভাবে তারা কেউই বৈধ নাম প্রস্তাবকারী ছিলেন না। অথচ তাদের নাম প্রস্তাবের ভিত্তিতেই নির্বাচন কমিশন গঠিত হয়েছে। যারা বৈধ নয়, তাদের প্রস্তাবেই যদি নির্বাচন কমিশন গঠিত হয় তাহলে তাদের বৈধতা নিয়েও তো প্রশ্ন উঠেই। এটা নিয়ে আমি বহু সমস্যার মধ্যে আছি।’",0,0,1,1,False
" বিএনপির এখন আর নির্বাচনে আসার সুযোগ নেই বলে জানিয়েছেন নির্বাচন কমিশনার (ইসি) মো. আনিছুর রহমান। আজ রবিবার দুপুরে সুনামগঞ্জে আইনশৃঙ্খলা ও মতবিনিময় সভা শেষে সাংবাদিকদের সঙ্গে আলাপকালে তিনি এ কথা বলেন। জেলা সদরের হাছন রাজা মিলনায়তনে জেলার পাঁচটি সংসদীয় আসনের প্রার্থী ও নির্বাচন সংশ্লিষ্টদের সঙ্গে এ সভা হয়।ইসি আনিছুর বলেন, ‘নির্বাচনের ট্রেন অনেক দূরে চলে গেছে, এখন আর ওঠার কোনো সুযোগ নেই। বিএনপিকে অনেকবার নির্বাচনে অংশ নেওয়ার কথা বলা হয়েছে। আমরা তিনজন কমিশনার মনোনয়নপত্র প্রত্যাহার ও প্রতীক বরাদ্দের আগে পর্যন্ত বিএনপিকেনির্বাচনে আসার কথা বলে মুখে ফেনা তুলে ফেলেছি। তখন বিএনপির নির্বাচনে অংশ নেওয়ার সুযোগ ছিল। এখন আর সুযোগ নেই। এখন কিছু করলে আইনি জটিলতায় পড়ে যাবে কমিশন। নির্বাচনের ট্রেন সঠিক গন্তব্যে পৌঁছাবে।’তিনি বলেন, ‘এবার বিপুল সংখ্যক পর্যবেক্ষক আসছেন বিভিন্ন দেশ থেকে। দেশগুলোর দূতাবাস এবং সংস্থার লোকরা আমাদের কাছে সময় বাড়ানোর কথা বলেছেন, আমরা বাড়িয়েছি। এখন তারা লিস্ট পাঠিয়েছেন। এই লিস্টটি পর্যালোচনা করে স্বরাষ্ট্র মন্ত্রণালয় এবং পররাষ্ট্র মন্ত্রণালয়ে দেওয়া হবে। অধিকাংশ পর্যবেক্ষককে অন-অ্যারাইভাল ভিসা দেওয়া হবে এবং তাদের নিরাপত্তা জোরদার করা হবে।’ইসি আনিছুর আরও বলেন, ‘দুই হাজারের বেশি দেশি পর্যবেক্ষকের আবেদন এসেছে। সেগুলো যাচাই-বাছাই করা হচ্ছে। আমাদের চোখে নির্বাচন ভালো বললে হবে না, আন্তর্জাতিক, দেশি-বিদেশি পর্যবেক্ষকরা দেখে বলতে হবে। মার্কিন দূতাবাস থেকেও একটি বড় তালিকা এসেছে। তারা পর্যবেক্ষণ করবে তাদের মতো করে।’আইনশৃঙ্খলা পরিস্থিতি নিয়ে নির্বাচন কমিশনার বলেন, ‘ভোটের আগে বা পরে আইনশৃঙ্খলা পরিস্থিতির অবনতি হওয়ার সুযোগ নেই। সব পর্যায়ে আইনশৃঙ্খলা বাহিনী সর্তক অবস্থানে আছে। ভোটের আগে ও পরে মোট ১০ দিন সেনাবাহিনী মাঠে থাকবে। যেকোনো ধরনের অভিযোগ পেলে দ্রুততম সময়ের মধ্যে ব্যবস্থা নেওয়া হবে।’",0,0,1,1,False
" নির্বাচনের পরিবেশ নিয়ে সন্তুষ্ট নই, ফরিদপুরের এসপি চান না এখানে নৌকার নির্বাচন হোক। তিনি চান না সদরপুর-ভাঙ্গাতে নৌকা জিতুক। টাকার জন্য তিনি নৌকা হারাতে স্বতন্ত্র প্রার্থীর পক্ষ নিয়েছেন। দ্বাদশ জাতীয় সংসদ নির্বাচনে ফরিদপুর-৪ আসনে আওয়ামী লীগের প্রার্থী দলের সভাপতিম-লীর সদস্য ও নির্বাচন পরিচালনা কমিটির কো-চেয়ারম্যান কাজী জাফরউল্যাহ গতকাল দুপুরে সদরপুরে এক নির্বাচনী সভায় এ কথা বলেন।সদরপুর স্টেডিয়ামে এ সভা অনুষ্ঠিতহয়। এর আগে বেলা সাড়ে ১১টার দিকে কাজী জাফরউল্যাহ নিজ গ্রাম ভাঙ্গার কাউলীবেড়া থেকে নেতাকর্মী পরিবেষ্টিত অবস্থায় গাড়িযোগে সদরপুরে পৌঁছান। এরপর নির্বাচনী সভায় যোগ দেন ও গণসংযোগ করেন।নির্বাচনী সভায় কাজী জাফরউল্যাহ বলেন, নির্বাচনী পরিবেশে আমি সন্তুষ্ট নই। কারণ আমি দেখছি সদরপুরে খুন-রাহাজানি হচ্ছে। সদরপুরের চর বলাশিয়ায় নৌকার একজন কর্মীকে কোপ দিয়ে মাথা দুই টুকরা করে দিয়েছে। সে ট্রমা সেন্টারে মৃত্যুর সঙ্গে লড়ছে। অথচ আমরা যখন বিষয়টি থানাকে জানাই, তারা বলে মামলা নিতে হলে ওদেরও (অপরপক্ষের) মামলা নিতে হবে। তার মানে তারা সম্পূর্ণরূপে নিক্সনের (প্রতিপক্ষ স্বতন্ত্র প্রার্থী মজিবর রহমান চৌধুরী নিক্সন) পক্ষে।কাজী জাফরউল্যাহ বলেন, তিনি (এসপি) লাইন নিয়েছেন ফরিদপুরের স্বতন্ত্র প্রার্থীদের সঙ্গে। কারণ ফরিদপুরের স্বতন্ত্র প্রার্থীরা সবাই টাকাওয়ালা। টাকা আছে যেখানে, আমাদের প্রশাসন এসপি আছে সেখানে। আমরা লড়াই করে মাঠে আছি। গরিব-দুঃখী মানুষ ৭ তারিখে নৌকায় ভোট দিয়ে প্রমাণ করবে। যদি এসপি-ডিসি, ওসি আসুক মানুষের শক্তির সঙ্গে তারা পারবে না।এ সময় ফরিদপুর জেলা আওয়ামী লীগের সাধারণ সম্পাদক শাহ মো. ইসতিয়াক আরিফ, জেলা আওয়ামী লীগ নেতা দীপক মজুমদার, আনিসুর রহমান প্রমুখ উপস্থিত ছিলেন।",0,0,1,1,False
" টাঙ্গাইল সদরে অবাধ, সুষ্ঠু ও নিরপেক্ষ নির্বাচন নিয়ে সংশয় প্রকাশ করেছেন অংশগ্রহণকারী প্রার্থীরা। আওয়ামী লীগ ছাড়া অর্থাৎ জাতীয় পার্টি, স্বতন্ত্রসহ অন্যান্য দলের প্রার্থীরা এ সংশয় প্রকাশ করেছেন।শনিবার দিনব্যাপী টাঙ্গাইল পৌরসভা মিলনায়তনে কম্বাইন্ড হিউম্যান রাইটর্স ওয়ার্ল্ড (সম্মিলিত মানবাধিকার বিশ^) টাঙ্গাইল জেলা ইউনিট আয়োজিত পরিচিতি ও এক মঞ্চে টাঙ্গাইল-৫ (সদর) আসনের প্রার্থীদের ভাবনা নিয়ে আলোচনাসভায় এ সংশয় প্রকাশ করেন তারা।অনষ্ঠানে প্রধান অতিথি ছিলেন টাঙ্গাইল পৌরসভার মেয়র ও সংগঠনের উপদেষ্টা এসএম সিরাজুল হক আলমগীর। উদ্বোধক ছিলেন টাঙ্গাইল প্রেসক্লাবের সভাপতি ও সংগঠনেরউপদেষ্টা অ্যাডভোকেট জাফর আহমেদ। কম্বাইন্ড হিউম্যান রাইটর্স ওয়ার্ল্ড টাঙ্গাইল জেলা ইউনিটের সভাপতি আরিফুর রহমানের সভাপতিত্বে ও সাধারণ সম্পাদক মো. শামীম আল মামুনের সঞ্চালনায় অনুষ্ঠানে স্বাগত বক্তব্য রাখেন কার্যকরী সভাপতি মোহাম্মদ আরিফ উর রহমান টগর।দ্বাদশ সংসদ নির্বাচনে টাঙ্গাইল-৫ (সদর) আসনে অংশ নেওয়া জাতীয় পার্টি, স্বতন্ত্রসহ অন্য দলের প্রার্থীরা নির্বাচনী প্রচারে বাধা, কর্মীদের ভয়ভীতি প্রদর্শন, পোস্টার ছিঁড়ে ফেলা ও অফিস ভাঙচুরের সমালোচনা করেন। জেলা রিটার্নিং কর্মকর্তা ও আইনশৃঙ্খলা বাহিনী বরাবর দফায় দফায় অভিযোগের পরও পরিস্থিতির কোনো উন্নতি না হওয়ায় হতাশা প্রকাশ করেছেন তারা।এ সময় জাতীয় পার্টি মনোনীত লাঙল প্রতীকের প্রার্থী মুহাম্মদ মোজাম্মেল হক, কেটলী প্রতীকের স্বতন্ত্র প্রার্থী অ্যাডভোকেট খন্দকার আহসান হাবীব, মাথাল প্রতীকের স্বতন্ত্র প্রার্থী মুরাদ সিদ্দিকী, পাটের আঁশ প্রতীকের তৃণমূল বিএনপি প্রার্থী মো. শরিফুজ্জামান খান মহব্বত, বাংলাদেশ সুপ্রীম পার্টি মনোনীত একতারা প্রতীকের প্রার্থী মো. হাসরত খান ভাসানী, আওয়ামী লীগের বর্তমান সংসদ সদস্য ও দ্বাদশ নির্বাচনের ঈগল প্রতীকের স্বতন্ত্র প্রার্থী মো. ছানোয়ার হোসেনের পক্ষে বিদ্যুৎ ও বিএনএম মনোনীত নোঙর প্রতীকের প্রার্থী মেজর (অব) তৌহিদ চাকলাদারের পক্ষে তার ছোট ভাই মো. তৌসিফুর রহমান চাকলাদার উপস্থিত ছিলেন।অনুষ্ঠানে কম্বাইন্ড হিউম্যান রাইটর্স ওয়ার্ল্ড নবগঠিত টাঙ্গাইল জেলা ইউনিটের সব পর্যায়ের নেতারাসহ বিভিন্ন প্রিন্ট, ইলেকট্রনিক ও অনলাইন মিডিয়ার সংবাদকর্মীরা উপস্থিত ছিলেন।",0,0,1,1,False
" দ্বাদশ জাতীয় সংসদ নির্বাচন অবৈধ আখ্যা দিয়ে ইসলামী আন্দোলন বাংলাদেশের প্রেসিডিয়াম সদস্য আশরাফ আলী আকন বলেছেন, ‘এই নির্বাচন অবৈধ নির্বাচন। এ নির্বাচন দেশের মানুষ মানে না। আগামী ৭ জানুয়ারি দেশে কোনো নির্বাচন হতে দেওয়া হবে না। দেশবাসীকে আহ্বান জানাব, এই নির্বাচনে যেন কেউ কোনো সহযোগিতা না করে।’আজ সোমবার বায়তুল মোকাররম প্রাঙ্গণে ইসলামী আন্দোলন বাংলাদেশ ঢাকা মহানগর উত্তর ও দক্ষিণের বিতর্কিত নির্বাচন কমিশনের একতরফা নির্বাচনী তফসিল বাতিলের দাবিতে আয়োজিত বিক্ষোভ মিছিলে প্রধান অতিথির বক্তব্যে তিনি এ কথা বলেন।আশরাফ আলী আকন বলেন, ‘বর্তমান ফ্যাসিবাদী সরকারের কর্মকাণ্ড প্রমাণ করে, আওয়ামী লীগ একটি আতংকের নাম, আওয়ামী লীগ একটি গজবের নাম। এ সরকার দেশের সমস্ত প্রতিষ্ঠানকে ধ্বংস করেছে। প্রশাসন, বিচার বিভাগ, শিক্ষাসহ প্রতিটি খাতকে ধ্বংস করা হয়েছে।’তিনি আরও বলেন, ‘দ্রব্যমূল্যের ঊর্ধ্বগতিতে মানুষের নাভিশ্বাস উঠেছে। আমরা বিশ্বাস করি, দুর্নীতি বন্ধ করা গেলে ৪০ টাকা দরে চাল বিক্রি করা সম্ভব। যেকোনো খাদ্যমূল্যের ৩০ শতাংশ কমিয়ে ফেলা সম্ভব।’সমাবেশে আরও উপস্থিত ছিলেন দলের সহ-সভাপতি সিদ্দিকুর রহমান, মোহাম্মদ আরিফুল ইসলাম, চট্টগ্রাম বিভাগের সম্পাদক আবু সাইদ, দলের প্রেসিডিয়াম সদস্য মাহমুদুর রহমানসহ আরও অনেকে।",0,0,1,1,False
" সরকারি চাকরি থেকে অবসরের পর তিন বছর পার না হওয়া পর্যন্ত জাতীয় সংসদ নির্বাচনে অংশগ্রহণের সুযোগ না দেওয়ার বিধান কেন অবৈধ হবে না— এ মর্মে জারি করা রুল খারিজ করে দিয়েছেন হাইকোর্ট। এর ফলে সামরিক-বেসামরিক সরকারি কর্মকর্তারা অবসরের পর তিন বছর পূর্ণ হওয়ার আগে জাতীয় নির্বাচনে অংশ নিতে পারবেন না।আজ সোমবার বিচারপতি নাইমা হায়দার ও বিচারপতি কাজী জিনাত হকের সমন্বয়ে গঠিত হাইকোর্ট বেঞ্চ এ রায় ঘোষণা করেন। এর আগে, গত ২৯ নভেম্বর এ বিষয়ে জারি করা রুলের শুনানি শেয় হয়। শুনানি শেষে বিষয়টি রায় ঘোষণার জন্য অপেক্ষমান রাখা হয়েছিল।রায়ে আদালত বলেন, রিটকারীরা নির্বাচনে অংশগ্রহণের সুযোগ না পাওয়ায় সম-অধিকার ও মৌলিক অধিকার ক্ষুণ্ন হওয়ার যে যুক্তি দেখিয়েছেন তা গ্রহণযোগ্য নয়।আদালতে রিটের পক্ষে শুনানি করেন জ্যেষ্ঠ আইনজীবী ব্যারিস্টার তানিয়া আমীর ও অ্যাডভোকেট প্রবীর নিয়োগী। নির্বাচন কমিশনের পক্ষে ব্যারিস্টার খান মোহাম্মদ শামীম আজিজ এবং রাষ্ট্রপক্ষে অ্যাটর্নি জেনারেল এ এম আমিন উদ্দিন ও ডেপুটি অ্যাটর্নি জেনারেল অমিত দাশগুপ্ত শুনানি করেন।চাকরি থেকে অবসরের পর তিন বছর পার না হওয়া পর্যন্ত সামরিক-বেসামরিক সরকারি কর্মকর্তাদের জাতীয় সংসদ নির্বাচনে অংশগ্রহণের সুযোগ না দেওয়ার বিধান চ্যালেঞ্জ করে চলতি বছরের ১৫ জানুয়ারি রিট দায়ের করেন ব্রিগেডিয়ার জেনারেল (অব.) মো. শামীম কামাল। এছাড়া একই ইস্যুতে অবসরে যাওয়া আরওি অনেক সরকারি কর্মকর্তা হাইকোর্টে রিট করেন। রিটের শুনানি নিয়ে বিভিন্ন সময়ে আদালত রুল জারি করেন। এবার একত্রে সবগুলো রুলের চূড়ান্ত শুনানি করা হয়েছে।গণপ্রতিনিধিত্ব আদেশ (আরপিও)-১৯৭২-এর ১২ (১) (চ) ধারায় বলা হয়েছে, প্রজাতন্ত্রের বা সংবিধিবদ্ধ সরকারি কর্তৃপক্ষের বা প্রতিরক্ষা কর্ম বিভাগের কোনো চাকরি থেকে পদত্যাগ করেছেন বা অবসরে গমন করেছেন এবং যদি উক্ত পদত্যাগ বা অবসর গমনের পর তিন বছর অতিবাহিত না হয়ে থাকে তাহলে জাতীয় সংসদ নির্বাচনে অংশগ্রহণের সুযোগ পাবেন না।",0,0,1,1,False
" দ্বাদশ জাতীয় সংসদ নির্বাচনে আওয়ামী মনোনীত (নৌকা) প্রতীকের প্রার্থী অ্যাডভোকেট মামুন অর রশিদের বিরুদ্ধে নির্বাচনী আচরণবিধি লঙ্ঘন, নির্বাচনী প্রচারে বাধা প্রদান, মিথ্যা মামলা ও ভাঙচুরের অভিযোগ এনে সংবাদ সম্মেলন করেছেন টাঙ্গাইল-৫ (সদর) আসনের স্বতন্ত্র (ঈগল) প্রতীকের প্রার্থী এবং বর্তমান সংসদ সদস্য ছানোয়ার হোসেন। গতকাল দুপুরে টাঙ্গাইল প্রেসক্লাবে সংবাদ সম্মেলনে এসব অভিযোগ করেন তিনি।সংবাদ সম্মেলনে লিখিত বক্তব্যে তিনি বলেন, দ্বাদশ জাতীয় সংসদ নির্বাচনে আওয়ামী লীগের সভাপতি শেখ হাসিনার অনুমতিক্রমে স্বতন্ত্র প্রার্থী হিসেবে ঈগল প্রতীকে নির্বাচনে অংশগ্রহণ করেছেন। কিন্তু নির্বাচনের উৎসবমুখর পরিবেশকে বিনষ্ট করার জন্য একটি মহল অপচেষ্টা চালিয়ে যাচ্ছে। এরই ধারাবাহিকতায় নির্বাচনী অফিস ভাঙচুর, অগ্নিসংযোগ, কর্মীদের শারীরিক নির্যাতন-মারধর, পোস্টার-ব্যানার ছিঁড়ে ফেলা ও পোস্টার লাগাতে দেওয়া হচ্ছে বাধা। এ ছাড়া চিহ্নিত সন্ত্রাসী দিয়ে নানাভাবে ভয়ভীতি প্রদর্শন ও গোলাগুলির ঘটনা ঘটছে।এসব ঘটনায় জেলা রিটার্নিং কর্মকর্তাসহ নির্বাচনী অপরাধ অনুসন্ধান কমিটির কাছে লিখিত অভিযোগ করা হয়েছে বলেও জানান স্বতন্ত্র প্রার্থী ছানোয়ার হোসেন।উল্লেখ্য, গত ২৪ ডিসেম্বর রাতে টাঙ্গাইল-৫ সদর উপজেলার যুগনী এলাকায় বাঘিল ইউনিয়ন যুবলীগের সাধারণ সম্পাদকসহ তিনজন গুলিবিদ্ধ হয়েছেন। এ ঘটনায় টাঙ্গাইল সদর থানায় ইউনিয়ন যুবলীগের সাধারণ সম্পাদক রোকনুজ্জামান রোকনের বাবা বাদী হয়ে ৬ জনের নাম উল্লেখসহ অজ্ঞাত ২০-২৫ জনের নামে মামলা করেছেন। ইতোমধ্যে পুলিশ তিনজনকে গ্রেপ্তার করেছে। তারা সবাই স্বতন্ত্র প্রার্থী (ঈগল) বর্তমান সংসদ সদস্যের কর্মী।",0,0,1,1,False
" সরকার ‘একতরফা তামাশার’ নির্বাচন করে দেশকে দুর্যোগের দিকে ঠেলে দিচ্ছে বলে অভিযোগ করেছে গণতন্ত্র মঞ্চের নেতারা। আজ সোমবার দুপুরে জাতীয় প্রেসক্লাবের সামনে সংক্ষিপ্ত সমাবেশে গণতন্ত্র মঞ্চের নেতা এই অভিযোগ করেন।বাংলাদেশের বিপ্লবী ওয়ার্কার্স পার্টির সাধারণ সম্পাদক সাইফুল হক বলেন, ‘২০১৪ এবং ২০১৮ সালে দেশের মানুষের ভোটাধিকার নিয়ে সরকার যে তামাশা করেছে, এরা যে প্রহসন করেছে সেই প্রহসন এবার ২০২৪ সালে মানুষের ভোটাধিকার নিয়ে করতে চাচ্ছে। তাদের তামাশা দেশকে দুর্যোগের মধ্যে ঠেলে দিচ্ছে। পুরো দেশের জন্য বিয়োগান্ত পরিণতি তারা ডেকে আনছে। এই পরিস্থিতিতে অর্থনীতিবিদরা বলছেন, একটা বাণিজ্যিক নিষেধাজ্ঞা অনতিবিলম্বে আসবে। সেরকম একটি আশঙ্কা অনেকগুলো গণমাধ্যমে গত কয়েকদিন ধরে এই সংবাদ বেরিয়ে আসছে। মানুষ আজকে দুচিন্তার মধ্যে দিনরাত কাটাচ্ছে। জোর করে ক্ষমতায় থাকতে যেয়ে দেশকে ওরা বিপর্যয়ের মুখোমুখি দাঁড় করিয়েছে।’সরকারের উদ্দেশে সাইফুল হক বলেন, ‘এখনো সময় আছে সোজা পথে হাঁটেন। যদি শান্তিপূর্ণ ভাবে বিদায় নিতে চান, এই তামাশার নির্বাচনের তফসিল বাতিল করুন। বাতিল করে কিভাবে নির্বাচনকালীন নিরপেক্ষ একটা অন্তর্বর্তীকালীন সরকারের অধীনে নির্বাচন হতে পারে নীতিগত সিদ্ধান্ত নিয়ে বিরোধী দলের সঙ্গে আলোচনায় বসুন। জনগণের গুরুত্বপূর্ণ স্টেকহোল্ডার যারা আছে তাদের সঙ্গে আলোচনায় বসুন। নির্বাচনকালীন এই সংকট উত্তরণের পথটা এখনো একেবারে শেষ হয়ে যায় নাই। সেই পথে না হাঁটলে মানুষ যেভাবে রাজপথে নেমেছে পরিণতি শুভ হবে না।’গণসংহতি আন্দোলনের প্রধান সমন্বয়কারী জোনায়েদ সাকি বলেন, ‘এবারে বলা হচ্ছিল নতুন একটা চমক আসবে। সেটা হচ্ছে, এবার মনোনয়নপত্র জমা দেওয়ার আগেই বললেন, ‘‘ডামি প্রার্থী দাও”। ডামি দিয়ে উনি নির্বাচন করবেন। কারণ যাদেরকে ধরে-টরে নিয়ে মনোনয়নপত্র জমা দিয়েছেন বিভিন্ন দলের এবং তাদের খোদ তথাকথিত সংসদের বিরোধীদল জাতীয় পার্টিকেও সবাই উনার কাছে গিয়ে আগে সিট পাওয়ার নিশ্চয়তা চায় সবাই চায় আমরা এমপি হব।’তিনি আরও বলেন, ‘এখন উনি প্রতিদ্বন্দ্বী কোথায় পাবেন? নিজেই আবিষ্কার করলেন, ডামি প্রতিদ্বন্দ্বী দিয়ে উনি প্রতিদ্বন্দ্বিতাপূর্ণ নির্বাচন করবেন। কিন্তু সবসময় উনি যা চান তাই হবে এমন তো নয়। সেই কারণে আজকে একটু উভয় সংকটে পড়েছেন। কুল রাখি না শ্যাম রাখি উনার দলের শতশত প্রার্থী আছেন ডামি আর স্বতন্ত্র। এই ডামি-স্বতন্ত্ররা সকলে নৌকা। এখন নৌকা আর মনোনীত নৌকা সঙ্গে ধাক্কা-ধাক্কি করছে। ইতোমধ্যে মারামারি শুরু হয়েছে। সামনের দিনগুলো আরও কি হবে আমরা জানি না। অনেককে আশঙ্কা করছেন, মনোনীত নৌকা, ডামি নৌকা, স্বতন্ত্র নৌকা আর বিদ্রোহী নৌকা মিলে এমন এক তাণ্ডব ঘটবে এটা আর উনাদের নিয়ন্ত্রণে থাকবে না।’সাকি বলেন, ‘১৭ ডিসেম্বরেরআগে এসব ডামি-স্বতন্ত্র-বিদ্রোহীরা নির্বাচনে থাকতে পারবে কি না সেটাই এখন দেখার বিষয়। উনার একেক কায়দায় বাতিল করছেন, আর শেষ কায়দায় হুকুম দিয়ে বাতিল করাবেন। এ সব মিলে প্রতিদ্বন্দ্বিতা দেখাতে গিয়ে নিজেদের মধ্যে মারামারি আর না হয় প্রতিদ্বন্দ্বিতাহীন একতরফা নির্বাচন এই হচ্ছে শেখ হাসিনার উপহার। বাংলাদেশকে তারা এই জায়গায় নিয়ে এসেছে এটাই হচ্ছে তাদের উন্নয়ন। বাংলাদেশের মানুষ এই উন্নয়ন গ্রহণ করে না। এভাবে দমনপীড়ন করে মানুষের ভোটাধিকার হরণ করে তারা আবারও ক্ষমতায় থাকতে নানা চক্রান্ত করছে। কিন্তু কাজ হবে না, জনগণ এবার রুখে দেবে।’সমাবেশের সভাপতি গণতন্ত্র মঞ্চের সমন্বয়ক জেএসডির সাধারণ সম্পাদক শহীদ উদ্দিন মাহমুদ স্বপন বলেন, ‘শেখ হাসিনা ডামি নির্বাচন করছেন। এই নির্বাচন কমিশন বাংলাদেশের জনগণের প্রতি বৃদ্ধাঙ্গুলি প্রদর্শন করে জনগণের আশাকে নয়-ছয় করে, জনগণের আকাঙ্ক্ষাকে পদদলিত করে যে তথাকথিত ডামি নির্বাচন করছে তা আমরা গণতন্ত্র মঞ্চ করতে দেব না।’সমাবেশে বক্তব্য দেন জেএসডির জ্যেষ্ঠ যুগ্ম সাধারণ সম্পাদক কামাল উদ্দিন পাটোয়ারির সঞ্চালনায় সংক্ষিপ্ত নাগরিক ঐক্যের সাধারণ সম্পাদক শহীদুল্লাহ কায়সার, ভাসানী অনুসারী পরিষদের হাবিবুর রহমান রিজু, সাংগঠনিক সমন্বয়ক ইমরান ইমনসহ আরও অনেকে।",0,0,1,1,False
