text,label,y_true,y_pred,pred_3class,correct
"সুষ্ঠু নির্বাচন কত প্রকার ও কী কী ২০২৪ সালের জানুয়ারিতে তা দেখিয়ে দেয়া হবে বলে জানিয়েছেন ঢাকা দক্ষিণ সিটি করপোরেশনের মেয়র শেখ ফজলে নূর তাপস। বুধবার (১২ জুলাই) ঢাকা মহানগর উত্তর ও দক্ষিণ আওয়ামী লীগ আয়োজিত শান্তি সমাবেশে অংশ নিয়ে এ কথা বলেন তিনি। জাতীয় মসজিদ বায়তুল মোকাররমের দক্ষিণ গেটে এই সমাবেশের আয়োজন করা হয়। ফজলে নূর তাপস বলেন, যারা সুষ্ঠু নির্বাচনের কথা বলে, তাদেরকে ২০২৪ সালের জানুয়ারি মাসে আমরা দেখিয়ে দেব, সুষ্ঠু নির্বাচন কত প্রকার ও কী কী। আজকে ঢাকা ফুঁসে উঠেছে। আমরা আর কোনো নৈরাজ্য বরদাস্ত করব না। আজকে থেকে আমরা আর ঘরে যাব না। ৭১ সালে মানুষ যেমন রণাঙ্গনে গেছে, তেমনি আমরা রাজপথে থাকব। এসময় দ্বাদশ সংসদ নির্বাচন পর্যন্ত আওয়ামী লীগের নেতাকর্মীদের রাজপথে থাকার আহ্বান জানান ঢাকা দক্ষিণের মেয়র।",1,1,0,1,False
"আসন্ন সিটি কর্পোরেশন নির্বাচনের দিন ক্লোজ সার্কিট ক্যামেরার মাধ্যমে সার্বিক পরিস্থিতি মনিটরিং করা হবে বলে জানিয়েছেন নির্বাচন কমিশনার রাশেদা সুলতানা। মঙ্গলবার (৯ মে) সকাল সাড়ে ১০টায় খুলনা জেলা নির্বাচন কর্মকর্তার কার্যালয় পরিদর্শন ও মতবিনিময় শেষে সাংবাদিকদের প্রশ্নের উত্তরে এ কথা বলেন তিনি। রাশেদা সুলতানা বলেন, নির্বাচন কমিশন চায় প্রতিদ্বন্দ্বিতামূলক নির্বাচন। আসন্ন সিটি কর্পোরেশন নির্বাচনে লেভেল প্লেয়িং ফিল্ড নিশ্চিত করা হবে। নির্বাচনী আচরণবিধি যাতে লঙ্ঘিত না হয়, সে ব্যাপারে কমিশন কঠোর অবস্থানে রয়েছে। নির্বাচনের দিন ক্লোজ সার্কিট ক্যামেরার মাধ্যমে সার্বিক পরিস্থিতি মনিটরিং করা হবে। এ সময় উপস্থিত ছিলেন খুলনা সিটি করপোরেশন নির্বাচনের রিটার্নিং কর্মকর্তা, জেলা নির্বাচন কর্মকর্তা ও সহকারী রিটার্নিং কর্মকর্তারা।",1,1,0,1,False
"জাতিসংঘ বাংলাদেশে অবাধ, সুষ্ঠু ও শান্তিপূর্ণ নির্বাচন চায় জানিয়ে আওয়ামী লীগের সাধারণ সম্পাদক ওবায়দুল কাদের বলেছেন, আওয়ামী লীগ চায় সে নির্বাচনে বিএনপির মতো বড় রাজনৈতিক দল অংশ নিক। নির্বাচনে আসতে তাদের কেন জোরাজুরি করব। নির্বাচনে অংশ নেয়া রাজনৈতিক দল হিসেবে তাদের অধিকার। কোনো সুযোগ নয়। বৃহস্পতিবার (২৪ আগস্ট) বিকেলে গুলশানে বাংলাদেশে জাতিসংঘের আবাসিক সমন্বয়ক গোয়েন লুইসের সঙ্গে বৈঠক করে আওয়ামী লীগের একটি প্রতিনিধিদল। বৈঠক শেষে সাংবাদিকদের ব্রিফ করে এ কথা জানান আওয়ামী লীগ সাধারণ সম্পাদক ওবায়দুল কাদের।ওবায়দুল কাদের বলেন, বাংলাদেশে অবাধ, সুষ্ঠু ও শান্তিপূর্ণ নির্বাচন চায় জাতিসংঘ। আওয়ামী লীগও চায় প্রতিদ্বন্দ্বিতামূলক নির্বাচন। নির্বাচন যত প্রতিযোগিতামূলক হবে দেশ-বিদেশে তত গ্রহণযোগ্য হবে। তিনি বলেন, আওয়ামী লীগও অবাধ, সুষ্ঠু ও শান্তিপূর্ণ নির্বাচন চায়। একই সঙ্গে সে নির্বাচনে বিএনপির মতো বড় রাজনৈতিক দল অংশ নিক, সেটাও চায়। নির্বাচনে আসতে তাদের (বিএনপিকে) কেন জোরাজুরি করবো? রাজনৈতিক দল হিসেবে নির্বাচনে অংশ নেওয়া তাদের অধিকার, কোনো সুযোগ নয়। বিএনপির প্রতি ইঙ্গিত করে আওয়ামী লীগ সাধারণ সম্পাদক আরও বলেন, বিরোধীদল প্রধানমন্ত্রীর পদত্যাগ, সংসদ বিলুপ্তি ও তত্ত্বাবধায়ক সরকারের যে দাবিতে জোর দিচ্ছে সেসব বিষয়ে তাদের (জাতিসংঘের) কোনো বক্তব্য নেই, কোনো মাথাব্যথাও নেই। তারা বলেছে, এগুলো বাংলাদেশের অভ্যন্তরীণ বিষয়।",1,1,0,1,False
"দেশের ২২তম রাষ্ট্রপতি নির্বাচন আগামী ১৯ ফেব্রুয়ারি অনুষ্ঠিত হবে। বুধবার (২৫ জানুয়ারি) আগারগাঁওয়ের নির্বাচন ভবনে নির্বাচনের তফসিল ঘোষণা করেন প্রধান নির্বাচন কমিশনার (সিইসি) কাজী হাবিবুল আউয়াল। তিনি বলেন, সিইসির কার্যালয়ে মনোনয়নপত্র জমা দেওয়া যাবে ১২ ফেব্রুয়ারি বিকেল ৪টা পর্যন্ত। মনোনয়নপত্র বাছাই ১৩ ফেব্রুয়ারি সকাল ১০ টা থেকে যতক্ষণ সময় লাগে। প্রত্যাহার ১৪ ফেব্রুয়ারি বিকেল ৪টা পর্যন্ত। সংসদ ভবনে ভোটগ্রহণ অনুষ্ঠিত হবে ১৯ ফেব্রুয়ারি দুপুর ২টা থেকে বিকেল ৪টা পর্যন্ত। আগামী ২৪ এপ্রিল দ্বিতীয় মেয়াদ পূর্ণ হচ্ছে রাষ্ট্রপতি মো. আব্দুল হামিদের। পরপর দুই মেয়াদে রাষ্ট্রপতি হয়েছেন তিনি। দেশের সংবিধান অনুযায়ী তার আর রাষ্ট্রপতি নির্বাচিত হওয়ার সুযোগ নেই। সে কারণে নতুন কাউকে দেখা যাবে তার জায়গায়। সাংবিধানিক বাধ্যবাধকতা অনুযায়ী, বর্তমান রাষ্ট্রপতির মেয়াদ শেষ হওয়ার আগে ৯০ থেকে ৬০ দিনের মধ্যে নতুন রাষ্ট্রপতি নির্বাচন শেষ করতে হবে।",1,1,0,1,False
"ঢাকা-১৭ আসনের উপ-নির্বাচনে অংশ নেবেন কন্টেন্ট ক্রিয়েটর আশরাফুল আলম ওরফে হিরো আলম। নায়ক ফারুকের মৃত্যুতে আসনটি শূন্য ঘোষণা করা হয়। সোমবার (৫ জুন) গণমাধ্যমকে বিষয়টি জানান হিরো আলম। আজ দুপুর ৩টায় নির্বাচন কমিশন থেকে ফর্ম নেওয়ার কথা রয়েছে তার। হিরো আলম বলেন, ‘অনেকটা নিজেকে নিজের মতো করে গুছিয়ে নিয়ে ঢাকা-১৭ আসনের উপ-নির্বাচনে অংশ নেওয়ার সিদ্ধান্ত নিয়েছি। সুষ্ঠু নির্বাচন হলে জয়ের ব্যাপারে শতভাগ আশাবাদী।’ তিনি বলেন, ‘আগামী জাতীয় সংসদ নির্বাচনে বগুড়া থেকে নির্বাচনের প্রস্তুতি নিচ্ছি। সেভাবেই এলাকায় জনসংযোগ করতে চেষ্টা করছি। আর বগুড়াবাসী চায় আমি এমপি হয়ে তাদের হয়ে কাজ করি।’ এর আগে বগুড়া-৬ (সদর) ও বগুড়া-৪ (কাহালু-নন্দীগ্রাম) দুটি আসন থেকেই সংসদ সদস্য পদে নির্বাচন করেছেন হিরো আলম।",1,1,0,1,False
"দেশে আগামী সেপ্টেম্বরের মধ্যে গাজীপুর, রাজশাহী, সিলেট, বরিশাল ও খুলনা সিটি করপোরেশন নির্বাচন সম্পন্ন করা হবে বলে জানিয়েছেন নির্বাচন কমিশনার (ইসি) মো. আলমগীর। রবিবার (৫ মার্চ) নির্বাচন ভবনের নিজ দপ্তরে সাংবাদিকদের বিভিন্ন প্রশ্নের জবাবে ইসি মো. আলমগীর এ তথ্য জানান। তিনি বলেন, ‘গাজীপুর সিটি করপোরেশন নির্বাচনের তফসিলের বিষয়ে কোনো আলোচনা হয়নি। যেটা আলোচনা হয়েছিল গাজীপুর, রাজশাহী, খুলনা, সিলেট সিটি করপোরেশন নির্বাচন নিয়ে। মেয়াদ শেষ হওয়ার ৬ মাসের মধ্যে এসব সিটি করপোরেশনের নির্বাচন করতে হয়।’ ইসি মো. আলমগীর বলেন, ‘যেহেতু আমাদের জাতীয় নির্বাচন আছে এ বছরের ডিসেম্বরের শেষে অথবা আগামী বছরের জানুয়ারির প্রথম সপ্তাহে। তাই আমাদের চেষ্টা থাকবে এ সিটি করপোরেশনের নির্বাচন শেষের দিকে না করে প্রথম দিকে করা।’ তিনি বলেন, ‘১১ মার্চ থেকে ১০ সেপ্টেম্বর গাজীপুরে ভোটের সময়। সে হিসেবে যেহেতু জাতীয় নির্বাচনের প্রস্তুতি নিতে হবে। সেজন্য নির্বাচনগুলো আগে করার চেষ্টা করবো। মার্চের পরে যে কোনো সময় নির্বাচন হতে পারে। ময়মনসিংহ সিটি করপোরেশন নির্বাচন অনেক দেরি। ওটাকে আমরা এর মধ্যে আনছি না। বাকি পাঁচটার ক্ষেত্রে হয়তো দুই দিনে হতে পারে। তিনদিনে হতে পারে। জুন মাসের মধ্যে দুটি সিটি ভোট করার ইচ্ছা আছে। তবে এখন পর্যন্ত দিন তারিখ ঠিক হয়নি।’ সিটি নির্বাচনে সিসি ক্যামেরার বিষয়ে তিনি বলেন, ‘এগুলো নির্ভর করবে বাজেটের উপরে। আমরা বাজেট চাইবো। টাকা পাইলে সিসি ক্যামেরা ব্যবহার করবো। তবে ইলেকট্রনিক ভোটিং মেশিন (ইভিএম) ব্যবহার করার আগ্রহ আছে। নতুন ইভিএম আসেনি। ইভিএমগুলোর ব্যাটারির মেয়াদ শেষ হয়ে গেছে, ব্যাটারি রিপ্লেসমেন্ট করতে হবে। সে জন্য টাকা লাগবে। সার্ভিসিং করিয়ে যদি সচল করতে পারি তার উপরে নির্ভর করবে কতগুলো ইভিএম ব্যবহার করবো।’",1,1,0,1,False
"যুক্তরাজ্য বাংলাদেশে একটি অংশগ্রহণমূলক নির্বাচন চায় বলে জানিয়েছেন প্রধান নির্বাচন কমিশনার (সিইসি) কাজী হাবিবুল আউয়াল। রবিবার (২৭ আগস্ট) দুপুরে রাজধানীর আগারগাঁওয়ে নির্বাচন ভবনে ব্রিটিশ হাইকমিশনার সারাহ কুকের সঙ্গে বৈঠক শেষে  এ কথা জানান তিনি। সিইসি কাজী হাবিবুল আউয়াল বলেন, যুক্তরাজ্য বাংলাদেশে একটি অংশগ্রহণমূলক নির্বাচন দেখতে চায়। আমরাও চাই নির্বাচন যেন অবাধ ও অংশগ্রহণমূলক হয়। একই সঙ্গে সাংবাদিকরা যেন অবাধে কাজ করতে পারেন সে বিষয়েও ব্রিটিশ হাইকমিশনার জানতে চেয়েছেন। এর আগে, বেলা ১১ টার দিকে নির্বাচন ভবনের নিজ দপ্তরে ব্রিটিশ হাইকমিশনার সারাহ কুকের সঙ্গে বৈঠকে বসেন প্রধান নির্বাচন কাজী হাবিবুল আউয়াল।",1,1,0,1,False
"যুক্তরাষ্ট্রের পররাষ্ট্র দপ্তরের গণতন্ত্র, মানবাধিকার ও বেসামরিক জনগণের নিরাপত্তাবিষয়ক আন্ডার সেক্রেটারি উজরা জেয়া বলেছেন, বাংলাদেশে কোনো দলের প্রতি কোনো পক্ষপাতিত্ব নেই, যুক্তরাষ্ট্র অবাধ ও সুষ্ঠু নির্বাচন চায়। বৃহস্পতিবার (১৩ জুলাই) ঢাকায় রাষ্ট্রীয় অতিথি ভবন পদ্মায় পররাষ্ট্রসচিব মাসুদ বিন মোমেনের সঙ্গে বৈঠক শেষে সাংবা‌দিক‌দের এ কথা ব‌লেন তিনি। উজরা জেয়া বলেন, বাংলাদেশে অবাধ ও সুষ্ঠু নির্বাচন চায় যুক্তরাষ্ট্র। তবে, সে নির্বাচন কবে হবে তা বাংলাদেশই ঠিক করবে। বাংলাদেশের ওপর আরোপিত মার্কিন ভিসা পলিসি অবাধ ও সুষ্ঠু নির্বাচনের জন্য। অবাধ-সুষ্ঠু নির্বাচন অনুষ্ঠানে প্রধানমন্ত্রী শেখ হাসিনারও প্রতিশ্রুতি আছে, সে প্রতিশ্রুতি পূরণে সহায়তা করতে এ ভিসানীতি। কোনো দলের প্রতি আমাদের কোনো পক্ষপাতিত্ব নেই। আমরা একটা নিরপেক্ষ, অবাধ ও সুষ্ঠু নির্বাচন চাই। এসময় আগামী জাতীয় সংসদ নির্বাচন‌কে সাম‌নে রে‌খে রাজ‌নৈ‌তিক দলগু‌লোর ম‌ধ্যে সংলাপ নি‌য়ে প্রত্যক্ষ কো‌নো হস্ত‌ক্ষেপ কর‌বে না বলেও জানান তিনি। এর আগে সকালে গণভবনে প্রধানমন্ত্রী শেখ হাসিনার সঙ্গে সৌজন্য সাক্ষাৎ করেন উজরা জেয়া।",1,1,0,1,False
"নির্বাচনকালে পুলিশ নির্বাচন কমিশনের অধীনে দায়িত্বপালন করে জানিয়ে বাংলাদেশ পুলিশের মহাপরিদর্শক (আইজিপি) চৌধুরী আব্দুল্লাহ আল মামুন বলেছেন, শতবর্ষের পুরোনো প্রতিষ্ঠান পুলিশ বাহিনী। নির্বাচনকালীন দায়িত্ব দীর্ঘদিন ধরে পালন করে আসছে। এ দায়িত্ব পালনে বাংলাদেশ পুলিশের যে অভিজ্ঞতা রয়েছে, আমাদের যে প্রশিক্ষণ রয়েছে, ২ লাখ ১২ হাজার লোকবল রয়েছে, লজিস্টিক রয়েছে, আইনগতভাবে কি করা প্রয়োজন, আমার সীমাবদ্ধতা কি সে সম্পর্কে সব সদস্যকে ব্রিফ করা আছে। পুলিশ প্রধান আরও বলেন, আমরা জানি নির্বাচনের সময় বাংলাদেশ পুলিশ নির্বাচন কমিশনের দায়িত্ব পালন করে। নির্বাচনের সময় নির্বাচন কমিশন আমাদের যে দায়িত্ব অর্পণ করবে সেই দায়িত্ব আমরা আমাদের সব সক্ষমতা দিয়ে পালন করবো। রবিবার দুপুরে বরিশাল জেলা পুলিশ লাইনসের ইন সার্ভিস ট্রেনিং সেন্টারে সাংবাদিকদের সাথে মতবিনিময়কালে তিনি আরও বলেন, কেউ যদি আইনশৃঙ্খলার অবনতি ঘটানোর চেষ্টা করে। আমি বলেছি, বাংলাদেশ পুলিশ বাহিনীর লজিস্টিক আছে, সক্ষমতা আছে ও প্রশিক্ষণ আছে। আমরা আমাদের সর্বাত্মক প্রচেষ্টা দিয়ে যেকোনো ধরনের নাশকতা ও আইনশৃঙ্খলার অবনতি ঘটানোর পরিস্থিতি মোকাবিলা করতে সক্ষম। বাংলাদেশ পুলিশ বাহিনীর যে সক্ষমতা আছে, আইনশৃংখলা পরিস্থিতির অবনতি যদি কেউ ঘটাতে চায়, তার বিরুদ্ধে কঠোর ব্যবস্থা গ্রহণ করা হবে।",1,1,0,1,False
"ইভিএমের সঠিক ব্যবহারে ভোট পদ্ধতিতে স্বচ্ছতা আনা সম্ভব তা গাজীপুর সিটি নির্বাচনে প্রমাণ হলো। একটি অবাধ, সুষ্ঠু ও গ্রহণযোগ্য নির্বাচনের লক্ষ্যে কমিশনের স্বচ্ছতা, আন্তরিকতা এবং আইনশৃঙ্খলা রক্ষাকারী বাহিনীর ভূমিকা ছিল খুবই প্রশংসনীয়। চমৎকার পরিবেশ পেয়ে ভোটাররা নির্ভয়ে ভোট দিয়েছে তাদের কাক্সিক্ষত প্রার্থীকে। সমগ্র দেশবাসীরও কড়া নজর ছিল নির্বাচনী ব্যবস্থাপনা ও পরিবেশের ওপর। সব কেন্দ্রে ভোট হয়েছিল ইভিএম দিয়ে, এটাও ছিল দেশবাসীর তীক্ষè দৃষ্টির অন্যতম কারণ। বলা চলে, জাতীয় নির্বাচনের মাত্র আট মাস বাকি থাকতে কোনো ধরনের গোলযোগ-অভিযোগ ছাড়া শান্তিপূর্ণভাবেই হয়েছে এই ভোট। ইভিএম পদ্ধতিতে বিগত কয়েকটি স্থানীয় নির্বাচনের তুলনায় গাজীপুরের এই নির্বাচনে ভোটারের উপস্থিতি ছিল বেশি। নির্বাচন কমিশনের কঠোর অবস্থান, সিসি ক্যামেরার ব্যবহার, ভোটের আগের রাতে আচরণবিধি লঙ্ঘনের দায়ে এক কাউন্সিলর প্রার্থীর প্রার্থিতা বাতিল এবং এ বিষয়ে আওয়ামী লীগ হাই কমান্ডের কঠোর অবস্থান প্রশংসিত হয়েছে। তবে সরকারের অবাধ, সুষ্ঠু ও নিরপেক্ষ নির্বাচন প্রতিশ্রুতির পাশাপাশি বাংলাদেশের সুষ্ঠু ভোটের বিষয়ে যুক্তরাষ্ট্রের ভিসানীতি ঘোষণাও গাজীপুরের ভোটে প্রভাব ফেলেছে বলে মনে করছেন নির্বাচন বিশ্লেষকরা। তাদের মতে, সরকার ও কমিশনের এমন অবস্থানের ফলে ভোটাররা ভোটকেন্দ্রে আসতে উৎসাহিত হয়েছে, যা আগামী দিনের নির্বাচনগুলোর জন্য একটি শুভ বার্তা। অবশ্য এই বার্তার মুখ্য ভূমিকায় ছিল ইভিএমের স্বচ্ছতা ও নিরপেক্ষতা। ইভিএম পদ্ধতিতে আগামী মাসে রাজশাহী, খুলনা, সিলেট ও বরিশাল সিটি করপোরেশনের নির্বাচন অনুষ্ঠিত হবে। সেখানেও ইভিএম এবং সংশ্লিষ্ট সকলের ভূমিকা গাজীপুরের চেয়েও আরও সহায়ক হবে এমনটি এখন দেশবাসীর প্রত্যাশা। ",1,1,0,1,False
"আসন্ন দ্বাদশ জাতীয় সংসদ নির্বাচন নিয়ে অপপ্রচার রোধে ফেসবুকের সহায়তা নিতে চায় নির্বাচন কমিশন (ইসি)।  এজন্য মেটা ইনকরপোরেশনের সঙ্গে বৈঠকেও বসবে সংস্থাটি। ইসি কর্মকর্তারা জানিয়েছেন, আগামী বৃহস্পতিবার (৩ আগস্ট) প্রধান নির্বাচন কমিশনার (সিইসি) কাজী হাবিবুল আউয়ালের সঙ্গে মেটার একটি টিম বৈঠক করবে। বৈঠক করতে মেটার বাংলাদেশ বিষয়ক হেড অব পাবলিক পলিসি রুজান সারওয়ারের নেতৃত্বে তিন সদস্যের একটি প্রতিনিধি দল সিঙ্গাপুর থেকে আসবে বলে জানা গেছে। এ প্রতিনিধি দল আসন্ন দ্বাদশ জাতীয় সংসদ নির্বাচনে বিভিন্ন প্রচারমূলক কাজে সম্পৃক্ত হতে চায়। এক্ষেত্রে নির্বাচন কমিশনকে তারা কীভাবে সহায়তা দিতে চায় মূলত সেই বিষয়েই আলোচনা হবে বৈঠকে। এ বিষয়ে নির্বাচন কমিশনের (ইসি) অতিরিক্ত সচিব অশোক কুমার দেবনাথ জানান, ফেসবুকের প্রতিনিধি দল সাক্ষাতের সময় চেয়েছে। বৈঠকে জাতীয় নির্বাচনকে কেন্দ্র করে অপপ্রচার বন্ধ করার বিষয়ে আলোচনা হতে পারে।",1,1,0,1,False
"“আমরা অত্যন্ত সন্তুষ্ট। জনগণ ও ভোটাররা সন্তুষ্ট। প্রার্থীরা সন্তুষ্ট। আপনাদের প্রতিনিধিরা (সাংবাদিক) সন্তুষ্ট। গণমাধ্যমেই তারা এ প্রতিক্রিয়া দিয়েছেন।” “আমরা অত্যন্ত সন্তুষ্ট। জনগণ ও ভোটাররা সন্তুষ্ট। প্রার্থীরা সন্তুষ্ট। আপনাদের প্রতিনিধিরা (সাংবাদিক) সন্তুষ্ট। গণমাধ্যমেই তারা এ প্রতিক্রিয়া দিয়েছেন।” তিনি বললেন, “আমরা অত্যন্ত সন্তুষ্ট। জনগণ ও ভোটাররা সন্তুষ্ট। প্রার্থীরা সন্তুষ্ট। আপনাদের প্রতিনিধিরা (সাংবাদিক) সন্তুষ্ট। গণমাধ্যমেই তারা এ প্রতিক্রিয়া দিয়েছেন।” এদিন সকাল ৮টায় দেশের সবচেয়ে বড় এ সিটি করপোরেশনের ৪৮০টি কেন্দ্রে ইভিএমে ভোটগ্রহণ শুরু হয়। বড় কোনো গোলযোগ ছাড়াই শান্তিপূর্ণভাবে ভোট শেষ হয় বিকাল ৪টায়। জাতীয় নির্বাচনের আট মাস বাকি থাকতে গাজীপুরের এ ভোটের দিকে ছিল সবার নজর। শান্তিপূর্ণভাবে অবাধ, সুষ্ঠু ও নিরপেক্ষ ভোট করতে পারা নির্বাচন কমিশনের জন্যও চ্যালেঞ্জ ছিল। সিইসিসহ নির্বাচন কমিশনের সদস্যরা সকাল থেকেই ঢাকার নির্বাচন ভবনে নিয়ন্ত্রণ কক্ষে বসে সিসি ক্যামেরার মাধ্যমে ভোটের পরিস্থিতি সরাসরি পর্যবেক্ষণ করেন। পরে বিকাল সাড়ে ৫টায় প্রতিক্রিয়া জানাতে সাংবাদিকদের মুখোমুখি হন চার নির্বাচন কমিশনার। নির্বাচন কমিশনার আলমগীর বলেন, “গাজীপুরের ভোট মিডিয়াসহ সবাই দেখেছেন; সুষ্ঠু, অবাধ, নিরপেক্ষেভাবে ভোট হয়েছে। প্রার্থী সবাই সন্তুষ্ট, যেই ফলাফলই হোক, সবাই মেনে নেবে বলেছেন।”",1,1,0,1,False
"স্টাফ রিপোর্টার ॥ আজ রবিবার চতুর্থ ধাপে সারাদেশের ৮৪০টি ইউনিয়ন পরিষদ (ইউপি) নির্বাচন। সকাল ৮টা থেকে বিকেল ৪টা পর্যন্ত টানা ভোটগ্রহণ শেষে কেন্দ্রে কেন্দ্রে ফল ঘোষণা করা হবে। ৮৪০টির মধ্যে ৩৩ ইউপিতে ভোট হচ্ছে ইভিএমে। এ ছাড়া আজ ৩টি পৌরসভার নির্বাচনও ইভিএমে হচ্ছে। এদিকে, ইউপি নির্বাচনকে কেন্দ্র করে শনিবারও দেশের বিভিন্ন এলাকায় সহিংসতার ঘটনা ঘটেছে। তবে নির্বাচন শান্তিপূর্ণ করতে বিপুল সংখ্যক পুলিশ, র‌্যাবসহ আইনশৃংখলা বাহিনীর সদস্য মোতায়েন করা হয়েছে। আজ চতুর্থ ধাপের ভোটের দিন সাধারণ ছুটি সংক্রান্ত বিশেষ নির্দেশনা জারি করেছে নির্বাচন কমিশন। ইসির এ সংক্রান্ত একটি চিঠিতে জানানো হয়, আজ ভোটগ্রহণের দিন সাধারণ ছুটি নেই। তবে নির্বাচনী এলাকাধীন যেসব শিক্ষাপ্রতিষ্ঠান ও স্থাপনা ভোটকেন্দ্র হিসেবে ব্যবহার বা নির্বাচনী কার্যক্রমের জন্য নির্ধারণ রয়েছে, সেগুলো বন্ধ থাকছে। তাছাড়া সংশ্লিষ্ট নির্বাচনী এলাকাধীন স্বাস্থ্যসেবা ও শিক্ষাপ্রতিষ্ঠানসহ সব প্রতিষ্ঠানে কর্মরত ভোটারদের ভোটাধিকার প্রয়োগের ব্যবস্থা করার জন্য নির্বাচন কমিশন নির্দেশনা দিয়েছে। চতুর্থ ধাপে চেয়ারম্যান পদে ৩ হাজার ৮১৪ জন, সাধারণ সদস্য পদে ৩০ হাজার ১০৬ জন ও সংরক্ষিত নারী সদস্য পদে ৯ হাজার ৫১৩ জন প্রার্থী ভোটের লড়াইয়ে অংশ নিচ্ছেন। চেয়ারম্যান পদে এ ধাপে ১৬টি রাজনৈতিক দল প্রার্থী দিয়েছে। তবে স্বতন্ত্র প্রার্থীর সংখ্যাই বেশি। এর আগে ৩ ধাপে ভোটগ্রহণ শেষ করেছে ইসি। ",1,1,0,1,False
"সিলেকশন নয়, এবার সরাসরি ভোটের মাধ্যমে এফবিসিসিআই পরিচালক পদের নির্বাচন দাবি করছেন সংগঠনটির সাধারণ সদস্যরা। সংগঠনটির বর্তমান সভাপতি জসিম উদ্দিন নেতৃত্বাধীন এফবিসিসিআইয়ের বর্তমান পর্ষদের মেয়াদ শেষ হতে চলায় আগামী ৩১ জুলাই নতুন নির্বাচনের ভোট গ্রহণের তারিখ ঘোষণা করা হয়েছে। এই নির্বাচন ঘিরে সরব হয়ে উঠেছে এফবিসিসিআই। নির্বাচন ঘিরে সারা দেশের ছোট-বড় প্রায় সাড়ে চার কোটি ব্যবসায়ীর মধ্যে প্রাণের সঞ্চার হয়েছে। সরকারের সমর্থন থাকায় ইতোমধ্যে পরবর্তী সভাপতি হিসেবে মাহবুবুল আলমের প্রতি পুর্ণ সমর্থন জানিয়েছেন সাবেক সভাপতিরা। ওই হিসাবে চট্টগ্রামের শীর্ষ এই ব্যবসায়ী নেতাই আগামী দিনের জন্য এফবিসিসিআইয়ের সভাপতি হতে চলেছেন। জানা গেছে,  নির্বাচন না দিয়ে সমঝোতার ভিত্তিতে এবারও এফবিসিসিআইয়ের পরিচালনা পর্ষদ গঠনের প্রক্রিয়া শুরু করা হয়েছিল। অভিযোগ রয়েছে- এই প্রক্রিয়ায় দেশের শীর্ষ ও প্রকৃত ব্যবসায়ীরা বরাবরই উপেক্ষিত থাকেন। ফলে ব্যবসায়ীদের সমস্যা  ও সঙ্কট নিরসনে মূলত এই সংগঠনটির কার্যক্রম ক্রমেই দূর্বল হয়ে পড়ছে। শুধু তদবির ও লবিংয়ের জোরে এফবিসিসিআইয়ের পরিচালক পদ বাগিয়ে নিয়ে সিআইপি মর্যাদার সুযোগ নিচ্ছেন নামধারী কিছু ব্যবসায়ী নেতা। ফলে খাতভিত্তিক ব্যবসায়ীদের স্বার্থ বিঘ্নিত হচ্ছে। এই সঙ্কট উত্তরণে এবার সরাসরি ভোটের দাবি করছেন সংগঠনটির সাধারণ সদস্যরা। সংগঠনটির সাধারণ সদস্যরা বলছেন, সভাপতি পদে সরকার যাকে সমর্থন দিবেন তাঁকেই আমরা সর্বাত্বক সমর্থন ও সহযোগিতা করবো। কিন্তু পরিচালক পদে সরাসরি নির্বাচন হওয়া উচিত। অন্যথায় খাতভিত্তিক প্রকৃত ব্যবসায়ীরা সংগঠনটিতে আসতে পারবেন না। সম্প্রতি এফবিসিসিআই নির্বাচন নিয়ে সম্মিলিত ব্যবসায়ী পরিষদের উদ্যোগে মিলনমেলা অনুষ্ঠিত হয় ঢাকা লেডিস ক্লাবে। এতে প্রধান অতিথি ছিলেন এফবিসিসিআইয়ের সাবেক সভাপতি শেখ ফজলে ফাহিম।",1,1,0,1,False
"আলোচনায় অংশ নিয়ে দেশের বিশিষ্টজনরা সুষ্ঠু নির্বাচনের জন্য নির্বাচন আইনের কঠোর প্রয়োগ চান। সিইসি বলেন, জাতীয় সংসদ নির্বাচনকে কেন্দ্র করে নির্বাচন কমিশন কঠিন অবস্থার মধ্যে আছে। নির্বাচনটা ভালো করতে  ‘পলিটিক্যাল উইল’ থাকতে হবে। এটা আমাদের কাছ থেকে আসবে না। ‘পলিটিক্স’ থেকে আসতে হবে বা সরকার থেকে আসতে হবে। তিনি বলেন, এটা বিলেতের বা অস্ট্রেলিয়ার নির্বাচন হচ্ছে না। তাই অনেকগুলো সংকট নিরসন করতে হবে রাজনৈতিক নেতৃত্বকে। এ কথাটি আমরা বারবার বলেছি। অবশ্য এরমধ্যেও আমরা সুষ্ঠু নির্বাচন করা নিয়ে আশাবাদী। তিনি স্পষ্টভাবে বারবার সুষ্ঠু নির্বাচনের নিশ্চয়তা দিয়েছেন। এর আগে কোনো সরকার কখনো এমন প্রতিশ্রুতি দেয়নি। এজন্য আমি বলব- আস্থা রাখতে চাই। সিইসি বলেন, প্রধানমন্ত্রীসহ সরকারের তরফ থেকে জাতীয় সংসদ নির্বাচন সুষ্ঠু করার কথা বলায় আমরা অত্যন্ত আশ্বস্তবোধ করছি। আইনমন্ত্রী, তথ্যমন্ত্রী, যোগাযোগমন্ত্রীসহ বিভিন্ন মন্ত্রণালয়ের মন্ত্রীরা সুষ্ঠু নির্বাচনের কথা বলেছেন। তবে তা হতে হলে সবার আন্তরিক ‘পলিটিক্যাল উইল’ থাকতে হবে। সিইসি বলেন, যতটা প্রচার হয় নির্বাচন কমিশন এতটা ভীতু ও নৈতিকতা বিবর্জিত নয়। আর আরপিও সংশোধনীর কারণে নির্বাচন কমিশনের ক্ষমতা খর্ব করা হয়েছে বলে যা প্রচার করা হয় তা অপপ্রচার। তিনি বলেন, আমাদের দেশে মাস্তান ও পেশিশক্তি আছে। এর ফলে প্রিসাইডিং অফিসাররা অসহায় হয়ে পড়েন। আমরা নির্বাচন বাতিল করতে পারব। তবে যার জন্য নির্বাচন বাতিল হবে তিনি আর নির্বাচন করতে পারবেন না। সিইসি বলেন, কোনো একটা রাজনৈতিক দলকে জিতিয়ে দেওয়ার জন্য নির্বাচন কমিশন কাজ করবে না। তাই মিডিয়ায় ওই বক্তব্যগুলো প্রচার করা যাবে না, যে বক্তব্যগুলোতে নির্বাচন কমিশন খাটো হবে, সরকার খাটো হবে।",1,1,0,1,False
"মার্কিন যুক্তরাষ্ট্রের পররাষ্ট্র দপ্তরের মুখপাত্র ম্যাথু মিলার বলেছেন, আমি বলবো যে গণতান্ত্রিক নির্বাচনে এ ধরনের রাজনৈতিক সহিংসতার কোনো স্থান নেই। আমরা আশা করবো, বাংলাদেশ সরকার অবাধ ও সুষ্ঠু নির্বাচন অনুষ্ঠান করবে এবং আমরা তা নিবিড়ভাবে পর্যবেক্ষণ করবো। সোমবার (১৭ জুলাই) ওয়াশিংটনের হোয়াইট হাউসে নিয়মিত ব্রিফিংয়ে ঢাকা-১৭ আসনের উপ-নির্বাচনে স্বতন্ত্র প্রার্থী হিরো আলমের ওপর দুর্বৃত্তদের হামলা নিয়ে প্রশ্ন করা হলে তিনি এসব কথা বলেন। মার্কিন যুক্তরাষ্ট্র বলেছে, আমরা বাংলাদেশ সরকারকে সহিংসতার যেকোনো ঘটনা পুঙ্খানুপুঙ্খ, স্বচ্ছ ও নিরপেক্ষভাবে তদন্ত এবং সহিংসতার জন্য অপরাধীদের জবাবদিহিতার আওতায় আনার জন্য উৎসাহিত করি। ম্যাথু মিলার বলেন, ‘আমি আবারও শুধু বলবো যে ধরনের সহিংসতা আপনি উল্লেখ করেছেন গণতান্ত্রিক নির্বাচনে কোনো স্থান নেই।’ উপ-নির্বাচনের বেসরকারি ফলাফল অনুযায়ী, আওয়ামী লীগের প্রার্থী মোহাম্মদ আলী আরাফাত ২৮ হাজার ৮১৬ ভোট পেয়ে নির্বাচিত হয়েছেন। তাঁর নিকটতম প্রতিদ্বন্দ্বী হিরো আলম পেয়েছেন ৫ হাজার ৬০৯ ভোট। এই উপনির্বাচনে ভোট পড়ার হার ১১ দশমিক ৫১।",1,1,0,1,False
"নাটোর-৪ আসনের (বড়াইগ্রাম-গুরুদাসপুর) উপ-নির্বাচন আগামী ১১ অক্টোবর অনুষ্ঠিত হবে। এই আসনে ভোটগ্রহণ হবে ব্যালট পেপারে। ভোটকেন্দ্রে থাকবে না সিসি ক্যামেরা। বৃহস্পতিবার (৭ সেপ্টেম্বর) কমিশন সভা শেষে এ তথ্য জানান নির্বাচন কমিশন সচিব জাহাংগীর আলম। তিনি বলেন, মনোনয়নপত্র দাখিলের শেষ সময় ১৭ সেপ্টেম্বর, মনোনয়নপত্র বাছাই ১৮ সেপ্টেম্বর এবং ভোটগ্রহণ ১১ অক্টোবর। গত ৩০ আগস্ট সকাল সাড়ে ৭টার দিকে রাজধানীর ইউনাইটেড হাসপাতালে চিকিৎসাধীন অবস্থায় মারা যান নাটোর-৪ আসনের সংসদ সদস্য অধ্যাপক আব্দুল কুদ্দুস। তিনি নাটোর জেলা আওয়ামী লীগের সভাপতি ও বীর মুক্তিযোদ্ধা ছিলেন। রাজনৈতিক জীবনে মো. আব্দুল কুদ্দুস ১৯৯১, ১৯৯৬, ২০০৮, ২০১৩ ও ২০১৮ সালের জাতীয় নির্বাচনে বিজয়ী হয়েছিলেন। গত ৩ সেপ্টেম্বর সংসদ সচিবালয়ের সচিব কে এম আব্দুস সাত্তার স্বাক্ষরিত এক গেজেটে নাটোর-৪ আসন শূন্য ঘোষণা করা হয়। সংবিধান অনুযায়ী সংসদের কোনো আসন শূন্য হলে তার ৯০ দিনের মধ্যে নির্বাচন কমিশনকে নির্বাচন সম্পন্ন করার বাধ্যবাধকতা দেওয়া হয়েছে। ইতোমধ্যে শূন্য ঘোষণার গেজেট ইসিতেও পৌঁছেছে বলে জানা গেছে। গত ৩০ আগস্ট আসনটি শূন্য হওয়ায় পরবর্তী ৯০ দিন ধরলে এ আসনে উপ-নির্বাচন আগামী ২৭ নভেম্বরের মধ্যে সম্পন্ন করতে হবে।",1,1,0,1,False
"আগামী ২০২৪ সালের জানুয়ারি মাসের প্রথম সপ্তাহেই অনুষ্ঠিত হচ্ছে দ্বাদশ জাতীয় সংসদ নির্বাচন। ইতিহাস পর্যালোচনায় দেখা যায়, জাতীয় নির্বাচন অনুষ্ঠান বৃহস্পতিবার করার একটি রেওয়াজ রয়েছে। সে হিসেবে ৪ জানুয়ারি দ্বাদশ সংসদ নির্বাচন অনুষ্ঠিত হতে যাচ্ছে। নির্বাচন কমিশনার আনিছুর রহমান শনিবার জানিয়েছেন, জানুয়ারির প্রথম সপ্তাহে জাতীয় সংসদ নির্বাচন অনুষ্ঠিত হবে। তবে কোনো তারিখে হবে সেটা তিনি উল্লেখ করেননি। সে ক্ষেত্রে অতীতের সব জাতীয় নির্বাচন বৃহস্পতিবার হতে দেখা গেছে। নির্বাচন যদি এক সপ্তাহ পেছায়, তা হলে ১১ জানুয়ারি বৃহস্পতিবার হতে হবে। সে ক্ষেত্রে নির্দিষ্ট সময়ে সংসদ অধিবেশন বসার বাধ্যবাধকতা ঝুঁকি থেকে যায়। কারণ একাদশ জাতীয় সংসদ নির্বাচনের পর প্রথম সংসদ অধিবেশন বসেছিল ২০১৯ সালের ৩০ জানুয়ারি। নির্বাচন অনুষ্ঠানের পর সংসদ সদস্যদের শপথ, মন্ত্রীদের শপথ ও সরকার গঠন করার বেশকিছু আনুষ্ঠানিকতা থেকে যায়। ফলে নতুন বছরের ৪ জানুয়ারি দ্বাদশ সংসদ নির্বাচন অনুষ্ঠিত হতে যাচ্ছেÑ এ বিষয়ে সন্দেহের কোনো অবকাশ নেই। এর আগে গত বুধবার নির্বাচন কশিশনার (ইসি) আনিছুর রহমান বলেছিলেন, দ্বাদশ জাতীয় সংসদ নির্বাচনের তফসিল নভেম্বরে ঘোষণা করা হবে। নভেম্বরে ‘ইলেকশন ম্যানেজমেন্ট সিস্টেম’ নামে একটি অ্যাপ চালুর পরেই তফসিল ঘোষণা করা হবে। প্রধান নির্বাচন কমিশনার (সিইসি) কাজী হাবিবুল আউয়াল জানিয়েছিলেন, অক্টোবরের শেষ সপ্তাহে অথবা নভেম্বরের শুরুতে দ্বাদশ জাতীয় সংসদ নির্বাচনের তফসিল ঘোষণা করা হতে পারে। ৩০ জুলাই রাজধানীর আগারগাঁওয়ে ইসি সচিবালয়ে সাংবাদিকদের তিনি এ তথ্য জানান।",1,1,0,1,False
"(গতকালের সম্পাদকীয় পাতার পর) ২. বিএনপির তৃণমূলের নেতা-কর্মী ও ভোটাররা চিহ্নিত যুদ্ধাপরাধী জামায়াতকে বিএনপির নির্বাচনী প্রতীক ধানের শীষ দেয়া মেনে নিতে পারেননি। এই একটি কারণে বিএনপির বহু সমর্থক এবার ভোট দিতে যাননি। ৩. গত আট বছরে যুদ্ধাপরাধীদের চলমান বিচারের মাধ্যমে ’৭১-এর গণহত্যা, মানবতার বিরুদ্ধে অপরাধ ও যুদ্ধাপরাধের সঙ্গে জামায়াতের সম্পৃক্ততার যে সব প্রমাণ প্রকাশ্যে এসেছে তাতে জামায়াতের প্রতি সাধারণ মানুষের ঘৃণা অতীতের যে কোন সময়ের তুলনায় বেড়েছে। ৪. ২০১৪ সালে দশম জাতীয় সংসদের প্রাক্কালে উচ্চতর আদালত কর্তৃক জামায়াতের নিবন্ধন বাতিল হওয়ার কারণে জামায়াত নির্বাচনে অংশগ্রহণের অযোগ্য হয়ে পড়েছে। জামায়াত যেহেতু দল হিসেবে নির্বাচন করতে পারবে না- তারা বিএনপিকেও নির্বাচন করতে দেয়নি। সেবার জামায়াত-বিএনপি শুধু নির্বাচন বর্জনের ঘোষণাই দেয়নি, তাদের নিষেধাজ্ঞা অমান্য করে যারা নির্বাচনে অংশগ্রহণ করেছে তারা- বিশেষভাবে হিন্দু সম্প্রদায় ব্যাপক সাম্প্রদায়িক সন্ত্রাসের শিকার হয়েছে। এর ধারাবাহিকতায় ২০১৫ সালে জামায়াত-বিএনপির জোট যে নজিরবিহীন আগুন সন্ত্রাস সংঘটিত করেছে তাতে সাধারণ মানুষ এ দল দুটি সম্পর্কে আতঙ্কগ্রস্ত হয়ে পড়েছিল। এবার তাদের ভয় ছিল- নির্বাচনে জিতলে বিএনপি-জামায়াত ২০০১-এর চেয়ে বেশি সন্ত্রাস করবে। ৫. একাত্তরের ঘাতক দালাল নির্মূল কমিটি এবং সমমনা বিভিন্ন সামাজিক-সাংস্কৃতিক সংগঠন নির্বাচনের প্রাক্কালে জামায়াত-বিএনপির দুঃশাসন ও সন্ত্রাসের বিস্তারিত বিবরণ তুলে ধরে বহুমাত্রিক প্রচারাভিযান পরিচালনা করেছে। ",1,1,0,1,False
"শাহীন রহমান ॥ একাদশ জাতীয় সংসদ নির্বাচনের প্রাথমিক প্রস্তুতি হিসেবে রোডম্যাপ চূড়ান্ত করা হচ্ছে। ইসি সূত্রে জানা গেছে, নির্বাচনের আগেই এসব রোডম্যাপ বাস্তবায়ন করা হবে। রোডম্যাপে আগামী নির্বাচনের আগেই আইন-বিধি সংস্কারের উদ্যোগ নেয়া, ৩শ’ আসনের সীমানা পুনর্নির্ধারণ করা, আগামী নির্বাচনে ইভিএম ব্যবহার করা যায় কিনা তা পরীক্ষা-নীরক্ষা করে রাজনৈতিক দলগুলোর কাছে বিশ্বাসযোগ্যতা স্থাপন করা এবং আগামী নির্বাচন নিয়ে রাজনৈতিক দল, সুশীল সমাজের সঙ্গে আলোচনায় বসে করণীয় নির্ধারণের বিষয় রয়েছে। ইসি সূত্রে জানা গেছে, ইতোমধ্যে নির্বাচনী রোডম্যাপের খসড়া চূড়ান্ত করা হয়েছে। এসব রোডম্যাপ চূড়ান্ত করতে আজ রবিবার বৈঠকে বসছে নির্বাচন কমিশন। বৈঠকে আলোচনার পরই খসড়া এই রোডম্যাপ চূড়ান্ত করে সে অনুযায়ী অগ্রসর হবে। জানা গেছে, প্রাথমিকভাবে রোডম্যাপে ২৩টি এজেন্ডা নির্ধারণ করা হয়েছে। ইসি সচিব জানিয়েছেন, বৈঠকে এসব রোডম্যাপ চূড়ান্ত হওয়ার পরই এ বিষয়ে বিস্তারিত জানানো হবে। গত ১৫ ফেব্রুয়ারি আনুষ্ঠানিকভাবে দায়িত্ব গ্রহণ করেছে কেএম নুরুল হুদার নেতৃত্বাধীন নির্বাচন কমিশন। বর্তমান কমিশন দায়িত্ব নিয়ে দেশের বিভিন্ন এলাকায় কিছু নির্বাচন অনুষ্ঠিত হলেও এ ইসির অধীনে অনুষ্ঠিত হবে আগামী জাতীয় সংসদ নির্বাচন। জাতীয় সংসদ নির্বাচনের আগে ইসির সামনে ছয়টি সিটি কর্পোরেশন নির্বাচন রয়েছে। জানা গেছে, ইসির সামনে সিটি কর্পোরশেন ছাড়া আর কোন নির্বাচন না থাকায় আগামী জাতীয় সংসদ নির্বাচনকে অগ্রাধিকার দিয়ে অগ্রসর হচ্ছেন তারা। এজন্যই আগামী নির্বাচনের আগেই আইন-বিধি সংস্কার, নির্বাচনের আগেই ৩শ’ আসনের সীমানা পুনর্নির্ধারণ করে গেজেট প্রকাশ, নির্বাচন নিয়ে রাজনৈতিক দলগুলোর সঙ্গে আলোচনায় বসার মতো গুরুত্বপূর্ণ বিষয় অগ্রাধিকার ভিত্তিতে বিবেচনা করছেন তারা। পাশাপাশি ভোটার তালিকা হালনাগাদ করা, নতুন রাজনৈতিক দলের নিবন্ধন দেয়া, নির্বাচনের বাজেট প্রস্তুত করার বিষয়ও এই রোডম্যাপে অন্তর্ভুক্ত করা হয়েছে। ",1,1,0,1,False
"গণতান্ত্রিক শাসন ব্যবস্থায় ভোটাধিকার নাগরিকের মৌলিক অধিকার। এই অধিকার প্রয়োগ করেই জনগণ তাদের সমর্থন জানায় কাক্সিক্ষত আদর্শের প্রতি। গণতন্ত্রের এই শান্ত স্নিগ্ধ পথযাত্রায় কেউ জয়ী বা কেউ বিজিত। ২০০১ সালে নির্বাচন পরবর্তী বিএনপি-জামায়াত দল বা গোষ্ঠী যখন আদর্শিক কারণে অপশক্তির প্রশ্রয়ে ও আগ্রাসনে প্রতিরোধবিহীন তখন অসম্ভব ভীতিকর ঘটনা ঘটতেই পারে। ইতিহাসের এই জঘন্যতম বর্বরোচিত কালো অধ্যায়ের সূচনা হয়েছিল ২০০১ সালে ৮ম জাতীয় সংসদ নির্বাচনের পূর্বে ও পরবর্তীতে। প্রতিহিংসার রাজনীতিতে মানবতা লাঞ্ছিত। সাম্প্রদায়িক সম্প্রীতি ল-ভ-। মহান মুক্তিমুদ্ধের অবিনাশী চেতনাবিরোধী শক্তি সমগ্র বাংলাদেশে শুরু করে নারকীয় তা-ব। এদের দ্বারা সংঘঠিত হত্যা, ধর্ষণ, সম্পত্তি থেকে উচ্ছেদ, সম্পদ লুণ্ঠন, জোরপূর্বক চাঁদা আদায়, শারীরিক নির্যাতন ও অগ্নিসংযোগের ন্যায় অসংখ্য ঘটনায় মানবতা ছিল ক্রন্দনরত। বিজিত দল আওয়ামী লিগের নেতাকর্মী বিশেষ করে সংখ্যালঘু সম্প্রদায় এদের নির্মম, পাশবিক, হিংস্র ও জান্তব আক্রোশের শিকার। প্রতিটি সহিংস ঘটনা যেন মথিত হৃদয়ের বেদনার্ত সমগ্রতা নিয়ে জীবন্ত অসহায় চিৎকারে বলেছেÑ এই কি আমাদের জন্মভূমি? অপরাধীদের কোন জবাবদিহিতা ছিল না, নির্বিকার ছিল প্রশাসন। পক্ষান্তরে ২০০৮ সালে ৯ম জাতীয় সংসদ নির্বাচনে বঙ্গবন্ধু কন্যা দেশরতœ শেখ হাসিনার নেতৃত্বে আওয়ামী লীগ জয়ী হয়। বিজিত দল বিএনপি, জামায়াত। ২০০১ সালের ৮ম জাতীয় সংসদ নির্বাচন পরবর্তী রাজনীতিক ও সাম্প্রদায়িক সহিংসতার নির্মমতার অভিজ্ঞতায় ৯ম জাতীয় সংসদ নির্বাচন পরবর্তী সময়ে সহিংসতা সংঘটিত হওয়ার বিষয়টি অমূলক ছিল না। কিন্তু জাতি উৎকণ্ঠিত ও শঙ্কিত হলেও নির্বাচনে বিজয়ী প্রধান রাজনীতিক দলের শীর্ষ নেত্রী শেখ হাসিনার মহানুভবতা, সহনশীল আচরণ ও প্রতিশোধ বিবর্জিত মানসিকতার কারণে তাঁর নির্দেশের প্রতি সম্মান দেখিয়ে বিক্ষুব্ধ নেতা-কর্মীদের সংযত আচরণ ও পরস্পরের প্রতি সৌহার্দ্যপূর্ণ মনোভাব জাতি তৎসময়ে স্বস্তির সঙ্গে প্রত্যক্ষ করেছে। শেখ হাসিনার দূরদর্শিতা, আন্তরিকতা, প্রজ্ঞা ও সহনশীলতা গণতন্ত্রের ভবিষ্যতের জন্য অনুকরণীয়। নির্বাচন পরবর্তী এই সাম্প্রদায়িক ও রাজনৈতিক সহিংসতার উৎস কি? এ প্রসঙ্গে নির্দ্বিধায় বলা যায়, বঙ্গবন্ধুর নেতৃত্বে দীর্ঘ স্বাধীনতার সংগ্রাম ও মুক্তিযুদ্ধের অন্যতম অর্জন ’৭২’র সংবিধানের মূল চেতনাকে ধ্বংস করে সাম্প্রদায়িক চেতনাসমৃদ্ধ সংবিধানের প্রবর্তন। জাতির জনক বঙ্গবন্ধু শেখ মুজিবুর রহমানের নেতৃত্বে দীর্ঘ স্বাধীনতার সংগ্রাম ও মহান মুক্তিযুদ্ধের মাধ্যমে স্বাধীন বাংলাদেশের অভ্যুদয়ের পরে বাঙালী জাতীয়তাবাদ, গণতন্ত্র, সমাজতন্ত্র ও ধর্মনিরপেক্ষতাকে মূলনীতি হিসেবে ভিত্তি করে ১৯৭২ সালের সংবিধান রচিত হওয়ায় এবং ধর্মনিরপেক্ষতা মৌলিক চার নীতির অন্যতম নীতি হওয়ায় বাংলাদেশে চমৎকার এক উজ্জ্বল অসাম্প্রদায়িক ইতিহাসের সূচনা হয়। বস্তুত এটা ছিল ধর্মনিরপেক্ষ শক্তির জন্য বড় অর্জন, বিশেষ করে সংখ্যালঘুদের মৌলিক অধিকার প্রতিষ্ঠার ক্ষেত্রে যা ছিল অনন্য। একটি রাষ্ট্র কতটুকু সভ্য, আধুনিক এবং জনগণের অধিকার ও মর্যাদার প্রতি কতটা দায়বদ্ধ, তার পরিচয় পাওয়া যায় সে দেশের সংবিধানে।",1,1,0,1,False
"বিশেষ প্রতিনিধি ॥ একাদশ জাতীয় সংসদ নির্বাচনের আজ তৃতীয় বর্ষপূর্তি দিবস। ২০১৮ সালের ৩০ ডিসেম্বর সকল ষড়যন্ত্র-প্রতিক‚লতা ভেদ করে অনুষ্ঠিত হয় একাদশ জাতীয় সংসদ নির্বাচন। অতীতের তুলনায় রেকর্ড সংখ্যক অর্থাৎ নির্বাচন কমিশনে নিবন্ধিত প্রায় সকল দলই নির্বাচনে অংশগ্রহণ করে। ওই নির্বাচনে টানা তৃতীয় মেয়াদে বর্তমান প্রধানমন্ত্রী শেখ হাসিনার নেতৃত্বাধীন বাংলাদেশ আওয়ামী লীগ নিরঙ্কুশভাবে বিজয়ী হয়। তিন শ’ আসনের মধ্যে আওয়ামী লীগ এককভাবেই দুই তৃতীয়াংশ সংখ্যাগরিষ্ঠতা অর্জন করে অর্থাৎ আওয়ামী লীগ ২৫৭টি আসনে বিজয়ী হয়। নির্বাচনে বাংলাদেশের বড় দুটি দল বাংলাদেশ আওয়ামী লীগ ও বাংলাদেশ জাতীয়তাবাদী দলের (বিএনপি) নেতৃত্বে মহাজোট ও জাতীয় ঐক্যফ্রন্ট জোটসহ নিবন্ধিত সর্বমোট ৩৯টি রাজনৈতিক দল অংশগ্রহণ করে। ১ হাজার ৮৪৮ জন প্রার্থী নির্বাচনে প্রতিদ্ব›িদ্বতা করেন, যার মধ্যে ১২৮ জন ছিলেন স্বতন্ত্র। ৩০ ডিসেম্বর অনুষ্ঠিত নির্বাচনে আওয়ামী লীগসহ মহাজোট ২৮১টি আসনে বিজয়ী হয়। জনগণ কর্তৃক নির্বাচনে ফের প্রত্যাখ্যাত হয় বিএনপির নেতৃত্বাধীন ঐক্যফ্রন্ট। বিএনপির ৫ জনসহ ঐক্যফ্রন্ট মাত্র ৮টি আসনে বিজয়ী হয়।",1,1,0,1,False
"আগামীকাল ৩০ জানুয়ারি বসছে একাদশ জাতীয় সংসদের প্রথম অধিবেশন। অধিবেশনের শুরুতেই স্পিকার ও ডেপুটি স্পিকার নির্বাচন করা হবে। প্রথম দিনের কার্যসূচি ও সার্বিক প্রস্তুতি নিয়ে এখন ব্যস্ত সংসদ সচিবালয়। প্রস্তুত করা হচ্ছে সংসদ কক্ষ। ৩০ ডিসেম্বর একাদশ জাতীয় সংসদ নির্বাচনের পর ৩ জানুয়ারি নতুন সংসদের এমপিদের শপথ আর ৭ জানুয়ারি প্রধানমন্ত্রী শেখ হাসিনার নেতৃত্বে ৪৭ সদস্যের মন্ত্রিসভা শপথ গ্রহণ করে। ফলে এখন একাদশ সংসদের আনুষ্ঠানিক যাত্রায় অপেক্ষা শুধু আগের সংসদের মেয়াদ পূর্তির। সংসদ সচিবালয়ের কর্মকর্তারা জানান, রেওয়াজ অনুযায়ী দিনের শুরুতেই বিদায়ী স্পিকার স্বাগত ভাষন দেবেন। এরপর নব নির্বাচিত সংসদ সদস্যরা একাদশ জাতীয় সংসদের স্পিকার ও ডেপুটি স্পিকার নির্বাচন করবেন। ওই দিনই সংসদ ভবনে রাষ্ট্রপতি তাদের শপথ বাক্য পাঠ করাবেন। এরপর নতুন স্পিকারের সভাপতিত্বে অধিবেশন শুরু হবে। নতুন স্পিকার ও ডেপুটি স্পিকারকে সংসদের পক্ষ থেকে অভিনন্দন জানানোর পর সভাপতিমণ্ডলী মনোনয়ন দেবেন স্পিকার। আওয়ামী লীগের সাবেক সাধারণ সম্পাদক ও জনপ্রশাসনমন্ত্রী সৈয়দ আশরাফুল ইসলামসহ সাবেক সংসদ সদস্য ও বিশিষ্ট নাগরিকদের মৃত্যুতে সংসদে শোক প্রস্তাব উত্থাপন করা হবে। রেওয়াজ অনুযায়ী কিছু সময়ের জন্য বিরতি থাকবে অধিবেশনে। দশম সংসদের সব শেষ অধিবেশন থেকে ২৯ জানুয়ারি পর্যন্ত সময়ে জারি করা রাষ্ট্রপতির অধ্যাদেশসমূহ বিল আকারে সংসদে উত্থাপন করা হবে। এরপর গঠন করা হবে কার্য উপদেষ্টা কমিটি। এই কমিটি ৩১ জানুয়ারি চলতি অধিবেশনের মেয়াদ ও কার্যসূচি চূড়ান্ত করবেন। পরে একাদশ সংসদের প্রথম অধিবেশনে রাষ্ট্রপতির ভাষণে মধ্য দিয়ে শেষ হবে প্রথম কার্যদিবস।",1,1,0,1,False
"দ্বাদশ জাতীয় সংসদ নির্বাচনকে সামনে রেখে রংপুর-৪ আসনে শুরু হয়েছে নির্বাচনী তৎপরতা । জাতীয় পার্টি, বিএনপি ও আওয়ামী লীগের প্রার্থীরা ইতোমধ্যে দল গোছানো ও নির্বাচনী মতবিনিময় শুরু করেছেন। তবে বিএনপির সম্ভাব্য কোনো প্রার্থী এখনো সেভাবে মাঠে নামেননি। নির্দলীয় সরকারের অধীনে নির্বাচন করবে কিনা বা তা না হলে দলীয় সরকারের অধীনে বিএনপি নির্বাচনে যাবে কিনা এমন দ্বিধাদ্বন্দ্বে দিন কাটছে বিএনপির সম্ভাব্য প্রার্থীদের। ফলে মাঠে নেই তাদের তেমন কোনো কর্মকাণ্ড। এবারে বর্তমান সংসদ সদস্য বাণিজ্যমন্ত্রী টিপু মুন্সী ছাড়াও আওয়ামী লীগের আরও কয়েকজন মনোনয়ন প্রত্যাশী লবিং করছেন বলে শোনা যাচ্ছে। এ আসন থেকে দলীয় মনোনয়ন চাইবেন আওয়ামী লীগ নেতা এবং রংপুর জজ কোর্টের নারী ও শিশু নির্যাতন দমন ট্রাইব্যুনাল-১ এর পাবলিক প্রসিকিউটর (পিপি) খন্দকার মো. রফিক হাছনাইন। ২০১৮ সালে এমপি মনোনয়ন প্রত্যাশী ছিলেন। এবারও দলীয় টিকেট চাইবেন তিনি। দল চাইলে কাউনিয়া উপজেলা আওয়ামী লীগের সভাপতি ও কাউনিয়া উপজেলা চেয়ারম্যান শিল্পপতি আনোয়ারুল ইসলাম মায়া আওয়ামী লীগের প্রার্থী হবেন বলে তিনি জানিয়েছেন। নির্বাচনী মাঠে দৌড়ঝাঁপ শুরু করেছেন পীরগাছা উপজেলা জাতীয় পার্টির সভাপতি ও উপজেলা চেয়ারম্যান আবু নাসের শাহ মো. মাহবুবার রহমান। একাদশ জাতীয় সংসদ নির্বাচনে জাতীয় পার্টির পরাজিত প্রার্থী জাপা কেন্দ্রীয় কমিটির যুগ্ম আহবায়ক শিল্পপতি মোস্তফা সেলিম বেঙ্গল জাপার মনোনয়ন পাবেন বলে তিনি আশা করছেন।",1,1,0,1,False
"শংকর কুমার দে ॥ একাদশ জাতীয় সংসদ নির্বাচনের পুলিশ, র‌্যাব, বিজিবি, আনসার-ভিডিপি, কোস্টগার্ড, এপিবিএনসহ আইনশৃঙ্খলা বাহিনীর সদস্য মোতায়েন করা হবে ৭ লাখ ২০ হাজার। জাতীয় সংসদের ৩শ’ জাতীয় সংসদ নির্বাচনী এলাকার ৪০ হাজার ভোট কেন্দ্রে ও ভোট কেন্দ্রের ভেতরে-বাইরে সব মিলিয়ে আইনশৃঙ্খলা বাহিনীর সদস্যদের মোতায়েন করার পরিকল্পনা করা হয়েছে। এজন্য নির্বাচনী বাজেট ধরা হয়েছে প্রায় ৬শ’ ৭৫ কোটি। এর মধ্যে আইনশৃঙ্খলা বাহিনীর সদস্যদের পেছনেই ব্যয় হবে প্রায় তিনগুণ যার অর্থ দাঁড়ায় প্রায় ৪শ’ কোটি টাকা। একাদশ সংসদ নির্বাচনে ১০ কোটি ৪৩ লাখেরও বেশি ভোটার যাতে সুষ্ঠু, শান্তিপূর্ণ ও অবাধে ভোট প্রয়োগ করতে পারেন সেজন্য নির্বাচনী নিরাপত্তার এই কঠোর ব্যবস্থা গ্রহণের উদ্যোগ নেয়া হয়েছে। নির্র্বাচনের তফসিল ঘোষণার পর পরই আইনশৃঙ্খলা বাহিনীর সদস্যরা নির্বাচন কমিশনের অধীনে চলে যাবে। নির্বাচন কমিশনকে নির্বাচনের সার্বিক আইনশৃঙ্খলা পরিস্থিতির নিয়ন্ত্রণ ও নিরাপত্তায় পরিকল্পনা করা হয়েছে। স্বরাষ্ট্র মন্ত্রণালয় ও পুলিশ সদর দফতর সূত্রে জানা গেছে। স্বরাষ্ট্র মন্ত্রণালয়ের একজন কর্মকর্তা বলেছেন, চলতি সপ্তাহের মধ্যেই একাদশ জাতীয় সংসদ নির্বাচনের তফসিল ঘোষণা করতে পারে নির্বাচন কমিশন। নির্বাচন কমিশনের তফসিল ঘোষণার পর পরই আইনশৃঙ্খলা বাহিনীর সদস্যরা চলে যাবে নির্বাচন কমিশনের অধীনে। নির্বাচন কমিশনের চাহিদা অনুযায়ী স্বরাষ্ট্র মন্ত্রণালয় ও পুলিশ সদর দফতর পরিকল্পনা গ্রহণ করেছে। ইচ্ছা করলে এই পরিকল্পনার কাট ছাট করে সংযোজন করবে নির্বাচন কমিশন। প্রতি ভোট কেন্দ্রে ১৫-১৮ জন নিরাপত্তা সদস্য নিয়োজিত থাকবে।",1,1,0,1,False
"ভোটের বছরে একাদশ সংসদ নির্বাচনের জন্য ৬৭৫ কোটি টাকা বরাদ্দ পাচ্ছে নির্বাচন কমিশন; সেই সঙ্গে নতুন অর্থবছরে স্থানীয় সরকারের নির্বাচনের জন্য পাচ্ছে ৬০৩ কোটি টাকা। সব মিলিয়ে ভোটের জন্য ১২৭৮ কোটি টাকা বরাদ্দ করতে নির্বাচন কমিশনের প্রস্তাবে সম্মতি দিয়েছে অর্থমন্ত্রণালয়। ইসির অতিরিক্ত সচিব মোখুলেসুর রহমান বলেন, “ভোটের জন্য আমরা ১২ শ’ কোটি টাকার বেশি চেয়েছিলাম। আমরা যা চেয়েছি তা পেয়েছি। তেমন কাটছাঁট হয়নি।” ইসি কর্মকর্তারা জানান, নির্বাচনের জন্যে প্রস্তাবিত বরাদ্দের মধ্যে সংসদ নির্বাচনের জন্য ৬৭৫ কোটি টাকা; উপজেলা পরিষদের জন্য ৫৭৫ কোটি টাকা; পৌরসভার জন্য ৫ কোটি ২৫ লাখ টাকা, ইউনিয়ন পরিষদ নির্বাচনের জন্য ১১ কোটি টাকা এবং কিছু সিটি করপোরেশনের ভোটের জন্য বাকি বরাদ্দ রাখা হয়েছে। সর্বশেষ দশম সংসদ নির্বাচন সামনে রেখে ২০১৩-২০১৪ অর্থবছরে ইসির জন্য ১ হাজার ৬৪৯ কোটি টাকা বরাদ্দ রাখা হয়। তাতে জাতীয় নির্বাচনের জন্য ৫০০ কোটি টাকা ও উপজেলা পরিষদের জন্য সম পরিমাণ অর্থ বরাদ্দ ছিল। ওই নির্বাচনে ১৪৭ আসনে ভোট হয়, ১৫৩ আসনে বিনা প্রতিদ্বন্দ্বিতায় নির্বাচিত হন একক প্রার্থীরা। অর্ধেক এলাকায় ভোট করতে হওয়ায় বরাদ্দের তুলনায় খরচ অনেক কমে আসে। শেষ পর্যন্ত দশম সংসদ নির্বাচন আয়োজনে ব্যয় হয় প্রায় ২৬৫ কোটি টাকা, যার ১৮৩ কোটি টাকাই আইন শৃঙ্খলা খাতে যায়। বর্তমান ইসির অধীনে ২০১৮ সালের ৩০ অক্টোবর থেকে ২০১৯ এর ২৮ জানুয়ারির মধ্যে একাদশ জাতীয় সংসদ নির্বাচন হবে। সরকারের মেয়াদের শেষ বছরের বাজেট অধিবেশন শুরু হচ্ছে মঙ্গলবার। অর্থমন্ত্রী আবুল মাল আবদুল মুহিত বৃহস্পতিবার আসন্ন ২০১৮-১৯ অর্থবছরের বাজেট প্রস্তাব উপস্থাপন করবেন। এবার ভোটের বছরে বাজেটের আকার চার লাখ ৬০ হাজার কোটি টাকার মত হতে পারে বলে আগেই জানিয়ে রেখেছেন অর্থমন্ত্রী।",1,1,0,1,False
"সিটি নির্বাচনের পর এবার বইছে একাদশ জাতীয় নির্বাচনের হাওয়া। নির্বাচন কমিশনের মনোযোগ এখন একাদশ জাতীয় নির্বাচন ঘিরে। নির্বাচন নিয়ে পুরো প্রস্তুতি রয়েছে ইসির। রাজনৈতিক অঙ্গনেও মূল আলোচনার বিষয় জাতীয় নির্বাচন। সময় যত এগিয়ে আসছে নির্বাচনী উত্তাপ ততই বৃদ্ধি পাচ্ছে। ভেতরে ভেতরে সব দলের মধ্যে নির্বাচনী প্রস্তুতি শুরু হয়েছে। সম্ভাব্য প্রার্থীরা মাঠে নেমে পড়েছেন। বিএনপি আগামী নির্বাচনে অংশ নেয়ার বিষয়ে পরিষ্কার কিছু না বললেও তৃণমূলে দলের নেতাকর্মীরাও নির্বাচনী মাঠে নেমে পড়েছে। নির্বাচন ঘিরে বিভিন্ন দলের প্রার্থী মনোনয়ন, প্রার্থী বাছাই ও তৃণমূলের গণসংযোগও ইতোমধ্যে শুরু হয়েছে। আগামী ৩০ অক্টোবর থেকেই একাদশ জাতীয় নির্বাচনের কাউন্টডাউন শুরু হয়েছে। সংবিধান অনুযায়ী সংসদের মেয়াদ শেষ হওয়ার পূর্ববর্তী ৯০ দিনের মধ্যে সংসদ নির্বাচন করতে হবে। বর্তমান সংসদের যাত্রা শুরু হয়েছিল ২০১৪ সালের ২৯ জানুয়ারি। সেই হিসেবে দিন গণনা শুরু হবে ৩০ অক্টোবর থেকে। নির্বাচন কমিশনের কর্মকর্তারা জানিয়েছেন কমিশনের সব কর্মকান্ড এখন জাতীয় নির্বাচন ঘিরে। সামনে আর কোন বড় নির্বাচন না থাকায় জাতীয় নির্বাচনের দিকেই ইসির একমাত্র মনোনিবেশ। তারা জানায় জাতীয় নির্বাচনের প্রাথমিক প্রস্তুতি সেপ্টেম্বরের মধ্যে শেষ করতে চায় ইসি। এরপর তফসিল ঘোষণা থেকে শুরু করে নির্বাচন পরিচালনা সংক্রান্ত বিষয় কমিশনের বৈঠকের সিদ্ধান্ত অনুযায়ী শেষ করবে তারা। কমিশন সচিব হেলালুদ্দিন আহমদ সাংবাদিকদের জানিয়েছেন ইতোমধ্যে প্রস্তুতির ৮০ ভাগ কাজ সম্পন্ন হয়েছে। বাকি কাজ কমিশনের সভার সিদ্ধান্ত অনুযায়ী বাস্তবায়ন করা হবে। ইসির রোডম্যাপ অনুযায়ী সংসদীয় ৩শ’ আসনের সীমানা গেজেট প্রকাশ করা হয়েছে। চূড়ান্ত করা হয়েছে ভোটার তালিকাও। তারা জানিয়েছেন, এ বছর নতুন করে ভোটার তালিকা হালনাগাদ করা হচ্ছে না। বিদ্যমান ভোটার তালিকা দিয়েই একাদশ জাতীয় নির্বাচন পরিচালনা করা হবে। এছাড়াও সারাদেশে ভোট কেন্দ্রের চূড়ান্ত তালিকাও ইতোমধ্যে প্রকাশ করা হয়েছে। নির্বাচনের জন্য ৪০ হাজার ভোট কেন্দ্রে চূড়ান্ত করেছে। একাদশ জাতীয় নির্বাচনে ভোট দেবেন প্রায় ১০ কোটি ৪২ লাখ ভোটার। ",1,1,0,1,False
"একাদশ জাতীয় সংসদ নির্বাচনের আগে বর্তমান সরকারের সঙ্গে সমঝোতা চায় বিএনপি। সকল দলের অংশগ্রহণে নির্বাচনের পরিবেশ বজায় রাখা, দলের নেতাকর্মীদের রাজনৈতিক মামলা থেকে রেহাইসহ বিভিন্ন বিষয়ে সমঝোতা করে ঘুরে দাঁড়াতে চায় দলটি। এজন্য সরকারকে পুরো পাঁচ বছর মেয়াদপূর্তি ও কঠোর আন্দোলনে না যাওয়াসহ বিভিন্ন শর্ত মানতে রাজি বিএনপি হাইকমান্ড। সূত্রমতে, সরকারের সঙ্গে সমঝোতার কৌশল হিসেবেই বিএনপি এখন রাজপথের আন্দোলনের দিকে না গিয়ে সংলাপের বিষয়টিকে প্রাধান্য দিচ্ছে। একদিকে ভেতরে ভেতরে সরকারের সঙ্গে সমঝোতার চেষ্টা এবং অন্যদিকে কূটনীতিকদের মাধ্যমে একটি গ্রহণযোগ্য নির্বাচনের পরিবেশ সৃষ্টির জন্য সরকারের ওপর নানামুখী চাপ প্রয়োগ করার চেষ্টা করছে। রাজনৈতিক বিশ্লেষকদের মতে, গণপ্রতিনিধিত্ব আদেশ (আরপিও) অনুসারে নির্বাচন কমিশনের দেয়া নিবন্ধন টিকিয়ে রাখতে হলে পরপর দুবার নির্বাচন বর্জন করা যাবে না। তাই আওয়ামী লীগ সরকারের অধীন হোক আর যে সরকারের অধীনেই হোক বিএনপিকে একাদশ জাতীয় সংসদ নির্বাচনে অংশ নিতেই হবে। আর এজন্যই বর্তমান সরকারের সঙ্গে সমঝোতা করে একটি সুষ্ঠু নির্বাচনের পরিবেশের নিশ্চয়তা চায় বিএনপি। উল্লেখ্য, সরকারের সঙ্গে সমঝোতার কথা মাথায় রেখেই বিএনপি চেয়ারপার্সন খালেদা জিয়া ১৮ নবেম্বর সংবাদ সম্মেলন করে নিরপেক্ষ নির্বাচন কমিশন গঠন ও পরবর্তী জাতীয় সংসদ নির্বাচন সুষ্ঠু করার বিষয়ে ১৩ দফা প্রস্তাব পেশ করেন। সেই সঙ্গে তিনি এ বিষয়ে সকল রাজনৈতিক দলের মধ্যে সমঝোতারও ইঙ্গিত দেন। পরে ১৮ ডিসেম্বর রাষ্ট্রপতির সঙ্গে সংলাপকালেও তিনি নিরপেক্ষ নির্বাচন কমিশন গঠন ও সুষ্ঠু নির্বাচনের বিষয়টি গুরুত্ব দেন এবং এ বিষয়ে রাষ্ট্রপতির সহযোগিতা কামনা করেন। ",1,1,0,1,False
"একাদশ জাতীয় সংসদের প্রথম অধিবেশন শুরু হবে আগামী ৩০ জানুয়ারি বুধবার। ওই দিন বিকেল ৩টায় যাত্রা শুরু করবে নতুন এই সংসদ। সংসদের প্রথম ও বছরের শুরুর অধিবেশন হওয়ায় সংবিধান অনুযায়ী ওই দিন প্রথম অধিবেশনে ভাষণ দেবেন রাষ্ট্রপতি মোঃ আবদুল হামিদ। আগামী ২৮ জানুয়ারি শেষ হচ্ছে দশম জাতীয় সংসদের মেয়াদ। বুধবার বিকেলে রাষ্ট্রপতি মোঃ আবদুল হামিদ শীতকালীন এ অধিবেশন আহ্বান করেন। সংসদ সচিবালয়ের গণসংযোগ শাখা থেকে প্রেস বিজ্ঞপ্তির মাধ্যমে জানানো হয়, রাষ্ট্রপতি গণপ্রজাতন্ত্রী বাংলাদেশের সংবিধানের ৭২ অনুচ্ছেদের (১) দফায় প্রদত্ত ক্ষমতাবলে এ অধিবেশন আহ্বান করেছেন। শুরুর দিন ৩০ জানুয়ারি রাষ্ট্রপতি তাঁর ভাষণে সরকারের বিভিন্ন উন্নয়নমূলক কর্মকা- জাতির সামনে তুলে ধরবেন। পরে রাষ্ট্রপতির ভাষণের ওপর ধন্যবাদ প্রস্তাব জানাতে সাধারণ আলোচনা হয়। আবার চলমান সংসদের কোন এমপি মারা গেলে অধিবেশন শুরুর পর মুলতবি করা হয়। একাদশ জাতীয় সংসদ নির্বাচনে জয়ী হলেও শপথ নিতে পারেননি আওয়ামী লীগের সাবেক সাধারণ সম্পাদক ও জনপ্রশাসনমন্ত্রী সৈয়দ আশরাফুল ইসলাম। তাই অধিবেশন শুরুর পর সৈয়দ আশরাফের স্মৃতির প্রতি শ্রদ্ধা জানাতে আলোচনার পর সংসদের বৈঠক কিছুক্ষণের জন্য মুলতবি করা হবে। এরপর অধিবেশনে ভাষণ দেবেন রাষ্ট্রপতি মোঃ আবদুল হামিদ। সংবিধানের ৭৪ অনুচ্ছেদ অনুযায়ী নতুন সংসদের প্রথম অধিবেশনেই আগামী পাঁচ বছরের জন্য জাতীয় সংসদের স্পীকার ও ডেপুটি স্পীকার নির্বাচন করতে হয়। এজন্য কমপক্ষে এক ঘণ্টা আগে নোটিস দিতে হয়। একজন প্রস্তাবক, একজন সমর্থক ও প্রার্থীর সম্মতি লাগে। নানা সূত্রেই জানা গেছে, জাতীয় সংসদের বর্তমান স্পীকার ড. শিরীন শারমিন চৌধুরী আগামী পাঁচ বছরের জন্য স্বপদে বহাল থাকছেন। বর্তমান স্পীকারকে আবারও একই পদে রাখার বিষয়ে রংপুরের পীরগঞ্জের জনসভায় ইঙ্গিত দিয়েছিলেন প্রধানমন্ত্রী শেখ হাসিনা। তবে ডেপুটি স্পীকার কে হবেন, সে বিষয়ে এখনও ক্ষমতাসীনদের কাছ থেকে কোন ইঙ্গিত পাওয়া যায়নি। ",1,1,0,1,False
"জাতীয় সংসদ নির্বাচনের রোডম্যাপ প্রকাশ করেছে নির্বাচন কমিশন (ইসি)। রোববার বেলা সাড়ে ১১টায় আগারগাঁওয়ে ইটিআই অডিটোরিয়ামে সংবাদ সম্মেলনে এ নির্বাচনী রোডম্যাপ প্রকাশ করা হয়। সাতটি কর্ম পরিকল্পনা সামনে রেখে বই আকারে এই রোডম্যাপ প্রকাশ করেছে ইসি। সংবাদ সম্মেলনে প্রধান নির্বাচন কমিশনার কে এম নুরুল হুদা বলেন, ‘এটি সূচনা দলিল। নির্বাচনের পথে কাজের জন্য এ কর্ম পরিকল্পনাই সব নয়। সংযোজন-পরিমার্জন করে সবার মতামত নিয়ে আমরা কাজ করব। সুষ্ঠু, নিরপেক্ষ ও গ্রহণযোগ্য নির্বাচনের প্রত্যয় নিয়ে কমিশন কাজ করে যাচ্ছে।’ সংলাপে রাজনৈতিক দলসহ সব ধরনের অংশীজনের সুপারিশের পাশাপাশি সবার সহযোগিতা চান সিইসি। কর্মপরিকল্পনা তুলে ধরা হলেও তফসিল ঘোষণার পর থেকে সুষ্ঠু নির্বাচনের জন্য ইসির অধীনে প্রশাসনিকসহ সব ধরনের কাজের তদারকি শুরু হবে বলে জানান কে এম নূরুল হুদা। সাংবাদিকদের প্রশ্নের জবাবে সিইসি বলেন, ‘তফসিল ঘোষণার পরবর্তী ৯০ দিন নির্বাচনী আইন-বিধি অনুযায়ী আমরা কাজ করব। এ মুহূর্তে সরকার কীভাবে পরিচালনা হবে ও রাজনৈতিক কর্ম পরিবেশ কেমন হবে, সে বিষয়গুলো আমাদের এখতিয়ারে নয়।’ সরকারের কার্যক্রমে এখনই কমিশন হস্তক্ষেপ করবে না বলে উল্লেখ করেন তিনি। এক প্রশ্নের জবাবে কে এম নূরুল হুদা বলেন, ‘আগামী নির্বাচন শুধু সরকার কেন, রাজনৈতিক দল অথবা যে কোনো দেশি-বিদেশি সংস্থার প্রভাবমুক্ত করতে পারব আমরা।’ তিনি জানান, তফসিল ঘোষণা পর্যন্ত সাত অনুষঙ্গ ধরে কর্ম পরিকল্পনা নিয়ে কাজগুলো এগোনো হবে। তফসিল ঘোষণার পর ইসির কাজে কোনো কোনো ধরনের প্রতিবন্ধকতা এলে আইনানুগ ব্যবস্থা নেওয়া হবে।’ সংবাদ সম্মেলনে নির্বাচনী রোডম্যাপের প্রসঙ্গের বাইরে সম্প্রতি রাজেনৈতিক নেতার বাসায় ‘সামাজিক অনুষ্ঠানে’ পুলিশের বাধা দেওয়ার বিষয়টি উঠে আসে। এ ধরনের ‘রাজনৈতিক তৎপরতায়’ বাধা দেওয়ার বিষয়ে ইসির কোনো পদক্ষেপ থাকবে কি না জানতে চাইলে তিনি বলেন, ‘এটা সরকারের বিষয়। আমরা তফসিল ঘোষণার পর নির্বাচনী পরিবেশ বজায় রাখায় যথাযথ ব্যবস্থা নেব। এখন সরকারের কাছে কোনো অনুরোধ থাকবে না। ",1,1,0,1,False
"জাতীয় সংসদ নির্বাচনে নোয়াখালীর ফল আগাম অনুমান করা কঠিন। অতীতে জেলার প্রায় সব আসনে বিএনপির অবস্থান ছিল শক্তিশালী। বিগত দুটি সংসদ নির্বাচনের ধারাবাহিকতায় আওয়ামী লীগের অবস্থান আগের তুলনায় অনেক এগিয়েছে। তৃণমূল পর্যায়ে এবং সরেজমিনে খোঁজ নিয়ে জানা গেছে, জেলার ছয়টি আসনের মধ্যে তিনটিতে আওয়ামী লীগের বর্তমান অবস্থান মজবুত। অপর তিনটি আসনে হবে হাডাহাড্ডি লড়াই। সর্বশেষ দশম সংসদ নির্বাচনে বিএনপি অংশগ্রহণ না করায় ছয়টি আসনেই জয়লাভ করে ক্ষমতাসীন আওয়ামী লীগ। নবম সংসদ নির্বাচনে তিনটিতে বিএনপি, দুটিতে আওয়ামী লীগ ও একটিতে স্বতন্ত্র প্রার্থী জয়লাভ করে। একাদশ সংসদ নির্বাচনে আওয়ামী লীগ তথা ১৪ দলীয় মহাজোট এবং বিএনপি তথা নবগঠিত জাতীয় ঐক্যফ্রন্টের ব্যানারে অংশগ্রহণ করলে ফল হবে মিশ্র। জেলার ছয়টি আসন ধরে রাখতে আওয়ামী লীগ দারুণ সক্রিয়। বিএনপি চায় হারানো আসন পুনরুদ্ধার করতে। জেলার ছয়টি আসনে প্রার্থী হতে নেতারা দীর্ঘদিন থেকে মাঠে নেমে পড়েছেন। এক সময়ের বিএনপির দুর্গ হিসেবে পরিচিত নোয়াখালীর আসনগুলোতে এবারও জয়ী হওয়ার জোর চেষ্টা চালাচ্ছে আওয়ামী লীগ। জেলার ছয়টি নির্বাচনী আসনে আগামী নির্বাচনে দলীয় প্রার্থীকে বিজয়ী করতে কাজ করে যাচ্ছে দলের সর্বস্তরের নেতাকর্মী। নোয়াখালী-১ (চাটখিল ও সোনাইমুড়ী আংশিক) ॥ একাদশ জাতীয় সংসদ নির্বাচন সামনে রেখে বড় দুই দল আওয়ামী লীগ তথা ১৪ দলীয় মহাজোট ও বিএনপি তথা নবগঠিত জাতীয় ঐক্যফ্রন্টের সম্ভাব্য প্রার্থীদের পদচারণায় সরব হয়ে উঠছে নোয়াখালী-১ (চাটখিল-সোনাইমুড়ী) আসন। মনোনয়ন প্রত্যাশীরা ঘন ঘন এলাকা সফর করে সভা-সমাবেশের পাশাপাশি দলীয় নেতাকর্মীসহ বিভিন্ন শ্রেণীপেশার লোকজনের সঙ্গে মতবিনিময় করে চলেছেন। পুরো নির্বাচনী এলাকা, তোরণ, ব্যানার, ফেস্টুনে ছেয়ে গেছে। এতে সর্বত্র নির্বাচনী আমেজ বিরাজ করছে। বিএনপি তথা নবগঠিত ঐক্যফ্রন্টের প্রার্থী তালিকায় আপাতত একক প্রার্থী হলেও আওয়ামী লীগে কে মনোনয়ন পাবেন তা নিয়ে সর্বত্র চলছে আলোচনা। ",1,1,0,0,False
"একাদশ জাতীয় সংসদ নির্বাচনকে সামনে রেখে জেলা পর্যায়ে ব্যালট পেপার বিতরণ শুরু করেছে নির্বাচন কমিশন (ইসি)। ইসি সূত্র জানায়, প্রার্থীর মৃত্যুজনিত কারণে গাইবান্ধা-৩ আসনের ভোট স্থগিত হওয়ায় ৩০ ডিসেম্বর ২৯৯ আসনে ভোট হবে। ছয়টি আসনে ইভিএম এ ভোট হওয়ায় বাকি ২৯৩ আসনে ব্যালট পেপার ব্যবহার করা হবে। ইসির সহকারী সচিব সৈয়দ গোলাম রাশেদ জানান, মঙ্গলবার বেলা ২টা থেকে ঢাকার দুটি সরকারি প্রেস (বিজি ও গভর্নমেন্ট) থেকে এসব ব্যালট পেপার বিতরণ করা শুরু হয়েছে। ইতোমধ্যে প্রয়োজনীয় নিরাপত্তা নিশ্চিতে পুলিশ, র্যাব ও ডিএমপিকে অবহিত করা হয়েছে। তিনি বলেন, আজ ও ২৬ ডিসেম্বর জেলা পর্যায়ে রিটার্নিং কর্মকর্তাদের কাছে আসনভিত্তিক ভোটের ব্যালট পেপার পৌঁছানো হবে। ২৯৩ আসনের মধ্যে যেগুলোর এখনও ঝামেলা রয়েছে (আদালতের নির্দেশনার অপেক্ষা) সেগুলো যখনই ইসির সিদ্ধান্ত পাব তখনই ব্যবস্থা নেওয়া হবে। জরুরি প্রয়োজনে ব্যালট পেপার পৌঁছাতে দুটি হেলিকপ্টারও প্রস্তত রয়েছে বলেও জানান রাশেদ। ঢাকায় সংশ্লিষ্ট রিটার্নিং কর্মকর্তার প্রতিনিধি ও আইন শৃঙ্খলাবাহিনীর সদস্যদের নিরাপত্তার মধ্যে এলাকায় এসব সামগ্রী পৌঁছানো হবে। ইসি কর্মকর্তারা জানান, সংসদ নির্বাচনের শেষ পর্যায়ের প্রস্তুতিও প্রায় সম্পন্ন। নির্বাচনী প্রশিক্ষণও শেষ। ভোটগ্রহণের জন্য সিল-প্যাডসহ নির্বাচনী সামগ্রী ইতোমধ্যে জেলা পর্যায়ে পৌঁছে দেয়া হয়েছে। শুধু ব্যালাট পেপার ছাড়া অন্য সামগ্রি পাঠানো হয়েছে। নির্বাচন কমিশন ভবন থেকে স্টাম্প প্যাড, অফিসিয়িাল সিল, মাকিং সিল, ব্রাস সিল, লাল গালা, অমোচনীয় কালির কলম, হেসিয়ান বড় ব্যাগ, হেসিয়ান ছোট ব্যাগ, চার্জার লাইট, ক্যালকুলেটর, স্ট্যাপলার মেশিন ও স্টাপ পিন ইত্যাদি সামগ্রি পাঠানো হয়। ইসির ক্রয় ও মূদ্রণ শাখার প্রশাসনিক কর্মকর্তারা জানান, ব্যালট পেপার বাদে অন্য সব নির্বাচনী সামগ্রী আমরা বিতরণ করেছি।",1,1,0,1,False
"একাদশ জাতীয় সংসদ নির্বাচনে যাওয়া না যাওয়ার বিষয়ে বিএনপির কেন্দ্রীয় নেতারা একেক সময় একেক রকম কথা বললেও তৃণমূল নেতারা নির্বাচনে যাওয়ার পক্ষে। কেন্দ্রীয় নেতাদের কাছে তাদের দাবিÑযে কোন পরিস্থিতিতে বিএনপিকে নির্বাচনে যেতে হবে; তা না হলে দলের অস্তিত্ব হুমকির মুখে পড়বে। তৃণমূল নেতারা আগে থেকেই নির্বাচনে যাওয়ার পক্ষে ছিলেন। সর্বশেষ বিএনপির স্থায়ী কমিটির নেতাদের সঙ্গে আনুষ্ঠানিক মতবিনিময়কালে তারা একাদশ জাতীয় সংসদ নির্বাচনে যাওয়ার পক্ষে তাদের অবস্থান পরিষ্কার করেন। সূত্র মতে, দশম জাতীয় সংসদ নির্বাচনের আগেও সারাদেশের তৃণমূল পর্যায়ের নেতারা নির্বাচনে অংশ নেয়ার পক্ষে ছিলেন। এ জন্য তারা বিএনপি চেয়ারপার্সন খালেদা জিয়াকেও অনুরোধ করেছিলেন। কিন্তু খালেদা জিয়া তৃণমূল নেতাকর্মীদের হতাশার মুখে ঠেলে দিয়ে এ নির্বাচন বর্জন করেন। এ কারণে তৃণমূল নেতাকর্মীরা কিছুদিন দলীয় কর্মকা- থেকে দূরে ছিলেন। অনেকে দলও ত্যাগ করেন। আবার কেউ কেউ রাজনীতি ছেড়ে দেন। একাদশ জাতীয় সংসদ নির্বাচন ঘনিয়ে আসার পরও কেন্দ্র থেকে কোন দিক নির্দেশনা না পেয়ে বিএনপির র্তণমূল নেতাকর্মীরা যখন বিভিন্নভাবে হতাশা ব্যক্ত করতে থাকেন তখন শীর্ষ পর্যায়ের নেতাদের টনক নড়ে। তাই বিএনপি চেয়ারপার্সনের অনুপস্থিতিতে তার গুলশানের রাজনৈতিক কার্যালয়ে প্রতি জেলা থেকে ৫ জন করে নেতাকে ডেকে তাদের সঙ্গে মতবিনিময় করেন দলের স্থায়ী কমিটির নেতারা। এ সময় তৃণমূল নেতারা একাদশ জাতীয় সংসদ নির্বাচনে অংশ নেয়ার পক্ষে মত দেন। তবে নির্বাচনের আগে খালেদা জিয়ার মুক্তির জন্য জোরালো আন্দোলনের পক্ষেও মত দেন তারা। এ আন্দোলনে ২০১৩ সালের আন্দোলনের মতো রাজধানীতে অবস্থান নেয়া নেতারা যেন ঘরে বসে না থাকেন সে বিষয়টি স্মরণ করিয়ে দেন তারা। শুক্রবার রংপুর, রাজশাহী, খুলনা ও বরিশাল বিভাগের তৃণমূল নেতাদের সঙ্গে মতবিনিময় করেন বিএনপির স্থায়ী কমিটির নেতারা। ",1,1,0,1,False
"দ্বাদশ জাতীয় সংসদ নির্বাচন থেকে জাতীয় পার্টি (জাপা) দলগতভাবে সরে যাবে না বলে মনে করছেন আওয়ামী লীগ সাধারণ সম্পাদক ওবায়দুল কাদের। আজ মঙ্গলবার দুপুর ১২টায় রাজধানীর ধানমন্ডিস্থ আওয়ামী লীগ সভাপতির রাজনৈতিক কার্যালয়ে আয়োজিত এক সংবাদ সম্মেলনে তিনি এ কথা বলেন। দেশের বিভিন্ন স্থানে নির্বাচন বর্জন করছেন জাতীয় পার্টির প্রার্থীরা। এ বিষয়ে দৃষ্টি আকর্ষণ করা হলে আওয়ামী লীগ সাধারণ সম্পাদক বলেন, ‘তারা কেন ভোট বর্জন করেছে এটা তাদের কাছে জিজ্ঞেস করলেই ভালো উত্তর পাবেন। তারা যদি বর্জনই করবে তাহলে আমরা কেন আলোচনা করলাম (জাপার সঙ্গে)?' ওবায়দুল কাদের বলেন, ‘জাতীয় পার্টি যে পাঁচটি আসনে নির্বাচন থেকে সরে গেছে সেগুলো তো কম্প্রোমাইজের সিট নয়। তারা ২৮৭ জন প্রার্থী দিয়েছে, এর মধ্যে ২/৪ জন সরে যেতেই পারে। জাতীয় পার্টির ইতিহাস কী বলে? এরশাদ সাহেবের সময় এবং পরে জাতীয় পার্টির আসন সংখ্যা কত? মহাজোট ছেড়ে সরকার গঠনের মতো আসনের ধারে-কাছেও তারা নেই।’ জাপার সঙ্গে আলোচনা করেই দ্বাদশ জাতীয় সংসদ নির্বাচনের সিদ্ধান্ত নেওয়া হয়েছে বলে দাবি করেন আওয়ামী লীগ সাধারণ সম্পাদক। তিনি বলেন, ‘তাদের (জাপা) সঙ্গে আলাপ-আলোচনা করেই সিদ্ধান্ত নেওয়া হয়েছে। তবে আমার মনে হয় না দলগতভাবে তারা নির্বাচন থেকে সরে যাবে।’ ওবায়দুল কাদের বলেন, ‘আমরা শেখ হাসিনার নেতৃত্বে ঐক্যবদ্ধ, আমরা অবিচল এবং অটল। আমাদের ওপর এই নির্বাচন ইতিহাস অর্পিত দায়িত্ব। আমরা যেকোনো মূল্যে ৭ জানুয়ারি নির্বাচন করব, সেই প্রস্তুতি আমরা নিয়ে রেখেছি।’ বিএনপির সমালোচনা করে আওয়ামী লীগ সাধারণ সম্পাদক বলেন, ‘২০১৪ সালের নির্বাচনে তাদের যে ভূমিকা, যেভাবে তারা সন্ত্রাসী কার্যক্রম চালিয়েছিল, নির্বাচন কেন্দ্র, সরকারী অফিস, রাস্তা কেটে ফেলা, বাসে-ট্রেনে আগুন, ৫ শতাধিক মানুষকে আগুনে পুড়িয়ে মারা। এবারও তারা ব্যর্থতা নিয়ে অনেক কিছুই করতে পারে। তারা আন্দোলনে ব্যর্থ হয়েছে। তারা নিজেদের জনগণ থেকে যথেষ্ট বিচ্ছিন্ন করেছে, যা নির্বাচনে হেরে যাওয়ার জন্য যথেষ্ট।’এসময় উপস্থিত ছিলেন আওয়ামী লীগের সাংগঠনিক সম্পাদক সুজিত রায় নন্দী, কার্যনির্বাহী সদস্য সাহাবুদ্দিন ফরাজী, আনোয়ার হোসেন প্রমুখ।উল্লেখ্য, গতকাল সোমবার রংপুরে নির্বাচনী প্রচারণাকালে জাপা চেয়ারম্যান ও রংপুর-৩ আসনের সংসদ সদস্য প্রার্থী গোলাম মোহাম্মদ (জি এম) কাদের বলেন, তারা দলীয়ভাবে শেষ পর্যন্ত নির্বাচনে থাকবেন কিনা তা সময় বলে দেবে।",1,1,0,1,False
"আগামী ৭ জানুয়ারির নির্বাচনে যেখানেই অনিয়মের অভিযোগ আসবে সেখানেই নিরাপত্তা বাহিনী তাৎক্ষণিক অ্যাকশন গ্রহণ করবে বলে জানিয়েছেন নির্বাচন কমিশনার (ইসি) রাশেদা সুলতানা। বুধবার (৩ জানুয়ারি) রাজধানীর আগারগাঁওয়ে ইসি ভবনে সাংবাদিকদের সঙ্গে আলাপকালে তিনি এ কথা বলেন।রাশেদা সুলতানা আরো বলেন, আমি মনে করি, নির্বাচনের মাঠ আমাদের নিয়ন্ত্রণে আছে। কোনো অনিয়ম পেলে আপনারা (সাংবাদিক) ছবি তোলেন, প্রমাণ দেন, আমরা সঙ্গে সঙ্গে অ্যাকশন নেব। যেখানেই অনিয়ম সেখানেই আমাদের অ্যাকশন। ইতোমধ্যে বিভিন্ন কারণে প্রার্থিতা বাতিলের মতো ঘটনাও ঘটেছে। আপনারা দেখেছেন এর আগে আমরা গাইবান্ধায় ভোটও বন্ধ করেছি।তিনি বলেন, আমাদের যত আয়োজন, সব নির্বাচন ঘিরেই। তাই নির্বাচনের পরিবেশ সুন্দর রাখতে আজ থেকে সেনাবাহিনীকে নামানো হয়েছে। শুধু সেনাবাহিনী নয়, আমাদের যত বাহিনী আছে সবই এখন সুশৃঙ্খল ও উন্নত হয়েছে।ভোটের পরিবেশ কেমন হবে– সাংবাদিকদের এমন প্রশ্নের জবাবে এই নির্বাচন কমিশনার বলেন, ভোট এখন যেটা হচ্ছে সেটা উৎসবমুখর ও সুন্দর হবে, এটা আমি বলতে পারি। ১৯৯৬ সালে একটি গ্রহণযোগ্য নির্বাচন না হওয়ার কারণে সেই নির্বাচন নিয়ে বিতর্ক তৈরি হয়েছিল, তাই আমরা এবারের নির্বাচনে কোনো বিতর্ক তৈরি করতে চাই না। আমরা আমাদের জনগণ ও আন্তর্জাতিক বিশ্বের কাছে গ্রহণযোগ্য নির্বাচন করতে চাই। ভালো নির্বাচন করা আমাদের নৈতিক দায়িত্ব। মিডিয়া, পত্রিকা দেখে আমার মনে হচ্ছে সরকার চাইছে একটা ফ্রি ফেয়ার ইলেকশন হোক।ভোটকেন্দ্রে ভোটার উপস্থিতি কেমন হবে– সাংবাদিকদের এমন প্রশ্নের জবাবে রাশেদা সুলতানা বলেন, আমরা গুরুত্বের সঙ্গে নিয়েছি ভোটারদের ভোটকেন্দ্রে আনার বিষয়টি। সেজন্য বিভিন্ন মাধ্যমে আমরা প্রচার করে যাচ্ছি। ভোটাররা ভোটকেন্দ্রের প্রাণ, ভোটাররা না থাকলে নির্বাচন নিষ্প্রাণ হয়ে যাবে। তবে আমরা বিভিন্ন জায়গা থেকে যেসব তথ্য পাচ্ছি তাতে আমরা আশাবাদী ভোটকেন্দ্রে অনেক ভোটার আসবে।একটি বড় দলের (বিএনপি) নির্বাচনে না আসার বিষয়টাকে কীভাবে দেখছেন– এমন প্রশ্নের জবাবে তিনি বলেন, দলগুলোর জন্য ভোটে আসা না আসা তাদের স্বাধীন ইচ্ছা। কিন্তু সেজন্য তো ভোট থেমে থাকবে না। আর ভোটকে কোনোভাবে প্রতিহত করা যাবে না এবং কোনো নাশকতামূলক কাজ করা যাবে না। এগুলো যদি তারা করে, তাহলে আমরা আইনশৃঙ্খলা বাহিনীকে নির্দেশ দিয়েছি যথাযথ পদক্ষেপ নেবে। তবে সব দল নির্বাচনে এলে একটা স্বস্তির বিষয় হতো, একটা উৎসবের বিষয় থাকত। এখন সেটা অতটা নেই সেটা তো আর অস্বীকার করার কিছু নেই। তবে নির্বাচন সুষ্ঠু করতে অঙ্গীকারাবদ্ধ ইসি।",1,1,0,1,False
"র‍্যাবের অঙ্গীকার নিশ্চিন্তে ভোটাধিকার' এই শ্লোগানকে সামনে রেখে  দ্বাদশ জাতীয় সংসদ নির্বাচনে নিরাপত্তায় প্রতিটি ব্যাটেলিয়ন কাজ করে যাচ্ছে বলে জানিয়েছেন বাহিনীটির মুখপাত্র কমান্ডার খন্দকার আল মঈন। শনিবার (৬ জানুয়ারি) রাতে  এক ভিডিও বার্তায় এ কথা জানান তিনি।র‍্যাব লিগ্যাল অ্যান্ড মিডিয়া উইংয়ের পরিচালক কমান্ডার খন্দকার আল মঈন বলেন, যারা নির্বাচনে নাশকতার চেষ্টা করবে, মানুষের জানমালের ক্ষতি সাধনের চেষ্টা করবে, রাষ্ট্রীয় সম্পদ নষ্ট করবে, তাদেরকে কঠোরভাবে দমন করে আইনের আওতায় নিয়ে আসা হবে।তিনি আরো বলেন, আগামীকাল দ্বাদশ জাতীয় সংসদ নির্বাচন অনুষ্ঠিত হতে যাচ্ছে। যেখানে সুষ্ঠু ও নিরাপদে যাতে ভোটারগণ তাদের ভোটাধিকার প্রয়োগ করতে কেন্দ্রে যেতে পারে। নিশ্চিন্তে যাতে ভোটাররা তাদের ভোটাধিকার প্রয়োগ করতে পারে সেই লক্ষ্যে  কাজ করছে র‍্যাব। আমরা প্রতিটি গোয়েন্দা সংস্থাসহ অন্যান্য আইন-শৃঙ্খলা বাহিনীর সঙ্গে সমন্বয় করে, রিটার্নিং অফিসার সহকারী রিটার্নিং অফিসার এবং নির্বাচনের কাজ করে যাচ্ছি।কমান্ডার মঈন বলেন, আমাদের সবচেয়ে বড় যে শক্তি র‍্যাব ইন্টেলিজেন্ট সদস্যরা কাজ করছে। নির্বাচনকে কেন্দ্র করে অনেকেই নাশকতার চেষ্টা করছে নির্বাচনে যারা নিজেদের ভোটাধিকার প্রয়োগ করতে চাচ্ছেন তাদেরকে বাধা দান করা বা নাশকতা সহিংসতার মত বেশ কিছু ঘটনা ঘটেছে। যার প্রেক্ষিতে অনেকেই আমরা আইনের আওতায় নিয়ে এসেছি।তিনি বলেন, গত ২৪ ঘণ্টায় আমরা বেশ কয়েকজনকে আটক করেছি। কক্সবাজার সহ দেশের বিভিন্ন স্থানে অভিযান চালিয়ে আমরা বেশ কিছু অস্ত্র উদ্ধার করতে সক্ষম হয়েছি। আমাদের গোয়েন্দারা কাজ করছে আমরা যেখানেই তথ্য পাচ্ছি সেখানেই অভিযান পরিচালনা করছে এবং নাশকতা কারীদের আমরা আইনের আওতায় নিয়ে আসছি। একটি সুষ্ঠু ও নিরাপদ পরিবেশে যেন সম্মানিত ভোটাররা ভোট দিতে পারেন সেজন্য র‍্যাব ফোর্সেস অঙ্গীকারবদ্ধ।",1,1,0,1,False
আসন্ন দ্বাদশ জাতীয় সংসদ নির্বাচন উপলক্ষ্যে জাতির উদ্দেশে ভাষণ দেবেন প্রধানমন্ত্রী শেখ হাসিনা। আগামীকাল বৃহস্পতিবার (৪ জানুয়ারি) সন্ধ্যায় তিনি ভাষণ দেবেন বলে জানা গেছে।প্রধানমন্ত্রীর ভাষণ দেয়ার বিষয়টি গণমাধ্যমকে নিশ্চিত করেছেন আওয়ামী লীগের সাধারণ সম্পাদক ওবায়দুল কাদের। বুধবার (৩ জানুয়ারি) ধানমন্ডিতে শেখ হাসিনার রাজনৈতিক কার্যালয়ে আয়োজিত এক সংবাদ সম্মেলনে এ তথ্য জানান তিনি।,1,1,0,1,False
আসন্ন দ্বাদশ জাতীয় সংসদ নির্বাচনে ভোট দিয়েছেন রাষ্ট্রপতি মো. সাহাবুদ্দিন ও তার সহধর্মিণী ফার্স্ট লেডি ড. রেবেকা সুলতানা। বুধবার (৩ জানুয়ারি) বঙ্গভবন থেকে পোস্টাল ব্যালটের মাধ্যমে ভোট দেন তারা। ভোটারদের ভোগান্তি এড়াতে কেন্দ্রে না গিয়ে পোস্টাল ব্যালটের মাধ্যমে রাষ্ট্রপতির ভোট দেবেন বলে এর আগে তার প্রেস উইং থেকে জানানো হয়।কেন্দ্রে পারবেন না এমন চার ধরনের ভোটাররা ডাকযোগে (পোস্টাল ব্যালটে) ভোট দিতে পারেন। তবে সেজন্য আগে থেকেই নির্বাচন কমিশনে আবেদন করতে হয়। পোস্টাল ব্যালটে ভোট দিতে হলে নির্বাচনের তফসিল ঘোষণার পর ১৫ দিনের মধ্যে সংশ্লিষ্ট রিটার্নিং অফিসারের কাছে এ আবেদন করতে হয়। নবম জাতীয় সংসদ নির্বাচন থেকে পোস্টাল ব্যালট চালু করা হয়েছে। ইসি থেকেও এবারের সংসদ নির্বাচনে পোস্টাল ব্যালটে ভোটদানে উৎসাহিত করতে প্রচারণার উদ্যোগ নেয়া হয়।এর আগে গত ১৫ নভেম্বর দ্বাদশ সংসদ নির্বাচনের তফসিল ঘোষণার পর ডাকযোগে ভোট দিতে বিজ্ঞপ্তি প্রকাশ করে ইসি।,1,1,0,1,False
"আসন্ন দ্বাদশ জাতীয় সংসদ নির্বাচন অবাধ, সুষ্ঠু, নিরপেক্ষ ও শান্তিপূর্ণভাবে সম্পন্ন করার লক্ষ্যে স্থানীয় বেসামরিক প্রশাসনকে সহায়তা দিতে মাঠে নেমেছে সশস্ত্র বাহিনী। দেশব্যাপী ৩ থেকে ১০ জানুয়ারি পর্যন্ত মোতায়েন থাকবে তারা। বুধবার (৩ জানুয়ারি) সকাল থেকে তারা মাঠে নেমেছেন।মঙ্গলবার আন্তঃবাহিনী জনসংযোগ পরিদপ্তর (আইএসপিআর) এক সংবাদ বিজ্ঞপ্তিতে জানায়, জাতীয় সংসদ নির্বাচন অবাধ, সুষ্ঠু, নিরপেক্ষ ও শান্তিপূর্ণভাবে সম্পন্ন করার লক্ষ্যে স্থানীয় বেসামরিক প্রশাসনকে সহায়তা দেয়ার জন্য সংবিধানের ১২৬ অনুচ্ছেদ অনুসারে ‘ইন এইড টু দি সিভিল পাওয়ার’-এর আওতায় সশস্ত্র বাহিনী নিয়োজিত হয়েছে। সশস্ত্র বাহিনী ভোটগ্রহণের আগে, ভোটগ্রহণের দিন ও ভোটগ্রহণের পরে শান্তিশৃঙ্খলা নিয়ন্ত্রণ নিশ্চিত করার লক্ষ্যে দেশব্যাপী ৩ থেকে ১০ জানুয়ারি পর্যন্ত নির্বাচন কমিশন ও স্থানীয় বেসামরিক প্রশাসনকে সহায়তা প্রদান করবে। সশস্ত্র বাহিনীর সদস্যরা প্রতিটি জেলা, উপজেলা ও মেট্রোপলিটন এলাকার নোডাল পয়েন্ট ও অন্যান্য সুবিধাজনক স্থানে অবস্থান করবেন।আইএসপিআর আরো জানায়, সংশ্লিষ্ট রিটার্নিং কর্মকর্তার অনুরোধক্রমে ও সমন্বয়ের মাধ্যমে বাহিনীগুলো এলাকাভিত্তিক মোতায়েন সম্পন্ন করছে। সেনাবাহিনী ৬২টি জেলায় নিয়োজিত হয়েছে। সমতলে সীমান্তবর্তী ৪৫টি উপজেলায় বিজিবি এককভাবে দায়িত্ব পালন করবে। এছাড়া সীমান্তবর্তী ৪৭টি উপজেলায় সেনাবাহিনী বিজিবির সঙ্গে এবং উপকূলীয় চারটি উপজেলায় কোস্ট গার্ডের সঙ্গে সমন্বয়ের মাধ্যমে যৌথভাবে দায়িত্ব পালন করবে। উপকূলীয় দুইটি জেলাসহ (ভোলা ও বরগুনা) মোট ১৯টি উপজেলায় নৌবাহিনী দায়িত্ব পালন করবে। বিমান বাহিনী হেলিকপ্টারযোগে দুর্গম পার্বত্য অঞ্চলের ভোটকেন্দ্রগুলোতে প্রয়োজনীয় হেলিকপ্টার সহায়তা দেবে। এছাড়া জরুরি প্রয়োজনে নির্বাচনী সহায়তা প্রদানের লক্ষ্যে বিমান বাহিনীর প্রয়োজনীয় সংখ্যক হেলিকপ্টার প্রস্তুত রাখা হয়েছে। সশস্ত্র বাহিনী বিভাগে বিভিন্ন মন্ত্রণালয়, বিভাগ এবং আইনশৃঙ্খলা বাহিনীর প্রতিনিধিদের সমন্বয়ে যৌথ সমন্বয় সেল স্থাপন করা হয়েছে, যা ১০ জানুয়ারি পর্যন্ত কার্যকর থাকবে। আসন্ন দ্বাদশ জাতীয় সংসদ নির্বাচন উপলক্ষে শান্তিশৃঙ্খলা রক্ষার জন্য প্রয়োজনীয় সহায়তা প্রদানে সশস্ত্র বাহিনী সর্বাত্মক প্রস্তুতি নিয়েছে। ",1,1,0,1,False
"আসন্ন দ্বাদশ জাতীয় সংসদ নির্বাচনে সরকারের সুবিধাভোগী সোয়া ৩ কোটি ভোটারের উপস্থিতি নিশ্চিত করার নির্দেশনা চেয়ে হাইকোর্টে রিট দায়ের করা হয়েছে। রিটে সরকারের সুবিধাভোগী নাগরিকদের ভোটদান বাধ্যতামূলক করার নির্দেশনাও চাওয়া হয়েছে। সুপ্রিম কোর্টের আইনজীবী ড. বশির আহমেদ জনস্বার্থে এ রিট দায়ের করেছেন।বুধবার (৩ জানুয়ারি) বিচারপতি মো. ইকবাল কবীরের নেতৃত্বাধীন হাইকোর্ট বেঞ্চে রিট আবেদনটি শুনানির জন্য কার্যতালিকায় রয়েছে। মন্ত্রিপরিষদ সচিব, নির্বাচন কমিশনসহ সংশ্লিষ্টদের রিটে বিবাদী করা হয়েছে।আইনজীবী ড. বশির আহমেদ গণমাধ্যমকে বলেন, কমনওয়েলথভুক্ত অনেক দেশে নির্বাচনে ভোটারদের ভোটদানে বাধ্যতামূলক করার বিধান রয়েছে। আমেরিকার দুটি অঙ্গরাজ্যেও ভোট দেয়ার বাধ্যতামূলক বিধান চালু রয়েছে। বাংলাদেশ কমনওয়েলথভুক্ত দেশ। এই দেশেও সরকারের সুবিধাভোগী নাগরিকদের ভোটদান বাধ্যতামূলক করা প্রয়োজন। এ কারণে রিট দায়ের করেছি।তিনি জানান, সরকারের সরাসরি সুবিধাভোগী ২ কোটি ৭৫ লাখ ভোটার রয়েছে। এছাড়াও আধা সরকারি, অবসরপ্রাপ্ত সরকারি কর্মকর্তা-কর্মচারী মিলে মোট সোয়া ৩ কোটি ভোটার রয়েছে। ভোটকেন্দ্রে এসব ভোটারদের উপস্থিতি নিশ্চিত করার নির্দেশনা চেয়েছি।",1,1,0,1,False
"দ্বাদশ জাতীয় সংসদ নির্বাচনে কুমিল্লা-৯ (লাকসাম-মনোহরগঞ্জ) আসনে আওয়ামী লীগ মনোনীত নৌকা প্রতীকের প্রার্থী স্থানীয় সরকার, পল্লী উন্নয়ন ও সমবায় মন্ত্রী মো. তাজুল ইসলাম এমপি বলেছেন, এ আসনে আমার সঙ্গে আরো ছয়জন প্রার্থী নির্বাচনে অংশ নিয়েছেন। আপনাদের কাছে ভোট চাওয়ার অধিকার তাদেরও আছে। আপনারা যাকে যোগ‍্য মনে করেন, তাকে ভোট দিয়ে নির্বাচিত করবেন। ভোট কেন্দ্রে কাউকে বাধা দেয়া যাবেনা। সবার অংশগ্রহণে যেন এদেশে একটি উৎসবমুখর, সুন্দর ও সুষ্ঠু নির্বাচন অনুষ্ঠিত হয়, এমন নির্দেশনা মাননীয় প্রধানমন্ত্রী দিয়েছেন। আমরা মাননীয় প্রধানমন্ত্রীর প্রতি আস্থাশীল। মঙ্গলবার (২ জানুয়ারি) সকালে লাকসাম পৌরসভার ৪ নম্বর ওয়ার্ড উত্তর লাকসাম জেলে পাড়া, ৩ নম্বর ওয়ার্ড উত্তর বিনই মদিনা মসজিদ মাঠ এবং বিকেলে ২ নম্বর ওয়ার্ড রেলওয়ে হাইস্কুল মাঠ ও ১ নম্বর ওয়ার্ড নশরতপুর সরকারি প্রাথমিক বিদ্যালয় মাঠে সাধারণ মানুষের সাথে নির্বাচনী উঠান বৈঠকে তিনি এসব কথা বলেন। এসময় তিনি বলেন, আপনাদের কাছে আমারও ভোট চাওয়ার অধিকার রয়েছে। বিগত দিনেও আপনারা আমাকে স্বতঃস্ফূর্তভাবে ভোট দিয়ে নির্বাচিত করেছেন। ফলে আমি চারবার সংসদ সদস্য নির্বাচিত হয়েছি। আমি নির্বাচিত হওয়ার পর আমার এই নির্বাচনী আসনে অসংখ্য রাস্তা-ঘাট নির্মাণ করেছি, শত শত ব্রিজ-কালভার্ট নির্মাণ করেছি, শিক্ষা প্রতিষ্ঠানসহ সার্বিকভাবে লাকসাম-মনোহরগঞ্জে উন্নয়ন করার চেষ্টা করেছি। বিএনপি-জামায়াতের সমালোচনা করে মন্ত্রী বলেন, গণতন্ত্রের কথা তাদের মুখে মানায় না। গণতন্ত্রের নামে বিএনপি-জামায়াত মানুষ পুড়িয়ে মারে। টেন্ডার চাঁদাবাজি ও লুটতরাজ করে। তারা মানুষের সম্পদ দখল করে। এ দেশের উন্নয়নে তাদের কোন অবদান নেই। আওয়ামী লীগ সরকারের উন্নয়ন দেখলে তাদের মাথা খারাপ হয়ে যায় বলেই তারা দেশকে পিছনের দিকে ঠেলে দিতে চায়। তা হতে দেয়া যাবেনা। এ দেশের জনগণ বারবার আওয়ামী লীগ সরকারকে ক্ষমতায় দেখতে চায়। আওয়ামী লীগ সরকার ক্ষমতায় থাকলে এ দেশের মানুষের ভাগ‍্যন্নোয়ন হয়। সাধারণ মানুষ বিএনপি-জামায়াতকে পছন্দ করেনা বলেই তারা ক্ষমতায় আসতে পারেনা। তাই তারা নির্বাচন বানচালের অপচেষ্টায় ব‍্যস্ত হয়ে পড়েছে। তিনি বলেন, আওয়ামী লীগ সরকার ক্ষমতায় থাকায় মাননীয় প্রধানমন্ত্রী জননেত্রী শেখ হাসিনা বয়স্ক মানুষের জন্য বয়স্ক ভাতা, বিধবাদের জন্য বিধবা ভাতা, প্রতিবন্ধীদের জন্য প্রতিবন্ধী ভাতা, গর্ভবতী নারীদের জন্য মাতৃত্বকালীন ভাতা, ভূমিহীন ও গৃহহীনদের জন্য ঘর বানিয়ে দিয়েছেন। মুক্তিযোদ্ধাদের জন্য মুক্তিযোদ্ধা ভাতা চালু করেছেন। মুক্তিযোদ্ধাদের সম্মানিত করেছেন। ভিজিডি চাউল, ভিজিএফ গম ও চাউল বিতরণ বিনামূল্যে ব্যবস্থা করেছেন। তিনি আরো বলেন, ১৯৯৬ সালে সর্বপ্রথম আপনাদের সন্তান হিসেবে নেত্রী আমাকে নৌকা প্রতীক দিয়ে আপনাদের কাছে প্রেরণ করেছেন। আমি সেদিন আপনাদের কাছে আসার পর আপনারা আপনাদের সন্তান হিসেবে, ভাই হিসেবে আমাকে নৌকা প্রতীকে ভোট দিয়ে নির্বাচিত করেছেন। মহান জাতীয় সংসদে এমপি বানিয়ে পাঠিয়েছেন। এভাবে আমাকে আপনারা চারবার নির্বাচিত করেছেন। ফলশ্রুতিতে মাননীয় প্রধানমন্ত্রী আমাকে মন্ত্রী করেছেন। তাই আমি আপনাদের কাছে কৃতজ্ঞ। আমি নির্বাচিত হয়ে আপনাদের কথা ভুলে যাইনি। লাকসাম ও মনোহরগঞ্জের উন্নয়নে দিন-রাত কাজ করেছি। আগামী ৭ জানুয়ারি নির্বাচনে আপনারা স্বতঃস্ফূর্ত ভাবে, সুন্দরভাবে ভোট কেন্দ্রে যাবেন এবং আমাকে নৌকা প্রতীকে ভোট দিয়ে আবারও জয়যুক্ত করবেন বলে আশা করি। নির্বাচনী উঠান বৈঠকে এসময় উপস্থিত ছিলেন- উপজেলা আওয়ামী লীগের সভাপতি ও উপজেলা পরিষদের চেয়ারম্যান এডভোকেট ইউনুস ভুঁইয়া, সাধারণ সম্পাদক ও উপজেলা পরিষদের ভাইস চেয়ারম্যান মহব্বত আলী, পৌরসভা মেয়র অধ্যাপক মো. আবুল খায়ের, পৌরসভা আওয়ামী লীগের সভাপতি তাবারক উল্লাহ কায়েস, সাধারণ সম্পাদক এডভোকেট রফিকুল ইসলাম হিরা, মহিলা ভাইস চেয়ারম্যান পড়সি সাহা, উপজেলা স্বেচ্ছাসেবক লীগের সভাপতি নিজাম উদ্দিন শামীম, কাউন্সিলর আবদুল আজিজ, এডভোকেট মাসুদ হাসান, খলিলুর রহমান, মোহাম্মদ উল্ল‍্যাহ, সাবেক কাউন্সিলর বাহাউদ্দিন বাহার, ওমর আলী, মোশারফ হোসেন মজুমদার, মহিলা কাউন্সিলর নাসিমা সুলতানা, মুসফিকা আলম মিতা, নাসিমা আক্তার। ",1,1,0,1,False
"ভোটের ৪ দিন আগে আদালতে আত্মসমর্পণ করে নির্বাচনী আচরণবিধি লঙ্ঘনের মামলায় জামিন পেয়েছেন বাঁশখালীর সংসদ সদস্য মোস্তাফিজুর রহমান চৌধুরী। চট্টগ্রাম-১৬ আসনে ক্ষমতাসীন আওয়ামী লীগের এই প্রার্থী বুধবার চট্টগ্রামের মহানগর হাকিম জুয়েল দেবের আদালতে হাজির হয়ে জামিনের আবেদন করেন। পরে শুনানি শেষে তার জামিন মঞ্জুর করে আদালত। সংসদ সদস্য মোস্তাফিজুর রহমান চৌধুরীর আইনজীবী ও চট্টগ্রাম জেলা আইনজীবী সমিতির সাধারণ সম্পাদক এস এম বজলুর রশিদ মিন্টু সাংবাদিকদের বলেন, ‘তিনি আইনের প্রতি শ্রদ্ধাশীল এবং এ জন্যই আজকে আদালতে হাজির হয়ে জামিন প্রার্থনা করেন। শুনানি শেষে আদালত তার জামিন মঞ্জুর করেছেন।’বাঁশখালীর নির্বাচন কর্মকর্তা মুহাম্মদ হারুন মোল্লা নির্বাচনি আচরণ বিধি আইনের ৮(খ) ধারায় মোস্তাফিজুর রহমান চৌধুরীর বিরুদ্ধে মামলাটি দায়ের করেন। ২৬ ডিসেম্বর  আদালতে দায়ের করা মামলায় বিচারক মোস্তাফিজুর রহমান চৌধুরীকে ৩ জানুয়ারির মধ্যে আদালতে হাজির হওয়ার নির্দেশ দেয়। ৩০ নভেম্বর ঘটনার সূত্রপাত চট্টগ্রামের রিটার্নিং কর্মকর্তা, জেলা প্রশাসক আবুল বাসার মোহাম্মদ ফখরুজ্জামানের কার্যালয়ে। চট্টগ্রাম-১৬ আসনে আওয়ামী লীগের প্রার্থী মোস্তাফিজুর যখন রিটার্নিং কর্মকর্তার কাছে মনোনয়ন পত্র জমা দিচ্ছিলেন, তার সঙ্গে ঢুকে পড়েন ১৪-১৫ জন নেতাকর্মী। মনোনয়নপত্র জমা শেষে জেলা প্রশাসকের কার্যালয় থেকে বের হন তারা। সে সময় ইনডিপেনডেন্ট টিভির সাংবাদিক রাকিব উদ্দিন প্রশ্ন করেন, ‘আপনি কি আচরণবিধি লঙ্ঘন করে মনোনয়ন পত্র জমা দিলেন?’প্রশ্ন শুনে সঙ্গে সঙ্গে রেগে যান মোস্তাফিজুর রহমান, গালি দিয়ে ওই সাংবাদিককে হাত দিয়ে ধাক্কা দেন এবং হুমকি দিতে থাকেন। তার সঙ্গে থাকা নেতাকর্মীরা এসময় অন্য সাংবাদিকদের ওপর চড়াও হন। সাংবাদিকরা তাৎক্ষণিকভাবে জেলা প্রশাসক আবুল বাসার মোহাম্মদ ফখরুজ্জামানের কাছে গিয়ে ঘটনার প্রতিবাদ জানান। পরে এ বিষয়ে সংসদ সদস্য মোস্তাফিজুর রহমান চৌধুরীর লিখিত ব্যাখ্যা চান এ আসনের নির্বাচন অনুসন্ধান কমিটির চেয়ারম্যান যুগ্ম জেলা ও দায়রা জজ আবু সালেম মোহাম্মদ নোমান।পরে নির্বাচন অনুসন্ধান কমিটির কাছে লিখিত ব্যাখ্যা দেন মোস্তাফিজুর। অভিযোগ ও সংসদ সদস্যের বক্তব্য যাচাই বাছাই করে নির্বাচন অনুসন্ধান কমিটি যে প্রতিবেদন দেয়, সেখানে আচরণবিধি লঙ্ঘনের স্পষ্ট প্রমাণ পাওয়ার কথা বলা হয়েছে।",1,1,0,1,False
"কিশোর গ্যাং নির্মূলে কঠোর হুশিয়ারি উচ্চারণ করে আওয়ামী লীগের সভাপতিমন্ডলীর সদস্য ও ঢাকা-১৩ আসনের নৌকার প্রার্থী এডভোকেট জাহাঙ্গীর কবির নানক বলেছেন, কোন কিশোর গ্যাং, বড় গ্যাং, মাঝারি গ্যাং; কোন গ্যাং এই এলাকায় থাকবে না। পরিষ্কার ডেডলাইন বলে দিচ্ছি, আগামী ৭ জানুয়ারির পর যদি কাউকে পাওয়া যায় তাহলে এলাকাবাসীকে সাথে নিয়ে আইনশৃঙ্খলা রক্ষাকারী বাহিনীর কাছে সোপর্দ করা হবে।মঙ্গলবার (২ জানুয়ারি) বিকেলে মোহাম্মদপুর চাঁদ উদ্যানের বাড়ি মালিক কল্যাণ সমিতির পক্ষ থেকে আয়োজিত এক মতবিনিময় সভায় এমন হুশিয়ারি দেন ঢাকা-১৩ আসনের সাবেক এমপি নানক।নানক বলেন, আগামী ৭ জানুয়ারির নির্বাচন গণতন্ত্র রক্ষার নির্বাচন। দেশের স্বাধীনতা-সার্বভৌমত্ব রক্ষার নির্বাচন। বাংলাদেশের সাংবিধানিক ধারাবাহিকতা রক্ষার নির্বাচন। আগামী নির্বাচন বঙ্গবন্ধু কন্যা শেখ হাসিনার নেতৃত্বে ডিজিটাল বাংলাদেশ থেকে স্মার্ট বাংলাদেশ বিনির্মাণের নির্বাচন।ভোটারদের নির্বাচনে দলবেঁধে ভোট কেন্দ্রে উপস্থিত হয়ে ভোট প্রদানের আহ্বানও জানিয়ে তিনি বলেন, আপনারা ৭ জানুয়ারি ভোট প্রদানের মাধ্যমে পরিষ্কার জানিয়ে দেবেন আমরাই আমাদের সরকার গঠন করার মালিক। এই দেশের জনগণই যথেষ্ট এদেশের জনগণের সরকার প্রতিষ্ঠার জন্য।আমরা কোন শক্তির কাছে মাথা নত করবো না। আমরা কোন বহিঃশক্তির কাছে মাথা নত করবো না। কোন বহিঃশক্তির রক্তচক্ষু আমরা মেনে নেব না বলেও অবহিত করেন তিনি। নানক বলেন, আমরা বিজয়ী জাতি। কারো দয়া-দাক্ষিণ্যে স্বাধীনতা অর্জন করি নাই। আমরা বাঙালি জাতি রক্ত দিয়ে এই স্বাধীনতা অর্জন করেছি। দুই লাখ মা-বোন তাদের পবিত্র সতীত্ব বিকিয়ে দিয়ে এই দেশকে স্বাধীন করেছেন। কাজেই কারো হস্তক্ষেপ আমরা আমাদের দেশে করতে দেব না।ভোটারদের উদ্দেশ্যে তিনি আরও বলেন, আমি আপনাদের কাছে নতুন কোন মানুষ নই। আমি ২০০৮ সাল থেকে দশ বছর এই এলাকার সংসদ সদস্য হিসাবে দায়িত্ব পালন করেছি। আপনারা আমাকে বুকভরা প্রত্যাশা নিয়ে নির্বাচিত করেছিলেন। আমি চেষ্টা করেছি আমাদের সর্বস্ব দিয়ে আপনাদের প্রত্যাশা পূরণ করতে।তিনি আরও বলেন, যে মোহাম্মদপুর সন্ত্রাসীদের অভয়ারণ্য ছিল, আমি সেই সন্ত্রাসীদের বিতাড়িত করেছিলাম। যে মোহাম্মদপুর চাঁদাবাজ আর মাদককারবারীদের স্বর্গরাজ্য ছিল আমি তাদের বিতাড়িত করেছিলাম। ৫ বছর আমি ছিলাম না। এখন দেখা দিয়েছি কি? কিশোর গ্যাং। আমি কোন কিশোর গ্যাং বড় গ্যাং মাঝারি গ্যাং কোন গ্যাং এই এলাকায় থাকতে দেব না।কিশোর গ্যাংয়ের সঙ্গে যারা সংশ্লিষ্ট যারা সন্ত্রাসী কর্মকাণ্ডে লিপ্ত তাদেরকে পরিষ্কার ডেডলাইন বলে দিচ্ছি, আগামী ৭ জানুয়ারির পর যদি কাউকে পাওয়া যায় তাদের হাত পা ভেঙ্গে দিয়ে পুলিশে সোপর্দ করা হবে। আপনারা এলাকাবাসী আমার সঙ্গে থাকবেন। আপনারা রাতে বাসাবাড়িতে নিশ্চিন্তে ঘুমাবেন। আর আমি রাতে আপনাদের রাস্তাঘাট পাহারা দেব। কে কত বড় সন্ত্রাসী, কে কত চাঁদাবাজ, কারা কত কিশোর গ্যাং আপনাদের সাথে নিয়ে মোকাবিলা করবো।প্রায় ১০ হাজার ভোটার সম্বলিত হাউজিং সোসাইটির সুধিসমাজের পক্ষ থেকে ওই এলাকায় কমিউনিটি সেন্টার নির্মাণ, পানির পাম্প নির্মাণ, খেলার মাঠ, চাঁদাবাজ সন্ত্রাস নির্মূলসহ কিশোর গ্যাংয়ের উৎপাতের অবসান কামনা করা হয়।মতবিনিময় সভায় সভাপতিত্ব করেন চাঁদ উদ্যান হাউজিং বাড়ি মালিক কল্যাণ সমিতির সভাপতি আলম হোসেন। আরও বক্তব্য রাখেন- ঢাকা মহানগর উত্তর আওয়ামী লীগের সভাপতি শেখ বজলুর রহমান, ঢাকা বিশ্ববিশ্ববিদ্যালয় শিক্ষক সমিতির সভাপতি নিজামুল হক ভুঁইয়া, মোহাম্মদপুর থানা আওয়ামী লীগের ভারপ্রাপ্ত সাধারণ সম্পাদক তোফায়েল সিদ্দিকী তুহিন, ঢাকা উত্তর সিটি করপোরশেন ৩৩ নম্বর ওয়ার্ডের কাউন্সিলর আসিফ আহমেদসহ বিভিন্ন হাউজিং সোসাইটির নেতারা।",1,1,0,1,False
"দীর্ঘদিন ক্ষমতায় থাকায় রাজনৈতিক স্থিতিশীলতা আনতে পেরেছে আওয়ামী লীগ সরকার- এমন মন্তব্য করে দলটির সভাপতি ও প্রধানমন্ত্রী শেখ হাসিনা বলেন, নির্বাচনে কোনো সংঘাত চাই না। যাকে খুশি ভোট দেবেন। ভোটটা অনেক জরুরি। ভোটে শান্তিপূর্ণ পরিবেশ বজায় রাখতে হবে। বিএনপি ক্ষমতায় এসেই লুটপাট ও দুর্নীতি শুরু করে। বিএনপির দুর্বৃত্তায়নের জবাব দিতে হবে ভোটের মাধ্যমে। প্রধানমন্ত্রী বলেন, আমাদের সবার মনে রাখতে হবে, এ নির্বাচনটা বাংলাদেশের জন্য একান্ত জরুরি। কেননা, বাংলাদেশকে নিয়ে অনেকেই অনেক রকম খেলা খেলতে চায়। এদেশের ভাগ্য নিয়ে যাতে কেউ ছিনিমিনি খেলতে না পারে, সেদিকে আমাদের খেয়াল রাখতে হবে। আগামী জাতীয় নির্বাচন যাতে ইতিহাসের মাইলফলক হয়ে থাকে, আমাদের সেই চেষ্টাই করতে হবে।বুধবার (৩ ডিসেম্বর) বিকালে রাজধানীর তেজগাঁওয়ে ঢাকা জেলা আওয়ামী লীগ ভবন থেকে পাঁচটি জেলা ও একটি উপজেলার নির্বাচনি জনসভায় ভার্চুয়ালি অংশ নিয়ে তিনি এসব কথা বলেন। আওয়ামী লীগ সভাপতি বলেন, আমরা দেশে একটি সত্যিকারের অবাধ ও সুষ্ঠু নির্বাচন চাই। আর বিএনপি চায় কারচুপির নির্বাচন। জনগণের ভোট চুরি করে ক্ষমতায় থাকতে চেয়েছিল খালেদা জিয়া। থাকতে পারেনি। ভোট চুরি করলে জনগণ মেনে নেয় না। আন্দোলনের মধ্য দিয়ে খালেদা জিয়ার পতন ঘটে। ৯৬ সালের ১৫ ফেব্রুয়ারি নির্বাচন হয়। তারপর পদত্যাগ করতে বাধ্য হয়। কিন্তু ওদের তাতেও শিক্ষা হয়নি। তাই আবারও ২০০১ সালে ভোট কারচুপি, ভোট চুরি, জনগণের ভাগ্য নিয়ে খেলা শুরু করে দেন। তাদের দুঃশাসনের কারণে দেশে ইমার্জেন্সি (জরুরি অবস্থা জারি) হয়।",1,1,0,1,False
"ফরিদপুরের নির্বাচনী জনসভায় নৌকার প্রার্থীদের পরিচয় করিয়ে দিতে গিয়ে মাগুরা-১ আসনে দলীয় প্রার্থী সাকিব আল হাসানকে ক্রিকেট রত্ন হিসেবে উল্লেখ করলেন প্রধানমন্ত্রী শেখ হাসিনা। মঙ্গলবার (২ জানুয়ারি) বিকেলে ফরিদপুরের সরকারি রাজেন্দ্র কলেজ মাঠের জনসভায় তিনি প্রার্থীদের পরিচয় করিয়ে দেন।এসময় সাকিব আল হাসানকে পরিচয় করিয়ে দিয়ে শেখ হাসিনা বলেন, আমাদের একটা রত্ন আছে, ক্রিকেট রত্ন সাকিব আল হাসান। মাগুরা-১ আসনে তাকে আমরা মনোনয়ন দিয়েছি। এবারের ইলেকশনে তুমি শুধু ছক্কা মেরে দিও। সে বলেছে ভাষণ দিতে পারে না। আমি বলবো তোমাকে কোনো ভাষণ দিতে হবে না। শুধু বলবে তুমি ব্যাট হাতে ছক্কা মারতে পারো, আর বল হাতে উইকেট ফেলে দেবে। এতেই হবে।",1,1,0,1,False
"জাতীয় সংসদ নির্বাচনে ঢাকা-৬ আসনে আওয়ামী লীগ মনোনীত নৌকা প্রতীকের প্রার্থী মোহাম্মদ সাঈদ খোকন বলেছেন, নেত্রীর নির্দেশনা অনুযায়ী পুরান ঢাকাকে নতুন করে 'স্মার্ট ঢাকা' বিনির্মাণে কাজ করবো।বুধবার (৩ জানুয়ারি) পুরান ঢাকার ওয়ারীতে নির্বাচনী পোলিং এজেন্টদের সঙ্গে এক মতবিনিময় সভায় সাংবাদিকদের প্রশ্নের জবাবে তিনি এ কথা বলেন।পুরান ঢাকা বিশ্বের অন্যতম ঘনবসতিপূর্ণ এলাকা জানিয়ে বাংলাদেশ আওয়ামী লীগের কেন্দ্রীয় কার্যনির্বাহী সংসদের সদস্য ও ঢাকা দক্ষিণ সিটি করপোরেশনের সাবেক মেয়র  মোহাম্মদ সাঈদ খোকন বলেন, ঢাকা-৬ আসনে নির্বাচিত হতে পারলে প্রিয় নেত্রী শেখ হাসিনার নির্দেশনায় পুরান ঢাকাকে রি-ডেভেলপমেন্টের উদ্যোগ নিবো। মাননীয় প্রধানমন্ত্রী এবার স্মার্ট বাংলাদেশ উপহার দেওয়ার অঙ্গীকার করেছেন। আমি পুরান ঢাকার সমস্যা দূর করে একটি স্মার্ট ঢাকা বিনির্মাণের জন্য কাজ করবো।তিনি বলেন, আমি মেয়র থাকা অবস্থার শেষের দিকে প্রধানমন্ত্রী শেখ হাসিনা আমাকে এই নির্দেশনা দিয়েছিলেন। এবার আমাকে জনগণ নির্বাচিত করলে আমি পুরান ঢাকাকে নতুনভাবে গড়ার জন্য কাজ করবো। এটা অনেক বড় একটা উদ্যোগ হবে। এক সময় টোকিও বা সিঙ্গাপুর সিটি পুরান ঢাকার মতো ঘনবসতিপূর্ণ ছিলো। প্লান করে এটাকে উন্নয়ন করা হয়েছে। আমরাও এরকম একটা স্বপ্ন নিয়ে কাজ করছি। জনগণ ভোট দিতে যাবে কিনা এবং জনগণের কি রকম সাড়া পাচ্ছেন? সাংবাদিকদের এমন এক প্রশ্নের জবাবে মোহাম্মদ সাঈদ খোকন বলেন, যখন থেকে প্রচারণার কাজ শুরু হয়েছে আমি মানুষের দ্বারে দ্বারে যাচ্ছি। প্রায় এক মাস যাবত আমি মানুষের বাড়ি বাড়ি গিয়ে আমার নেত্রীর সালাম পৌঁছে দিয়েছি এবং ভোট প্রার্থনা করছি। মানুষের মধ্যে ব্যাপক উৎসাহ বিরাজ করছে। প্রচারণায় গিয়ে ব্যাপক সাড়া পাচ্ছি। আগামী ৭ জানুয়ারি এই এলাকার মানুষ ভোট দিতে আসবে এবং নৌকা মার্কা বিপুল ভোটে বিজয়ী হবে। স্মার্ট বাংলাদেশ গড়ে তোলার লক্ষে আমরা নৌকায় ভোট প্রার্থনা করছি।",1,1,0,1,False
"বাংলাদেশের দ্বাদশ জাতীয় সংসদ নির্বাচনের ব্যাপারে বিদেশীদের বহু ‘কিন্তু’ ছিলো। অথচ রাত পোহালে বেশ উৎসাহ উদ্দীপনার মধ্য দিয়েই অনুষ্ঠিত হতে যাচ্ছে ভোট। এ কর্মযজ্ঞ দেখতে ইতোমধ্যেই দেশে এসেছেন ২০২ জন বিদেশী পর্যবেক্ষক ও সাংবাদিক। তারা বাংলাদেশে আসার জন্য নিবন্ধন করলেও পৌঁছেছেন ১০৯ জন। এদের মধ্যে বিদেশী পর্যবেক্ষক রয়েছেন ৭৭ জন (নিবন্ধন করেছিলেন ১২৬ জন) এবং ৩২ জন বিদেশী পত্রিকার সাংবাদিক (নিবন্ধন করেছিলেন ৭৬ জন)। এই সাংবাদিকরা বিশ্বের নামীদামী গণমাধ্যমে কর্মরত। রবিবারের (৭ জানুয়ারি) ভোটগ্রহণ কতটা প্রাণবন্ত উৎসবমুখর হয় তা দেখতে তারা মুখিয়ে আছেন।রবিবার (৬ জানুয়ারি) সন্ধ্যায় সারাদিন বিভিন্ন কেন্দ্রে তারা কেমন ভোট দেখলেন তা সংবাদ সম্মেলনের মাধ্যমে জানাবেন বলে একটি সূত্র জানিয়েছে। প্রসঙ্গত, বিএনপি এই ভোট বর্জনের ডাক দিয়ে গত ২৮ অক্টোবর থেকে ৬ জানুয়ারি সন্ধ্যা পর্যন্ত ৭১ দিনে সারা দেশে  আন্দোলন শুরু করে ও ৩০৩টি অগ্নিকাণ্ডের ঘটনা ঘটায়। এরমধ্যে ৩০৪টি যানবাহন ও ২৪টি স্থাপনা পুড়ানো হয়। তবে ঢাকা মহানগরীতে সবচেয়ে বেশি ১৩৭টি অগ্নিকাণ্ডের ঘটনা ঘটে। এ ঘটনায় সারা দেশে এখন পর্যন্ত ৮ জন নিহত হয়। ফায়ার সার্ভিসের দুই জনসহ আহত হয়েছে ৫ জন। এমন নাশকতা উপেক্ষা করেই রবিবার ভোট হবে।কূটনীতিকরা বলেছেন, বাংলাদেশ গত ৫৩ বছরের ইতিহাসে যেভাবে অর্থনৈতিক উন্নতি করেছে এবং চলমান ভূ-রাজনীতিতে বাংলাদেশ কৌশলগত অবস্থানে আছে তাতে দেশের দ্বাদশ জাতীয় সংসদ নির্বাচনের প্রতি বিদেশিদের বাড়তি আগ্রহ রয়েছে।পররাষ্ট্র সচিব (সিনিয়র সচিব) মাসুদ বিন মোমেন বলেন, বাংলাদেশের এই নির্বাচনের প্রতি সকলেরই আগ্রহ রয়েছে। পশ্চিমা বিশ্ব সুষ্ঠু ও অবাধ নির্বাচনের যে প্রত্যাশা করেছে সেটাও আমরাও করি। একাধিকবার আমাদের সর্বোচ্চ পর্যায় থেকে এই নিশ্চয়তা দেয়া হয়েছে। আশা করি, নির্বাচন অবাধ ও সুষ্ঠু হবে।এদিকে রাশিয়ার পক্ষ থেকে নির্বাচন পর্যবেক্ষণ করতে আসা ৩ সদস্যের একটি দলের প্রধান আন্দ্রে সুটভ বলেন, আইন অনুযায়ী নির্বাচন সম্পন্ন করা বাংলাদেশের দায়িত্ব। পশ্চিমা বিশ্ব বিশেষ করে যুক্তরাষ্ট্র এই নির্বাচন প্রক্রিয়ায় প্রভাব বিস্তারের চেষ্টা চালাচ্ছে। যুক্তরাষ্ট্র বিভিন্নভাবে এই নির্বাচনে হস্তক্ষেপ করার চেষ্টা চালাচ্ছে। সমাবেশ করার অধিকার সংক্রান্ত জাতিসংঘের বিশেষ র‌্যাপোর্টিয়ার ক্লেমন ভুলে সামাজিক যোগাযোগ মাধ্যমের এক্স বার্তায় বলেন, নির্বাচনকে ঘিরে চারদিকে দমনমূলক কর্মকাণ্ড থাকায় আমি বিরক্ত। নির্বাচনের আগে ও পরে শান্তিপূর্ণ পরিবেশ বজায় রাখার জন্য সংশ্লিষ্ট সকলকে আহ্বান জানাই।নির্বাচনের আগে গত শুক্রবার (৫ জানুয়ারি) রাতে ট্রেনে নাশকতার ঘটনায় বাংলাদেশে নিযুক্ত ফ্রান্সের রাষ্ট্রদূত মারিয়া মাসদুপুই সামাজিক যোগাযোগ মাধ্যমের এক্স বার্তায় বলেন, অনাকাঙ্খিতভাবে সহিংসতা আগেই শুরু হয়েছে। সর্বত্রই নাশকতা বিরাজ করছে।ঢাকার কূটনীতিকরা বলছেন, দ্বাদশ জাতীয় সংসদ নির্বাচন নিয়ে বিদেশি বন্ধুদের আগ্রহ রয়েছে। বিদেশি বন্ধু রাষ্ট্রগুলোর এই আগ্রহের পেছনে তাদের নিজেদের স্বার্থ কাজ করছে। এই নির্বাচন নিয়ে পশ্চিমা দেশের বন্ধু রাষ্ট্রগুলো গত দুই বছর ধরে কমবেশি আগ্রহ প্রকাশ করছেন। পশ্চিমা বিশ্বের মধ্যে যুক্তরাষ্ট্রের তৎপরতা ছিল চোখে পড়ার মত। আন্তর্জাতিক মানের নির্বাচন না হলে দেশটি ভিসা নিষেধাজ্ঞা দেবে বলে দুইবার ঘোষণা দিয়ে প্রকাশ করেছে। মার্কিন পররাষ্ট্রমন্ত্রী অ্যান্টনি ব্লিঙ্কেন অবাধ, সুষ্ঠু ও শান্তিপূর্ণ জাতীয় নির্বাচন আয়োজনের লক্ষ্যকে সমর্থন করতে অভিবাসন ও জাতীয়তা আইনের ধারা ২১২(এ)(৩)(সি) (‘থ্রিসি’) এর অধীনে বাংলাদেশের ওপর গত ২৪ মে নতুন ভিসা নীতি ঘোষণা করেন।ঢাকাস্থ যুক্তরাষ্ট্র দূতাবাস দেশটির পররাষ্ট্র দপ্তরের মুখপাত্র ম্যাথিউ মিলারের উদ্ধৃতি দিয়ে গত ২২ সেপ্টেম্বর রাতে জানায়, বাংলাদেশে গণতন্ত্র ও নির্বাচনী প্রক্রিয়ায় বাধাগ্রস্ত করার জন্য দায়ী ব্যক্তিদের ওপর ভিসা নিষেধাজ্ঞা আরোপের প্রক্রিয়া শুরু করেছে। গত নভেম্বরে পশ্চিমের এই দেশটি নির্বাচনের আগে সবগুলো রাজনৈতিকদলের মধ্যে শর্তহীন সংলাপের আহ্বান জানায়। সর্বশেষ বিশ্বজুড়ে শ্রমিকদের অধিকার ও তাদের মানোন্নয়ন নিয়ে নতুন স্মারকপত্র প্রকাশের পর গত নভেম্বরে মার্কিন পররাষ্ট্রমন্ত্রী অ্যান্থনি ব্লিংকেন তার বক্তব্যে বাংলাদেশের পোশাক শ্রমিক নেতা কল্পনা আক্তারের কথা উল্লেখ করেন।নির্বাচনের আগে ভ্রমণ সতর্কতায় ঢাকাস্থ যুক্তরাষ্ট্রের দূতাবাস বলেছে, ৭ জানুয়ারি বাংলাদেশে জাতীয় সংসদ নির্বাচনের ভোটগ্রহণ অনুষ্ঠিত হবে। ঢাকায় মার্কিন দূতাবাস সেদিন বন্ধ থাকবে। নির্বাচনকে কেন্দ্র করে মার্কিন নাগরিকদের সতর্কতা মেনে চলা উচিত হবে। মনে রাখতে হবে, নির্বাচন যদিও শান্তিপূর্ণ হবে বলেই আয়োজন করা হয়েছে। তবে তা সহিংসতায় রূপও নিতে পারে। ভোটগ্রহণের আগে, ভোটগ্রহণের দিন বা পরের দিন বা সপ্তাহগুলোতে সামান্য বা কোনো ধরনের পূর্ব সতর্কতা ছাড়াই সহিংসতার ঘটনা ঘটতে পারে।অন্যদিকে মার্কিন যুক্তরাষ্ট্রের ভিসানীতির বিষয়ে বিদেশি এক সাংবাদিকের প্রশ্নের জবাবে প্রধান নির্বাচন কমিশনার কাজী হাবিবুল আউয়াল বলেন, তারা (মার্কিন যুক্তরাষ্ট্র) অবাধ, সুষ্ঠু ও গ্রহণযোগ্য নির্বাচনে বিশ্বাস করে। যারা এক্ষেত্রে বাধা দেবে তাদের ওপর এই নীতি প্রয়োগ করবে। আমরা নির্বাচনকে বাধাগ্রস্ত করছি না। আমরা জানি না, কারা আগুন দিচ্ছে, মানুষকে হত্যা করছে। আমরা আমাদের জায়গা থেকে অবাধ, সুষ্ঠু নির্বাচনের চেষ্টা করছি। আমরা এটা নিয়ে চিন্তিত নই।এদিকে, মধ্যপ্রাচ্যের রাষ্ট্রগুলোর বাংলাদেশের ভোট নিয়ে তেমন আগ্রহ দেখা যায়নি। তাছাড়া এশিয়ার বৃহৎ দুই পরা শক্তি চীন ও ভারত এই নির্বাচনের প্রস্তুতি নিয়ে সবসময়েই সন্তোষ প্রকাশ করেছে।বাংলাদেশের নির্বাচন প্রসঙ্গে ভারতের পররাষ্ট্র মন্ত্রণালয়ের সাপ্তাহিক ব্রিফিংয়ে গত বৃহস্পতিবার (৪ জানুয়ারি) দেশটির পররাষ্ট্র মন্ত্রণালয়ের মুখপাত্র রণধীর জয়সওয়াল বলেন, বাংলাদেশে নির্বাচন নিয়ে আমরা প্রতিনিয়ত বলে আসছি, দেশটির নির্বাচন তাদের অভ্যন্তরীণ বিষয়। বাংলাদেশের জনগণই তাদের ভবিষ্যৎ নির্ধারণ করবে। কূটনীতিকদের সঙ্গে এক ব্রিফিং শেষে ঢাকায় নিযুক্ত চীনের রাষ্ট্রদূত ইয়াও ওয়েন বৃহস্পতিবার (৪ জানুয়ারি) নির্বাচন ইস্যুতে বলেন, আমি মনে করি এটা সফল ও নির্ঝঞ্ঝাট নির্বাচন হবে। যা বাংলাদেশের গণতান্ত্রিক প্রক্রিয়ার জন্যও মাইলফলক হবে।একই ইস্যুতে ঢাকায় নিযুক্ত জার্মান রাষ্ট্রদূত আখিম টোস্টার বলেন, শুরু থেকে আমার অনুধাবন যে তারা (নির্বাচন কমিশন) খুবই এবং সাধ্যমত কাজ করার চেষ্টা করছে। আমি মনে করি, তারা বেশ গুরুত্ব সহকারে কঠোর পরিশ্রম করছেন।",1,1,0,1,False
"আগামীকাল রবিবার (৭ জানুয়ারি) দেশে দ্বাদশ জাতীয় সংসদ নির্বাচন অনুষ্ঠিত হতে যাচ্ছে। বাংলাদেশের জাতীয় সংসদের সদস্য নির্বাচনের জন্য ১২তম সাধারণ নির্বাচন এটি। এই নির্বাচন আয়োজনে সব মিলিয়ে প্রায় ২ হাজার ৩০০ কোটি টাকা খরচ হতে পারে বলে জানিয়েছে নির্বাচন কমিশন (ইসি)। সেই হিসেবে আসনপ্রতি ব্যয় হচ্ছে ৭ কোটি টাকারও বেশি।শনিবার (৬ জানুয়ারি) ইসির এক সূত্রে এ তথ্য জানা জানা গেছে। ইসির অতিরিক্ত সচিব অশোক কুমার দেবনাথ জানান, নির্বাচন পরিচালনা ও আইনশৃঙ্খলা খাত মিলিয়ে প্রায় দেড় হাজার কোটি টাকা বরাদ্দের প্রস্তাব করা হয়েছিল। পরে বরাদ্দের চাহিদা বেড়ে সবমিলিয়ে ব্যয় প্রায় ২ হাজার ৩০০ কোটি টাকায় দাঁড়াতে পারে।ইসি কর্মকর্তারা আরো জানান, এবারের নির্বাচনে তিন হাজারের মতো ম্যাজিস্ট্রেট মাঠে থাকবেন। এ ছাড়া আইনশৃঙ্খলা রক্ষাকারী বাহিনীর সদস্যের সংখ্যা ও মোতায়েনের সময় বৃদ্ধি পাওয়ায় ব্যয় বেড়েছে। এবার আইনশৃঙ্খলা বাহিনীর চাহিদা অনুযায়ী সম্ভাব্য ব্যয় ধরা হয়েছে ১ হাজার ২২৫ কোটি ৬২ লাখ টাকা। আর নির্বাচন পরিচালনা খাতে সম্ভাব্য ব্যয় ধরা হয়েছে ১ হাজার ৫০ কোটি ৬০ লাখ টাকা।সারা দেশে এবারের নির্বাচনে আনসার সদস্য থাকছেন পাঁচ লাখ ১৬ হাজার জন। পুলিশ ও র‌্যাব থাকছেন এক লাখ ৮২ হাজার ৯১ জন, কোস্টগার্ড দুই হাজার ৩৫০ জন এবং ৪৬ হাজার ৮৭৬ জন বিজিবি সদস্য থাকছেন। সশস্ত্র বাহিনীর সদস্য থাকছেন প্রায় অর্ধলাখ। এ ছাড়া নির্বাচন সুষ্ঠুভাবে সম্পন্ন করতে এবার চার লাখ ছয় হাজার ৩৬৪ প্রিজাইডিং অফিসার, দুই লাখ ৮৭ হাজার ৭২২ জন সহকারী প্রিজাইডিং অফিসার এবং পাঁচ লাখ ৭৫ হাজার ৪৪৩ জন পোলিং অফিসার থাকছে। এ ছাড়া বিদেশি পর্যবেক্ষকদের জন্য বিশেষ ব্যবস্থা এবং ইসি সচিবালয় ও প্রশিক্ষণেও বিপুল অর্থ খরচ হচ্ছে।উল্লেখ্য, একাদশ জাতীয় সংসদ নির্বাচন আয়োজনে ৭০০ কোটি টাকা বরাদ্দ থাকলেও পরে তা বাড়ানো হয়েছিল। তার আগে, দশম সংসদ নির্বাচনে প্রায় ২৬৪ কোটি ৬৮ লাখ টাকা, নবম সংসদ নির্বাচনে ১৬৫ কোটি টাকা, অষ্টম সংসদ নির্বাচনে ৭২ কোটি ৭১ লাখ টাকা, সপ্তম সংসদ নির্বাচনে ১১ কোটি ৪৭ লাখ টাকা, ষষ্ঠ সংসদ নির্বাচনে ৩৭ কোটি টাকা, পঞ্চম সংসদ নির্বাচনে ২৪ কোটি ৩৭ লাখ টাকা, চতুর্থ সংসদ নির্বাচনে ৫ কোটি ১৫ লাখ টাকা, তৃতীয় সংসদ নির্বাচনে ৫ কোটি ১৬ লাখ টাকা, দ্বিতীয় সংসদ নির্বাচনে ২ কোটি ৫২ লাখ টাকা ব্যয় হয়েছিল। আর ১৯৭৩ সালের ৭ মার্চ দেশের প্রথম সংসদ নির্বাচনে মোট ৮১ লাখ ৩৬ হাজার টাকা ব্যয় হয়।",1,1,0,1,False
"জাতীয় নির্বাচনে ভোট দেবার জন্য দেশবাসীকে উদাত্ত আহ্বান জানিয়েছেন প্রধান নির্বাচন কমিশনার কাজী হাবিবুল আউয়াল। শনিবার (৬ জানুয়ারি) সন্ধ্যা ৭ টায় জাতির উদ্দেশ্যে ভাষণে তিনি এ আহ্বান জানান।তিনি বলেন, উৎসবমুখর পরিবেশে উৎসাহ ও উদ্দীপনার মধ্য দিয়ে নির্বাচনী প্রচারণা শেষ হয়েছে। এখন কেবল ভোট গ্রহণ শুরুর অপেক্ষা। অংশগ্রহণকারী সকল প্রার্থী ও ভোটার সাধারণকে নির্বাচন বিষয়ক বিধি-বিধান অনুসরণ করতে হবে। নির্বাচনী দায়িত্বে নিয়োজিত সকল কর্মকর্তাকেও আইন ও বিধি-বিধান যথাযথভাবে অনুধাবন, প্রতিপালন ও প্রয়োগ করে সততা ও নিষ্ঠার সাথে নির্বাচন পরিচালনার সার্বিক বিষয়ে আরোপিত দায়িত্বপালন করতে হবে। দায়িত্ব পালনে অবহেলা, শৈথিল্য, অসততা ও ব্যত্যয় সহ্য করা হবে না। নির্বাচন বিষয়ক আইন ও বিধি-বিধান বিষয়ে সংশ্লিষ্ট সকলকে পর্যাপ্ত প্রশিক্ষণ প্রদান করা হয়েছে। আইন শৃঙ্খলা রক্ষাকারী বাহিনীর সদস্যগণ ভোটকেন্দ্রসমূহের পারিপার্শ্বিক শৃঙ্খলাসহ প্রার্থী, ভোটার, নির্বাচনী কর্মকর্তাসহ সর্বসাধারণের সার্বিক নিরাপত্তা নিশ্চিত করবেন। কোনো প্রার্থী বা প্রার্থীর পক্ষে জাল ভোট, ভোট কারচুপি, ব্যালট ছিনতাই, অর্থের লেনদেন ও পেশিশক্তির সম্ভাব্য ব্যবহার কঠোরভাবে প্রতিহত করা হবে। তথ্য প্রমাণ পাওয়া গেলে প্রার্থিতা তাৎক্ষণিক বাতিল করা হবে। প্রয়োজনে কেন্দ্র বা নির্বাচনী এলাকার ভোট গ্রহণ সামগ্রিকভাবে বন্ধ করে দেয়া হবে। জনগণকেও ঐক্যবদ্ধ হয়ে সকল প্রকারের নির্বাচনী অনিয়ম-অনাচার প্রতিহত করার উদাত্ত্ব আহ্বান জানাচ্ছি।সিইসি বলেন, অনস্বীকার্য যে, নির্বাচন প্রশ্নে, রাজনৈতিক নেতৃত্বে মতভেদ রয়েছে। মতভেদ থেকে সংঘাত ও সহিংসতা কাম্য নয়। কিন্তু পরিতাপের বিষয় নাশকতা ও সহিংসতা একেবারেই হচ্ছে না তা বলা যাচ্ছে না। রাষ্ট্রীয় ধন-সম্পদের ক্ষতিসাধনের পাশাপাশি মানুষ আহত-নিহত হচ্ছে। নির্দোষ, নিরীহ, নিষ্পাপ শিশু, নারী-পুরুষের মর্মান্তিক মৃত্যুর ঘটনাও ঘটছে। চলমান এহেন পরিস্থিতির স্থায়ী সমাধান ও অবসান প্রয়োজন। রাজনৈতিক নেতৃত্বকে এ বিষয়ে আন্তরিকভাবে উদ্যোগী হতে হবে। আজকে না হলেও ভবিষ্যতের জন্য। তিনি বলেন, গণতান্ত্রিক আশা-আকাঙ্ক্ষা ও মূল্যবোধসমৃদ্ধ আবেগ ও চেতনা থেকেই মুক্তিযুদ্ধ, স্বাধীনতা, সংবিধান এবং গণতান্ত্রিক শাসন ব্যবস্থার প্রবর্তন হয়েছিল ১৯৭২ সালে। সংবিধানে দেশের জনগণকে রাষ্ট্রের মালিক ঘোষণা করা হয়েছে। সেই মালিকানা প্রতিষ্ঠার অন্যতম প্রধান মাধ্যম হচ্ছে সংসদ নির্বাচন। রাত পোহালে আজ বাদে কালই সেই নির্বাচন। ২২ মাস পূর্বে নির্বাচন কমিশনের দায়িত্ব আমরা গ্রহণ করেছি। আগ্রহী সকল রাজনৈতিক দল, বুদ্ধিজীবী সমাজ, শিক্ষাবিদ, নাগরিক সমাজ, সিনিয়র সাংবাদিক এবং নির্বাচন বিশেষজ্ঞসহ বিভিন্ন অংশিজনের সাথে একাধিকবার সংলাপ ও মতবিনিময় করেছি। তাদের মতামত শুনেছি। সুপারিশ জেনেছি। আমাদের অবস্থানও ব্যাখ্যা করেছি। নির্বাচনে অনাগ্রহী নিবন্ধিত সকল রাজনৈতিক দলকেও সংলাপে একাধিকবার আমন্ত্রণ জানিয়েছি। আমন্ত্রণে তারা সাড়া দেননি। নির্বাচনের লক্ষে আমরা প্রস্তুতি চূড়ান্ত করেছি।আপনারা জানেন জাতীয় সংসদের সাধারণ নির্বাচন সাধারণত: পাঁচ বছর অন্তর অন্তর হয়ে থাকে। প্রজাতন্ত্র বিধায় জনগণের নির্বাচিত প্রতিনিধিদের সমন্বয়ে গঠিত সরকার দ্বারা রাষ্ট্র পরিচালনার অনিবার্য আবশ্যকতা রয়েছে। তাই নির্ধারিত সময়ে ও নির্ধারিত পদ্ধতিতে সংসদের সাধারণ নির্বাচন আয়োজনে সাংবিধানিক বাধ্যবাধকতাও রয়েছে। নির্বাহী বিভাগের কর্মকর্তা-কর্মচারীগণ এবং আইন-শৃঙ্খলা-রক্ষাকারী বাহিনীসমূহের সহায়তা নিয়ে এ আয়োজন সম্পন্ন করা হয়ে থাকে। সরকার আসন্ন সংসদ নির্বাচনকে সুষ্ঠু, অবাধ, নিরপেক্ষ, অংশগ্রহণমূলক এবং শান্তিপূর্ণ করার লক্ষে সুস্পষ্ট প্রতিশ্রুতি বারংবার ব্যক্ত করেছে। কমিশনও তার আয়ত্বে থাকা সর্বোচ্চ সামর্থ্য দিয়ে এবং সরকার থেকে আবশ্যক সকল সহায়তা গ্রহণ করে আসন্ন দ্বাদশ জাতীয় সংসদ নির্বাচনকে অবাধ, নিরপেক্ষ ও শান্তিপূর্ণ করার বিষয়ে সততা, নিষ্ঠা ও আন্তরিকতার সাথে তার দায়িত্ব পালন করার প্রতিশ্রুতি বারংবার ব্যক্ত করেছে।সিইসি বলেন, সংশ্লিষ্ট সকলের সমন্বিত সহযোগিতার মাধ্যমেই কেবল নির্বাচন সুষ্ঠু, অবাধ, নিরপেক্ষ ও অংশগ্রহণমূলক হয়ে থাকে। রাজনৈতিক দলগুলো গণতান্ত্রিক চেতনায় উদ্বুদ্ধ হয়ে প্রার্থী দিয়ে নির্বাচনে কার্যকরভাবে প্রতিদ্বন্দ্বিতা করলে, নির্বাচন অধিক পরিশুদ্ধ ও অর্থবহ হয়। তাতে জনমতেরও শুদ্ধতর প্রতিফলন ঘটে। নির্বাচন প্রক্রিয়া সমন্বয়ে সংহত ও টেকসই হয়। গণতান্ত্রিক সংস্কৃতির উৎকর্ষ-সাধন হয়। কিন্তু নির্বাচনের প্রাতিষ্ঠানিক পদ্ধতিগত মত-বিরোধের কারণে এবারের নির্বাচনে কাঙ্ক্ষিত সেরকম রাজনৈতিক অংশগ্রহণ ও প্রতিদ্বন্দ্বিতা হচ্ছে না। নির্বাচনী সার্বজনীনতা প্রত্যাশিত মাত্রায় হয়নি। তারপরও ২৮ টি দল নির্বাচনে অংশ গ্রহণ করছে। সর্বমোট ১৯৭১ জন প্রার্থী ২৯৯ আসনে প্রতিদ্বন্দ্বিতা করছেন। ফলে নির্বাচনকে প্রতিদ্বন্দ্বিতাহীন ও অংশগ্রহণমূলক নয় মর্মে আখ্যায়িত করা যাবে না। বিশ্বাস করি আলাপ-আলোচনা ও গঠনমূলক সংলাপের মাধ্যমে সমঝোতায় উপনীত হয়ে যে কোনো রাজনৈতিক সংকটের নিরসন সম্ভব। নির্বাচন বর্জনকারী দলসমূহ সহিংস পন্থা পরিহার করে কেবল শান্তিপূর্ণ পন্য়থা জনগণকে নির্বাচন বর্জনের আহ্বান জানাবে মর্মে প্রতিশ্রুতি ব্যক্ত করেছে। এতে জনমনে আশার সঞ্চারিত হয়েছিল। ঘোষিত হরতাল অবরোধের মধ্যে সহিংসতা ও নাশকতার ঘটনা দৃশ্যমান হয়েছে। ট্রেন, যানবাহন, নির্বাচন কেন্দ্রে অগ্নিসংযোগ করা হয়েছে। কারা দায়ী সেটি আমাদের বিবেচ্য নয়। তবে নাশকতা ও সহিংসতার কতিপয় সাম্প্রতিক ঘটনায় আমরা উদ্বিগ্ন। তারপরও অলংঘনীয় সাংবিধানিক দায়িত্বের অংশ হিসেবে জনগণকে অনুরোধ করছি আপনারা সকল উদ্বেগ, উৎকন্ঠা ও অস্বস্তি পরাভূত করে নির্ভয়ে আনন্দমুখর পরিবেশে ভোটকেন্দ্রে এসে অবাধে মূল্যবান ভোটাধিকার প্রয়োগ করে মূল্যবান নাগরিক দায়িত্ব পালন করবেন।প্রিয় দেশবাসীএবারে দেশে মোট ভোটার প্রায় ১২ কোটি। ভোটকেন্দ্রের সংখ্যা প্রায় ৪২,০০০। মোট ২,৬২,০০০ বুথে ভোট গ্রহণ করা হবে। ৮ লক্ষ সরকারী কর্মচারী ভোটকেন্দ্রে ভোট গ্রহণের দায়িত্বে নিয়োজিত থাকবেন। প্রায় ৩০০০ নির্বাহী ও বিচারিক ম্যাজিষ্ট্রের পাশাপাশি, সেনাবাহিনীসহ আইন-শৃঙ্খলা বাহিনীর প্রায় ৮ লক্ষাধিক সদস্য আইন-শৃঙ্খলা রক্ষা ও জননিরাপত্তার দায়িত্বে নিয়োজিত থাকবেন। জাতীয় সংসদের সাধারণ নির্বাচন একটি বিশাল, কঠিন ও জটিল কর্মযজ্ঞ। আইন ও বিধি-বিধানের প্রয়োজনীয় সংস্কারের পাশাপাশি অনলাইন পদ্ধতিতে নমিনেশন দাখিলের ব্যবস্থা করা হয়েছিল। ব্যবস্থাটি আগামীতেও বহাল থাকবে। সর্বশেষ স্মার্টফোনের মাধ্যমে ভোটার সাধারণ ও সর্বসাধারণের জন্য দিনব্যাপী কেন্দ্র ও কেন্দ্রের পোলিং সম্পর্কিত তথ্য সংগ্রহ ও পর্যবেক্ষণের সুবিধাসম্বলিত দুটি ডিজিটাল অ্যাপস কমিশন সম্প্রতি চালু করেছে। দৃশ্যমানতার মাধ্যমে নির্বাচন প্রক্রিয়ার স্বচ্ছতা ফুটিয়ে তোলা গেলে নির্বাচনের বিশুদ্ধতা ও নিরপেক্ষতা জনমনে আস্থার সৃষ্টিতে তা সহায়ক হয়। এক্ষেত্রে গণমাধ্যম ও নির্বাচন পর্যবেক্ষকদের ভূমিকা গুরুত্বপূর্ণ। তাই দেশি ও বিদেশি গণমাধ্যম ও পর্যবেক্ষকদের সহযোগিতা আমরা একান্তভাবে কামনা করছি। নির্বাচন পর্যবেক্ষণে প্রায় ২৩০০০ দেশি এবং প্রায় ২০০ বিদেশি পর্যবেক্ষক কাজ করবেন। পর্যাপ্ত সংখ্যক দেশি ও বিদেশি সংবাদকর্মীও নির্বাচন পর্যবেক্ষণ এবং চিত্র ও তথ্য সংগ্রহে মাঠে অবস্থান করবেন।সিইসি আবারো ভোটারদের প্রতি বলেন, সম্মানিত সকল ভোটারকে পরিশেষে আমি আরেকবার আহ্বান জানাচ্ছি আপনারা আগামীকাল অনুষ্ঠেয় দীর্ঘ প্রতিক্ষিত জাতীয় সংসদের সাধারণ নির্বাচনে উৎসবমুখর পরিবেশে উৎসাহ ও উদ্দীপনা সহকারে ভোটকেন্দ্রে এসে নির্বিঘ্নে স্বাধীনভাবে আপনাদের মূল্যবান ভোটাধিকার প্রয়োগ করে পছন্দের প্রার্থীকে নির্বাচিত করে সংসদ ও সরকার গঠনে নাগরিক দায়িত্ব পালন করবেন। ভোটারদের ভোট কেন্দ্রে গমনের সুবিধার্থে মোটরসাইকেল, মাইক্রোবাস, ট্যাক্সিক্যাব, ট্রাক ব্যতীত অন্য সকল প্রকার যানবাহন উন্মুক্ত থাকবে। ভোট আপনার। ভোট প্রদানে কারো হস্তক্ষেপ বা প্ররোচনায় প্রভাবিত হবেন না। কোনো রকম বাধার সম্মুখীন হলে অবিলম্বে কেন্দ্রের প্রিসাইডিং অফিসারকে অবহিত করবেন। প্রিসাইডিং অফিসার যে কোনো মূল্যে যে কোনো অপচেষ্টা প্রতিহত করে ভোটারের ভোটাধিকার প্রয়োগের স্বাধীনতা নিশ্চিত করতে আইনতঃ দায়িত্ব পালনে বাধ্য। প্রিজাইডিং অফিসারকে সহায়তা করতে পুলিশ ও ম্যাজিষ্ট্রেট নিকটেই অবস্থান করবেন।প্রার্থীদের প্রতি তিনি বলেন, নির্বাচনের অন্যতম অনুসঙ্গ হচ্ছে কার্যকর প্রতিদ্বন্দ্বিতা। কেন্দ্রে কেন্দ্রে প্রয়োজনীয় সংখ্যক সাহসী, সৎ, দক্ষ ও অনুগত পোলিং এজেন্ট নিয়োগ করে প্রার্থী হিসেবে আপনাদের নিজ নিজ অধিকার ও স্বার্থ সুরক্ষার প্রাণান্ত চেষ্টা কার্যত: আপনাদেরকেই করতে হবে। প্রতিটি কেন্দ্রে প্রয়োজনীয় সংখ্যক পোলিং এজেন্ট না থাকলে সম্ভাব্য ভোট কারচুপি কার্যকরভাবে প্রতিরোধ করা সম্ভব নাও হতে পারে। নির্বাচনী দায়িত্বে নিয়োজিত সকল কর্মকর্তা সৎ, নিরপেক্ষ ও অবিচল থেকে আইন ও বিধি-বিধান অনুসরণ করে দায়িত্ব পালন করবেন। অন্যথা হলে কঠোর আইনানুগ ব্যবস্থা গ্রহণ করা হবে। আমাদের বিশ্বাস স্ব স্ব অবস্থান থেকে সংশ্লিষ্ট সকলের দায়িত্বশীল আচরণ ও আবশ্যক আইনানুগ ভূমিকা পালনের মধ্য দিয়ে আসন্ন দ্বাদশ জাতীয় সংসদ নির্বাচন অবাধ, নিরপেক্ষ, অংশগ্রহণমূলক ও শান্তিপূর্ণ হবে। দেশে ও বহির্বিশ্বে প্রশংসিত ও বিশ্বাসযোগ্য হবে। দেশের জনশাসনে জনগণের জনপ্রতিনিধিত্ব প্রতিষ্ঠিত হবে। গণতন্ত্র সুসংহত হবে। সংসদ, সরকার ও সংবিধানের কাঙ্খিত ধারাবাহিকতা অক্ষুন্ন থাকবে।",1,1,0,1,False
"ঢাকা সিটি কলেজ কেন্দ্রে ভোট দেবেন আওয়ামী লীগ সভাপতি ও প্রধানমন্ত্রী শেখ হাসিনা। রবিবার সকাল সকাল ৮ টা ১০ মিনিটে ভোট দেবেন তিনি। প্রধানমন্ত্রীর পুত্র সজীব ওয়াজেদ জয়‌ও রবিবার সকালে মায়ের সঙ্গে সিটি কলেজে স্থাপিত ভোট কেন্দ্রে ভোট প্রদান করবেন। অপরদিকে দলটির সাধারণ সম্পাদক ওবায়দুল কাদের ভোট দেবেন নোয়াখালীর বসুরহাটে।দলীয় সূত্র জানায়, আওয়ামী লীগ সভাপতি ও প্রধানমন্ত্রী শেখ হাসিনা, তার ছোট বোন শেখ রেহানা, শেখ হাসিনার ছেলে সজীব ওয়াজেদ জয় রবিবার সকাল ৮টার পর পরই ঢাকা সিটি কলেজ ভোট কেন্দ্রে ভোট দেবেন। দলটির সাধারণ সম্পাদক এবং সড়ক পরিবহণ ও সেতুমন্ত্রী ওবায়দুল কাদের নিজ এলাকা বসুরহাট পৌরসভার ১ নম্বর ওয়ার্ডের বড় রাজাপুরে উদয়ন ফ্রি ক্যাডেট একাডেমিতে ভোট দেবেন। এছাড়া দলটির বিভিন্ন পর্যায়ের নেতারা নিজ নিজ এলাকায় ভোট কেন্দ্রে ভোট দেবেন।  ",1,1,0,1,False
"আনসার ও ভিডিপি চট্টগ্রাম রেঞ্জ উপ-মহাপরিচালক সাইফুল্যাহ রাসেল বলেছেন, দ্বাদশ জাতীয় সংসদ নির্বাচন অবাধ, সুষ্ঠু, নিরপেক্ষ ও শান্তিপূর্ণ করার লক্ষে চট্টগ্রাম রেঞ্জের পাঁচটি জেলায় ৩ হাজার ১৭০টি ভোটকেন্দ্রে ৩৮ হাজার ৪০ জন আনসার-ভিডিপি সদস্য মোতায়েন করা হয়েছে। এই বাহিনীর সদস্যরা দুই স্তরে নিরাপত্তা ব্যবস্থা নিশ্চিত করবে। নির্বাচন কমিশনের নির্দেশনা ও স্বরাষ্ট্র মন্ত্রণালয়ের পরিপত্র অনুযায়ী আইন-শৃঙ্খলা রক্ষা, ভোট কেন্দ্র ও ব্যালট বাক্সের নিরাপত্তা নিশ্চিত করা এবং ভোটদানে শৃঙ্খলা বজায় রাখতে আনসার ও ভিডিপি সদস্যরা দায়িত্ব পালন করবে।  নির্বাচন স্বচ্ছ ও শান্তিপূর্ণ করার লক্ষে অন্যান্য আইন-শৃঙ্খলা রক্ষাকারী বাহিনী ও স্থানীয় প্রশাসনকে সহযোগিতার জন্য বাংলাদেশ আনসার ও গ্রাম প্রতিরক্ষা বাহিনী দুই স্তরে নিরাপত্তা ব্যবস্থা গ্রহণ করেছে।শনিবার (৬ জানুয়ারি) সকালে নির্বাচনে আইন-শৃঙ্খলা রক্ষা ও ভোট কেন্দ্রের নিরাপত্তা বিধানে আনসার ও গ্রাম প্রতিরক্ষা বাহিনীর তৎপরতা সম্পর্কে চট্টগ্রাম রেঞ্জে অনুষ্ঠিত এক সংবাদ সম্মেলনে তিনি এসব কথা বলেন। সংবাদ সম্মেলনে ৩১ আনসার ব্যাটালিয়নের পরিচালক নাজমুল হক নবী, চট্টগ্রাম জেলা কমান্ড্যান্ট এ এইচ এম সাইফুল্লাহ্ হাবিব, ও উপ-পরিচালক সোনিয়া বেগমসহ ঊর্ধ্বতন কর্মকর্তারা উপস্থিত ছিলেন।তিনি বলেন, এছাড়া চট্টগ্রাম রেঞ্জের অধীন পাচঁটি জেলায় ২১ প্লাটুন ব্যাটালিয়ন আনসার সদস্য মোতায়েন থাকবেন। ব্যাটালিয়ন আনসারের ৬৭২ সদস্যরা রিটার্নিং অফিসারের পরিকল্পনা অনুযায়ী এক্সিকিউটিভ ম্যাজিস্ট্রেটদের নেতৃত্বে ৮৪টি সেকশনে বিভক্ত হয়ে মোবাইল স্ট্রাইকিং ফোর্স হিসেবে দায়িত্ব পালন করছেন। নির্বাচন কর্মকর্তা ও নির্বাচনী সামগ্রী, ভোটকেন্দ্রের আশেপাশের নিরাপত্তা বিধান এবং ভোটাধিকার সুষ্ঠু ও নিরবছিন্ন রাখার জন্য বাহিনীর প্রতিটি সদস্যকে সততা, নিষ্ঠা ও আন্তরিকতার সঙ্গে দায়িত্ব এবং কর্তব্য পালনের নির্দেশনা দেয়া হয়েছে। একটি অবাধ, সুষ্ঠু ও গ্রহণযোগ্য নির্বাচন সমাপ্ত করার লক্ষ্যে আনসার ও গ্রাম প্রতিরক্ষা বাহিনী বদ্ধ পরিকর।আনসারের উপ-মহাপরিচালক আরো বলেন, স্মার্ট ও সমৃদ্ধ বাংলাদেশ বিনির্মাণে বাংলাদেশ আনসার ও গ্রাম প্রতিরক্ষা বাহিনী ঐতিহাসিকভাবে সদা-সর্বদা নিবেদিত। আমি আশা করি একটি স্বচ্ছ এবং গ্রহণযোগ্য নির্বাচন উপহার দিতে প্রতিটি আনসার-ভিডিপি সদস্য তাদের উপর অর্পিত দায়িত্ব নিষ্ঠার সঙ্গে পালন করবে।সারাদেশে প্রায় ৪২,১৪৯ টি ভোট কেন্দ্রের নিরাপত্তা নিশ্চিত করতে মোট ৫,০৫,৭৮৮ (পাঁচলক্ষ পাঁচ হাজার সাতশত আটাশি জন) জন আনসার ভিডিপি সদস্য মোতায়েন করা হয়েছে। তন্মধ্যে প্রতিটি কেন্দ্রে ২ জন পিসি, এপিসি (অস্ত্রসহ), ৬ জন আনসার-ভিডিপি (পুরুষ) এবং ৪ জন আনসার-ভিডিপি (মহিলা) সহ মোট ১২ জন সদস্য মোতায়েন রয়েছে। এর মধ্যে চট্টগ্রাম রেঞ্জের পাঁচটি জেলায় ৩১৭০টি ভোটকেন্দ্রে ৩৮ হাজার ৪০ জন আনসার-ভিডিপি সদস্য মোতায়েন থাকবে। দ্বিতীয় ধাপে ৮ হাজার ৫০০ জন আনসার ব্যাটালিয়ন সদস্য ২৫০টি প্লাটুন এবং ১ হাজারটি সেকশনে বিভক্ত হয়ে মোবাইল/স্ট্রাইকিং রিজার্ভ ফোর্স হিসেবে সারাদেশে মোতায়েন রয়েছে, যারা ২৯ ডিসেম্বর ২০২৩ হতে ১০ জানুয়ারি ২০২৪ পর্যন্ত ১৩ দিন ব্যাপী নির্বাচনী নিরাপত্তার কাজে নিয়োজিত থাকবেন।",1,1,0,1,False
"দ্বাদশ জাতীয় সংসদ নির্বাচনে ৭ জানুয়ারি ভোটের শান্তিপূর্ণ পরিবেশ বজায় রাখার আহ্বান জানিয়ে গত শুক্রবার কমনওয়েলথ মহাসচিবের দেয়া এক প্রেস বিবৃতির প্রতিক্রিয়া জানিয়েছে বাংলাদেশ জাতীয়তাবাদী দল (বিএনপি)। শনিবার (৬ জানুয়ারি) দলটির সিনিয়র যুগ্ম মহাসচিব রুহুল কবির রিজভী স্বাক্ষরিত এক বিবৃতিতে এ প্রতিক্রিয়া জানায়।কমনওয়েলথ মহাসচিব বাংলাদেশে নির্বাচনের ঠিক ২ দিন আগে এ বিবৃতি দিয়েছেন। যেখানে ৭ জানুয়ারি ২০২৪, জনগণের ইচ্ছার বিরুদ্ধে নির্বাচন হতে চললেও ওইদিন ‘একটি অনুকূল পরিবেশে নাগরিকদের জন্য শান্তিপূর্ণভাবে তাদের ভোটাধিকার প্রয়োগ করতে’ বাংলাদেশের সকল রাজনৈতিক ও নাগরিক নেতাদের অবদান রাখতে আহ্বান জানানো হয়েছে।বিএনপির বিবৃতিতে বলা হয়- কমনওয়েলথ মহাসচিবের এমন আহ্বান বাংলাদেশের গণতন্ত্রপ্রেমী জনগণকে হতবাক করেছে। যারা এক দশকেরও বেশি সময় ধরে শাসন থেকে বঞ্চিত হয়েছে। কিন্তু তিনি প্রহসনমূলক ৭ জানুয়ারির নির্বাচনকে ঘিরে অনেক গুরুত্বপূর্ণ বিষয় মিস করেছেন। তার বক্তব্য বাংলাদেশের বাস্তবতাকে প্রতিফলিত করে না। আমরা বিশ্বাস করি, তার বক্তব্য গণতন্ত্রপন্থি বাংলাদেশিদের আকাঙ্ক্ষা ও আকাঙ্ক্ষার পরিপন্থি, যারা এক দশকেরও বেশি সময় ধরে একটি অবাধ, সুষ্ঠু, অন্তর্ভুক্তিমূলক এবং বিশ্বাসযোগ্য নির্বাচনের জন্য সংগ্রাম করে আসছে।বিএনপির দাবি, প্যাটিসিয়া স্কটল্যান্ডকে অবশ্যই সচেতন থাকতে হবে যে, বাংলাদেশের সব প্রধান গণতন্ত্রপন্থি রাজনৈতিক দল আসন্ন নির্বাচন বয়কট করেছে। শুধু ক্ষমতাসীন দলের মনোনীত ডামি/স্বতন্ত্র প্রার্থী এবং ক্ষমতাসীন দলের আশীর্বাদ নিয়ে ভুয়া বিরোধীদের নির্বাচনে অংশগ্রহণ করানো হয়। যেহেতু নির্বাচনের ফল ইতোমধ্যেই পূর্বনির্ধারিত এবং জনগণের কাছে প্রকৃত প্রতিদ্বন্দ্বীদের মধ্য থেকে বেছে নেয়ার কোনো বিকল্প নেই। কোনো অনুকূল পরিবেশ এবং সমান খেলার সুযোগ নেই, ভোটাররাও একতরফা ভোট প্রত্যাখ্যান করেছে। শাসকদল এখন ভোটকেন্দ্রে জনগণের উপস্থিতি প্রদর্শনের জন্য বিভিন্ন অনৈতিক পদক্ষেপ নিয়েছে যাতে ভোটার বা ভোটার নন এমন ব্যক্তিদের বলপ্রয়োগ ও ভয়ভীতি প্রদর্শনের মাধ্যমে ভোটকেন্দ্রে নিয়ে নির্বাচনকে অংশগ্রহণমূলক দেখানো যায়।বলা হয়, এ ধরনের কাল্পনিক গল্পগুলো স্থানীয় মিডিয়া (সীমাবদ্ধতা সত্ত্বেও), সোশ্যাল মিডিয়া এবং খ্যাতিমান আন্তর্জাতিক প্রিন্ট এবং ইলেকট্রনিক মিডিয়া দ্বারা ভালোভাবে কভার করা হয়েছে। তবে কমনওয়েলথ সচিবালয় এবং পরিদর্শনকারী কর্তৃপক্ষকে অবশ্যই সচেতন হওয়া উচিত যে, গত ৩ মাসে বিচারবহির্ভূত হত্যা, জোরপূর্বক গুম এবং নির্বিচারে ব্যাপক গ্রেপ্তারের মতো চরম মানবাধিকার লঙ্ঘনের মাধ্যমে দুঃশাসন, সন্ত্রাস ও ভয়ের অবস্থা তৈরি করা হয়েছে। কাল্পনিক অভিযোগে কারাগারে বন্দি বিএনপির মহাসচিব ও এর শীর্ষ নেতাসহ ২৭ হাজারের বেশি বিরোধী ভিন্নমতাবলম্বী নেতাকর্মী। পুলিশ হেফাজতে অসংখ্য মানুষ নিহত, নির্যাতন ও মারা গেছেন।বিএনপির বিবৃতিতে বলা হয়, সমস্ত গণতান্ত্রিক বিশ্ব এবং আমাদের আন্তর্জাতিক অংশীদার যারা আইনের শাসন এবং উদার মূল্যবোধে বিশ্বাসী তারাও বাংলাদেশে একটি আন্তর্জাতিক মানের অবাধ, সুষ্ঠু, অন্তর্ভুক্তিমূলক এবং বিশ্বাসযোগ্য নির্বাচনের জন্য তাদের মতামত ব্যক্ত করেছেন।অন্যদিকে, সব গণতন্ত্রপন্থী রাজনৈতিক দলকে নির্বাচন থেকে বাধ্য করে, ভয়ের সংস্কৃতি তৈরি করে এবং ডামি প্রার্থী, ডামি নির্বাচন পর্যবেক্ষক এবং ডামি ভোটারদের দ্বারা একটি মঞ্চস্থ নির্বাচনের পরিকল্পনা করে। বাংলাদেশের ক্ষমতাসীন স্বৈরাচারী শাসন পরিচালনা করছে। এটি একটি ভুয়া নির্বাচন।আরো বলা হয়, বাংলাদেশের জনগণ গণতন্ত্র, মানবাধিকার এবং মত প্রকাশের স্বাধীনতার প্রতি কমনওয়েলথের অঙ্গীকার স্বীকার করে। কমনওয়েলথের মহাসচিব যদি সত্যিকার অর্থে বাংলাদেশের জনগণের অনুভূতির প্রতিধ্বনি করতে চান, যেমন তিনি তার বিবৃতিতে উল্লেখ করেছেন, জনগণ তার কাছে একটি নিরপেক্ষ সরকার ও প্রশাসনের অধীনে জনগণের ভোটের অধিকার আদায়ে সক্রিয় ভূমিকা পালন করবে বলে প্রত্যাশা করে। কিন্তু তার বক্তব্য বাস্তবতার সংস্পর্শের বাইরে, কারণ ৭ জানুয়ারি এ প্রহসনমূলক অনুশীলনটি জাতিসংঘের মানবাধিকার ঘোষণার অনুচ্ছেদ ২১ এবং ২১-এর অধীনে কোনো মানদণ্ডের নির্বাচন হিসাবে স্বীকৃত বা আখ্যায়িত হওয়ার ন্যূনতম যোগ্যতাও পূরণ করে না।",1,1,0,1,False
"দ্বাদশ জাতীয় সংসদ নির্বাচন সামনে রেখে আজ বৃহস্পতিবার (৪ জানুয়ারি) জাতির উদ্দেশ্যে ভাষণ দেবেন প্রধানমন্ত্রী শেখ হাসিনা। বুধবার (৩ জানুয়ারি) দুপুরে আওয়ামী লীগের সাধারণ সম্পাদক ও সেতুমন্ত্রী ওবায়দুল কাদের দলটির সভাপতির ধানমন্ডির রাজনৈতিক কার্যালয়ে এক ব্রিফিংয়ে এসব কথা জানিয়েছেন।ওবায়দুল কাদের বলেন, নির্বাচনে ১১ দেশের ৮০ পর্যবেক্ষক আসবেন। ইউরোপীয় ইউনিয়নের (ইইউ) প্রতিনিধিরা আগে থেকেই ঢাকায় আছেন। বিভিন্ন দেশ থেকে ৫০ জন বিদেশি সংবাদকর্মী এসেছেন। এ সংখ্যা আরও বাড়তে পারে।নির্বাচন কমিশনের বিষয়ে ওবায়দুল কাদের বলেন, এবার নির্বাচন কমিশন স্বাধীন ও কর্তৃত্বপূর্ণ অধিকার প্রয়োগ করতে পারছে। যেখানে তারা আচরণবিধি লঙ্ঘন দেখছে সেখানেই ব্যবস্থা নিচ্ছে। অবাধ ও সুষ্ঠু নির্বাচন বিষয়ে তাদের অবস্থান দৃশ্যমান।এ সময় আওয়ামী লীগের সাংগঠনিক সম্পাদক বিএম মোজাম্মেল হক, দপ্তর সম্পাদক বিপ্লব বড়ুয়া, উপ-দপ্তর সম্পাদক সায়েম খান প্রমুখ উপস্থিত ছিলেন।",1,1,0,1,False
"ছাত্র রাজনীতিকে সাধারণ ছাত্রদের মাঝেও আকর্ষণীয় করে তুলতে হবে। ছাত্রলীগের সভায় ছাত্রলীগের পাশাপাশি বাকি সাধারণ শিক্ষার্থীরাও থাকবে নাহলে এটা 'মিনিং লেস' হবে বলে উল্লেখ করেছেন আওয়ামী লীগের সাধারণ সম্পাদক এবং সড়ক পরিবহণ ও সেতুমন্ত্রী ওবায়দুল কাদের।  বৃহস্পতিবার (৪ জানুয়ারি) দুপুর ১২টায় ঢাকা বিশ্ববিদ্যালয়ের (ঢাবি) অপরাজেয় বাংলার পাদদেশে ছাত্রলীগের ৭৬ তম প্রতিষ্ঠাবার্ষিকীতে ‘ভোট উৎসবের জন্য’, ‘নৌকার জন্য’, ‘স্মার্ট বাংলাদেশের জন্য’, ‘দেশরত্ন শেখ হাসিনার জন্য’ শীর্ষক সমাবেশ ও শোভাযাত্রা উদ্বোধনকালে তিনি এই কথা বলেন। স্মার্ট মানেই শুধু ভাষণ দেয়া নয়। বক্তব্য প্রদানকালে গতানুগতিকভকবে ১৯৪৮ সাল থেকে শুরু করে ধারাবাহিক সালভিত্তিক বর্ণনা করলে এটা এখন আর কেউ শোনো না। বক্তব্য প্রদানকালে বুঝতে হয় চোখ ও মনের ভাষা। এই বিষয়টা বুঝতে পারলে মন কথা শুনতে চাবে ও পছন্দ করবে। যেই কথা বলবে সেই নেতৃত্ব দেবে এবং কর্তৃত্ব করবে সেটাই হোক অঙ্গিকার। প্রতিষ্ঠাবার্ষিকীতে ছাত্রলীগের প্রাক্তন ও বর্তমান নেতৃবৃন্দ সকলকে ধন্যবাদ ও অভিনন্দন জানিয়ে ওবায়দুল কাদের বলেন, আগামী ৭ জানুয়ারি ফাইনাল খেলা হবে। দেশের প্রতিটি ইউনিয়ন, উপজেলা, জেলায় খেলা হবে। খেলা হবে লুটপাটের বিপক্ষে, বিএনপির অগ্নি সন্ত্রাস, সাম্প্রদায়িকতা ও জঙ্গিবাদের বিরুদ্ধে। এসময় তিনি দুর্নীতিবাজদের সাবধান করে দেন।  বিএনপিকে উদ্দেশ্য করে তিনি বলেন, বিএনপির এক দফা, তাদের ৩২ দল, মানববন্ধন, পদযাত্রা এবং বর্তমানে তাদের অবরোধ সবই ভুয়া। তাদের অবরোধের কোনো কিছুই পাবলিক মানে না। আজ বিএনপি কোথায়? তারা কোথায় পালিয়েছে? পালিয়েছে কেন? তারা খেলার মাঠে ফাউল করে লাল কার্ড পায়। তারা এখন বোমা মারবে। তারেক টেমস নদীর ওপার থেকে বোমা মেরে দেশে আতঙ্ক সৃষ্টি করবে।বিএনপি আটলান্টিকের ওপার থেকে নিষেধাজ্ঞা আসবে সেই অপেক্ষায় আছে। শেখ হাসিনা ভিসানীতির কোনো তোয়াক্কা করেনা। আটলান্টিকের ওপারে নিষেধাজ্ঞাকে ভয় পায় না শেখ হাসিনা। তিনি বাংলার জনগণকে ভালোবাসেন। কোনো বিদেশি শক্তিকে পরোয়া করেননা ৷ছাত্রলীগের ৭৬ তম প্রতিষ্ঠাবার্ষিকীতে স্মার্ট বাংলাদেশের পক্ষে ছাত্রসমাজ রায় দিয়েছে উল্লেখ করে সভাপতির বক্তব্যে ছাত্রলীগ সভাপতি সাদ্দাম হোসেন বলেন, আসন্ন নির্বাচনে আওয়ামী লীগের ইশতেহার তারুণ্যের কর্মসংস্থান ও শিক্ষার্থীদের স্বপ্ন পূরণের ইশতেহার। বাংলাদেশে বর্তমানে সাত কোটির বেশি কর্মক্ষম জনশক্তি রয়েছে। শেখ হাসিনা তার ইশতেহারে আগামী ২০৩০ সালের আগে আরো দেড় কোটি কর্মসংস্থান তৈরির নিশ্চয়তা দিয়েছেন। বাংলাদেশের কয়েক লাখ তরুণ জনগণের জন্য ৭৫০ কোটি টাকা বরাদ্দের ঘোষণা দিয়েছেন। তরুণদের স্বপ্ন শেখ হাসিনার কাছে নিরাপদ এবং শেখ হাসিনার নেতৃত্বে বাংলাদেশ ট্রিলিয়ন ডলারের ইকোনমিক দেশ হবে উল্লেখ করে তিনি আরো বলেন, আগামীতে আমাদের তরুণেরা হবে বিলিয়ন ডলারের উদ্যোক্তা। স্মার্ট বাংলাদেশের তরুণেরাই আগামীতে গুগল, মাইক্রোসফট, টেসলা কিংবা চ্যাটজিপিটির মতো প্রতিষ্ঠানে নেতৃত্ব দেবে। শেখ হাসিনার নেতৃত্বে বাংলাদেশের মফস্বল থেকে বড় হওয়া তরুণই হয়তো ভবিষ্যতে মঙ্গল গ্রহে ঘুরে বেড়াবে। ভবিষ্যতে মহাকাশযানের গায়ে লেখা থাকবে 'বিজয় উনিশশো একাত্তর'। শেখ হাসিনার নেতৃত্বেই বাংলাদেশ আরো আধুনিক ও সমৃদ্ধ হবে। বাংলাদেশ জঙ্গিদের ক্লাবের পরিবর্তে ম্যানুফ্যাকচারিং হাব হবে। বাংলাদেশের তরুণদের প্রস্তুতকৃত পণ্য বিশ্বব্যাপী ছড়িয়ে পড়বে 'মেইড ইন বাংলাদেশ' নামে। এজন্য তরুণদের নৌকার পক্ষে শপথ নেয়ার আহ্বান জানান। ছাত্রলীগের সাধারণ সম্পাদক শেখ ওয়ালী আসিফ ইনানের সঞ্চালনায় অনুষ্ঠানে আরো উপস্থিত ছিলেন- বাংলাদেশ আওয়ামী লীগের দপ্তর সম্পাদক বিপ্লব বড়ুয়া, আওয়ামী লীগের কেন্দ্রীয় কমিটি সদস্য আনোয়ার হোসেন, সাহাবুদ্দিন ফরাজি, ছাত্রলীগের সাবেক সহ-সভাপতি ও যুবলীগের সাবেক সাধারণ সম্পাদক হারুনুর রশীদ, ছাত্রলীগের সাবেক সভাপতি, মাইনুদ্দীন হাসান চৌধুরী, মো: সাইফুর রহমান সোহাগ, সাধারণ সম্পাদক ইসহাক আলী খান পান্না, অজয় কর খোকন, মাহফুজুল হায়দার চৌধুরী রোটন, মো:গোলাম রাব্বানী ও লেখক ভট্টাচার্য, ঢাবি শাখা ছাত্রলীগের সাবেক নেতৃবৃন্দ এবং বর্তমান সভাপতি মাজহারুল কবির শয়ন ও সাধারণ সম্পাদক তানভীর হাসান সৈকত। ঢাকা মহানগর উত্তরের সভাপতি রিয়াজ মাহমুদ, সাধারণ সম্পাদক সাগর আহমেদ, মহানগর দক্ষিণের সভাপতি রাজিবুল ইসলাম বাপ্পি ও সাধারণ সম্পাদক সজল কুণ্ডু প্রমুখ।সমাবেশ শেষে শোভাযাত্রাটি ঢাকা বিশ্ববিদ্যালয়ের অপরাজেয় বাংলার পাদদেশে সমাবেশের পর টিএসসি হয়ে শাহবাগ থেকে মৎস্য ভবন এরপরে কাকরাইল থেকে নাঈটিঙ্গেল মোড় হয়ে জিরো পয়েন্ট হয়ে গুলিস্তানে অবস্থিত বাংলাদেশ ছাত্রলীগের কেন্দ্রীয় কার্যালয়ে গিয়ে শেষ হয়। এর আগে, সকাল ৬টায় কেন্দ্রীয় কার্যালয়ে জাতীয় ও দলীয় পতাকা উত্তোলন, সকাল ৭টা ৩০ মিনিটে ধানমন্ডিস্থ জাতির পিতা বঙ্গবন্ধু শেখ মুজিবুর রহমানের প্রতিকৃতিতে শ্রদ্ধা নিবেদন করা হয়। এরপরে সকাল ৮টায় ঢাবির কার্জন হলে প্রতিষ্ঠাবার্ষিকীর কেক কাটা হয়। এছাড়া সকাল ৭টা ৪৫ মিনিটে টুঙ্গিপাড়ায় বঙ্গবন্ধু শেখ মুজিবুর রহমানের সমাধিসৌধে কেন্দ্রীয় ছাত্রলীগের প্রতিনিধিরা শ্রদ্ধা নিবেদন করেন।বক্তব্য প্রদানকালে ওবায়দুল কাদের বলেন, রাজনীতির বাইরেও সাধারণ ছেলে মেয়েদের বুঝাতে হবে ভালো লোকদের হাতে এই দেশের নেতৃত্ব থাকলে দেশ ভালো থাকবে। আর নেতৃত্ব যদি খারাপ লোকদের থাকে, ভালো লোকেরা রাজনীতিতে না এলে রাজনীতি মূলহীন হবে। রাজনীতিতে মেধাবীদের আসতে হবে নাহলে রাজনীতি মেধাশুন্য হবে। চরিত্রবানদের রাজনীতিতে আসতে হবে নাহলে চরিত্রহীনদের হাতে রাজনীতির নেতৃত্ব চলে যাবে। তরুণদের নেতৃত্বের গুণাবলী অর্জন করতে হবে উল্লেখ করে ওবায়দুল কাদের আরো বলেন, তরুণদের রুটিন অনুযায়ী জীবন পরিচালনা করতে হবে। দিনের কখন কি করতে হবে সেটা গুছিয়ে কাজ করতে হবে। ছাত্রলীগের ৭৬তম প্রতিষ্ঠাবার্ষিকীতে ৭৬টি অভিনন্দন জানিয়ে ছাত্রলীগের নেতাকর্মীদের পড়াশোনা করার আহ্বান জানান তিনি। রাত পর্যন্ত আড্ডা কমিয়ে দিয়ে পড়াশোনা করতে হবে। নেতাকর্মীদের নেতৃত্বের গুণাবলী অর্জন করে চিরতরে বিএনপিকে লাল কার্ড দেখাতে হবে।",1,1,0,1,False
"আওয়ামী লীগ সভাপতি ও প্রধানমন্ত্রী শেখ হাসিনা নারায়ণগঞ্জের নির্বাচনী জনসভায় যোগ দিয়েছেন। বৃহস্পতিবার (৪ জানুয়ারি) বিকেল সোয়া ৩টার দিকে শহরের ইসদাইর এলাকায় একেএম শামসুজ্জোহা ক্রীড়া কমপ্লেক্স মাঠে জনসভায় পৌঁছান তিনি। এ সময় নেতাকর্মীরা তাকে স্লোগানে স্লোগানে বরণ করে নেন। প্রধানমন্ত্রীও হাত নেড়ে উপস্থিত জনতাকে শুভেচ্ছা জানান। এদিকে দুপুরের মধ্যে জনসভাস্থল কানায় কানায় ভরে যায়। আওয়ামী লীগের নেতাকর্মীরাসহ সাধারণ মানুষের ঢল নেমেছে প্রধানমন্ত্রীর এই জনসভায়। আশপাশের এলাকায়ও হাজার হাজার নেতাকর্মীর সমাগম লক্ষ্য করা গেছে। নানান রঙের ব্যানার ও ফেস্টুনসহ রঙিন পোশাক পরে  দলীয় নেতাকর্মীরা উপস্থিত হয়েছেন।নারায়ণগঞ্জ জেলা আওয়ামী লীগের সভাপতি আব্দুল হাই জনসভা শুরুর আগে বলেন, দীর্ঘদিন পর নেত্রী নারায়ণগঞ্জ শহরে আসছেন। এটা আমাদের জন্য অনেক বড় পাওয়া। নেত্রীর আগমনকে কেন্দ্র করে নেতাকর্মীরা অনেক বেশি আনন্দিত, অনেক বেশি উচ্ছ্বসিত।সর্বশেষ ২০০৮ সালে নবম জাতীয় সংসদ নির্বাচন উপলক্ষ্যে নারায়ণগঞ্জ শহরের ওসমানী পৌর স্টেডিয়ামে নির্বাচনী জনসভায় গিয়েছিলেন আওয়ামী লীগ সভাপতি শেখ হাসিনা।",1,1,0,1,False
"ঢাকা-৮ আসনে আওয়ামী লীগের প্রার্থী আওয়ামী লীগের যুগ্ম সাধারণ সম্পাদক কৃষিবিদ আ ফ ম বাহাউদ্দিন নাছিম বলেছেন, মাননীয় প্রধানমন্ত্রী বঙ্গবন্ধু কন্যা দেশরত্ন শেখ হাসিনার নেতৃত্বে বাংলাদেশ ডিজিটাল থেকে স্মার্ট বাংলাদেশে পরিণত হচ্ছে। বাংলাদেশের রাজধানী হলো ঢাকা এবং ঢাকার হার্ট হচ্ছে ঢাকা-৮ আসন। এ ঢাকা-৮ আসনকে জনগণকে সাথে নিয়ে স্মার্ট বাংলাদেশের মডেল হিসেবে গড়ে তুলবো। বৃহস্পতিবার (৪ জানুয়ারি) সকালে ঢাকা-৮ আসনের অন্তর্গত মতিঝিলে গণসংযোগের সময় সাংবাদিকদের সাথে আলাপকালে তিনি এসব কথা বলেন। নাছিম বলেন, ঢাকা-৮ আসনটি পল্টন, মতিঝিল, শাহাবাগ, রমনা ও শাহজাহানপুর থানা নিয়ে গঠিত। এ আসনে রয়েছে বাণিজ্যিক প্রাণকেন্দ্র মতিঝিল, ২৩ বঙ্গবন্ধু এভিনিউ আওয়ামী লীগের কেন্দ্রীয় কার্যালয়, সচিবালয়, হাইকোর্ট, জাতীয় মসজিদ বায়তুল মোকাররম, কাকরাইল, নয়াপল্টন, সোহরাওয়ার্দী উদ্যান, রমনা পার্ক, ঢাকা বিশ্ববিদ্যালয়, বুয়েট, শহীদ মিনার, জাতীয় জাদুঘর, ঢাকা মেডিকেল কলেজ, বঙ্গবন্ধু শেখ মুজিব মেডিকেল বিশ্ববিদ্যালয়, বারডেম, কমলাপুর রেল স্টেশন সহ অনেক গুরুত্বপূর্ণ এলাকা। রাজধানী ঢাকার হার্ট হচ্ছে ঢাকা-৮ আসন। এই আসনকে স্মার্ট করে বঙ্গবন্ধু কন্যা শেখ হাসিনার স্মার্ট বাংলাদেশ বিনির্মাণে আমরা এগিয়ে যাবো। তিনি বলেন, ঢাকা-৮ আসনের নাগরিকদের কিছু অসুবিধা রয়েছে। গ্যাস, পানিসহ নানা বিষয়ে ভোগান্তিতে রয়েছে। আমি নির্বাচিত হলে সিটি কর্পোরেশনের মেয়রের সাথে সমন্বয় করে তাদের জন্য কাজ করব। আমি চেষ্টা করব এ এলাকা পরিষ্কার, মাদকমুক্ত, সন্ত্রাসমুক্ত করার। শিক্ষা প্রতিষ্ঠানে যাতে শিক্ষার পরিবেশ ঠিক থাকে তার জন্য আমি চেষ্টা করব। কোন প্রকার দুর্নীতিকে আমরা ছাড় দিব না। আমায় একটু সময় দিলে আমি তাদের সকল সমস্যা দূর করব ইনশাল্লাহ। নাছিম বলেন, জাতীয় সংসদের ১৮১ তম আসন হল ঢাকা-৮ আসন। এ আসনে বর্তমান ভোটার সংখ্যা হলো ২,৭০,৬৫০ জন। এর মধ্যে পুরুষ ভোটার ১,৫১,৯৩৮ জন ও নারী ভোটার ১,১৮,৭১১ জন এবং হিজড়া ভোটার ১জন। এ আসনে ভোট কেন্দ্র রয়েছে ১১০ টি। ভোটকে কেন্দ্র করে সকলের মধ্যে একটি উৎসবের আমেজ কাজ করছে। তাই সবাইকে বলব সকল অশুভ শক্তিকে প্রতিহত করতে আপনারা ৭ জানুয়ারি ভোটকেন্দ্রে এসে আপনার মূল্যবান ভোটটি প্রদান করুন। এটি সকলের প্রতি আমার আহ্বান। আওয়ামী লীগের যুগ্ম সাধারণ সম্পাদক নাছিম বলেন, বাংলাদেশের মানুষ শান্তি চায়। তারা সন্ত্রাসীদের অপকর্ম ও সাম্প্রদায়িক শক্তিকে আর চায় না। বিএনপি-জামাত হলো সাম্প্রদায়িক শক্তি। এরা জঙ্গিবাদ ও ধর্মীয় সন্ত্রাসের মাধ্যমে রাজনৈতিক ফায়দা লুটতে চায়। এই অশুভ শক্তির হাত থেকে রক্ষা পাওয়ার জন্য, দেশের উন্নয়ন অগ্রগতি ও দেশকে এগিয়ে নেয়ার জন্য যোগ্য নেতা হলেন দেশরত্ন শেখ হাসিনা। তাকে ভোট দিয়ে আবারো প্রধানমন্ত্রী বানিয়ে সন্ত্রাসীদের হাত থেকে আমাদের দেশকে রক্ষা করতে হবে।নির্বাচনী প্রচারের শেষ দিন ৪ জানুয়ারি বৃহস্পতিবার সকাল ১০ টায় পশ্চিম শান্তিবাগ এলাকায় গণসংযোগ দিয়ে বাহাউদ্দিন নাছিম তার নির্বাচনী কার্যক্রম শুরু করেন। তিনি নটরডেম কলেজের প্রিন্সিপাল ড. ফাদার হেমন্ত পিউস রোজারিওর সাথে সৌজন্য সাক্ষাৎ করেন এবং নটরডেম কলেজের শিক্ষক ও ছাত্রদের সাথে কনফারেন্স রুমে মতবিনিময় করেন। পরবর্তীতে তিনি মতিঝিল বাংলাদেশ ব্যাংক প্রাঙ্গণ থেকে জাতীয় শ্রমিক লীগের উদ্যোগে শ্রমিক কর্মচারী জমায়েত ও নির্বাচনী প্রচারণা, ঢাকা বিশ্ববিদ্যালয় টি. এস.সি অডিটোরিয়ামে মত বিনিময় সভা, মতিঝিল টিএন্ডটি স্কুল ও কলেজ মাঠে জনসভা ও বুয়েট এর শিক্ষক ও কর্মচারীদের সাথে গণসংযোগ, পুরানা পল্টন প্রতিবেশী নিরাপত্তা কমিটির সাথে মতবিনিময় সভা করেন।",1,1,0,1,False
"এদিন সকাল সাড়ে আটটার দিকে আবুজরগিফারী কলেজে ভোট পরিদর্শন করতে আসেন ঢাকা-৮ আসনের নৌকা প্রতীকের আওয়ামী লীগের যুগ্ম সাধারণ সম্পাদক আ ফ ম বাহাউদ্দিন নাছিম।‌ সবার সঙ্গে কুশল বিনিময় করেন।‌ শতবর্ষী শিরিয়া বেগমের শারীরিক খোঁজখবর নেন তিনি। এরপর বুথকেন্দ্রগুলো পরিদর্শন করেন। সহকারী প্রিজাইডিং অফিসার, পোলিং এজেন্টদের সঙ্গে কথা বলে ভোটের পরিবেশ সম্পর্কে জানতে চান।‌ পরে সাংবাদিকদের প্রশ্নের জবাবে বাহাউদ্দিন নাছিম বলেন, সকাল থেকেই বিভিন্ন কেন্দ্রে ঘুরছি। অনেক বয়স্করা এসেছেন। তরুণদের আগ্রহ বেশি। তারা বলছেন, জীবনের প্রথম ভোট দিলাম। মানুষের আগ্রহ সন্ত্রাস নৈরাজ্যের বিরুদ্ধে। দুর্নীতিকে না বলাই তাদের এই ভোট। আওয়ামী লীগ ঐতিহ্যবাহী দল। গত ১৫ বছরের উপহার উন্নয়ন ও সমৃদ্ধি। শেখ হাসিনার অসামান্য অবদানের স্বীকৃতি হিসেবে আমরা নিশ্চয়ই বিপুল ভোটে বিজয়ী হবো। তিনি বলেন, বিএনপি গণতন্ত্রে বিশ্বাসী নয়। ১৫ বছরের আন্দোলন সন্ত্রাস নৈরাজ্যের। তাদের আন্দোলনে জনগণ নেই। এজন্য তারা জনগণকে ভয় পায়। তাই নির্বাচনে অংশ নেয় না। বাংলাদেশের মানুষ শান্তিতে থাকতে চায়। তারা বিশ্বাস করে শেখ হাসিনার নেতৃত্বেই উন্নয়ন।",1,1,0,1,False
"ঢাকা-১৪ আসনের আওয়ামী লীগ মনোনীত হেভিওয়েট প্রার্থী মাইনুল হোসেন খান নিখিল ভোট দিয়েছেন। রবিবার (৭ জানুয়ারি) বশির উদ্দিন আদর্শ স্কুল এন্ড কলেজে সকাল সাড়ে ৯ টায় ভোট দেন তিনি। ভোট দেয়া শেষে প্রতিক্রিয়া জানতে চাইলে মাইনুল হোসেন খান নিখিল সাংবাদিকদের বলেন, ভোট দিলাম, এই এলাকার মানুষ আনন্দ উৎসবমুখর পরিবেশে ভোট দিচ্ছেন। আশা করছি শেষ পর্যন্ত সুষ্ঠু ভোটের পরিবেশ থাকবে এবং আমি বিপুল ভোটে জয়ী হবো। আপনার লোকেরা বিভিন্ন কেন্দ্র থেকে এজেন্ট বের করে দিচ্ছে এমন অভিযোগ পাওয়া যাচ্ছে, এ বিষয়ে কি বলবেন? লিখিল বলেন, এই ঘটনা সত্যি নয়। কারণ, আমার কর্মী এজেন্টদের এ ব্যাপারে আগে থেকেই সতর্ক করা হয়েছে। আপনার দলের অনেকেই আপনার সঙ্গে প্রতিদ্বন্দ্বিতা করছেন, তাদের প্রতি কি বলবেন, আমরা এমন কিছু করবো না যাতে প্রধানমন্ত্রী সমালোচনার মুখে পড়েন, বঙ্গবন্ধুর আদর্শ কলঙ্কিত হয়। নিজ কেন্দ্রর ভোটার উপস্থিতি কম কেনো? জানতে চাইলে আওয়ামী লীগের এই প্রার্থী বলেন, এখন তো মাত্র সকাল, আমি বিশ্বাস করি ভোটাররা আসবেন। তারা কেন্দ্রে উপস্থিত হয়ে জানান দেবেন তারা প্রধানমন্ত্রীর প্রতি কতোটা আস্থাশীল।  এর আগে, ভোর ৭ টায় বশির উদ্দিন আদর্শ স্কুল এন্ড কলেজের মূল ফটকের সামনে কিছু ভোটারকে কেন্দ্রে ঢোকার অপেক্ষায় দাঁড়িয়ে থাকতে দেখা যায়। এই কেন্দ্রে ভোটের দীর্ঘ লাইন না থাকলেও বিচ্ছিন্ন ভাবে ভোটাররা ভোট দিতে আসছেন। বিশেষ করে নতুন ভোটার যারা আছেন, তাদের মধ্যে ভোট দানে আগ্রহ সবচেয়ে বেশি। কেন্দ্রের ভেতরে প্রবেশ করে দেখা যায়, মূল ভবনের দোতালায় প্রিজাইডিং অফিসার মো. মামুনুর ভোট গ্রহণ কার্যক্রম বুঝিয়ে দিচ্ছেন। সকাল ৮টা বাজতেই কেন্দ্রের ৪ টি বুথে শুরু হয় ভোটগ্রহণ। প্রতিটি ভোট দিতে তিন থেকে চার মিনিট সময় নিচ্ছেন সহকারী প্রিজাইডিং ও পোলিং অফিসাররা। কেন্দ্রর ৩ নম্বর বুথের প্রিজাইডিং অফিসার সোহেল রানা বলেন, আমরা নিয়মতান্ত্রিক ভাবেই ভোট নিচ্ছি, বয়স্ক ভোটা যারা আছেন, তাদের মূল ফটক থেকে প্রার্থীর এজেন্টরা গিয়ে নিয়ে আসছেন। ভোটারদের কোনো অসুবিধা হচ্ছে না। তিনি বলেন, সকাল বেলা ভোটার উপস্থিতি তেমন দেখা যাচ্ছে না। কেন্দ্রটির ১নম্বর বুথে প্রথম ভোট দেন বাকের মিয়া। ভোট দিতে কোনো সমস্যা হয়েছে কিনা জানতে চাইলে তিনি বলেন, খুব ভালে ভোট হয়েছে, কোনো অসুবিধাই হয়নি; ভেতরে যারা আছেন তারা দিয়েছেন সবকিছু। কথা হয় নতুন ভোটার মিলির সঙ্গে, বোট দিয়ে কেমন লাগলো জানতে চাইলে খুব উচ্ছ্বাস নিয়ে মিলি বললেন, খুব, খুব ভালো লাগছে। আমি খুবই এক্সাইটেড, আশা করছি আমার পছন্দের প্রার্থী যাকে আমি ভোট দিয়েছি তিনিই জয়ী হবেন। ঢাকা-১৪ আসনে আওয়ামী লীগ, জাতীয় পার্টিসহ দলীয় প্রার্থী ৮ জন। স্বতন্ত্র প্রার্থী ৫। ঢাকা উত্তর সিটি কর্পোরেশনের ৭, ৮, ৯, ১০, ১১, ১২ ও সাভার উপজেলার কাউন্দিয়া ইউনিয়ন নিয়ে ঢাকা-১৪ আসন গঠিত। আসনের মোট ভোটার ৪ লাখ ১৮ হাজার ২১৭ জন। এর মধ্যে পুরুষ ২ লাখ ১৩ হাজার ৪৬৯; নারী ভোটার ২ লাখ চার হাজার ৭৪৪ জন। হিজড়া ভোটার আছে ৪ জন।নির্বাচনে সংসদীয় আসন বাগাতে প্রার্থিতা করছেন আওয়ামী লীগ প্রার্থী মো. মাইনুল হোসেন খান নিখিল (নৌকা), জাতীয় পার্টির আলমাস উদ্দিন (লাঙ্গল), জাসদের আবু হানিফ (মশাল), তৃণমূল বিএনপির নাজমুল ইসলাম (সোনালী আঁশ), বিএনএফের কামরুল ইসলাম (টেলিভিশন), ন্যাশনাল পিপলস পার্টির মাহবুব মোড়ল (আম), বাংলাদেশ সুপ্রিম পার্টির সৈয়দ সাইফুদ্দিন আহমেদ (একতারা), সাংস্কৃতিক মুক্তিজোটের আসিফ হোসেন (ছড়ি), স্বতন্ত্র প্রার্থী সাবিনা আক্তার তুহিন (ট্রাক), লুৎফর রহমান (কেটলি), জেড আই রাসেল (ঈগল), এমরুল কায়েস খান (রকেট), মোহাম্মদ মহিবুল্লাহ (দালান) ও কাজী ফরিদুল হক (বাঁশি)।",1,1,0,1,False
"ঢাকা-২ আসনের কেরানীগঞ্জে সকাল থেকে ভোটার উপস্থিতি কম থাকলেও বেলা বাড়ার সঙ্গে সঙ্গে ভোটার উপস্থিতি বাড়ছে। দ্বাদশ জাতীয় সংসদ নির্বাচনে ঢাকা-২ আসনে যে চারজন প্রার্থী প্রতিদ্বন্দ্বিতা করছেন, তার মধ্যে অন্যতম আওয়ামী লীগের হেভিওয়েট প্রার্থী সাবেক খাদ্যমন্ত্রী অ্যাডভোকেট কামরুল ইসলাম।ঢাকা-২ আসনে ৫ লাখ ৫৮ হাজার ৯৫৭ জন ভোটারের মধ্যে ঢাকা দক্ষিণ সিটি কর্পোরেশনের অন্তর্ভুক্ত তিনটি ওয়ার্ড রয়েছে। যেটি সাভার, কামরাঙ্গীরচর ও কেরানীগঞ্জ নিয়ে গঠিত। এর মধ্যে কামরাঙ্গীচরেই এক লাখ ৭৬ হাজার ভোটার রয়েছে। কামরাঙ্গীচরের ক্যামব্রিজ স্কুল কেন্দ্রে সাড়ে ১০ হাজারের ওপর ভোটার রয়েছে। ওই কেন্দ্রের ভোটাররা বলছেন, এখানে বেশিরভাগ মানুষ শ্রমজীবী। এখন যে উপস্থিতি, সেটি ক্রমেই বাড়বে।সকালে ভোট দিতে এসে সাবেক খাদ্যমন্ত্রী এডভোকেট কামরুল ইসলাম বলেন, এখন পর্যন্ত ভোটার উপস্থিতি সন্তোষজনক। যেহেতু শীতের সকাল। কিছুক্ষণ পর ভোটার উপস্থিতি আরো বাড়বে। ভোটের দিন রবিবার সকালে কেন্দ্র পরিদর্শন করে সাংবাদিকদের সঙ্গে মতবিনিময় করেন তিনি। সার্বিক পরিস্থিতি নিয়ে কামরুল ইসলাম বলেন, এখন পর্যন্ত ভোটার উপস্থিতি সন্তোষজনক। শীতের সকাল কিছুক্ষণ পর ভোটার উপস্থিতি আরো বাড়বে। কোনো ধরনের সহিংসতা হচ্ছে কি না এমন প্রশ্নের জবাবে তিনি বলেন, একেবারেই শান্তিপূর্ণ ভোট হচ্ছে। খুব সুন্দর ভোট হচ্ছে। স্মুথলি সবাই ভোট উৎসব করছে, লাইন ধরে ভোট দিচ্ছে। যত সময় গড়িয়ে যাচ্ছে ভোটারদের সংখ্যা তত বৃদ্ধি পাবে বলে আমি আশা করি।",1,1,0,1,False
"সকাল থেকে ঢাকা-১৮ আসনের অন্তর্ভুক্ত উত্তরা এলাকার কেন্দ্রগুলোতে ভোটার উপস্থিতি ছিল একদমই কম। কিন্তু বেলা বাড়ার সাথে সাথে ভোটার উপস্থিতি বাড়তে শুরু করেছে। উত্তরার মালেকাবান আদর্শ বিদ্যানিকেতনের কেন্দ্রে ভোট দিতে আসা এক নারী জানান, একসঙ্গে আব্দুল্লাহপুরের বাসা থেকে তারা তিনজন এসেছেন। খুব সুন্দর পরিবেশে শান্তিপূর্ণভাবে ভোট দিতে পেরেছেন। কেউ কোন বাধা সৃষ্টি করেননি।কুড়িল সরকারি প্রাথমিক বিদ্যালয় কেন্দ্রের ৩ নম্বর বুথের কেটলি মার্কার পোলিং এজেন্ট রায়হান বলেন, সকালে ভোটার উপস্থিতি একদমই কম ছিল। এখন বাড়ছে। এই কেন্দ্রে দায়িত্বরত ভাটারা থানার এসআই শহিদ আহমেদ জানান, ভোটার উপস্থিতি বাড়ছে। আমরা সর্বোচ্চ সতর্ক রয়েছি।এদিকে নির্বাচনে ৩৫ থেকে ৪০ শতাংশ ভোট হতে পারে এমন 'কাল্পনিক' ধারণা করলেও সকাল থেকে এই পর্যন্ত ভোটার উপস্থিতি আশানুরূপ নয় বলে জানিয়েছেন নির্বাচন কমিশনার আহসান হাবীব খান। সকালে ঢাকা-১৮ আসনের উত্তরা হাই স্কুল কেন্দ্র ঘুরে তিনি এই কথা জানান। ভোটারের উপস্থিতি জানতে চাইলে ইসি আহসান হাবীব বলেন, এখনো বলার মত সুযোগ হয় নাই। শীতের সকাল আর বিশেষ করে এই এলাকা একটু এলিট এলাকা। তাই তারা হয়তো ঘুম থেকে একটু দেরিতে ওঠে। আমরা মনে করি বেলা বাড়ার সাথে সাথে ভোটার সংখ্যা ধীরে ধীরে বাড়বে।ভোটের পরিবেশের ব্যাপারে তিনি বলেন, সকাল থেকে বেশ কয়েকটা কেন্দ্র ঘুরেছি। সেখানের পরিবেশ ছিল অভূতপূর্ব। খুবই সুন্দর পরিবেশ বিরাজ করছে যাতে নির্বিঘ্নে, নির্দ্বিধায় ভোটার ভোটকেন্দ্রে আসতে পারে এবং ভোট প্রদান করতে পারে। আমি পোলিং এজেন্টদের সাথে কথা বলেছি, প্রিজাইডিং অফিসারদের সাথে কথা বলেছি। এত সুন্দর পরিবেশ দেখতে পেরে সবাই খুশি। তারা ভাবছে এমন একটা পরিবেশ সৃষ্টি করবে যেটা অতীতে দেখে নাই কেউ। নতুন প্রজন্মের জন্য এটা একটা অনুকরণীয় হয়ে থাকবে।।",1,1,0,1,False
"দ্বাদশ জাতীয় সংসদ নির্বাচনে ভোট দিলেন ঢাকা-১৭ আসনে আওয়ামী লীগ প্রার্থী মোহাম্মদ এ আরাফাত। রবিবার (৭ জানুয়ারি) সকাল ৮টা থেকে দ্বাদশ জাতীয় সংসদ নির্বাচনের ভোটগ্রহণ শুরু হয়। নিজের ভোট দিতে সকালে রাজধানীর গুলশান-২ নম্বরে গুলশান মডেল হাই স্কুল অ্যান্ড কলেজ কেন্দ্রে পৌঁছান আরাফাত। এরপরে ভোট দেন তিনি।ঢাকা-১৭ আসন রাজধানীর গুলশান, বনানী, ভাসানটেক থানা ও সেনানিবাস এলাকা নিয়ে গঠিত। সংসদে আসন নম্বর ১৯০। এই আসনে মোট কেন্দ্র ১২৪টি। মোট ভোটার ৩ লাখ ২৩ হাজার ৯৩২ জন। এর মধ্যে পুরুষ ভোটার ১ লাখ ৭০ হাজার ৭৮৩ জন ও নারী ভোটার ১ লাখ ৫৩ হাজার ১৪৪ জন। মোহাম্মদ এ আরাফাত ছাড়াও ঢাকা-১৭ আসনে আরো লড়ছেন ৬ জন প্রার্থী। বাংলাদেশ সুপ্রীম পার্টি (বি.এস.পি) থেকে একতারা মার্কায় লড়ছেন শাহ আলম, আম মার্কায় ন্যাশনাল পিপলস পার্টির মো. গোলাম ফারুক মজনু, কুলা মার্কায় বিকল্প ধারা বাংলাদেশের মো. আইনুল হক, সোনালী আঁশ মার্কায় তৃণমূল বিএনপির কাজী শফিউল বাশার, টেলিভিশন মার্কায় বাংলাদেশ ন্যাশনালিস্ট ফ্রন্টের (বিএনএফ) এস. এম. আবুল কালাম আজাদ ও বেলুন মার্কা নিয়ে লড়ছেন স্বতন্ত্র প্রার্থী আরাফাত আশওয়াদ ইসলাম।",1,1,0,1,False
"ঢাকা উত্তর সিটি কর্পোরেশনের (ডিএনসিসি) মেয়র মো. আতিকুল ইসলাম বলেছেন, 'জনগণ ব্যালটের মাধ্যমে অগ্নি সন্ত্রাসের জবাব দিবে।'তিনি বলেন, 'অগ্নি সন্ত্রাস যারা করছে তারা চায় না সাংবাদিকভাবে রাষ্ট্র চলুক। কিন্তু জনগণ চায়, প্রধানমন্ত্রী চায় এবং আমরা চাই সংবিধান অনুযায়ী রাষ্ট্র পরিচালিত হবে। পাঁচ বছর পর পর ভোটের মাধ্যমে সর্বোচ্চ গণতান্ত্রিক উপায়ে সরকার গঠিত হবে। জনগণ যাকে ভোটের মাধ্যমে জয়ী করবে সংবিধান অনুযায়ী সে দায়িত্ব গ্রহণ করবে।'রবিবার (৭ জানুয়ারি) সকালে উত্তরা রাজউক মডেল কলেজ কেন্দ্রে দ্বাদশ জাতীয় সংসদ নির্বাচনে ভোট দেয়ার পরে সাংবাদিকদের সাথে আলাপকালে এসব কথা বলেন ডিএনসিসি মেয়র মো. আতিকুল ইসলাম। ট্রেনে অগ্নি সন্ত্রাসকে অমানবিক ও পৈশাচিক উল্লেখ করে মেয়র বলেন, 'অগ্নি সন্ত্রাস করে বাচ্চাদের হত্যা করা অমানুষিক। বিএনপি, জামায়াতের অগ্নি সন্ত্রাস প্রমাণ করে যারা দেশের স্বাধীনতা চায় নাই, যারা পাকিস্তানি হানাদার বাহিনীর দোসর তারা এখনো আছে। তাদের বিরুদ্ধে রুখে দাঁড়াতে হবে। পেট্রোল মেরে, বোমা মেরে, মানুষ খুন করে ভোটের ধারাকে ব্যহত করা যাবে না। জনগণের ভোটে গণতান্ত্রিক ধারা অব্যাহত থাকবে।'মেয়র বলেন, 'স্মার্ট বাংলাদেশ বিনির্মাণের লক্ষে মাননীয় প্রধানমন্ত্রী শেখ হাসিনা যে ইশতেহার ঘোষণা করেছেন জনগণ বিপুল ভোটে নৌকাকে বিজয়ী করবে। আমি বলি নৌকার কোন ব্যাক গিয়ার নাই, নৌকার গিয়ার একটি সেটি হলো উন্নয়নের গিয়ার। আজ ভোটের দিন সবার মধ্যে ঈদের আনন্দের মতো উৎসব। পুরো শহরে পুলিশ বাহিনী নিরবিচ্ছিন্ন নিরাপত্তা নিশ্চিত করেছে। সুন্দর আবহাওয়া সবাইকে আমন্ত্রণ জানাচ্ছি আপনারা ভোট কেন্দ্রে আসুন, ভোট দিন।'সাংবাদিকের এক প্রশ্নের জবাবে মেয়র বলেন, 'পাঁচ বছর পর জাতীয় নির্বাচন হয়। ভোট দেয়া জনগণের নাগরিক অধিকার। খুব সুন্দর সুশৃঙ্খল ভোটের পরিবেশ বিরাজ করছে। আমি নগরবাসীকে অনুরোধ করবো সবাই ভোট দিন, আপনাদের নাগরিক অধিকার প্রয়োগ করুন। আমি বিশ্বাস করি এবছর ভোটের পার্সেন্টেজ বিগত সময়ের তুলনায় অনেক বেশি হবে। শীতের সকাল তাই বেলা বাড়ার সাথে সাথে ভোটারের উপস্থিতি অনেক বাড়বে।'",1,1,0,1,False
"দ্বাদশ জাতীয় সংসদ নির্বাচনে ভোট দিয়েছেন ঢাকা-৬ আসনে বাংলাদেশ আওয়ামী লীগ মনোনীত নৌকা প্রতীকের প্রার্থী মোহাম্মদ সাঈদ খোকন। রবিবার (৭ জানুয়ারি) বেলা ১২টায় পুরান ঢাকার বংশালের নাজিরা বাজার ইসলামিয়া সরকারি প্রাথমিক বিদ্যালয় কেন্দ্রে ভোট দেন তিনি।এ সময় মোহাম্মদ সাঈদ খোকনের সঙ্গে ওই কেন্দ্রে ভোট দেন তাঁর মা ফাতেমা হানিফসহ পরিবারের সদস্যরা। ভোট দেয়া শেষে নাজিরা বাজার ইসলামিয়া সরকারি প্রাথমিক বিদ্যালয় কেন্দ্রের সামনে সাংবাদিকদের সঙ্গে মতো বিনিময় করেন মোহাম্মদ সাঈদ খোকন ও তাঁর মা ফাতেমা হানিফ। আপনার ছেলে ঢাকা দক্ষিণ সিটি কর্পোরেশনের মেয়র ছিল। তখন তিনি মন্ত্রী পদমর্যাদা পেয়েছিলেন। এবার মোহাম্মদ সাঈদ খোকন সংসদ সদস্য বিজয়ী হলে মন্ত্রী হবেন বলে প্রত্যাশা করেন কি না, সাংবাদিকদের এমন প্রশ্নের জবাবে অবিভক্ত ঢাকা সিটি কর্পোরেশনের মেয়র মোহাম্মদ হানিফের স্ত্রী ফাতেমা হানিফ বলেন, 'ইনশাআল্লাহ, আল্লাহ চাহেতো আমার ছেলে বিজয়ী হবে।'এর আগে, মোহাম্মদ সাঈদ খোকন সাংবাদিকদের বলেন, অত্যন্ত সুন্দর ও সুষ্ঠু পরিবেশে ভোট হচ্ছে। জয়ের ব্যাপারে শতভাগ আশাবাদী। বেলা বাড়ার সঙ্গে সঙ্গে ভোটার উপস্থিতি বাড়বে বলে জানান তিনি।",1,1,0,1,False
"দ্বাদশ জাতীয় সংসদ নির্বাচনের ভোটগ্রহণ শান্তিপূর্ণভাবে শেষ হয়েছে। সারাদেশে ভোট গ্রহণ শেষে এখন চলছে গণনা। এর আগে রবিবার (৭ জানুয়ারি) সকাল ৮টা থেকে বিকাল ৪টা পর্যন্ত ৩০০ আসনের মধ্যে ২৯৯টি আসনে একযোগে ভোট গ্রহণ করা হয়। নওগাঁ-২ আসনে একজন প্রার্থীর মৃত্যুর কারণে নির্বাচন বন্ধ রাখা হয়েছে।  নির্বাচনের সর্বশেষ ফলাফল নিচে দেয়া হলো-দল	আসন সংখ্যাআওয়ামী লীগ (নৌকা) -১৭৮টিজাতীয় পার্টি (লাঙ্গল) -৬টিস্বতন্ত্র-৫১টিঅন্যান্য-০০এদিকে, নিবন্ধিত ৪৪টি রাজনৈতিক দলের মধ্যে বিএনপিসহ ১৬টি দল নির্বাচন বর্জন করে আন্দোলনে রয়েছে। বেশকিছু জায়গায় ভোটকেন্দ্রে অগ্নিসংযোগের ঘটনা ঘটেছে। ভোট ঠেকাতে হরতাল ডেকেছে বিএনপি-জামায়াতসহ সমমনা দলগুলো। বাস-ট্রেনে আগুনে ঘটেছে মানুষের প্রাণহানি। এসব দলের ভোট বর্জনের মধ্যেই দেশের ২৯৯টি আসনে নির্বাচন শেষ হয়।জাতীয় সংসদে ২৯৯ আসনে ভোটার ১১ কোটি ৯৩ লাখ ৩২ হাজার ৯৩৪ জন। তাদের ৬,০৫,৯২,১৯৭ জন পুরুষ; ৫,৮৭,৩৯,৮৮৯ জন নারী এবং ৮৪৮ জন হিজড়া। ৪২ হাজার ২৪টি ভোটকেন্দ্রের ২ লাখ ৬০ হাজার ৮৫৬টি ভোটকক্ষে নেয়া হয় ভোট।২৯৯ আসনে এবার নির্বাচনী লড়াইয়ে রয়েছেন ১৯৬৯ জন প্রার্থী। তাদের মধ্যে ১ হাজার ৫৩২ জন দেশের ২৮টি রাজনৈতিক দলের মনোনীত প্রার্থী; বাকি ৪৩৭ জন স্বতন্ত্র। এছাড়া প্রার্থীর মৃত্যুতে পিছিয়ে যাওয়া নওগাঁ-২ আসনে প্রার্থী আছেন আরো দুজন। দ্বাদশ সংসদ নির্বাচনে রেকর্ড ৯৭ জন নারী প্রার্থী রয়েছেন।২৯৯ আসনে এককভাবে সবচেয়ে বেশি প্রার্থী ক্ষমতাসীন আওয়ামী লীগের ২৬৫ জন (নৌকা ২৭১)। একাদশ সংসদের বিরোধী দল জাতীয় পার্টির (লাঙ্গল) ২৬৪ জন প্রতিদ্বন্দ্বিতা করছেন। ক্ষমতাসীন আওয়ামী লীগের প্রার্থীর পাশাপাশি তাদের শরিক ওয়র্কার্স পার্টি, জাসদ, জেপির ছয় জন নৌকা প্রতীক নিয়ে নির্বাচন করছে।",1,1,0,1,False
"বান্দরবান আস‌নে সপ্তমবা‌রের মত নৌকার প্রার্থী বীর বাহাদুর উশৈসিং বেসরকা‌রিভা‌বে নির্বা‌চিত হ‌য়ে‌ছে। র‌বিবার (৭ জানুয়ারি) সকাল ৮টা থেকে বিকাল ৪ টা পর্যন্ত বান্দরবান ৩০০ নং সংসদীয় আসনের সাত‌টি উপ‌জেলা ও দু‌টি পৌরসভা ও ৩৪টি ইউনিয়নের ১৮২ ভোটকেন্দ্রে ব্যালটের মাধ্যমে শা‌ন্তিপূর্ণ ভোট গ্রহণ শেষ হয়।এই আসনটিতে ১৮২টি কে‌ন্দ্রে ভোটের হার ৬১.৭২ শতাংশ ও সর্বশেষ ফলাফলে বেসরকারিভাবে আওয়ামী লীগের নৌকার প্রার্থী বীর বাহাদুর উশৈসিং ভোট পে‌য়ে‌ছেন ১ লাখ ৭২ হাজার ২৪০ এবং তার নিকটতম প্রতিদ্বন্দ্বী জাতীয় পার্টির লাঙ্গলের প্রার্থী এটিএম শহিদুল ইসলাম পে‌য়ে‌ছেন ১০ হাজার ৪৩ ভোট পে‌য়েছেন।    উল্লেখ্য, বান্দরবান ৩০০ নং সংসদীয় আসনে ভোটার সংখ্যা ২ লাখ ৮৮ হাজার ৩০ জন। তার মধ্যে নারী ভোটার এক লাখ ৩৯ হাজার ৪৪৬ জন। আর পুরুষ ভোটার এক লাখ ৪৮ হাজার ৫৮৪ জন। ভোট কে‌ন্দ্রের সংখ্যা ছিল ১৮২‌টি সবগু‌লো কে‌ন্দ্রের ফলাফল ঘোষণা করা হয়েছে। ",1,1,0,1,False
"দ্বাদশ জাতীয় সংসদ নির্বাচনে শেরপুর-২ (নকলা-নালিতাবাড়ী) আসনে জাতীয় সংসদের উপনেতা মতিয়া চৌধুরী বেসরকারিভাবে নির্বাচিত হয়েছেন।রবিবার (৭ জানুয়ারি) রাত ৮টার দিকে নকলা ও নালিতাবাড়ীর দুই সহাকারী রিটার্নিং কর্মকর্তা   আ. লীগের সভাপতিমণ্ডলীর এ সদস্যকে বেসরকারিভাবে বিজয়ী ঘোষণা করেন।সহকারী রিটার্নিং কর্মকর্তাদের সূত্র জানায়, এ আসনে মোট কেন্দ্রের সংখ্যা ১৫৪ টি। এর মধ্যে নৌকা প্রতীক নিয়ে মতিয়া চৌধুরী পেয়েছেন ২ লাখ ১২ হাজার ১৪২ ভোট। আর তার প্রতিদ্বন্দ্বীদের মধ্যে মশাল প্রতীক নিয়ে জাসদের লাল মোহাম্মদ শাহজাহান কিবরিয়া পেয়েছেন ৪ হাজার ৫৭৫ ভোট। ঈগল প্রতীক নিয়ে স্বতন্ত্র প্রার্থী সৈয়দ মুহাম্মদ সাঈদ পেয়েছেন ৫ হাজার ৩৪২ ভোট।মতিয়া চৌধুরী সাবেক কৃষিমন্ত্রী। ২০২৩ সালের ১২ জানুয়ারিতে তিনি জাতীয় সংসদের সংসদ উপনেতা হিসেবে দায়িত্ব নেন।",1,1,0,1,False
"দ্বাদশ জাতীয় সংসদ নির্বাচনে নৌকা প্রতীক নিয়ে বেসরকারিভাবে বিপুল ভোটে জয়লাভ করেছেন জনপ্রশাসন প্রতিমন্ত্রী ফরহাদ হোসেন। এ নিয়ে তৃতীয়বারের মত দলীয় প্রতীক নিয়ে সংসদ সদস্য নির্বাচিত হলেন তিনি। এর আগে দশম ও একাদশ জাতীয় সংসদ নির্বাচনে নৌকা প্রতীকে জয়লাভ করেছিলেন ফরহাদ। ৭ জানুয়ারি দিনব্যাপী শান্তিপূর্ণ পরিবেশে সকাল ৮ থেকে বিকাল ৪ টা পর্যন্ত ভোট গ্রহণ অনুষ্ঠিত হয়। এতে ফরহাদ হোসেন নৌকা প্রতীক নিয়ে পেয়েছেন ৯৪ হাজার ৪০৩ টি ভোট, তার নিকটতম প্রতিদ্বন্দ্বী স্বতন্ত্র প্রার্থী প্রফেসর আবদুল মান্নান ট্রাক প্রতীক নিয়ে পেয়েছেন ৫৭ হাজার ৬৮২ টি ভোট, মোট ভোটার ৩ লাখ ৩৭ জন। বিষয়টি নিশ্চিত করেন জেলা প্রশাসক শামীম হাসান। মেহেরপুর সদর ও মুজিবনগর উপজেলা নিয়ে মেহেরপুর ১ আসন। ১১৭টি কেন্দ্রে ভোট গ্রহণ অনুষ্ঠিত হয়। এ আসনে মোট ৬ জন প্রার্থী প্রতিদ্বন্দ্বীতা করেন।অন্যদিকে মেহেরপুর ২ আসনে প্রথমবার নৌকা প্রতীক নিয়ে বেসরকারিভাবে নির্বাচিত হয়েছেন এএসএম নাজমুল হক। গাংনী উপজেলা নিয়ে ২ আসন। ৯০ কেন্দ্রে ভোট গ্রহণ অনুষ্ঠিত হয়। এতে নৌকা প্রতিক নিয়ে নাজমুক হক পেয়েছেন ৭২ হাজার ৭২৮ ভোট, তার নিকটতম প্রতিদ্বন্দ্বী স্বতন্ত্র প্রার্থী সাবেক সংসদ সদস্য মকবুল হোসেন ট্রাক প্রতীক নিয়ে পেয়েছেন ৪৯ হাজার ৫৯৩ ভোট, মোট ভোটার ২ লাখ ৫৫ হাজার ৯২৯ জন। এ আসনে মোট ৭ জন প্রার্থী প্রতিদ্বন্দ্বীতা করেন।",1,1,0,1,False
দ্বাদশ জাতীয় সংসদ নির্বাচনে কিশোরগঞ্জ-৬ আসনে বেসরকারিভাবে নির্বাচিত হয়েছেন নাজমুল হাসান পাপন। এই নিয়ে চতুর্থবারের মতো সংসদ সদস্য নির্বাচিত হয়েছেন বাংলাদেশ ক্রিকেট বোর্ডের সভাপতি।রবিবার (৭ জানুয়ারি) সকাল ৮টায় সারা দেশে একযোগে দ্বাদশ জাতীয় সংসদ নির্বাচনের ভোটগ্রহণ শুরু হয়। বিকেল ৪টা পর্যন্ত বিরতিহীনভাবে চলে এই কার্যক্রম। এরপর শুরু হয় ভোট গণনার কাজ।     কিশোরগঞ্জ-৬ আসনের ১৪২টি কেন্দ্রের মধ্যে ভোটগণনা শেষে বিজয়ী হয়েছেন পাপন। ১৪২ কেন্দ্রে নৌকা প্রতীকে তিনি ভোট পেয়েছেন ১ লাখ ৯৮ হাজার ১৫৫টি। পাপনের নিকটতম প্রার্থী জাতীয় পার্টি থেকে নূরুল কাদের সোহেল পেয়েছেন ৩ হাজার ৫৫টি ভোট।  ,1,1,0,1,False
"গোপালগঞ্জ-৩ (টুঙ্গিপাড়া-কোটালীপাড়া) আসনে বিপুল ভোট পেয়ে বেসরকারিভাবে নির্বাচিত হয়েছেন আওয়ামী লীগের সভাপতি ও প্রধানমন্ত্রী শেখ হাসিনা।  প্রাপ্ত ফল অনুযায়ী, সব কেন্দ্রের ঘোষিত ফলে শেখ হাসিনা নৌকা প্রতীকে পেয়েছেন  ২ লাখ ৪৯ হাজার ৯৬২ ভোট।  তাঁর নিকটতম প্রতিদ্বন্দ্বি বাংলাদেশ সুপ্রিম পার্টির মনোনীত প্রার্থী এম নিজাম উদ্দীন লস্কর একতারা প্রতীকে পেয়েছেন ৮৬৯। রবিবার (৭ জানুয়ারি) সন্ধ্যায় জেলা প্রশাসক কার্যালয় মিলনায়তনে দ্বাদশ জাতীয় সংসদ নির্বাচনের ফল ঘোষণা করেন জেলা প্রশাসক ও রিটার্নিং কর্মকর্তা কাজী মাহবুবুল আলম। উল্লেখ্য, দ্বাদশ জাতীয় সংসদ নির্বাচনের ভোটগ্রহণ শান্তিপূর্ণভাবে শেষ হয়। এর আগে রবিবার (৭ জানুয়ারি) সকাল ৮টা থেকে বিকাল ৪টা পর্যন্ত ৩০০ আসনের মধ্যে ২৯৯টি আসনে একযোগে ভোট গ্রহণ করা হয়। নওগাঁ-২ আসনে একজন প্রার্থীর মৃত্যুর কারণে নির্বাচন বন্ধ রাখা হয়।  ",1,1,0,1,False
"নির্বাচনের ফল ঘোষণার পর আওয়ামী লীগের নেতাকর্মী-সমর্থকদের বিজয় মিছিল না করতে নির্দেশ দিয়েছেন দলটির সভাপতি ও প্রধানমন্ত্রী শেখ হাসিনা।আওয়ামী লীগের উপ-দপ্তর সম্পাদক সায়েম খান রবিবার (৭ জানুয়ারি) রাতে গণমাধ্যমকে এ কথা জানিয়েছেন।সায়েম খান আরো বলেন, ‘নির্বাচনে ফল ঘোষণার পর কোনো প্রকার বিজয় মিছিল না করতে এবং অন্যপ্রার্থী ও তার কর্মী-সমর্থকদের সঙ্গে সহিংসতা বা আত্মকলহ লিপ্ত না হতে সাংগঠনিক নির্দেশনা দিয়েছেন আওয়ামী লীগ সভাপতি বঙ্গবন্ধুকন্যা শেখ হাসিনা।’",1,1,0,1,False
"দ্বাদশ জাতীয় সংসদ নির্বাচনের বেসরকারি ফলাফলে কিশোরগঞ্জের তিনটি আসনে সাবেক তিন রাষ্ট্রপতির সন্তানেরা জয়ী হয়েছেন। রবিবার (৭ জানুয়ারি) সকাল ৮টা থেকে বিকেল ৪টা পর্যন্ত ভোট গ্রহণ শুরু হয় এবং চলে বিকেল ৪টা পর্যন্ত।কিশোরগঞ্জ সদর ও হোসেনপুর উপজেলা নিয়ে গঠিত কিশোরগঞ্জ-১ আসনে জয়ী হয়েছেন মুজিবনগর সরকারের অস্থায়ী রাষ্ট্রপতি সৈয়দ নজরুল ইসলামের মেয়ে সৈয়দা জাকিয়া নূর (লিপি)। নৌকা প্রতীকে লড়ে জয়ী হন তিনি। তাঁর প্রতিদ্বন্দ্বী ছিলেন তাঁর আপন বড় ভাই মেজর জেনারেল (অব.) সৈয়দ সাফায়েতুল ইসলাম। তাদের ভাই আওয়ামী লীগের প্রয়াত সাবেক সাধারণ সম্পাদক ও স্থানীয় সরকার, পল্লী উন্নয়ন ও সমবায়মন্ত্রী সৈয়দ আশরাফুল ইসলাম এই আসনের সংসদ সদস্য ছিলেন।কিশোরগঞ্জ-৪ (ইটনা-মিঠামইন-অষ্টগ্রাম) আসনে জয়ী হয়েছেন বর্তমান সংসদ সদস্য (নৌকা) রেজওয়ান আহাম্মদ তৌফিক। তিনি সাবেক রাষ্ট্রপতি মো. আবদুল হামিদের ছেলে।কিশোরগঞ্জ-৬ (ভৈরব-কুলিয়ারচর) আসনে জয়ী হয়েছেন বর্তমান সংসদ সদস্য (নৌকা) ও বাংলাদেশ ক্রিকেট বোর্ডের (বিসিবি) সভাপতি নাজমুল হাসান (পাপন)। তিনি সাবেক রাষ্ট্রপতি মো. জিল্লুর রহমানের ছেলে।এ ছাড়া কিশোরগঞ্জ-২ (কটিয়াদী-পাকুন্দিয়া) আসনে স্বতন্ত্র প্রার্থী (ঈগল) আইনজীবী মো. সোহরাব উদ্দিন, কিশোরগঞ্জ-৩ (করিমগঞ্জ-তাড়াইল) আসনে জাতীয় পার্টির (জাপা) মহাসচিব (লাঙ্গল) মুজিবুল হক (চুন্নু) ও কিশোরগঞ্জ-৫ (নিকলী-বাজিতপুর) আসনে বর্তমান সংসদ সদস্য (নৌকা) মো. আফজাল হোসেন জয়ী হয়েছেন।",1,1,0,1,False
"বাগেরহাট-২ (সদর ও কচুয়া) আসনে আওয়ামী লীগের প্রার্থী শেখ তন্ময় দ্বিতীয় বারের মতো বিপুল ভোটে বিজয়ী হয়েছেন।বিভিন্ন কেন্দ্র, রিটার্নিং কর্মকর্তা ও সহকারী রিটার্নিং কর্মকর্তার নিয়ন্ত্রণ কক্ষ থেকে পাওয়া তথ্য অনুযায়ী, এই আসনের দুটি উপজেলার ১২৫টি কেন্দ্রে নৌকা প্রতীক নিয়ে শেখ তন্ময় পেয়েছেন ১ লাখ ৮২ হাজার ৩১৮ ভোট। তার নিকটতম প্রতিদ্বন্দ্বী জাতীয় পার্টির হাজরা শহিদুল ইসলাম লাঙ্গল প্রতীক নিয়ে হাজরা শহিদুল ইসলাম ৪ হাজার ১৭৪ ভোট।এই নিয়ে শেখ তন্ময় বাগেরহাট-২ আসন থেকে দ্বিতীয় বারের মত সংসদ সদস্য নির্বাচিত হলেন। এই আসনে ৩ লক্ষ ২০ হাজার ১৪১ টি ভোট এবং ৬ জন প্রার্থী ছিলেন।",1,1,0,1,False
"দ্বাদশ জাতীয় সংসদ নির্বাচনে জাতীয় পার্টির চেয়ারম্যান গোলাম মোহাম্মদ কাদের (জিএম কাদের ) নির্বাচিত হয়েছেন। রবিবার (০৭ জানুয়ারি) স্থানীয় সূত্রে প্রাপ্ত ফলাফলে বেসরকারিভাবে তাকে বিজয়ী ঘোষণা করা হয়।জাতীয় পার্টি জিএম কাদের লাঙ্গল মার্কা নিয়ে ভোট পেয়েছেন ৮১,৮৬১। তার নিকটতম প্রতিদ্বিন্দ্বী পেয়েছেন স্বতন্ত্র প্রার্থী মোছা. আনোয়ারা ইসলাম রানী ঈগল মার্কা নিয়েছেন পেয়েছেন ২৩,৩২৬  ভোট।এছাড়া ন্যাশনাল পিপলস পার্টির শফিউল আলম আম মার্কা নিয়ে ভোট পেয়েছেন শূন্য, বাংলাদেশ কংগ্রেসের মো. একরামুল হক ডাব নিয়ে পেয়েছেন শূন্য ভোট, বাংলাদেশ সুপ্রিম পার্টির (বি.এস.পি) মো. আব্দুর রহমান (রেজু) একতারা মার্কা নিয়ে শূন্য ভোট, জাতীয় সমাজতান্ত্রিক দল-জাসদের মো. সহিদুল ইসলাম মশাল মার্কা নিয়ে শূন্য ভোট পেয়েছেন।",1,1,0,1,False
"ব্রাহ্মণবাড়িয়া-৩ (সদর) আসনে বিপুল ভোটের ব্যবধানে নৌকা প্রতীকের র আ ম উবায়দুল মোকতাদির চৌধুরী বেসরকারিভাবে জয়ী হয়েছেন।রবিবার (৭ জানুয়ারি) দ্বাদশ জাতীয় সংসদ নির্বাচনের ভোটগ্রহণ শেষে ১৯২ কেন্দ্র থেকে প্রাপ্ত ফলাফলে মোকতাদির চৌধুরী ১ লাখ ৫০ হাজার ৯৫৬ ভোট পেয়েছেন। তার নিকটতম প্রতিদ্বন্দ্বী কাঁচি প্রতীকের স্বতন্ত্র প্রার্থী ৬১ হাজার ৩৫৪ ভোট পেয়েছেন।দ্বাদশ জাতীয় সংসদ নির্বাচনে এই আসনে আওয়ামী লীগ, বিএনএম, জাসদসহ বিভিন্ন রাজনৈতিক দলের আটজন প্রার্থী প্রতিদ্বন্দ্বিতা করেছেন। অন্যরা হলেন: বাংলাদেশ জাতীয়তাবাদী আন্দোলন (বিএনএম) জামাল রানা-(নোঙ্গর প্রতীক), ইসলামী ফ্রন্টের সৈয়দ মো. নূরে আজম (মোমবাতি প্রতীক), জাতীয় সমাজতান্ত্রিক দলের (জাসদ) মো. আবদুর রহমান খান (মশাল প্রতীক), বাংলাদেশ খেলাফত আন্দোলনের প্রার্থী মাওলানা মুজিবুর রহমান হামিদী (বটগাছ প্রতীক), ন্যাশনাল পিপলস পার্টির (এনপিপি) সৈয়দ মাকসুদুল হক আক্কাছ (আম প্রতীক) ও বাংলাদেশ সুপ্রিম পার্টির সোহেল মোল্লা (একতারা প্রতীক)।ব্রাহ্মণবাড়িয়া-৩ আসনে মোট ভোটার ছয় লাখ ২১ হাজার ৫৮৪ জন। এর মধ্যে সদর উপজেলায় চার লাখ ১৩ হাজার ৯৩২ জন এবং বিজয়নগর উপজেলায় দুই লাখ ৭ হাজার ৬৫২ জন।",1,1,0,1,False
দ্বাদশ জাতীয় সংসদ নির্বাচনে কুমিল্লা-৭ (চান্দিনা) আসনে বেসরকারি ফলাফল ঘোষণা করা হয়েছে। এ ফলাফলে জয়ী হয়েছেন নৌকা প্রতীকের প্রার্থী প্রাণ গোপাল দত্ত। তিনি ১ লাখ ৭৩ হাজার ৬৭৬ ভোট পেয়ে বিজয়ী হন।রবিবার (৭ জানুয়ারি) রিটার্নিং কর্মকর্তা ও জেলা প্রশাসক খন্দকার মুশফিকুর রহমান তার কার্যালয়ে এ ফলাফল ঘোষণা করেন। নির্বাচনে মোট ৬৩ দশমিক ৮৮ শতাংশ ভোট পড়েছে বলে জানিয়েছেন তিনি।তার নিকটতম প্রতিদ্বন্দ্বী ঈগল প্রতীকের স্বতন্ত্র প্রার্থী মো. মুনতাকিম আশরাফ টিটু। তিনি পেয়েছেন ১১ হাজার ৬৬৮ ভোট।এর আগে সকাল ৮টায় শুরু হওয়া ভোট শেষ হয় বিকেল ৪টায়। এরপর শুরু হয় গণনা।,1,1,0,1,False
"মানিকগঞ্জ-০২ (সিংগাইর ও হরিরামপুর উপজেলা এবং সদর উপজেলার পুটাইল, ভাড়ারিয়া ও হাটিপাড়া) আসনে স্বতন্ত্র প্রার্থী( ট্রাক প্রতীক) দেওয়ান জাহিদ আহমেদ টুলুর কাছে হেরে গেলেন কণ্ঠশিল্পী মমতাজ বেগম। এ আসনে মোট ১৯৩ টি ভোট কেন্দ্রের সব গুলির ফলাফল অনুযায়ী ট্রাক প্রতীকে স্বতন্ত্র প্রার্থী দেওয়ান জাহিদ আহমেদ টুলু পেয়েছেন ৮৮ হাজার ৩০৯ ভোট এবং নৌকা প্রতীকে মমতাজ বেগম পেয়েছেন ৮২ হাজার ১৩৮ ভোট।এতে ৬ হাজার ১৭১ভোট বেশি পেয়ে ট্রাক প্রতীকের স্বতন্ত্র প্রার্থী দেওয়ান জাহিদ আহমেদ টুলু নৌকাকে পরাজিত করে নির্বাচিত হয়েছেন।সংসদীয় আসনের সকল কেন্দ্রের ভোট গণনা শেষে রাত রাত ১১ টায়  রিটার্নিং অফিসার ও জেলা প্রশাসক রেহানা আক্তার তার কক্ষে চূড়ান্ত ফলাফল ঘোষণা দেন। এতে দেওয়ান জাহিদ আহমেদ টুলু বেসরকারিভাবে নির্বাচিত হন। ",1,1,0,1,False
"চট্টগ্রাম- ১৫ আসনে গত তিনবারের সংসদ সদস্য বিতর্কিত প্রার্থী আবু রেজা মুহাম্মদ নিজামুদ্দিন নদভী নৌকা প্রতীক নিয়েও এবার বিজয়ী হতে পারেননি। এই আসনে ঈগল প্রতীক নিয়ে স্বতন্ত্র প্রার্থী আওয়ামী লীগ নেতা আব্দুল মোতালেব ৮৫ হাজার ৬২৮ ভোট পেয়ে বেসরকারিভাবে নির্বাচিত হয়েছেন। শোচনীয়ভাবে পরাজিত হয়েছেন নদভী, তার প্রাপ্ত ভোট মাত্র ৩৯ হাজার ২৫২ ভোট। চট্টগ্রাম -১ আসনে নৌকা প্রতীকে বেসরকারিভাবে বিজয়ী হয়েছেন মাহবুর উর রহমান রুহেল, পেয়েছেন ৮৯ হাজার ৬৪ ভোট, তার নিকটতম প্রতিদ্বন্দ্বী স্বতন্ত্র প্রার্থী আওয়ামী লীগ নেতা মোহাম্মদ গিয়াসউদ্দিন পেয়েছেন ৫২ হাজার ৯৯৫ ভোট।চট্টগ্রাম -২ ( ফটিকছড়িতে) নৌকা প্রতীক নিয়ে সব পুরুষ প্রার্থীকে পেছনে ফেলে বিপুল ভোটে বিজয়ী হয়েছেন খাদিজাতুল আনোয়ার সনি। তিনি পেয়েছেন ১ লাখ ৩৭০ ভোট। তার নিকটতম প্রতিদ্বন্দ্বী স্বতন্ত্র প্রার্থী ও আওয়ামী লীগ নেতা আবু তৈয়ব পেয়েছেন ৩৬ হাজার ৫৮৭ ভোট। চট্টগ্রাম -৯ আসনে নৌকা প্রতীকে বিজয়ী হয়েছেন ব্যারিস্টার মহিবুল হাসান চৌধুরী নওফেল, তিনি পেয়েছেন ১ লাখ ৩০ হাজার ৯৯৮, নাঙ্গল প্রতীক নিয়ে সাজিদ পেয়েছেন ১৯৮২ ভোট। চট্টগ্রাম-১১ আসনে নৌকা প্রতীক নিয়ে ৫১ হাজার ৪৯৪ ভোট পেয়ে বেসরকারিভাবে বিজয়ী হয়েছেন। তার নিকটতম প্রতিদ্বন্দ্বী কেটলি প্রতীক নিয়ে স্বতন্ত্র প্রার্থী হিসেবে আওয়ামী লীগ প্রার্থী জিয়াউল হক সুমন পেয়েছেন ৪৬ হাজার ৫২৫ ভোট। চট্টগ্রামের সাতকানিয়া-লোহাগাড়া আসনে এতদিন বিতর্কিত রাজনীতিবিদ নদভী ধরাশায়ী হওয়ায় দীর্ঘদিন পর এই আসনে আওয়ামী লীগের বিজয় হয়েছে বলে তৃণমূল পর্যায়ের নেতাকর্মীদের দাবি। কারণ নদভী মূলত: জামায়াত সমর্থিত এবং আওয়ামী লীগে অনুপ্রবেশকারী হিসেবেই পরিচিত ছিলেন। ",1,1,0,1,False
"আবারো ঢাকা-২ আসনে বিপুল ভোটের ব্যবধানে জয়ী হয়েছেন আওয়ামী লীগের সভাপতিমণ্ডলীর সদস্য প্রার্থী মো. কামরুল ইসলাম।রবিবার (৭ জানুয়ারি) স্থানীয় সূত্রে প্রাপ্ত ফলাফলে বেসরকারিভাবে তাকে বিজয়ী ঘোষণা করা হয়।আওয়ামী লীগ প্রার্থী মো. কামরুল ইসলাম নৌকা মার্কা নিয়ে ভোট পেয়েছেন ১৫৪,৪৪৮। তার নিকটতম প্রতিদ্বন্দ্বী স্বতন্ত্র থেকে ডা. হাবিবুর রহমান ট্রাক মার্কা নিয়ে ভোট পেয়েছেন ১০,৬৩৫।এছাড়াও ইসলামী ঐক্যজোটের মাওলানা মো. আশরাফ আলী জিহাদী মিনার মার্কা নিয়ে ভোট পেয়েছেন ২,৯২৫, জাতীয় পার্টি শাকিল আহম্মেদ শাকিল লাঙ্গল মার্কা নিয়ে ভোট পেয়েছেন ২,০৮৬।এ আসনে মোট ভোটার ৫৫৮,৯৫৪, মোট কেন্দ্র ১৯৭। পুরুষ ভোটার ২৮৯,৪৫৩ নারী ভোটার ২৬৯,৪৮৮।",1,1,0,1,False
দ্বাদশ সংসদ নির্বাচনে গাইবান্ধা-১ (সুন্দরগঞ্জ) আসনে  ঢেঁকি প্রতীকের স্বতন্ত্র প্রার্থী ইঞ্জিনিয়ার আব্দুল্লাহ নাহিদ নিগার সাগর বেসরকারিভাবে জয়ী হয়েছেন।রবিবার (৭ জানুয়ারি) রাত ৯ টার দিকে সুন্দরগঞ্জ উপজেলা পরিষদের সম্মেলন কক্ষে সহকারী রিটার্নিং কর্মকর্তা ও নির্বাহী কর্মকর্তা মো. তারিকুল ইসলাম এ ফলাফল ঘোষণা করেন।এ ফলাফলে  তিনি ৬৬ হাজার ৪৯ ভোট পেয়ে বিজয়ী হন। তার নিকটতম প্রতিদ্বন্দ্বী জাতীয় পার্টি মনোনীত লাঙ্গল প্রতীকের প্রার্থী ব্যারিস্টার শামীম হায়দার পাটোয়ারী। তিনি পেয়েছেন ৪৩ হাজার ৪৯১ ভোট। নির্বাচনে ১ লাখ ১৬ হাজার ৯৪ জন ভোটার তাদের ভোটাধিকার প্রয়োগ করেন। নির্বাচন কমিশনের তথ্য অনুযায়ী এ আসনে ভোট পড়েছে ৩০ শতাংশ। গাইবান্ধা-১ (সুন্দরগঞ্জ) আসনে মোট ভোটার ৩ লাখ ৯৩ হাজার ৪৪ জন। আসনটির ভোট কেন্দ্র ১১৪ টি ও ভোটকক্ষ ছিলো ৮৪৬ টি। আসনটিতে দশজন প্রার্থী প্রতিদ্বন্দ্বিতা করেন।,1,1,0,1,False
"দ্বাদশ জাতীয় সংসদ নির্বাচনে মুন্সিগঞ্জ ৩ (গজারিয়া- মুন্সিগঞ্জ) আসনে বিপুল ভোটে নৌকা প্রতীকের প্রার্থী এডভোকেট মৃণাল কান্তি দাসকে পরাজিত করে ৮৯ হাজার ৭শ ৫ ভোট বেশি পেয়ে জয়লাভ করেছেন কাঁচি প্রতীকের স্বতন্ত্র প্রার্থী হাজী মোহাম্মদ ফয়সাল বিপ্লব। তার নিকটতম প্রতিদ্বন্দ্বী মৃণাল নৌকা প্রতীকে পেয়েছেন ৮২ হাজার ৮শ ৩৩ ভোট। রবিবার (৭ জানুয়ারি) রাতে বেসরকারি ফলাফল ঘোষণা করেন জেলা রিটার্নিং অফিসার ও জেলা প্রশাসক আবু জাফর রিপন। এ আসনে ১৬৯টি কেন্দ্রের ফলাফলে দেখা যায়, নৌকা প্রতীকে মৃনাল কান্তি দাস ৮২ হাজার ৮৩৩ ভোট ও কাঁচি প্রতীকে স্বতন্ত্র প্রার্থী ফয়সাল বিপ্লব পেয়েছেন ৮৯ হাজার ৭শ ৫ ভোট।  এ আসনে সংসদ সদস্য পদে ১০ জন প্রার্থী প্রতিদ্বন্দ্বিতা করেছেন। জাতীয় পার্টির প্রার্থী রফিকুল্লাহ সেলিম লাঙ্গল প্রতীকে ভোট পেয়েছেন ২ হাজার ৯শ ৩৬ ভোট, অন্যান্য প্রার্থীদের মধ্যে কেটলি পেয়েছেন ৪৯ ভোট, চেয়ার ৪৮৫, টেলিভিশন ৫৪, মোমবাতি ৬২০, ঈগল ১৯২, একতারা ৭৪৩, ছড়ি ১০৬। তবে আওয়ামী লীগ সমর্থিত প্রার্থী মৃণাল ও স্বতন্ত্র প্রার্থী ফয়সাল বিপ্লবের মধ্যে মূল প্রতিদ্বন্দ্বিতা হয়। এ আসনে মোট ভোটার ৪ লাখ ৮০ হাজার ২৪৫ জন। এর আগে সকাল ৮টা থেকে বিকেল ৪টা পর্যন্ত একটানা ব্যালটের মাধ্যমে ভোটগ্রহণ অনুষ্ঠিত হয়। এই আসনের ২টি পৌরসভা ও ১৭ টি ইউনিয়নের ১৬৯ টি কেন্দ্রে  ভোটগ্রহণ হয়। কেন্দ্রে ভোটার উপস্থিতি তুলনামূলক কম ছিল। এবং বিচ্ছিন্ন কিছু ধাওয়া পাল্টা ধাওয়া হয়। এর মধ্যে নির্বাচনী সহিংসতার জেরে পৃথক স্থানে ২ জর নিহতের ঘটনা ঘটে।",1,1,0,1,False
"সুনামগঞ্জ-২ (দিরাই-শাল্লা ) আসনে স্বতন্ত্র প্রার্থী  ও বর্তমান  এম পি  ড. জয়া সেন গুপ্তা তৃতীয়বারের মতো বিপুল ভোটে বিজয়ী হয়েছেন। দুই উপজেলার ১১১টি কেন্দ্রে  কাঁচি  প্রতীক নিয়ে তিনি পেয়েছেন ৬৭  হাজার ৭ শত ৭৫ভোট। তার নিকটতম প্রতিদ্বন্দ্বী  বাংলাদেশ আওয়ামী লীগ  মনোনীত চৌধুরী আব্দুল্লাহ আল মাহমুদ (আল আমিন চৌধুরী) নৌকা প্রতীকে পেয়েছেন ৫৮ হাজার ৬ শত ৭২ভোট। ড.জয়া সেনগুপ্তা চৌধুরী আব্দুল্লাহ আল মাহমুদ কে  ৯১০৩ ভোট ব্যবধানে পরাজিত করেছেন।রবিবার (৭ জানুয়ারি) রাত ৯টায় বিভিন্ন কেন্দ্রের এজেন্টদের কাছ থেকে পাওয়া তথ্যানুযায়ী এই ফলাফল পাওয়া যায়৷ এছাড়াও নির্বাচনে ড. জয়া সেন গুপ্তার  সঙ্গে প্রতিদ্বন্দ্বীতা করেছিলেন স্বতন্ত্র প্রার্থী মিজানুর রহমান, গণতন্ত্র পার্টির মিহির রঞ্জন দাস",1,1,0,1,False
"ঝালকাঠি-১ আসনে বিএনপি থেকে পদত্যাগ করে আওয়ামী লীগের মনোনয়ন নিয়ে বিপুল ভোটে বিজয়ী হয়েছেন নৌকার প্রার্থী মুহাম্মদ শাহজাহান ওমর।রবিবার (৭ জানুয়ারি) সকাল ৮টায় ভোটগ্রহণ শুরু হয়ে চলে বিকেল ৪টা পর্যন্ত। এরপর শুরু হয় ভোট গণনা। গণনা শেষে এ তথ্য জানা গেছে।৯০টি ভোট কেন্দ্রে অনুষ্ঠিত ঝালকাঠি-১ আসনে নির্বাচনে লড়েছেন ৮ জন প্রার্থী। নৌকা প্রতীকের প্রার্থী শাহজাহান ওমর ৯৫ হাজার ৪৭৮ ভোট পেয়ে বিজয়ী হয়েছেন।প্রাপ্ত তথ্য অনুযায়ী, বিজয়ী ওমরের সবচেয়ে কাছের প্রতিদ্বন্দ্বী জাকের পার্টির প্রার্থী আবু বকর সিদ্দিক গোলাপ ফুল প্রতীকে পেয়েছেন মাত্র ১ হাজার ৬২৪ ভোট।উল্লেখ্য, ঝালকাঠি-১ (রাজাপুর ও কাঠালিয়া) আসনে মোট ভোটার সংখ্যা ২ লাখ ১২ হাজার ০৮ জন। পুরুষ ভোটার ১ লাখ ৭ হাজার ৮৬০ জন। নারী ভোটার ১ লাখ ৪ হাজার ১৪৫।",1,1,0,1,False
"বিএনপিসহ তাদের সঙ্গে যুগপৎ আন্দোলনে থাকা দলগুলোর বর্জনের মধ্যদিয়ে অনুষ্ঠিত হলো দ্বাদশ জাতীয় সংসদ নির্বাচন। তবে এসবের মধ্যেই সুষ্ঠু ভোট আয়োজনের চ্যালেঞ্জ নেয় নির্বাচন কমিশন (ইসি)। শেষ পর্যন্ত একক সংখ্যাগরিষ্ঠতা নিশ্চিত করে চতুর্থবারের মতো ক্ষমতায় বসতে যাচ্ছে আওয়ামী লীগ। এবারের নির্বাচনে সবচেয়ে বড় চমক হলো স্বতন্ত্র প্রার্থী। যাদের বেশিরভাগই আওয়ামী লীগের।একাধিক সূত্রে জানা যায়, নৌকার মনোনয়ন না পেয়ে স্বতন্ত্র প্রার্থী হিসেবে আওয়ামী লীগ নেতারাই প্রতিদ্বন্দ্বিতা করেছেন। দেশের নির্বাচনের ইতিহাসে প্রথমবারের মতো এমন ঘটনা ঘটল।রবিবার (৭ জানুয়ারি) রাত ১১টা পর্যন্ত বেসরকারিভাবে পাওয়া ২৩৫ আসনের ফলাফলে দেখা যায়, শেখ হাসিনার নেতৃত্বাধীন আওয়ামী লীগ পেয়েছে ১৭৭ আসন। আর আওয়ামী লীগের প্রধান প্রতিদ্বন্দ্বী দল জাতীয় পার্টি পেয়েছে ৮টি আসন। তবে স্বতন্ত্র প্রার্থীদের জয়ের হার এবার বেশি। তারা ৫০টি আসনে জয় পেয়েছেন।এ সংখ্যাগরিষ্ঠতার মধ্য দিয়ে চতুর্থবারের মতো ক্ষমতায় বসতে যাচ্ছে আওয়ামী লীগ। নবম জাতীয় সংসদ নির্বাচনের মধ্য দিয়ে শেখ হাসিনার নেতৃত্বে দ্বিতীয়বারের মতো ক্ষমতায় আসে দলটি। এরপর থেকে একটানা ক্ষমতায় রয়েছে।বাংলাদেশের সংবিধান অনুযায়ী— ৩০০ আসনের জাতীয় সংসদে কোনো দল যদি ১৫১ আসনে বিজয়ী হয় তাহলে তারা সরকার গঠনের যোগ্যতা অর্জন করে। সেই হিসেবে আওয়ামী লীগ ইতোমধ্যে আগামী সরকার গঠনের যোগ্যতা অর্জন করেছে। এ নির্বাচনে সংখ্যাগরিষ্ঠতার মধ্যদিয়ে টানা চতুর্থবারের মতো আওয়ামী লীগ সরকার গঠন করতে যাচ্ছে। ধারণা করা হচ্ছে, এবারো শেখ হাসিনার নেতৃত্বে টানা চতুর্থবারের মতো মন্ত্রীসভা গঠন করা হবে।",1,1,0,1,False
"দ্বাদশ জাতীয় সংসদ নির্বাচনের ভোটগ্রহণ শেষে হয়েছে। এখন চলছে গণনা। গণনা শেষে বেশ কয়েক জায়গায় রিটার্নিং কর্মকর্তারা বেসরকারিভাবে ফলাফল ঘোষণা করছেন। এবার জেনে নিন কে কোন আসনে বেসরকারিভাবে নির্বাচিত হয়েছেন।ঢাকা বিভাগঢাকা ১ আসনে নৌকা প্রতীক মার্কা সালমান এফ রহমান ১ লাখ ৪৯ হাজার ৯৭১ ভোট পেয়ে বেসরকারি ভাবে নির্বাচিত হয়েছেন৷ নিকটতম প্রতিদ্বন্দ্বী  লাঙ্গল প্রতীক মার্কা সালমা ইসলাম ৩৪ হাজার ৭৪৬ পেয়েছেন। ঢাকা-১৬ আসনে জয়ী হয়েছেন আওয়ামী লীগের প্রার্থী ইলিয়াস উদ্দিন মোল্লা। এ আসলে তিনি নৌকা প্রতীক নিয়ে ভোট পেয়েছেন ৬৫ হাজার ৬৩১টি। ঈগল প্রতীকের স্বতন্ত্র প্রার্থী সালাউদ্দিন রবিন পেয়েছেন ছয় হাজার ৩১৪ ভোট। আর জাতীয় পার্টির প্রার্থী আমানত হোসেন লাঙ্গল প্রতীক নিয়ে পেয়েছেন দুই হাজার ৩৪৮ ভোট।ঢাকা–২০ আসনে আওয়ামী লীগ মনোনীত প্রার্থী বেনজির আহমেদকে বেসরকারিভাবে নির্বাচিত ঘোষণা করা হয়েছে।নারায়ণগঞ্জ-২ আসনে বেসরকারি ফলাফলে জয়ী হয়েছেন আওয়ামী লীগের নৌকা প্রতীকের প্রার্থী নজরুল ইসলাম বাবু। তিনি এক লাখ ৬৮ হাজার ২৪২ ভোট পেয়ে বিজয়ী হন। তার নিকটতম প্রতিদ্বন্দ্বী জাতীয় পার্টির লাঙ্গল প্রতীকের প্রার্থী আলমগীর সিকদার লোটন। তিনি পেয়েছেন সাত হাজার ২৫৬ ভোট।কিশোরগঞ্জ-৫ (নিকলী-বাজিতপুর) আসনের ফলাফলে টানা চতুর্থবারের মতো জয়ী হয়েছেন নৌকা প্রতীকের প্রার্থী আফজাল হোসেন। তিনি পেয়েছেন ৮৪ হাজার ৭৯৫ ভোট। তার নিকটতম প্রতিদ্বন্দ্বী ঈগল প্রতীকের স্বতন্ত্র প্রার্থী সুব্রত পাল পেয়েছেন ৫৭ হাজার ৯০১ ভোট।কিশোরগঞ্জ-৩ (করিমগঞ্জ-তাড়াইল) আসনে ৫৭ হাজার ৫৩০ ভোট পেয়ে বেসরকারিভাবে বিজয়ী হয়েছেন জাতীয় পার্টির লাঙ্গল প্রতীকের মুজিবুল হক চুন্নু। তার নিকটতম প্রতিদ্বন্দ্বী কাঁচি প্রতীকের স্বতন্ত্র প্রার্থী মেজর (অব) নাসিমুল হক পেয়েছেন ৪২ হাজার ২৩৫ ভোট।গোপালগঞ্জ–৩ আসনে ২ লাখ ৪৯ হাজার ৯৬২ ভোট পেয়ে বিজয়ী হয়েছেন আওয়ামী লীগের সভাপতি প্রধানমন্ত্রী শেখ হাসিনা।। তার নিকটতম প্রতিদ্বন্দ্বী বাংলাদেশ সুপ্রিম পার্টির একতারা প্রতীকের প্রার্থী এম নিজামউদ্দিন লস্কর পেয়েছেন ৮৬৯ ভোট।গোপালগঞ্জ-১ আসনে জয়ী হয়েছেন আওয়ামী লীগের প্রার্থী মুহাম্মদ ফারুক খান। তিনি এক লাখ ১৮ হাজার ৭৫৯ ভোট পেয়েছেন। তাঁর নিকটতম প্রতিদ্বন্দ্বী কাবির মিয়া (স্বতন্ত্র–ঈগল) ১ লাখ ৮ হাজর ৯৩৪ ভোট পেয়েছেন।গোপালগঞ্জ-২ আসনে আওয়ামী লীগের সভাপতিমণ্ডলীর সদস্য শেখ ফজলুল করিম সেলিম (নৌকা) ২ লাখ ৯৫ হাজার ২৯৪ ভোট পেয়ে বিজয়ী হয়েছেন। তার নিকটতম প্রতিদ্বন্দী কাজী শাহীন (লাঙ্গল) ১ হাজার ৫১৪ ভোট পেয়েছেন।রাজবাড়ী–১ আসনে আওয়ামী লীগ মনোনীত কাজী কেরামত আলীকে (নৌকা) বেসরকারিভাবে বিজয়ী ঘোষণা করা হয়েছে।রাজবাড়ী–২ আসনে বেসরকারিভাবে নির্বাচিত হয়েছেন আওয়ামী লীগ মনোনীত মো. জিল্লুল হাকিম (নৌকা)।টাঙ্গাইল-৭ (মির্জাপুর) আসনে আওয়ামী লীগ মনোনীত প্রার্থী খান আহমেদ শুভ বিজয়ী হয়েছেন। তিনি পেয়েছেন ৮৮ হাজার ৩৯৩ ভোট। তার নিকটতম প্রতিদ্বন্দ্বী মির্জাপুর উপজেলা পরিষদের চেয়ারম্যান পদ থেকে পদত্যাগকারী মীর এনায়েত হোসেন পেয়েছেন ৫৭ হাজার ২৩১ ভোট। টাঙ্গাইল-৮ (সখীপুর-বাসাইল) আসনে আওয়ামী লীগ মনোনীত প্রার্থী অনুপম শাহজাহান ৯৬ হাজার ৪০১ ভোটে বেসরকারিভাবে নির্বাচিত হয়েছেন। তার নিকটতম প্রতিদ্বন্দ্বী কৃষক শ্রমিক জনতা লীগের সভাপতি কাদের সিদ্দিকী পেয়েছেন ৬৭ হাজার ৫০১ ভোট। মাদারীপুর-১ আসনে বেসরকারিভাবে বিপুল ভোটে নির্বাচিত হয়েছেন নৌকার প্রার্থী নূর-ই-আলম চৌধুরী। তিনি পেয়েছেন ১ লাখ ৯৬ হাজার ৭৩১ ভোট। তার নিকটতম প্রতিদ্বন্দ্বী লাঙ্গল প্রতীকের মোতাহার হোসেন চৌধুরী সিদ্দিক পেয়েছেন মাত্র ১ হাজার ৮২৬ ভোট।মাদারীপুর-২ আসনে বেসরকারি ফলাফল ঘোষণা করা হয়েছে। এ ফলাফলে জয়ী হয়েছেন নৌকা প্রতীকের প্রার্থী শাজাহান খান। তিনি ২ লাখ ২৩ হাজার ৫১৮ ভোট পেয়ে বিজয়ী হন। তার নিকটতম প্রতিদ্বন্দ্বী লাঙ্গল প্রতীকের প্রার্থী এ কে এম নুরুজ্জামান। তিনি পেয়েছেন ৩ হাজার ৪১৫ ভোট।চট্টগ্রাম বিভাগচট্টগ্রাম-১ (মিরসরাই) আসনে বেসরকারি ফলাফলে জয়ী হয়েছেন নৌকা প্রতীকের প্রার্থী মাহবুব উর রহমান রুহেল। তিনি পেয়েছেন ৮৯ হাজার ৬৪ ভোট। তার নিকটতম প্রতিদ্বন্দ্বী ঈগল প্রতীকের স্বতন্ত্র প্রার্থী গিয়াস উদ্দিন পেয়েছেন ৫২ হাজার ৯৯৫ ভোট।চট্টগ্রাম-৭ (রাঙ্গুনিয়া ও বোয়ালখালী আংশিক) আসনে টানা চতুর্থবার সংসদ সদস্য নির্বাচিত হয়েছেন তথ্য ও সম্প্রচারমন্ত্রী হাছান মাহমুদ। তিনি এই আসন থেকে এক লাখ ৯৮ হাজার ৯৭৬ ভোট পেয়ে বেসরকারিভাবে নির্বাচিত হয়েছেন। তার নিকটতম প্রতিদ্বন্দ্বী ইসলামী ফ্রন্টের প্রার্থী মুহাম্মদ ইকবাল হাছান (মোমবাতি) পেয়েছেন ৯ হাজার ৩০১ ভোট।চট্টগ্রাম-৯ (কোতোয়ালী-বাকলিয়া) আসনে নৌকার প্রার্থী শিক্ষা উপমন্ত্রী মহিবুল হাসান চৌধুরী ১ লাখ ৩০ হাজার ৯৯৩ ভোট পেয়ে বেসরকারিভাবে নির্বাচিত হয়েছেন। তার নিকটতম প্রতিদ্বন্দ্বী জাতীয় পার্টির লাঙ্গল প্রতীকের ব্যারিস্টার সানজিদ রশিদ চৌধুরী পেয়েছেন ১ হাজার ৯৮২ ভোট।খাগড়াছড়ি আসনে বেসরকারি ফলাফলে হ্যাটট্রিক জয় পেয়েছেন আওয়ামী লীগ মনোনীত নৌকা প্রতীকের প্রার্থী কুজেন্দ্র লাল ত্রিপুরা। তিনি ২ লাখ ২০ হাজার ৮১৬ ভোট পেয়ে জয়ী হন। তার নিকটতম প্রতিদ্বন্দ্বী জাতীয় পার্টির মনোনীত লাঙ্গল প্রতীকের প্রার্থী মিথিলা রোয়াজা। তিনি পেয়েছেন ১০ হাজার ৯’শ ৩৮ ভোট।নোয়াখালী–৫ (কোম্পানীগঞ্জ–কবিরহাট) আসনে বিপুল ভোটের ব্যবধানে বিজয়ী হয়েছেন ক্ষমতাসীন আওয়ামী লীগের সাধারণ সম্পাদক ও সেতুমন্ত্রী ওবায়দুল কাদের।চাঁদপুর–১ (কচুয়া) আসনে নৌকা প্রতীকের ড. সেলিম মাহমুদকে বেসরকারিভাবে বিজয়ী ঘোষণা করা হয়েছে।বান্দরবান (৩০০ নং) আসনে বেসরকারিভাবে বিজয়ী হয়েছেন আওয়ামী লীগ মনোনীত নৌকার প্রতীকের প্রার্থী বীর বাহাদুর উশৈসিং।ব্রাহ্মণবাড়িয়া-১ (নাসিরনগর) আসনে বিএনপি থেকে বহিস্কৃত স্বতন্ত্রপ্রার্থী (কলার ছড়ি) সৈয়দ এ কে একরামুজ্জামান ৮৯ হাজার ৭৫৮ ভোট পেয়ে বেসরকারিভাবে নির্বাচিত হয়েছেন। তার নিকটতম প্রতিদ্বন্দ্বী নৌকার প্রার্থী বর্তমান সংসদ সদস্য ৪৬ হাজার ৬৩৩ ভোট পেয়েছেন। ব্রাহ্মণবাড়িয়া-২ (সরাইল-আশুগঞ্জ) আসনে স্বতন্ত্র প্রার্থী মো. মঈন উদ্দিন (কলার ছড়ি) ৮৪ হাজার ৬৭ ভোট পেয়ে বেসরকারিভাবে জয়ী হয়েছেন। তার নিকটতম প্রতিদ্বন্দ্বী স্বতন্ত্র প্রার্থী জিয়াউল হক মৃধা (ঈগল) পেয়েছেন ৫৫ হাজার ৪৩১ ভোট। ব্রাহ্মণবাড়িয়া-৩ (সদর ও বিজয়নগর) নৌকার প্রার্থী বর্তমান সংসদ সদস্য র আ ম উবায়দুল মোকতাদির চৌধুরী ১ লাখ ৫৮ হাজার ৫৭২ ভোট পেয়ে বেসরকারিভাবে বিজয়ী হয়েছেন। তার নিকটতম প্রতিদ্বন্দ্বী স্বতন্ত্র প্রার্থী ফিরোজুর রহমান (কাঁচি) ৬৪ হাজার ৩৭ ভোট পেয়েছেন। ব্রাহ্মণবাড়িয়া-৪ আসনে হ্যাট্রিক জয় পেলেন আইনমন্ত্রী আনিসুল হক। তিনি মোট ভোট পেয়েছেন ২ লাখ ২০ হাজার ৬৬৭টি। আনিসুল হকের নিকটতম প্রতিদ্বন্দ্বী ন্যাশনাল পিপলস পার্টির প্রার্থী শাহীন খান' ভোট পেয়েছেন ৬৫৮৬। তিনি 'আম' প্রতীক নিয়ে নির্বাচন করেন।  ফুলের মালা' প্রতীকে  তরিকত ফেডারেশনের ছৈয়দ জাফরুল কুদ্দুছ পেয়েছেন ৪৫৭৪ ভোট। দুই উপজেলা নিয়ে গঠিত এই সংসদীয় আসনে  গড় ভোট পড়েছে ৫৮.১৩ শতাংশ।ব্রাহ্মণবাড়িয়া-৬ (বাঞ্ছারামপুর) আসনে নৌকার প্রার্থী বর্তমান সংসদ সদস্য এ বি তাজুল ইসলাম ১ লাখ ৯২ হাজার ৯১৩ ভোট পেয়ে বেসরকারিভাবে নির্বাচিত হয়েছেন। তার নিকটতম প্রতিদ্বন্দ্বী লাঙ্গল প্রতীকে আমজাদ হোসেন পেয়েছেন ২ হাজার ৬৬৬।সিলেট বিভাগসিলেট ৪ আসনে নৌকা প্রতীকে দুই লাখ পাঁচ হাজার আটশো আটানব্বই ভোট পেয়ে ৭ম বারের মত বিজয়ী হয়েছেন ইমরান আহমদ।সিলেট-৬ আসনে চমক দেখিয়ে ১৯ হাজার ভোটের ব্যবধানে জয়ী হয়েছেন নৌকা প্রতীকের আওয়ামী লীগের প্রার্থী সাবেক শিক্ষামন্ত্রী নুরুল ইসলাম নাহিদ। এ আসনে নাহিদ পেয়েছেন ৫৮ হাজার ১২৬ ভোট। তার নিকটতম প্রতিদ্বন্দ্বী ঈগল প্রতীকের স্বতন্ত্র প্রার্থী সরওয়ার হোসেন পেয়েছেন ৩৯ হাজার ৩৮৭ ভোট। তৃতীয় অবস্থানে রয়েছেন তৃণমূল বিএনপির চেয়ারম্যান শমসের মবিন চৌধুরী। তিনি পেয়েছেন ১০ হাজার ৮৫৮ ভোট।সুনামগঞ্জ–৩ (জগন্নাথপুর–শান্তিগঞ্জ) আসনে বড় ভোটের ব্যবধানে টানা চতুর্থবারের মতো বিজয়ী হয়েছেন আওয়ামী লীগ মনোনীত পরিকল্পনা মন্ত্রী এমএ মান্নান।মৌলভীবাজার–৪ আসনে বেসরকারিভাবে নির্বাচিত হয়েছেন আওয়ামী লীগের মনোনীত প্রার্থী মো. আব্দুস শহিদ।হবিগঞ্জ-৪ (মাধবপুর-চুনারুঘাট) আসনে স্বতন্ত্র প্রার্থী ব‍্যারিস্টার সৈয়দ সায়েদুল হক সুমন ঈগল প্রতীকে বিজয়ী হয়েছেন। তিনি পেয়েছেন এক লাখ ৬৯ হাজার ৯৯ ভোট। তার নিকটতম প্রতিদ্বন্দ্বী নৌকা প্রতীকের প্রার্থী বেসামরিক বিমান পরিবহন ও পর্যটন প্রতিমন্ত্রী অ‍্যাডভোকেট মো. মাহবুব আলী পেয়েছেন ৬৯ হাজার ৫৪৩ ভোট। অর্থাৎ ৯৯ হাজার ৫৫৬ ভোট বেশি পেয়েছেন ব্যারিস্টার সুমন।সুনামগঞ্জ -২ আসনে (দিরাই ও শাল্লা) জয় পেয়েছেন স্বতন্ত্র প্রার্থী জয়া সেন গুপ্তা। কাঁচি প্রতীক নিয়ে তিনি ৬৭ হাজার ৭৭৫ ভোট পেয়েছেন। তাঁর নিকটতম প্রতিদ্বন্দ্বী আওয়ামী লীগের প্রার্থী চৌধুরী আবদুল্লাহ আল মাহমুদ পেয়েছেন ৫৮হাজার ৬৭২ভোট।সুনামগঞ্জ -৫ আসনে (ছাতক–দোয়ারাবাজার) নৌকার প্রার্থী মুহিবুর রহমান এক লাখ ১৯ হাজার ৪০৩ ভোট পেয়ে বিজয়ী হয়েছেন। তাঁর নিকটতম প্রতিদ্বন্দ্বী শামিম আহমদ চৌধুরী ৯১ হাজার ৮৮৮ ভোট পেয়েছেন।মৌলভীবাজার-১ (বড়লেখা ও জুড়ী উপজেলা) আসনে আওয়ামী লীগের মনোনীত প্রার্থী পরিবেশ, বন ও জলবায়ু পরিবর্তন বিষয়ক মন্ত্রী মো. শাহাব উদ্দিন ষষ্ঠবারের মতো নির্বাচিত হয়েছেন। শাহাব উদ্দিন ১ লাখ ৩৬ হাজার ৩০৮ ভোট পেয়েছেন। তার নিকটতম প্রতিদ্বন্দ্বী নির্বাচন থেকে আগেই সরে দাঁড়ানোর ঘোষণা দেওয়া জাতীয় পার্টির (জাপা) প্রার্থী আহমেদ রিয়াজ উদ্দিন লাঙ্গল প্রতীকে পেয়েছেন ৩ হাজার ৯৮ ভোট।রংপুর বিভাগরংপুর–৪ (কাউনিয়া–পীরগাছা) আসনে বেসরকারিভাবে আওয়ামী লীগ মনোনীত প্রার্থী বাণিজ্যমন্ত্রী টিপু মুনশিকে বিজয়ী ঘোষণা করা হয়েছে।দিনাজপুর–৪ আসনে চতুর্থ বারের মতো বিজয়ী হলেন আওয়ামী লীগ মনোনীত প্রার্থী সাবেক পররাষ্ট্রমন্ত্রী মাহমুদ আলী।দিনাজপুর–২ আসনে বেসরকারি ফলাফলে আওয়ামী লীগ মনোনীত প্রার্থী নৌপরিবহন প্রতিমন্ত্রী খালিদ মাহমুদ চৌধুরী।পাবনা-১ আসনে আওয়ামী লীগের নৌকা প্রতীকের প্রার্থী বর্তমান সংসদ সদস্য ও ডেপুটি স্পিকার শামসুল হক টুকু বিজয়ী হয়েছে। তিনি পেয়েছেন ৯৪ হাজার ৩১৪ ভোট। তার নিকটতম প্রতিদ্বন্দ্বী স্বতন্ত্র প্রার্থী সাবেক তথ্য প্রতিমন্ত্রী আবু সাইয়িদ পেয়েছেন ৭২ হাজার ৩৮৭ ভোট। পাবনা-২ (সুজানগর- বেড়ার একাংশ) আসনে নৌকার প্রার্থী আহমেদ ফিরোজ কবির বিজয়ী হয়েছেন। ফিরোজ কবির ১ লাখ ৬৫ হজার ৮৪২ ভোট পেয়েছেন। তার নিকটতম প্রতিদ্বন্দ্বী বিএনএমের প্রার্থী ডলি সায়ন্তনী পেয়েছেন ৪ হাজার ৩৮২ ভোট।পাবনা ৪ ( ঈশ্বরদী ও আটঘরিয়া) আসনে নৌকার প্রার্থী গালিবুর রহমান বিজয়ী হয়েছেন। তিনি পেয়েছেন এক লাখ ৬৭ হাজার ৪৩ ভোট। তার নিকটতম প্রতিদ্বন্দ্বী স্বতন্ত্র প্রার্থী পাঞ্জাব আলী বিশ্বাস পেয়েছেন ১৪ হাজার ৬৬২ ভোট।রাজশাহী বিভাগরাজশাহী-৪ (বাগমারা) আসনে আওয়ামী লীগের প্রার্থী আবুল কালাম আজাদ বেসরকারি ভাবে সংসদসদস্য নির্বাচিত হয়েছেন। তিনি ভোট পেয়েছেন এক লাখ সাত হাজার ৯৮৩ ভোট। তাঁর নিকটতম প্রতিদ্বন্দ্বী এনামুল হক পেয়েছেন ৫৩ হাজার ৮১২ ভোট।রাজশাহী–২ (সদর) নৌকা প্রতীকে ওয়ার্কার্স পার্টির সাধারণ সম্পাদক ফজলে হোসেন বাদশাকে হারালেন স্বতন্ত্র প্রার্থী আওয়ামী লীগ নেতা অধ্যক্ষ শফিকুর রহমান বাদশা।নওগাঁ-৬ (রানীনগর-আত্রাই) আসনে বেসরকারিভাবে জয়ী হয়েছেন স্বতন্ত্র প্রার্থী ওমর ফারুক সুমন। তিনি ট্রাক প্রতীকে ৭৬ হাজার ৭১৭ ভোট পেয়েছেন। তার নিকটতম প্রতিদ্বন্দ্বী আওয়ামী লীগ মনোনীত নৌকা প্রতীকের প্রার্থী আনোয়ার হোসেন হেলাল পেয়েছেন ৬৯ হাজার ৯৭১ ভোট।নওগাঁ-৩ (মহাদেবপুর-বদলগাছী) আসনে ১ লাখ ৩৮ হাজার ৫৬১ ভোট পেয়ে বেসরকারিভাবে জয়ী হয়েছেন আওয়ামী লীগ মনোনীত নৌকা প্রতীকের প্রার্থী সাবেক সিনিয়র সচিব সৌরেন্দ্রনাথ চক্রবর্তী। তার নিকটতম প্রতিদ্বন্দ্বী স্বতন্ত্র প্রার্থী ছলিম উদ্দীন তরফদার ট্রাক প্রতীকে পেয়েছেন ৬০ হাজার ৫১ ভোট।নওগাঁ-৪ (মান্দা) আসনে ৮৫ হাজার ১৮০ ভোট পেয়ে বেসরকারিভাবে জয়ী হয়েছেন ট্রাক প্রতীকের স্বতন্ত্র প্রার্থী এস এম ব্রহানী সুলতান মামুদ গামা। তার নিকটতম প্রতিদ্বন্দ্বী আওয়ামী লীগ মনোনীত নৌকা প্রতীকের প্রার্থী নাহিদ মোর্শেদ পেয়েছেন ৬২ হাজার ১৩২ ভোট।চাঁপাইনবাবগঞ্জ–৩ আসনে আওয়ামী লীগ মনোনীত প্রার্থী নৌকা প্রতীকের আব্দুল ওদুদকে বেসরকারিভাবে বিজয়ী ঘোষণা করা হয়েছে।নাটোর–১ (লালপুর–বাগাতিপাড়া) আসনে স্বতন্ত্র প্রার্থী ঈগল প্রতীকের আবুল কালাম আজাদকে বেসরকারিভাবে বিজয়ী ঘোষণা করা হয়েছে।নাটোর–২ (সদর–নলডাঙ্গা) আসনে বেসরকারিভাবে বিজয়ী আওয়ামী লীগ মনোনীত প্রার্থী শফিকুল ইসলাম শিমুল।নাটোর–৩ (সিংড়া) আসনে আওয়ামী লীগ মনোনীত প্রার্থী প্রতিমন্ত্রী জুনাইদ আহমেদ পলককে বেসরকারিভাবে বিজয়ী ঘোষণা করা হয়েছে।নাটোর-৪ (গুরুদাসপুর-বড়াইগ্রাম) আসনে নৌকা প্রতীক নিয়ে ডা. সিদ্দিকুর রহমান পাটোয়ারী ভোট পেয়েছেন ১ লাখ ১৩ হাজার ৫৮২টি এবং ট্রাক প্রতীকে স্বতন্ত্র প্রার্থী আসিফ আব্দুল্লাহ বিন কুদ্দুস শোভন পেয়েছেন ৯০ হাজার ৭৪৮টি ভোট।বরিশাল বিভাগবরিশাল-১ আসন (গৌরনদী-আগৈলঝাড়া) আওয়ামী লীগের প্রার্থী আবুল হাসানাত আবদুল্লাহ ১ লাখ ৭৬ হাজার ৭৭৭ ভোট পেয়ে নির্বাচিত হয়েছেন । তার নিকটতম প্রতিদ্বন্দ্বী জাতীয় পার্টির প্রার্থী ছেরনিয়াবাত সেকেন্দার আলী পেয়েছেন ৪ হাজার ১২২ ভোট।বরিশাল–২ (বানারীপাড়া–উজিরপুর) আসনে নৌকা প্রতীকে ১ লাখ ২২ হাজার ১৭৫ ভোট পেয়ে বেসরকারিভাবে নির্বাচিত হয়েছেন ১৪ দলীয় জোটের প্রার্থী বাংলাদেশ ওয়ার্কার্স পার্টির সভাপতি ও সাবেক মন্ত্রী  রাশেদ খান মেনন। ৬ষ্ঠ বারের মতো সংসদ সদস্য নির্বাচিত হলেন তিনি। বরিশাল-৫ আসনে ১৭৬টি কেন্দ্রের বেসরকারি ফলাফলে জয়ী হয়েছেন নৌকা প্রতীকের প্রার্থী কর্নেল অব জাহিদ ফারুক শামীম। তিনি ৯৭ হাজার ৭০৬ ভোট পেয়ে বিজয়ী হন। তার নিকটতম প্রতিদ্বন্দ্বী ট্রাক প্রতীকের স্বতন্ত্র প্রার্থী সালাউদ্দিন রিপন। তিনি পেয়েছেন ৩৫ হাজার ৩৭০ ভোট।পটুয়াখালী–১ (সদর–মির্জাগঞ্জ–দুমকী) আসনে জাতীয় পার্টির (জাপা) কো–চেয়ারম্যান এবিএম রুহুল আমিন হাওলাদার লাঙ্গল প্রতীকে বেসরকারিভাবে বিজয়ী হয়েছেন।পটুয়াখালী -২ (বাউফল) আসনে আওয়ামী লীগের মনোনীত আ স ম ফিরোজ জয়ী হয়েছেন। তিনি পেয়েছেন ১ লাখ ২৪ হাজার ৩০০। তার নিকটতম প্রতিদ্বন্দ্বী জাতীয় পার্টির মো. মহসীন হাওলাদার পেয়েছেন ২ হাজার ৯৫৬।পটুয়াখালী–৩ (গলাচিপা–দশমিনা) আসনে আওয়ামী লীগ মনোনীত এসএম শাহজাদাকে বেসরকারিভাবে বিজয়ী ঘোষণা করা হয়েছে।পটুয়াখালী–৪ (কলাপাড়া–রাঙ্গাবালী) আসনে আওয়ামী লীগ মনোনীত নৌকা প্রতীকের প্রার্থী মো. মহিববুর রহমানকে   বেসরকারিভাবে বিজয়ী ঘোষণা করা হয়েছে।ভোলা-৩ (লালমোহন ও তজুমদ্দিন) আসনে আওয়ামী লীগের প্রার্থী নৌকা প্রতীক নিয়ে নূরুন্নবী চৌধুরী শাওন ১ লাখ ৭১ হাজার ৯২৭ ভোট পেয়ে বেসরকারিভাবে নির্বাচিত হয়েছেন। তার নিকটতম প্রতিদ্বন্দ্বী স্বতন্ত্র প্রার্থী জসিম উদ্দিন (ঈগল) প্রতীক নিয়ে ভোট পেয়েছেন ১৭ হাজার ৮৮৬ ভোট। এছাড়াও জাতীয় পার্টির লাঙ্গল প্রতীকের প্রার্থী মো. কামাল উদ্দিন ১ হাজার ৬৫৩ ভোট ও কংগ্রেস প্রার্থী ডাব প্রতীক নিয়ে মোঃ আলমগীর পেয়েছেন ১ হাজার ৫১১ ভোট।ঝালকাঠি -১ ( রাজাপুর-কাঠালিয়া) আসনে আওয়ামী লীগ প্রার্থী মুহাম্মদ শাহজাহান ওমর ৯৫ হাজার ৪৭৮ ভোট পেয়ে বেসরকারিভাবে নির্বাচিত হয়েছেন। তাঁর নিকটতম প্রতিদ্বন্দ্বী জাকের পার্টির আবু বকর সিদ্দিক পেয়েছেন এক হাজার ৬২৪ ভোট।ময়মনসিংহ বিভাগশেরপুর-১ (সদর) আসনে স্বতন্ত্র প্রার্থী মো. ছানুয়ার হোসেন এক লাখ ৩৬ হাজার ৯৩ ভোট পেয়ে বিজয়ী হয়েছেন। তাঁর নিকটতম প্রার্থী আতিউর রহমান আতিক (নৌকা), ৯৩ হাজার ৩৭ ভোট পেয়েছেন।শেরপুর–২ আসনে বেসরকারিভাবে নির্বাচিত হয়েছেন আওয়ামী লীগ মনোনীত প্রার্থী সাবেক কৃষিমন্ত্রী বেগম মতিয়া চৌধুরী। ষষ্ঠবারের মতো সংসদ সদস্য হলেন তিনি।শেরপুর–৩ আসনে বেসরকারিভাবে বিজয়ী হয়েছেন আওয়ামী লীগ মনোনীত প্রার্থী এডিএম শহিদুল ইসলাম।রংপুর বিভাগরংপুর-১ (গংগাচড়া-সিটি আংশিক) আসনে স্বতন্ত্র প্রার্থী আসাদুজ্জামান বেসরকারিভাবে বিজয়ী হয়েছেন। তিনি ৭৩ হাজার ৯২৭ ভোট পেয়েছেন। তার নিকটতম প্রতিদ্বন্দ্বী স্বতন্ত্র প্রার্থী মসিউর রহমান (রাঙ্গা) পেয়েছেন ২৪ হাজার ৩৩২ ভোট।রংপুর–৩ (সদর ও সিটি করপোরেশন) আসনে এবারের নির্বাচনে একমাত্র তৃতীয় লিঙ্গের প্রার্থী আনোয়ারা ইসলাম রানিকে বড় ব্যবধানে হারিয়েছেন জাতীয় পার্টির চেয়ারম্যান জিএম কাদের।লালমনিরহাট-১ আসনে নৌকা প্রতীকের প্রার্থী মোতাহার হোসেন ৮৯ হাজার ৯০৩ ভোট পেয়েছেন। তার নিকটতম প্রতিদ্বন্দ্বী ঈগল প্রতীকের প্রার্থী আতাউর রহমান প্রধান পেয়েছেন ৭৪ হাজার ৩২ ভোট পান।লালমনিরহাট-২ আসনে নৌকার প্রার্থী সমাজকল্যাণ মন্ত্রী নুরুজ্জামান আহমেদ পেয়েছেন ৯৭ হাজার ২৪০ ভোট। তার নিকটতম প্রতিদ্বন্দ্বী ঈগল প্রতীকের প্রার্থীর সিরাজুল হক পেয়েছেন ৫০ হাজার ৫০০ ভোট।লালমনিরহাট-৩ আসনে নৌকার প্রার্থী মতিয়ার রহমান পেয়েছেন ৭৬ হাজার ৪০১ ভোট। তার নিকটতম প্রতিদ্বন্দ্বী ঈগল প্রতীকের প্রার্থী জাবেদ হোসেন পেয়েছেন ১২ হাজার ৮০ ভোট।নীলফামারী-২ (সদর) আসনে আওয়ামী লীগের প্রার্থী সংসদ সদস্য আসাদুজ্জামান নূর  এক লাখ ১৯ হাজার ৩৩৯ ভোট পেয়ে বেসরকারিভাবে নির্বাচিত হয়েছেন। তার নিকটতম প্রতিদ্বন্দ্বী স্বতন্ত্র প্রার্থী জয়নাল আবেদীন পেয়েছেন ১৫ হাজার ৬৮৪ ভোট। আসাদুজ্জামান নূর এ নিয়ে টানা পঞ্চমবারের মতো নীলফামারী-২ আসনে সংসদ সদস্য নির্বাচিত হলেন।কুড়িগ্রাম-২ (সদর, রাজারহাট, ফুলবাড়ী) আসনে স্বতন্ত্র প্রার্থী মো. হামিদুল হক খন্দকার (ট্রাক) ৯৫ হাজার ৬০৯ ভোট পেয়ে বেসরকারিভাবে জয়লাভ করেছেন। তার নিকটতম প্রতিদ্বন্দ্বী জাতীয় পার্টির প্রার্থী মো. পনির উদ্দিন আহমেদ পেয়েছেন ৩৬ হাজার ৯৪৮ ভোট। কুড়িগ্রাম-১ আসনে বেসরকারি ফলাফলে জয়ী হয়েছেন জাতীয় পার্টির লাঙ্গল প্রতীকের প্রার্থী মোস্তাফিজুর রহমান। তিনি মোট ভোট পেয়েছেন ৮৮০২৩ ভোট। তার নিকটতম প্রতিদ্বন্দ্বী প্রার্থী জাকের পার্টির গোলাপ ফুল প্রতীকের প্রার্থী আব্দুল হাই সরকার। তিনি পেয়েছেন ৫৯৭৫৬ ভোট।কুড়িগ্রাম-৩ আসনে আওয়ামী লীগের মনোনীত প্রার্থী সৌমেন্দ্র সেন গবা পান্ডে নৌকা প্রতীক নিয়ে বেসরকারিভাবে নির্বাচিত হয়েছেন। তিনি মোট ভোট পেয়েছেন ৫৩৩৬৭টি। তার নিকটতম প্রতিদ্বন্দ্বী স্বতন্ত্র প্রার্থী ডা. মো. আক্কাস আলী ট্রাক প্রতীক পেয়েছেন ৩৫৫১৫ ভোট।কুড়িগ্রাম-৪ আসনে বেসরকারিভাবে জয়ী হয়েছেন আওয়ামী লীগের মনোনীত প্রার্থী বিপ্লব হাসান পলাশ। তিনি ভোট পেয়েছেন ৮৬৬৫৮। তার নিকটতম প্রতিদ্বন্দ্বী স্বতন্ত্র প্রার্থী মুজিবুর রহমান বঙ্গবাসী ঈগল প্রতীকে পেয়েছেন ১২৬৮৪ ভোট। দুপুরের পর অনিয়মের অভিযোগ এনে ভোট বর্জন করেন তিনি।নীলফামারী-৪ আসনে স্বতন্ত্র প্রার্থী সিদ্দিকুল আলম সিদ্দিক (প্রতীক–কাঁচি) বেসরকারিভাবে নির্বাচিত হয়েছেন। তিনি পেয়েছেন ৬৯ হাজার ৭১৪ ভোট। তার নিকটতম প্রতিদ্বন্দ্বী ট্রাক প্রতীকের স্বতন্ত্র প্রার্থী মোখছেদুল মোমিন পেয়েছেন ৪৫ হাজার ৩০১।  বর্তমান সংসদ সদস্য জাপা প্রার্থী ও সাবেক রাষ্ট্রপতি প্রয়াত এইচএম এরশাদের ভাগনে  আহসান আদেলুর রহমান পেয়েছেন ৪১ হাজার ৩১৩ ভোট।দিনাজপুর-৩ (সদর উপজেলা) আসনে বেসরকারিভাবে নির্বাচিত হয়েছেন আওয়ামী লীগের প্রার্থী ইকবালুর রহিম।  তিনি পেয়েছেন ১ লাখ ৮ হাজার ২৫৪ ভোট। তার নিকটতম প্রতিদ্বন্দ্বী ট্রাক প্রতীকে স্বতন্ত্র প্রার্থী বিশ্বজিৎ ঘোষ পেয়েছেন ৫৪ হাজার ৩৮ভোট।দিনাজপুর-৬ (বিরামপুর, নবাবগঞ্জ, ঘোড়াঘাট ও হাকিমপুর) আসনে টানা তৃতীয়বারের মতো জয়ী হলেন শিবলী সাদিক। নৌকার প্রার্থী শিবলী সাদিক এক লাখ ৮২ হাজার ৬৬৭ ভোট পেয়েছেন। তাঁর নিকটতম প্রতিদ্বন্দ্বী স্বতন্ত্র প্রার্থী আজিজুল হক চৌধুরী ট্রাক প্রতীকে পেয়েছেন ৮২ হাজার ৫১৫ ভোট।ঠাকুরগাঁও-৩ আসনে জাতীয় পার্টির প্রার্থী হাফিজ উদ্দিন আহম্মেদ (লাঙ্গল) ১ লাখ ৬ হাজার ৭১৪ ভোট পেয়ে নির্বাচিত হয়েছেন। তার নিকটতম প্রার্থী ওয়ার্কার্স পার্টির গোপাল চন্দ্র রায় পেয়েছেন ৬৪ হাজার ৮২১ ভোট।ঠাকুরগাঁও-২ আসনে বেসরকারিভাবে নির্বাচিত হয়েছেন বাংলাদেশ আওয়ামী লীগের মনোনীত নৌকা প্রতীকের প্রার্থী মো. মাজহারুল ইসলাম সুজন। মোট ১০৪টি ভোট কেন্দ্রের প্রাপ্ত ফলাফলে মাজহারুল ইসলাম সুজন নৌকা প্রতীক নিয়ে ১ লাখ ১৫ হাজার ৬১ ভোট পেয়ে বেসরকারিভাবে নির্বাচিত হয়েছেন। তার নিকটতম প্রতিদ্বন্দ্বী স্বতন্ত্র প্রার্থী আলী আসলাম জুয়েল ট্রাক প্রতীক নিয়ে পেয়েছেন ৫৫ হাজার ২শ ৩৪ ভোট।খুলনা বিভাগখুলনা-১ আসনে আওয়ামী লীগ মনোনীত প্রার্থী ননী গোপাল মণ্ডল বেসরকারিভাবে নির্বাচিত হয়েছেন। তিনি মোট ১ লাখ ৪২ হাজার ৫১৮ ভোট পেয়েছেন। তার নিকটতম প্রতিদ্বন্দ্বী ঈগল প্রতীকের স্বতন্ত্র প্রার্থী প্রশান্ত রায় পেয়েছেন ৫ হাজার ২৬২ ভোট। তিনি দ্বিতীয়বারের মতো এমপি নির্বাচিত হলেন।খুলনা-৫ আসনে নৌকার প্রার্থী নারায়ণ চন্দ্র বেসরকারিভাবে নির্বাচিত হয়েছেন। তিনি পেয়েছেন এক লাখ ১৩ হাজার ৪৮০ ভোট। তার নিকটতম প্রতিদ্বন্দ্বী ঈগল প্রতীকের প্রার্থী শেখ আকরাম হোসেন পেয়েছেন ৯৩ হাজার ১৫০ ভোট।ঝিনাইদহ-১ (শৈলকুপা) আসনে বেসরকারিভাবে জিতেছেন আওয়ামী লীগের প্রার্থী সাবেক প্রতিমন্ত্রী বীর মুক্তিযোদ্ধা আব্দুল হাই। তিনি ৯৫ হাজার ৬৭৪ ভোট পেয়েছেন। তার নিকটতম প্রতিদ্বন্দ্বী স্বতন্ত্র প্রার্থী জেলা আওয়ামী লীগের সহসভাপতি নজরুল ইসলাম পেয়েছেন ৭৯ হাজার ৭২৮ ভোট। মেহেরপুর-১ ( সদর-মুজিবনগর) আসনে আওয়ামী লীগ মনোনীত প্রার্থী জনপ্রশাসন প্রতিমন্ত্রী ফরহাদ হোসেন বেসরকারিভাবে জয়লাভ করেছেন। তার প্রাপ্ত ভোট ৯৪ হাজার ৩০৩টি। ফরহাদ হোসেনের নিকটতম প্রতিদ্বন্দ্বী স্বতন্ত্র প্রার্থী আব্দুল মান্নান ৫৭ হাজার ৬৮২ ভোট পেয়েছেন । মেহেরপুর -২  (গাংনী) আসনে নৌকা প্রতীকের প্রার্থী আবু সালেহ মোহাম্মদ নাজমুল হক ৭২ হাজার ৭২৮ ভোট পেয়ে বেসরকারিভাবে জয় পেয়েছেন। তার নিকটতম প্রতিদ্বন্দ্বী স্বতন্ত্র প্রার্থী মকবুল হোসেন পেয়েছেন ৪৯ হাজার ৫৯৩ ভোট।বাগেরহাট-২ (সদর ও কচুয়া) আসনে আওয়ামী লীগের প্রার্থী শেখ তন্ময় দ্বিতীয়বারের মত বিজয়ী হয়েছেন। শেখ তন্ময় পেয়েছেন এক লাখ ৮২ হাজার ৩১৮ ভোট। তাঁর নিকটতম প্রতিদ্বন্দী জাতীয় পার্টির হাজরা শহিদুল ইসলাম ৪ হাজার ১৭৪ ভোট পেয়েছেন।বাগেরহাট-৩ (মোংলা-রামপাল) আসনে চতুর্থবারের মতো সংসদ সদস্য নির্বাচিত হয়েছেন পরিবেশ, বন ও জলবায়ু পরিবর্তন মন্ত্রণালয়ের উপমন্ত্রী হাবিবুন নাহার। এ আসন থেকে তিনি পেয়েছেন ৭৫ হাজার ৯৬৮ ভোট। আর তার নিকটতম প্রতিদ্বন্দ্বী ঈগল প্রতীকের স্বতন্ত্র প্রার্থী ইদ্রিস আলী ইজারদার পেয়েছেন ৫৮ হাজার ২০৪ ভোট।মেহেরপুর-২ আসনে বেসরকারি ফলাফলে জয়ী হয়েছেন নৌকা প্রতীকের প্রার্থী এস এম নাজমুল হক সাগর । তিনি ৭২৭২৮ ভোট পেয়ে বিজয়ী হন। তার নিকটতম প্রতিদ্বন্দ্বী ট্রাক প্রতীকের স্বতন্ত্র প্রার্থী মকবুল হোসেন পেয়েছেন ৪৯৫৯৩ ভোট।সাতক্ষীরা-২ আসনে জাতীয় পার্টি মনোনীত প্রার্থী আশরাফুজ্জামান আশু বিপুল ভোটে বিজয়ী হয়েছেন। লাঙ্গল প্রতীক নিয়ে তিনি পেয়েছেন ৮৮ হাজার ৩৫৭ ভোট। তার নিকটতম প্রতিদ্বন্দ্বী স্বতন্ত্র প্রার্থী ও বর্তমান সংসদ সদস্য মীর মোস্তাক আহমেদ রবি ঈগল প্রতীক নিয়ে পেয়েছেন ২৭ হাজার ৪৪৭ ভোট।যশোর-১ (শার্শা) আসনে বেসরকারিভাবে ফলাফলে জয়ী হয়েছেন নৌকা প্রতীকের প্রার্থী শেখ আফিল উদ্দিন। এক লাখ পাঁচ হাজার ৪৬৬ ভোট পেয়ে বিজয়ী হন তিনি। তার নিকটতম প্রতিদ্বন্দ্বী ট্রাক প্রতীকের স্বতন্ত্র প্রার্থী আশরাফুল আলম লিটন। তিনি পেয়েছেন ১৯ হাজার ৪৭৭ ভোট।যশোর-৪ আসনে (অভয়নগর ও বাঘারপাড়া উপজেলা এবং সদর উপজেলার বসুন্দিয়া ইউনিয়ন) আওয়ামী লীগের প্রার্থী এনামুল হক বিজয়ী হয়েছেন। এনামুল পেয়েছেন এক লাখ ৮১ হাজার ২৯৫ ভোট। তাঁর নিকটতম প্রতিদ্বন্দ্বী জাতীয় পার্টির (লাঙ্গল) জহুরুল হক পেয়েছেন ১০ হাজার ৩৪৬ ভোট।যশোর–৬ (কেশবপুর) আসনে স্বতন্ত্র প্রার্থী আজিজুল ইসলাম নির্বাচিত হয়েছেন। তিনি ভোট পেয়েছেন ৪৮ হাজার ৯৪৭টি । তাঁর নিকটতম প্রতিদ্বন্দ্বী আওয়ামী লীগের নৌকা প্রতীকের শাহীন চাকলাদার ৩৯ হাজার ২৬৯ ভোট পেয়েছেন।",1,1,0,1,False
"ঢাকা-৪ আসনে নৌকা প্রতীকের প্রার্থী সানজিদা খানমকে হারিয়ে জয় পেয়েছেন স্বতন্ত্র প্রার্থী ট্রাক প্রতীকের ড. আওলাদ হোসেন। আওলাদ হোসেন ২৪ হাজার ৭৭৫ ভোট পেয়ে বিজয়ী হয়েছেন। তার নিকটতম প্রতিদ্বন্দ্বী আওয়ামী লীগের নৌকা প্রতীকে সানজিদা খানম পেয়েছেন ২২ হাজার ৫৭৭  ভোট। বর্তমান এমপি জাতীয় পার্টির কো চেয়ারম্যান সৈয়দ আবু হোসেন বাবলা তৃতীয় অবস্থানে রয়েছেন।উল্লেখ্য, ড. আওলাদ হোসেন ছিলেন আওয়ামী লীগ সভাপতি শেখ হাসিনার সাবেক সহকারী একান্ত সচিব। ২০১৪ সালের ৫ জানুয়ারি নির্বাচনে ড. আওলাদ স্বতন্ত্র প্রার্থী হিসেবে প্রতিদ্বন্দ্বিতা করেন।",1,1,0,1,False
"বহুমুখী চ্যালেঞ্জের মধ্যে রবিবার (৭ জানুয়ারি) দ্বাদশ জাতীয় সংসদ নির্বাচনের ভোট গ্রহণ শেষ হয়। সকাল ৮টা থেকে বিকাল ৪টা পর্যন্ত ২৯৯টি আসনের ৪২ হাজার ভোটকেন্দ্রে একযোগে ভোট গ্রহণ চলে। বিচ্ছিন্ন কিছু ঘটনা ছাড়া মোটামুটি শান্তিপূর্ণভাবে হয়েছে ভোট গ্রহণ। সকালে ভোটার উপস্থিতি কিছুটা কম হলেও বেলা বাড়ার সঙ্গে সঙ্গে ভোটার বেড়েছে। ৩০০টি আসনে ভোট নেয়ার কথা থাকলেও একজন প্রতিদ্বন্দ্বী প্রার্থীর মৃত্যুর কারণে নওগাঁ-২ এ ভোট বাতিল করা হয়েছে। ইসির তথ্য অনুযায়ী, প্রতিদ্বন্দ্বিতায় ছিলেন ১ হাজার ৯৬৯ জন প্রার্থী। তাদের মধ্যে ৯৬ জন নারী ও দুজন তৃতীয় লিঙ্গের (হিজড়া), বাকি সব পুরুষ। দেশের ৪৪ নিবন্ধিত রাজনৈতিক দলের মধ্যে ২৮টি দল ভোটে অংশ নিয়েছে। বিএনপিসহ সমমনা ১৬টি রাজনৈতিক দল ভোট বর্জন করেছে।দ্বাদশ জাতীয় সংসদ নির্বাচনে মোট ভোটার ১১ কোটি ৯৬ লাখ ৯১ হাজার ৬৩৩ জন। এর মধ্যে পুরুষ ভোটার ৬ কোটি ৭ লাখ ৭১ হাজার ৫৭৯ জন, নারী ৫ কোটি ৮৯ লাখ ১৯ হাজার ২০২ জন। এছাড়া তৃতীয় লিঙ্গের ভোটার ৫৮২ জন। নির্বাচনে অংশ নিয়েছেন মোট এক হাজার ৮৯৫ প্রার্থী। এদের মধ্যে স্বতন্ত্র প্রার্থী ৩৮২ জন। দ্বাদশ জাতীয় সংসদ নির্বাচনে ভোটের লড়াইয়ে লড়েছেন ক্রীড়াঙ্গনের একাধিক তারকা। যারা একসময়ে ময়দান কাঁপিয়েছেন তারাই এখন রাজনীতির মাঠে। সাবেক ক্রীড়াবিদ ও সংগঠকরা সংসদ সদস্য হওয়ার লড়াইয়ে প্রতিদ্বন্দ্বিতা করেছেন। অনেকে বর্তমান সংসদ সদস্য পদ টিকিয়ে রাখার লড়াইয়ে অবতীর্ণ হয়েছেন। আবার অনেকে প্রথমবারের মতো এমপি হওয়ার দৌঁড়ে ছিলেন। দেশের সবচেয়ে জনপ্রিয় দুই খেলা ফুটবল এবং ক্রিকেট। এই দুই খেলার একাধিক সাবেক খেলোয়াড়ই সংসদ সদস্য হওয়ার লড়াইয়ে প্রতিদ্বন্দ্বিতা করেছেন। বাংলাদেশ জাতীয় ক্রিকেট দলের পোস্টার বয় সাকিব আল হাসান মাগুরা-১ আসন থেকে নির্বাচনে অংশ নিয়ে সংসদ সদস্য নির্বাচিত হয়েছেন। মোট ১৫২ কেন্দ্রে সাকিব আল হাসান নৌকা প্রতীক নিয়ে পেয়েছেন ১ লক্ষ ৮৫ হাজার ৩৮৮ ভোট। তার নিকটতম প্রতিদ্বন্দ্বী বাংলাদেশ কংগ্রেসের ডাব প্রতীকের কাজী রেজাউল ইসলাম পেয়েছেন ৫ হাজার ৯৯৩ ভোট।যুব ও ক্রীড়া প্রতিমন্ত্রী জাহিদ আহসান রাসেল গাজীপুর-২ আসন থেকে এবারো সংসদ সদস্য নির্বাচিত হয়েছেন। তিনি পেয়েছেন ১,০৩৯৮৬ ভোট। তার নিকটতম প্রতিদ্বন্দ্বী ট্রাক প্রতীকের কাজী আলিম উদ্দিন পেয়েছেন ৮১,৮০৪ ভোট। সাবেক যুব ও ক্রীড়ামন্ত্রী বীরেন শিকদার মাগুরা-২ আসন থেকে নির্বাচিত হয়েছেন। তিনি পেয়েছেন ১ লাখ ৩১ হাজার ৩১১ ভোট। তার নিকটতম প্রতিদ্বন্দ্বী পেয়েছেন ১০ হাজার ১৬৯ ভোট।জাতীয় দলের সাবেক অধিনায়ক মাশরাফি বিন মর্তুজা। পাঁচ বছর আগে ২০১৮ সালেও জাতীয় নির্বাচন করেছিলেন তিনি। অত্যন্ত সফলতার সঙ্গে দায়িত্ব পালন করায় তাকে ফের বাংলাদেশ আওয়ামী লীগ থেকে এবারও মনোনয়ন দেয়া হয়। নড়াইল-২ আসন থেকে মাশরাফি এবারো সংসদ সদস্য নির্বাচিত হয়েছেন। তিনি পেয়েছেন ১ লাখ ৮৯ হাজার ১০২ ভোট। তার নিকটতম প্রতিদ্বন্দ্বী হাতুড়ি প্রতীকের হাফিজুর রহমান পেয়েছেন ৪০৪১ ভোট।মাশরাফি-সাকিবদের অভিভাবক বিসিবি সভাপতি নাজমুল হাসান পাপনও নির্বাচনের মাঠ দাপিয়ে বেড়িয়েছেন। সাবেক রাষ্ট্রপতি জিল্লুর রহমানের সন্তান হলেও এর মধ্যেই সফল ক্রীড়া সংগঠক হিসেবে সুনাম কুড়িয়েছেন নাজমুল হাসান। কিশোরগঞ্জ-৬ আসনে ২০০৯ সালে উপনির্বাচন দিয়ে সংসদ সদস্য নির্বাচিত হন তিনি। পরের দুই মেয়াদেও একই আসন থেকে সংসদ সদস্য নির্বাচিত হন তিনি। এবারো কিশোরগঞ্জ-৬ আসন থেকে নির্বাচিত হয়েছেন নাজমুল হোসেন পাপন।তিনি পেয়েছেন ১ লাখ ৯৮ হাজার ১৫৫ ভোট। তার নিকটতম প্রতিদ্বন্দ্বি লাঙ্গল প্রতীকের নূরুল কাদের সোহেল পেয়েছেন ৩০৫৫ ভোট। বিসিবির পরিচালক শফিউল আলম চৌধুরী নাদেল এবার জাতীয় নির্বাচনে মৌলভীবাজার-২ আসন থেকে নির্বাচিত হয়েছেন। এ পর্যন্ত প্রাপ্ত ফলাফলে সফি আহমেদ সালমান ট্রাক মার্কায় পেয়েছেন ১৫ হাজার ৫৫২ ভোট। শফিউল আলম চৌধুরী নাদেল নৌকা প্রতীক নিয়ে পেয়েছেন ৭৩ হাজার ৭১৮ ভোট।ক্রিকেট ছেড়ে এবার ফুটবলে আসা যাক। যেখানে রয়েছে একাধিক পরিচিত নাম। জাতীয় দলের সাবেক ফুটবলার ও বাফুফের সিনিয়র সহসভাপতি আব্দুস সালাম মুর্শেদী খুলনা-৪ আসন থেকে জয়ের পথে। কেটলি প্রতীকের মর্তুজা রশিদ পেয়েছেন ৪২০৯ ভোট। আব্দুস সালাম মুর্শেদী পেয়েছেন ৭৮৯৯ ভোট।২০১৮ সালে আব্দুস সালাম মুর্শেদী সাংসদ নির্বাচিত হন। এবার তাকে জিততে হয়েছে ৯ প্রার্থীকে হারিয়ে। সাবেক জাতীয় ফুটবল দলের অধিনায়ক দেওয়ান শফিউল আরেফিন টুটুল এবার নির্বাচন করেছেন মানিকগঞ্জ-২ আসনে। বিসিবির সাবেক পরিচালক ও আওয়ামী লীগের সাবেক ক্রীড়া সম্পাদকে লড়েছেন শেষ দুইবারের সংসদ সদস্য কণ্ঠশিল্পী মমতাজের সঙ্গে, কিন্তু নির্বাচনে হেরেছেন আপন চাচাতো ভাই শিল্পপতি দেওয়ান জাহিদ আহমেদের বিপক্ষে।ফুটবল মাঠের আরেক সাবেক অধিনায়ক আরিফ খান জয় এবার নেত্রকোনা-২ আসন থেকে নির্বাচনে অংশ নিয়েছেন। ২০১৪ সালে আওয়ামী লীগের হয়ে নির্বাচন করে সাংসদ নির্বাচিত হলেও পরেরবার নৌকার টিকেট পাননি তবে স্বতন্ত্র থেকে নির্বাচন করে তিনি টেক্কা দিতে চেয়েছিলেন নৌকার মাঝি আশরাফ আলী খান খসরুকে। কিন্তু ব্যর্থ হয়েছেন। আশরাফ আলী খান খসরু পেয়েছেন ১০২৪৫৯ ভোট। আরিফ খান জয় পেয়েছেন ৮৪১০৫ ভোট।বাফুফের চারবারের সহ সভাপতি ও আবাহনীর ভারপ্রাপ্ত ডিরেক্টর ইনচার্জ কাজী নাবিল আহমেদ নৌকার প্রতীক নিয়ে লড়ছেন যশোর-৩ আসনে। ২০১৪ এবং ২০১৮ সালে তিনি সংসদ সদস্য নির্বাচিত হয়েছিলেন। এবারো একাধিক প্রার্থীর বিরুদ্ধে লড়াই করে জয়ী হতে হয়েছে কাজী নাবিল আহমেদকে। তিনি পেয়েছেন ১,২১,৮৩৮ ভোট। তার নিকটতম প্রতিদ্বন্দ্বী মোহিত কুমার নাথ ঈগল প্রতীক নিয়ে পেয়েছেন ৬৪,৭১০ ভোট।ফুটবল ফেডারেশনের আরেক সহসভাপতি আতাউর রহমান ভুঁইয়া মানিক নোয়াখালী-২ আসনে স্বতন্ত্র প্রার্থী হিসেবে নির্বাচন করে হেরেছেন। এ আসনে জয়ী হয়েছেন নৌকা প্রতীকের আলহাজ মোরশেদ আলম। তিনি পেয়েছেন ৫৬১৮৬ ভোট। আতাউর রহমান ভুঁইয়া মানিক পেয়েছেন ৫২,৮৬৩ ভোট।",1,1,0,1,False
"চট্টগ্রাম-১ (মিরসরাই) আসনে দীর্ঘ ৫৪ বছর পর বাংলাদেশ আওয়ামী লীগের এমপি পরিবর্তন হয়েছে। নতুন এমপি নির্বাচিত হয়েছেন নিজ দলের সভাপতিমণ্ডলীর সদস্য ও সাবেক মন্ত্রী বর্ষীয়ান রাজনীতিবিদ ইঞ্জিনিয়ার মোশাররফ হোসেন এমপির মেঝ সন্তান মাহবুব উর রহমান রুহেল। দ্বাদশ জাতীয় সংসদ নির্বাচনে ৮৯ হাজার ৬৪ ভোট পেয়ে জয়ী হন তিনি। নিকটতম প্রতিদ্বন্ধী প্রার্থীকে ৩৬ হাজার ৬৯ ভোটে পরাজিত করেন তিনি। সোমবার (৮ জানুয়ারি) জয়ী হয়ে মাহবুব উর রহমান উপজেলার বিভিন্ন ইউনিয়নে নিজ দলের নেতাকর্মীদের সাথে সৌজন্য সাক্ষাত করেছেন। এসময় নেতাকর্মীরা তাকে ফুলের মালা ও নৌকা দিয়ে সংবর্ধনা দেয়।জানা গেছে, ১৯৭০ সাল থেকে মিরসরাই আসনে আওয়ামী লীগের সংসদ সদস্য হিসেবে নির্বাচিত হয়ে আসছেন দলের সভাপতিমণ্ডলীর সদস্য ও সাবেক মন্ত্রী ইঞ্জিনিয়ার মোশাররফ হোসেন। বয়সের ভারে নজ্যু বর্ষীয়ান এ রাজনীতিবিদ দ্বাদশ জাতীয় সংসদ নির্বাচনে অংশ না নিয়ে চট্টগ্রাম উত্তর জেলা আওয়ামী লীগের সদস্য ও তার মেঝ সন্তান মাহবুব উর রহমান রুহেলের পক্ষে দলীয় মনোনয়নপত্র সংগ্রহ করেন। পরবর্তীতে রুহেল আওয়ামী লীগের দলীয় মনোনয়ন পাওয়ায় নৌকা প্রতীকে নির্বাচনে অংশ নেন। ইঞ্জিনিয়ার মোশাররফ হোসেন নির্বাচন না করলেও আওয়ামী লীগের প্রার্থী রুহেলের পক্ষে দলীয় নেতাকর্মীদের নিয়ে সব কিছু পর্যবেক্ষণ করেছেন নিবিড়ভাবে। সার্বক্ষণিক নির্বাচনের বিষয়ে ছেলেকে নির্দেশনা দিয়েছেন। সুদীর্ঘ ৫৪ বছর মিরসরাই সহ বৃহত্তর চট্টগ্রামে আওয়ামী লীগের রাজনীতিতে আবর্তিত হয়েছে ইঞ্জিনিয়ার মোশাররফ হোসেন কে ঘিরে। মিরসরাই উপজেলা আওয়ামী লীগ, যুবলীগ, ছাত্রলীগ সহ অঙ্গ সংগঠন চলে তার নিয়ন্ত্রণে। নির্বাচন না করলেও দলের সর্বোচ্চ পদ সভাপতিমন্ডলীর সদস্যে আসীন বর্ষীয়ান এ নেতা। দ্বাদশ জাতীয় সংসদ নির্বাচনে নির্বাচিত মাহবুব উর রহমান রুহেল কে নিয়ে নতুন ভাবে স্বপ্ন দেখছেন মিরসরাই আওয়ামী লীগ সহ অঙ্গ-সহযোগী সংগঠনগুলো। দলীয় নেতাকর্মীদের আশা মাহবুব উর রহমান রুহেল শপথ নেয়ার পর যোগ্যতার বিবেচনায় মন্ত্রী হয়ে বাবার মতো শুধু মিরসরাই নয় পুরো দেশকে নেতৃত্ব দেবেন।মিরসরাই উপজেলা আওয়ামী লীগের সভাপতি জাহাঙ্গীর কবির চৌধুরী বলেন, দীর্ঘ সময় পর মিরসরাইয়ে আমরা নতুন এমপি পেয়েছি। দীর্ঘ ৫৪ বছর আমাদের প্রিয় অভিভাবক ইঞ্জিনিয়ার মোশাররফ হোসেন এমপি ছিলেন। তিনি মিরসরাইকে অনেক কিছু দিয়ে গেছেন। দ্বাদশ জাতীয় সংসদ নির্বাচনে তিনি অংশ না নিয়ে তার মেঝ ছেলে মাহবুব উর রহমান রুহেলের পক্ষে দলীয় মনোনয়ন নিয়েছিলেন। বাবার জনপ্রিয়তা ধারণ করে মাহবুব উর রহমান রুহেল দলীয় নেতাকর্মীদের নিয়ে নির্বাচনী বৈতরণী পার হয়ে বেসরকারি ভাবে এমপি নির্বাচিত হয়েছেন। আমরা আশা করি দক্ষতা, যোগ্যতা মেধার বিবেচনায় স্মার্ট বাংলাদেশের নব নির্বাচিত এমপিদের মধ্যে সবচেয়ে স্মার্ট এমপি যোগ্য পিতার যোগ্য সন্তান মাহবুব উর রহমান রুহেল। বাবার মতো তিনিও দলকে সুসংগঠিত করার পাশাপাশি মিরসরাইয়ে উন্নয়নের ধারাবাহিকতা রক্ষা করবেন।বেসরকারিভাবে চট্টগ্রাম-১ মিরসরাই আসনে নির্বাচিত সংসদ সদস্য মাহবুব উর রহমান রুহেল বলেন, মনোনয়ন পাওয়ার পর থেকে নির্বাচনী প্রচারণায় দলীয় নেতাকর্মী ও সাধারণ জনগণের যে ভালোবাসা আমি পেয়েছি তাতে অভিভূত। ৭ জানুয়ারি দলমত নির্বিশেষে মিরসরাইয়ের জনগণ আমাকে বিপুল ভোটে জয়ী করেছেন। শপথ নেয়ার পর মিরসরাইয়ের বিভিন্ন স্থানে পলিথিনযুক্ত যেসব নির্বাচনী পোস্টার, ব্যানার লাগানো আছে তা সংগ্রহ করে ধ্বংস করে ফেলবো। এরপর নির্বাচনী ইশতেহার অনুযায়ী মিরসরাইকে মাদকমুক্ত করবো। মিরসরাইয়ের পর্যটন-স্পটগুলোকে ইকোট্যুরিজম হাব হিসেবে গড়ে তুলবো। অর্থনৈতিক অঞ্চল সহ মিরসরাইয়ে যেসব শিল্প কারখানায় গভীর নলকূপ বসিয়ে ভূগর্ভস্থ পানি উত্তোলন করছে তা বন্ধ করে দিয়ে মালিকদেরকে সাগর ও নদীর পানি ব্যবহারে বাধ্য করবো। আমার পিতা ইঞ্জিনিয়ার মোশাররফ হোসেনের পরামর্শ নিয়ে মিরসরাইয়ে রাজনীতি সহ সকল উন্নয়ন কাজের ধারাবাহিকতা বজায় রাখবো।",1,1,0,1,False
" দ্বাদশ জাতীয় সংসদ নির্বাচনে নিরঙ্কুশ জয়ে আওয়ামী লীগ সভাপতি ও প্রধানমন্ত্রী শেখ হাসিনাকে ফোন করে অভিনন্দন জানিয়েছেন ভারতের প্রধানমন্ত্রী নরেন্দ্র মোদি। সোমবার (৮ জানুয়ারি) সন্ধ্যায় মোদি ওই অভিনন্দন জানান। পরে নরেন্দ্র মোদি এক্স (সাবেক টুইট) বার্তায় বলেন, প্রধানমন্ত্রী শেখ হাসিনার সঙ্গে কথা বলেছি এবং সংসদ নির্বাচনে টানা চতুর্থ মেয়াদে ঐতিহাসিক জয়ের জন্য তাকে আমি অভিনন্দন জানিয়েছি। মোদি লিখেছেন, সফলভাবে নির্বাচনের জন্য আমি বাংলাদেশের জনগণকেও অভিনন্দন জানাই। বাংলাদেশের সঙ্গে আমাদের জনগণকেন্দ্রিক ও স্থায়ী অংশীদারি জোরদারে আমরা অঙ্গীকারাবদ্ধ। এর আগে সোমবার সকালে নির্বাচনে জয়ের জন্য আওয়ামী লীগ সভাপতি শেখ হাসিনাকে অভিনন্দন জানিয়েছেন ঢাকায় ভারতীয় হাইকমিশনার প্রণয় ভার্মা। ঢাকায় বিদেশি রাষ্ট্রদূতদের মধ্যে তিনিই সবার আগে শেখ হাসিনার সঙ্গে সাক্ষাৎ করেন ও অভিনন্দন জানান। ঢাকার ভারতীয় হাইকমিশন জানায়, প্রধানমন্ত্রী শেখ হাসিনাকে ভারতের প্রধানমন্ত্রী নরেন্দ্র মোদি ও ভারতের জনগণের পক্ষে শুভেচ্ছা ও অভিনন্দন জানান। শেখ হাসিনার নতুন মেয়াদে বাংলাদেশ ও ভারতের মধ্যে সম্পর্ক আরো জোরদার হবে বলে ভারতীয় হাইকমিশনার আশা প্রকাশ করেন। প্রণয় ভার্মা বলেন, স্থিতিশীল, সমৃদ্ধ বাংলাদেশ গড়ার স্বপ্ন বাস্তবায়নে ভারত বাংলাদেশকে সমর্থন ও সহযোগিতা দিয়ে যাবে। তিনি এসময় মুক্তিযুদ্ধে দুই দেশের অভিন্ন আত্মত্যাগের ভিত্তিতে গড়ে ওঠা সম্পর্ক ও দীর্ঘদিনের বন্ধুত্বের কথা তুলে ধরেন।",1,1,0,1,False
" নির্বাচন শেষ হতেই নিজের পোস্টার অপসারণে নামলেন মৌলভীবাজার-২ আসনে দ্বাদশ জাতীয় সংসদের নবনির্বাচিত সদস্য শফিউল আলম চৌধুরী নাদেল। সোমবার (৮ জানুয়ারি) সকালে তার কর্মী সমর্থকদের নিয়ে তিনি পোস্টার অপসারণের উদ্বোধন করেন। কুলাউড়া পৌর শহর ঘুরে দেখা গেছে, প্রার্থীদের পলিথিন মোড়ানো পোস্টারে পুরো শহর সয়লাব হয়ে গেছে। এসব পোস্টার ছিটকে পড়লেও পচে নষ্ট হবে না। আবর্জনার স্তূপ জমে উঠবে। এতে করে পরিবেশ দুষিত হবে। তাই বিজয়ী প্রার্থী নির্বাচনের পরদিন নিজের পোস্টার অপসারণে নেমেছেন। অপসারণকালে দলীয় নেতাকর্মী ও সমর্থকদের অনুরোধ জানিয়ে তিনি বলেন, কুলাউড়া সংসদীয় আসনের বিভিন্ন রাস্তাঘাটের পাশে যেখানে পলিথিন মোড়ানো পোস্টার বাধা রয়েছে সেগুলো অপসারণ করতে হবে। কেননা, পলিথিন মোড়ানো পোস্টার পরিবেশ নষ্ট করে। এগুলো সাধারণত পচে না। তাই আমাদের নিজ দায়িত্বে এগুলো অপসারণ করে সুন্দর পরিবেশ ফিরিয়ে আনতে হবে।",1,1,0,1,False
" সংদ্বাদশ জাতীয় সংসদ নির্বাচনে জয়লাভের পর ধানমন্ডিতে জাতির পিতার প্রতিকৃতিতে শ্রদ্ধা জানিয়েছেন আওয়ামী লীগ সভাপতি ও প্রধানমন্ত্রী শেখ হাসিনা। মঙ্গলবার (৯ জানুয়ারি) সকালে তিনি এ শ্রদ্ধা নিবেদন করেন। এসময় জাতির পিতার প্রতিকৃতিতে শ্রদ্ধা নিবেদন করেন প্রধানমন্ত্রী।এর আগে সকাল সাড়ে ৭টার দিকে বনানী কবরস্থানে ১৫ আগস্টের শহীদ স্বজনদের কবর জিয়ারত করেন আওয়ামী লীগ সভাপতি। সোমবার বিদেশি সাংবাদিক ও পর্যবেক্ষকদের পাশাপাশি দেশের জ্যেষ্ঠ সাংবাদিকদের সঙ্গে সৌজন্য বিনিময় করেন প্রধানমন্ত্রী।গত ৭ জানুয়ারির দ্বাদশ জাতীয় সংসদ নির্বাচনে ২৯৯ আসনের মধ্যে আওয়ামী লীগ বিজয়ী হয় ২২৩টি আসনে। স্বতন্ত্র বিজয়ী হয় ৬২টিতে, জাতীয় পার্টি ১১টি আসনে এবং জাতীয় সমাজতান্ত্রিক দল জয়ী হয় একটি আসনে।উল্লেখ্য, জাতীয় সংসদ নির্বাচনে টানা চতুর্থ মেয়াদে নিরঙ্কুশ বিজয় লাভ করেছে ক্ষমতাসীন আওয়ামী লীগ। এর মধ্য দিয়ে টানা চতুর্থবার সরকার গঠন করতে যাচ্ছে শেখ হাসিনার নেতৃত্বাধীন দলটি।",1,1,0,1,False
" মানিকগঞ্জ-২ আসনের নবনির্বাচিত এমপি দেওয়ান জাহিদ আহমেদ টুলুকে অভিনন্দন জানিয়েছেন সিংগাইর প্রেসক্লাব।মঙ্গলবার (৯ জানুয়ারি) সকাল সাড়ে ১১ টায় উপজেলার বায়রা ইউনিয়নের বাইমাইল দেওয়ান প্লাজায় ফুল দিয়ে অভিনন্দন জানান সিংগাইর প্রেসক্লাবের সাংবাদিকরা। নির্বাচন কালীন সময়ে সঠিক সংবাদ পরিবেশন করে সহায়তার জন্য সাংবাদিকদের ধন্যবাদ জানান তিনি। সেই সাথে আগামী দিনগুলোতে সবাইকে তার পাশে থাকার আহবান জানান নবনির্বাচিত এমপি। এ সময় সাংবাদিকদের মধ্যে উপস্থিত ছিলেন- সিংগাইর প্রেসক্লাবের আহবায়ক মো.সিরাজুল ইসলাম, সদস্য সচিব মো. রকিবুল হাসান বিশ্বাস, সাবেক সাধারণ সম্পাদক মাসুম বাদশাহ, সদস্য মো. জয়নাল আবেদীন, মো. সাইফুল ইসলাম তানভীর, মো.মিজানুর রহমান, মো. আলী রিপন, মোস্তাক আহমেদ, মো.হাবিবুর রহমান হাবিব, আব্দুল্লাহ আল মামুন প্রমুখ।",1,1,0,1,False
" দ্বাদশ জাতীয় সংসদ নির্বাচনে বিজয়ী হওয়ায় প্রধানমন্ত্রী শেখ হাসিনাকে অভিনন্দন জানিয়েছেন কমনওয়েলথ মহাসচিব প্যাট্রিসিয়া স্কটল্যান্ড কেসি। তিনি টুইটার অর্থাৎ এক্স মাধ্যমে দেয়া একটি পোস্টে বলেছেন, “প্রধানমন্ত্রী শেখ হাসিনাকে তার নির্বাচনী বিজয়ের জন্য আমার অভিনন্দন”।তিনি আরো বলেন, কমনওয়েলথ সচিবালয় জাতীয় অগ্রাধিকার অর্জনে বাংলাদেশের সাথে অংশীদারিত্ব অব্যাহত রাখতে প্রস্তুত এবং বাংলাদেশের জনগণ ও কমনওয়েলথ পরিবারের সকল সদস্যের জন্য শেখ হাসিনার সাথে কাজ করার জন্য উন্মুখ।গত ৭ জানুয়ারি দ্বাদশ জাতীয় সংসদ নির্বাচন অনুষ্ঠিত হয়েছে ২৯৯টি আসনে। বাংলাদেশ আওয়ামী লীগ ২২২টি আসনে, জাতীয় পার্টি ১১টি আসনে এবং স্বতন্ত্র প্রার্থীরা ৬২টি আসনে, আওয়ামী লীগের নেতৃত্বাধীন ১৪ দলের জোটের শরিক ওয়ার্কার্স পার্টি ও জাতীয় সমাজতান্ত্রিক দল (জাসদ) একটি করে আসন পেয়েছে। নির্বাচনে একটি আসনে জয় পেয়েছে বাংলাদেশ কল্যাণ পার্টি। এরমধ্যে নির্বাচন (ইসি) কমিশন আজ ২৯৮ জন সংসদ সদস্যের তালিকাসহ গেজেট প্রকাশ করেছে।",1,1,0,1,False
" মায়ের ব্যবসা প্রতিষ্ঠান আনন্দ শিপ ইয়ার্ড দেখাশুনা করতেন আব্দুল্লাহ নাহিদ নিগার সাগর। ছিলেন প্রতিষ্ঠানটির ডেপুটি ম্যানেজিং ডিরেক্টরের দায়িত্বে। হঠাৎ তার মা মিসেস আফরুজা বারীর হাত ধরে রাজনীতিতে পদার্পণ নাহিদ নিগারের। শেষ পর্যন্ত মাত্র ২১ দিনের রাজনৈতিক জীবনের পূজিতেই দ্বাদশ জাতীয় সংসদ নির্বাচনে জাতীয় পার্টির দুই বারের সংসদ সদস্য ব্যারিস্টার শামীম হায়দার পাটোয়ারীকে হারিয়ে গাইবান্ধা-১ সুন্দরগঞ্জ আসনের সংসদ সদস্য হয়ে চমকে দিলেন সবাইকে।এদিকে নিগারের মা মিসেস আফরুজা বারী বাংলাদেশ আওয়ামী লীগের সুন্দরগঞ্জ উপজেলা শাখার সভাপতি। তিনি দ্বাদশ জাতীয় সংসদ নির্বাচনে আওয়ামী লীগের মনোনীত সংসদ সদস্য প্রার্থী হন। কিন্তু গত ১৭ ডিসেম্বর কেন্দ্রীয় নির্দেশে তিনি মনোনয়নপত্র প্রত্যাহার করে নেন। মায়ের মনোনয়নপত্র প্রত্যাহার হওয়ার কারণে নিগার গত ১৮ ডিসেম্বর স্বতন্ত্র প্রার্থী হিসেবে ঢেঁকি প্রতীকে সংসদ নির্বাচনের মাঠে ভোটের লড়াইয়ে নামেন। অন্যদিকে, নাহিদ নিগারে ভিকারুন্নেসা নুন স্কুল এন্ড কলেজ থেকে এসএসসি ও এইচএসসি পাস করে উচ্চতর ডিগ্রীর জন্য প্রবাসে যান। তিনি যুক্তরাজ্য থেকে অর্থনীতি ও আন্তর্জাতিক অর্থ বিষয়ে স্নাতকোত্তর ও কানাডার ওয়াটার লু বিশ্ববিদ্যালয় থেকে গণিত বিষয়ে ডিগ্রি নেন। পরে আনন্দ গ্রুপের ডেপুটি ম্যানেজিং ডিরেক্টরের দায়িত্ব পালনের মধ্য দিয়েই দ্বাদশ জাতীয় সংসদ নির্বাচনে সুন্দরগঞ্জ আসন থেকে স্বতন্ত্র প্রার্থী হিসেবে ভোট যুদ্ধে নামেন। বিষয়টি নিয়ে সদা মিষ্টভাষী নিগার বলেন, আমার নানা আশরাফ আলী, নানী আলতাফুন্নেছা, মামা শহীদ এমপি মঞ্জুরুল ইসলাম লিটন ও মা আফরোজা বারীর হাত ধরে ছোট বেলা থেকে আওয়ামী লীগের রাজনীতি দেখে আসছি।নির্বাচন প্রসঙ্গে বিশদভাবে জানতে চাইলে তিনি বলেন, আমার মা মনোনয়ন পত্র প্রত্যাহার করার পর সুন্দরগঞ্জ আওয়ামী লীগের নেতা-কর্মীরা যে মুহূর্তে হতাশাবোধ করছিলেন ঠিক সেই সময়টাতে তার উত্তরসূরী ও স্বতন্ত্র প্রার্থী হিসেবে আমাকে পাওয়ায় তারা তখন বেশ উজ্জীবিত হয়। ফলে স্থানীয় ও সাধারণ মানুষের সমর্থন ও ভালোবাসা পেতে শুরু করি। এরমধ্যে গত ১৮ ডিসেম্বর থেকে প্রতীক বরাদ্দ নিয়ে আমি রাজনীতির পথে পা বাড়াই। ঠিক ওই দিন থেকেই সক্রিয় রাজনীতিতে আমার যাত্রা শুরু হয়। পরে তফসিল অনুযায়ী মাত্র ২০ দিন সময়ে পুরা উপজেলায় জনসংযোগ ও উঠান বৈঠক শুরু করি। এতেই সাধারণ মানুষ আমার প্রতি আকৃষ্ট হয়ে ঢেঁকি প্রতীকে ৬৬ হাজার ৪৯ ভোটে সংসদ সদস্য হিসেবে নির্বাচিত করে।নিগারের পরিবার সম্পর্কে জানতে চাইলে তিনি বলেন, আমার স্বামী প্রকৌশলী ড. তারিকুল ইসলাম। আর আমার ২ মেয়ে ও ১ ছেলে নিয়ে আমাদের সংসার। সবশেষে তাকে সুন্দরগঞ্জের সংসদ সদস্য নির্বাচিত করায় এলাকাবাসীকে কৃতজ্ঞতা জানান তিনি। ",1,1,0,1,False
"দ্বাদশ জাতীয় সংসদ নির্বাচনের পরিপ্রেক্ষিতে বাংলাদেশে যা ঘটছে তা নজরে রাখছেন জাতিসংঘের মহাসচিব আন্তোনিও গুতেরেস। এছাড়া নির্বাচনের আগে ও পরে সহিংসতার ঘটনায় তিনি উদ্বিগ্ন বলেও জানানো হয়েছে।স্থানীয় সময় সোমবার (৮ জানুয়ারি) জাতিসংঘের নিয়মিত ব্রিফিংয়ে বাংলাদেশে সদ্য সমাপ্ত নির্বাচন ও নির্বাচনকে ঘিরে চলমান রাজনৈতিক পরিস্থিতি নিয়ে এক প্রশ্নের জবাবে আন্তোনিও গুতেরেসের সহযোগী মুখপাত্র ফ্লোরেন্সিয়া সোটো নিনো এই মন্তব্য করেন।ব্রিফিংয়ে এক সাংবাদিক বাংলাদেশের সদ্য সমাপ্ত নির্বাচন নিয়ে প্রশ্ন করেন। তিনি বলেন, বাংলাদেশে নির্বাচন অনুষ্ঠিত হয়েছে এবং শেখ হাসিনা সেখানে বিজয় পেয়েছেন বলে দাবি করেছেন। যদিও এই নির্বাচন এমন এক পরিবেশে অনুষ্ঠিত হয়েছে যেখানে হাজার হাজার মানুষ এবং বিরোধী নেতাকর্মীকে আগেই গ্রেপ্তার করা হয়েছিল। জাতিসংঘ কি বিশ্বাস করে, এই নির্বাচন অবাধ ও সুষ্ঠু হয়েছে?এই প্রশ্নের জবাবে মহাসচিব আন্তোনিও গুতেরেসের সহযোগী মুখপাত্র ফ্লোরেন্সিয়া সোটো নিনো বলেন, বাংলাদেশে কী ঘটেছে সেটা আমরা দেখছি। সেখানে (বাংলাদেশে) কী ঘটছে তার দিকে নজর রাখছেন জাতিসংঘ মহাসচিব। তিনি আরো বলেন, বিরোধীদলগুলোর নির্বাচন বয়কটের সিদ্ধান্তের বিষয়ে তিনি অবগত, এছাড়া ভিন্নমতের কণ্ঠরোধ এবং বিরোধীদলের নেতাদের গ্রেপ্তারের বিষয়েও জানেন তিনি। নির্বাচনের আগে এবং নির্বাচনের সময় সহিংসতার ঘটনার খবর নিয়েও তিনি স্পষ্টতই উদ্বিগ্ন।তিনি আরো বলেন, সব পক্ষকে যেকোনো ধরনের সহিংসতা থেকে দূরে থাকার আহ্বান জানিয়েছেন জাতিসংঘ মহাসচিব। মানবাধিকার এবং আইনের শাসনের প্রতি পূর্ণ সম্মান প্রদর্শনের বিষয়টিও নিশ্চিত করার আহ্বান জানিয়েছেন তিনি। গণতন্ত্রকে সুসংহতকরণ এবং অর্থনৈতিক সমৃদ্ধির জন্য এটি অপরিহার্য",1,1,0,1,False
"দ্বাদশ জাতীয় সংসদ নির্বাচনের ফলের ২৯৮ টি আসনের গেজেট প্রকাশ করেছে নির্বাচন কমিশন (ইসি)। এর আগে, মঙ্গলবার (৯ জানুয়ারি) দুপুরে এক জরুরি বৈঠকে গেজেট প্রকাশের অনুমোদন দেয় কমিশন। এ তথ্য জানান নির্বাচন কমিশনার আলমগীর হোসেন।  গেজেটটি এবার ইসির অনুমোদনের পরে রাষ্ট্রপতির স্বাক্ষরের জন্য পাঠান হবে। ইসির অতিরিক্ত সচিব অশোক কুমার দেবনাথ জানান, গেজেট প্রকাশের জন্য এমপিদের নাম, সংসদীয় আসন, পিতা মাতার নাম, জন্ম তারিখ ইত্যাদি প্রেসে পাঠানো হয় এবং বিকেলে গেজেট প্রকাশ করা হবে।  ইসি সচিব বলেন, নিয়ম মেনেই নির্বাচন করা হয়েছে। আমরা কোনো অনিয়ম গ্রহণ করিনি। অপরদিকে বুধবার (১০ জানুয়ারি) সকাল ১০টায় জাতীয় সংসদ ভবনে নয়া এমপিদের শপথ অনুষ্ঠিত হবে। শপথ বাক্য পাঠ করাবেন চলতি একাদশ জাতীয় সংসদের স্পিকার ড. শিরীন শারমিন চৌধুরী। মন্ত্রিপরিষদ বিভাগ এবং জাতীয় সংসদ সংশ্লিষ্ট সূত্রগুলো বলছে, নবনির্বাচিত এমপিরা শপথ নিলে পরের দিন বৃহস্পতিবার নতুন মন্ত্রিসভা গঠন করা হবে। দ্বাদশ জাতীয় সংসদ নির্বাচনে নিরঙ্কুশ সংখ্যাগরিষ্ঠতা পেয়েছে ক্ষমতাসীন দল আওয়ামী লীগ। ফলে টানা চতুর্থবারের মতো সরকার গঠন করতে যাচ্ছে দলটি। সবশেষ ঘোষণা অনুযায়ী আওয়ামী লীগ এখন পর্যন্ত ২৯৮টি আসনের মধ্যে ২২৫টি, জাতীয় পার্টি ১১টি, কল্যাণ পার্টি ১টি এবং স্বতন্ত্র পেয়েছে ৬১টি আসন।",1,1,0,1,False
"দ্বাদশ জাতীয় নির্বাচনে জয় লাভ করায় প্রধানমন্ত্রী শেখ হাসিনাকে অভিনন্দন জানিয়েছে শীর্ষ ব্যবসায়ী সংগঠন দি ফেডারেশন অব বাংলাদেশ চেম্বার্স অব কমার্স অ্যান্ড ইন্ডাস্ট্রি (এফবিসিসিআই) এর নেতৃবৃন্দ। মঙ্গলবার (৯ জানুয়ারি) গণভবনে এফবিসিসিআই সভাপতি জনাব মাহবুবুল আলমের নেতৃত্বে প্রধানমন্ত্রীকে অভিনন্দন জানান তারা। এসময় মাননীয় প্রধানমন্ত্রীকে ফুলেল শুভেচ্ছা জানান এফবিসিসিআই নেতারা।দেশের শীর্ষ ব্যবসায়ী সংগঠন হিসেবে এফবিসিসিআই এর পক্ষ থেকে দেশের অর্থনৈতিক প্রবৃদ্ধি বাড়াতে সরকারের সাথে ঘনিষ্ঠভাবে কাজ করার অঙ্গীকার পুনর্ব্যক্ত করেন এফবিসিসিআই সভাপতি। এ সময় দেশের অগ্রগতি ও উন্নয়নে অবদান রাখার কথা পুনর্ব্যক্ত করেন ব্যবসায়ী নেতারা।এ সময় অন্যান্যের মধ্যে এফবিসিসিআই’র সিনিয়র সহ-সভাপতি জনাব মো. আমিন হেলালী, সহ-সভাপতি জনাব খায়রুল হুদা চপল, জনাব মোহাম্মদ আনোয়ার সাদাত সরকার, ড. যশোদা জীবন দেবনাথ, মিস শমী কায়সার, জনাব রাশেদুল হোসেন চৌধুরী (রনি), জনাব মো. মুনির হোসেন, এফবিসিসিআই পরিচালক ড. মুনাল মাহবুব প্রমুখ উপস্থিত ছিলেন",1,1,0,1,False
" দ্বাদশ জাতীয় সংসদ নির্বাচন নিয়ে বিশ্বের সব দেশই প্রশংসা করেছে বলে দাবি করেছেন পররাষ্ট্রমন্ত্রী ড. এ কে আব্দুল মোমেন। মঙ্গলবার (৯ জানুয়ারি) বিকালে রাজধানীর ফরেন সার্ভিস একাডেমিতে কূটনৈতিক, সাংবাদিক ও বিশিষ্টজনদের সঙ্গে ‘মিট অ্যান্ড গ্রিট’ অনুষ্ঠান শেষে সাংবাদিকদের এ কথা বলেন তিনি। পররাষ্ট্রমন্ত্রী বলেন, নির্বাচন স্বচ্ছ ও সুষ্ঠু হয়েছে। কোনো কারিগরি ত্রুটি ছিল কিনা, বিদেশি পর্যবেক্ষকরা তা দেখেছেন। আমি বাংলাদেশের বহু নির্বাচন দেখেছি। এবারের নির্বাচনটি আদর্শ নির্বাচন হয়েছে। সব দেশই বলেছে সুষ্ঠু, সুন্দর ও বিশ্বাসযোগ্য নির্বাচন হয়েছে। বাংলাদেশের নির্বাচন নিয়ে যুক্তরাজ্য ও আমেরিকা প্রশ্ন তুলেছে, এ বিষয়ে জানতে চাইলে তিনি বলেন, তারা ভালো বলেছে, নির্বাচনের প্রশংসা করেছে। তারা বলেছে আমাদের সঙ্গে যে সম্পর্ক আছে, সেটা বলবৎ রাখবে। তবে তারা মানবাধিকারের যে বিষয়টির কথা বলেছে, সেটি ডায়নামিক ইস্যু। এগুলোর কোনো শেষ নেই। আমরা এসব বিষয় নিয়ে কাজ করছি।  ব্রিফিংয়ে মার্কিন রাষ্ট্রদূত পিটার হাস, যুক্তরাজ্যের হাইকমিশনার সারাহ ক্যাথেরিন কুকসহ বিভিন্ন দূতাবাসের রাষ্ট্রদূত, ঢাকা বিশ্ববিদ্যালয়ের উপাচার্য এ এস এম মাকসুদ কামালসহ বিশিষ্টজন ও গণমাধ্যম ব্যক্তিত্বরা উপস্থিত ছিলেন।",1,1,0,1,False
"নির্বাচনী আচরণবিধি লঙ্ঘনের মামলায় জামিন পেয়েছেন সাতক্ষীরা-১ আসনের নৌকা প্রতিকের নব-নির্বাচিত এমপি ফিরোজ আহমেদ স্বপন। মঙ্গলবার (৯ জানুয়ারি) সাতক্ষীরা চীফ জুডিশিয়াল ম্যাজিস্ট্রেট আদালতে হাজির হয়ে জামিনের আবেদন করেন তিনি। শুনানি শেষে বিচারক আশিকুর রহমান তার জামিন আবেদন মঞ্জুর করেন। সাতক্ষীরা আদালতের পরিদর্শক মেহেদি হাসান জানান, এমপি স্বপন কলারোয়া থানার একটি জিআর মামলার আসামী। মঙ্গলবার দুপুরে তিনি আদালতে জামিন আবেদন করেন। শুনানি শেষে আদালত তাকে জামিন দিয়েছেন। প্রসঙ্গত, সদ্য সমাপ্ত জাতীয় সংসদ নির্বাচনে আচরণ বিধি লঙ্ঘনের অভিযোগে সাতক্ষীরা-১ আসনের বাংলাদেশ আওয়ামী লীগ মনোনীত নৌকা প্রতিকের প্রার্থী ফিরোজ আহম্মেদ স্বপনের বিরুদ্ধে কলারোয়া থানায় মামলা হয়। ভোটের ঠিক দুই দিন আগে ৫ জানুয়ারি নির্বাচন কমিশনের নির্দেশে কলারোয়া উপজেলা নির্বাচন কর্মকর্তা ওহিদ মুরাদ বাদি হয়ে মামলাটি দায়ের করেন। এর আগে সংসদ নির্বাচনে আওয়ামী লীগের নৌকা প্রতীকের প্রার্থী ফিরোজ আহম্মেদ স্বপনের একটি ভিডিও ভাইরাল হয়। ভাইরাল হওয়া ওই ভিডিওতে ফিরোজ আহম্মেদ স্বপন আওয়ামী লীগ ব্যতীত অন্য দলের ভোটাররা ভোট কেন্দ্রে না যাওয়ার নির্দেশ দেন। অন্যথায় বিপদে ফেলার হুমকিও দেয়া হয়।  তার এই বক্তব্যকে রাজনৈতিক দল ও প্রার্থীর আচরণবিধির লঙ্ঘন দাবি করে ফিরোজ আহম্মেদ স্বপনের বিরুদ্ধে জেলা নির্বাচন অনুসন্ধান কমিটিতে অভিযোগ করেন জাপা প্রার্থী সৈয়দ দিদার বখত ও আওয়ামী লীগের স্বতন্ত্র প্রার্থী সরদার মুজিব। পরে ওই অভিযোগের সত্যতা পেয়ে নির্বাচন কমিশনের নির্দেশে আওয়ামী লীগ মনোনীত নৌকা প্রতিকের প্রার্থী ফিরোজ আহম্মেদ স্বপনের বিরুদ্ধে কলারোয়া থানায় মামলা দায়েরের নির্দেশ দেয়া হয়। ",1,1,0,1,False
 নারায়ণগঞ্জ ৪ (ফতুল্লা-সিদ্ধিরগঞ্জ) আসনে নৌকার প্রার্থী শামীম ওসমান জয় পেয়েছেন বড় ব্যবধানে। নিকটতম প্রতিদ্বন্দ্বীর চেয়ে ১ লাখ ৮৮ হাজার ভোট বেশি পেয়েছেন তিনি।রবিবার ৭ জানুয়ারি বেসরকারিভাবে নির্বাচনের ফলাফল ঘোষণা করেন জেলা রিটার্নিং অফিসার।  নির্বাচনের এই ফলাফল এ তথ্য জানা যায়।নারায়ণগঞ্জ ৪ (ফতুল্লা-সিদ্ধিরগঞ্জ) আসনে ২৩১‌টি কেন্দ্রের ফলাফল অনুযায়ী নৌকা মার্কা নিয়ে একেএম শামীম ওসমান পেয়েছেন ১ লাখ ৯৫ হাজার ৮২৭ ভোট। তার নিকটতম প্রতিদ্বন্দ্বী গোলাপ ফুল মার্কার মুরাদ হোসেন জামাল পেয়েছেন ৭ হাজার ২৬৯ ভোট।নারায়ণগঞ্জ-৫ (সদর-বন্দর) আসনে ১৭৫টি কেন্দ্রের ফলাফল অনুযায়ী লাঙল প্রতীক নিয়ে একেএম সে‌লিম ওসমান পেয়েছেন ১ লাখ ১৫ হাজার ৪২৫ ভোট। তার নিকটতম প্রতিদ্বন্দ্বী চেয়ার মার্কার এএমএম একরামুল হক ৩ হাজার ৭৩৩ ভোট পেয়েছেন।নারায়ণগঞ্জের পাঁচটি সংসদীয় আসনের মধ্যে দ্বাদশ জাতীয় সংসদ নির্বাচনে চারটি আসনে আওয়ামী লীগ মনোনীত নৌকা মার্কা ও একটিতে জাতীয় পার্টির লাঙ্গল মার্কার প্রার্থী বিজয়ী হয়েছেন।  ,1,1,0,1,False
" যশোর-৬ (কেশবপুর) আসনে স্বতন্ত্র প্রার্থী উপজেলা ছাত্রলীগের সাবেক যুগ্ম আহ্বায়ক আজিজুল ইসলামের কাছে পরাজিত হয়েছেন জেলা আওয়ামী লীগের সাধারণ সম্পাদক ও নৌকা প্রতীকের প্রার্থী শাহীন চাকলাদার।জেলা রিটার্নিং অফিসার  জানান, স্বতন্ত্র প্রার্থী কৃষকলীগ নেতা আজিজুল ইসলামের কাছে  নৌকা প্রতীকের প্রার্থী শাহীন চাকলাদার ৯ হাজার ৬৭৮ ভোটে পরাজিত হয়েছেন।রবিবার (৭ জানুয়ারি) সকাল ৮টায় সারা দেশে একযোগে দ্বাদশ জাতীয় সংসদ নির্বাচনের ভোটগ্রহণ শুরু হয়। বিকেল ৪টা পর্যন্ত বিরতিহীনভাবে চলে এই কার্যক্রম।জেলা রিটানিং অফিসারের দেয়া তথ্য মতে, এই নির্বাচনে শাহীন চাকলাদার নৌকা প্রতীক নিয়ে ৩৯ হাজার ২৬৯ ভোট পেয়েছেন। বিজয়ী স্বতন্ত্র প্রার্থী আজিজুল ইসলাম ঈগল প্রতীক নিয়ে পেয়েছেন ৪৮ হাজার ৯৪৭ ভোট। অপর স্বতন্ত্র প্রার্থী আওয়ামী লীগ নেতা এইচ এম আমিন হোসেন ‘কাঁচি’ প্রতীকে পেয়েছেন ১৭ হাজার ২০৯ ভোট। এ ছাড়া জাতীয় পার্টির প্রার্থী জিএম হাসান ‘লাঙল’ প্রতীক নিয়ে পেয়েছেন ৬৪০ ভোট।শাহীন চাকলাদার যশোর-৬ আসন থেকে আওয়ামী লীগের মনোনীত প্রার্থী হিসেবে নৌকা প্রতীক নিয়ে নির্বাচনে অংশ নিয়েছিলেন। এ আসনে মোট কেন্দ্রের সংখ্যা ৮১টি। ২ লাখ ১৭ হাজার ৯২৪ ভোটারের মধ্যে ১ লাখ ৮ হাজার ৩১৭জন তাদের ভোটাধিকার প্রয়োগ করেন। এরমধ্যে বাতিল হয়েছে ২ হাজার ২৫২টি ভোট।",1,1,0,1,False
"ঢাকা-১ আসনে আওয়ামী লীগের নৌকা প্রতীক নিয়ে বেসরকারিভাবে জয়ী হয়েছেন সালমান ফজলুর রহমান।রবিবার (৭ জানুয়ারি) রাতে রিটার্নিং অফিসারের কার্যালয়ে জেলা প্রশাসক ও ঢাকা রিটার্নিং কর্মকর্তা আনিসুর রহমান জানান, ঢাকা-১ আসনে ১শ ৮৪টি কেন্দ্রে বেসরকারিভাবে আওয়ামী লীগের নৌকা প্রতীক নিয়ে নির্বাচিত হয়েছেন সালমান ফজলুর রহমান। তিনি আরো জানান, সালমান ফজলুর রহমান ভোট পেয়েছেন এক লাখ ৫০ হাজার ৫টি। তার নিকটতম প্রতিদ্বন্দী সালমা ইসলাম লাঙল প্রতীক নিয়ে ৩৪ হাজার ৯৩০টি ভোট পেয়েছেন।এছাড়া বাংলাদেশ ওয়ার্কার্স পার্টির মো. করম আলী হাতুড়ি প্রতীক নিয়ে পেয়েছে ৬শ ৪২টি, গণফ্রন্টের শেখ মো. আলী মাছ প্রতীক নিয়ে পেয়েছে ৫৩১টি, বাংলাদেশ সুপ্রিম পার্টির সামসুজ্জামান চৌধুরী একতারা প্রতীক নিয়ে পেয়েছে ৫০৮টি, তৃণমূল বিএনপির মুফিদ খান সোনালী আঁশ প্রতীক নিয়ে পেয়েছেন ৪৭৩টি এবং ন্যাশনাল পিপলস পার্টির আব্দুর হাকিম আম প্রতীক নিয়ে পেয়েছেন ৪৩০টি ভোট পেয়েছেন।",1,1,0,1,False
"কিশোরগঞ্জ-৩ (করিমগঞ্জ-তাড়াইল) আসনে জাতীয় পার্টির মহাসচিব মো. মুজিবুল হক চুন্নু বেসরকারিভাবে নির্বাচিত হয়েছেন। রবিবার (৭ জানুয়ারি) রাতে দুই উপজেলার রিটার্নিং কর্মকর্তার কার্যালয় সূত্রে এ তথ্য জানা গেছে।এ আসনে লাঙল প্রতীকে মুজিবুল হক চুন্নু পেয়েছেন ৫৭ হাজার ৫৩০ ভোট। তার নিকটতম প্রতিদ্বন্দ্বী কাঁচি প্রতীকের স্বতন্ত্র প্রার্থী প্রধানমন্ত্রী শেখ হাসিনার সাবেক এডিসি মেজর (অব.) নাসিমুল হক পেয়েছেন ৪২ হাজার ২৩৫ ভোট। জেলার বাকি পাঁচটি আসনের মধ্যে চারটিতে আওয়ামী লীগ ও একটিতে স্বতন্ত্র প্রার্থী বিজয়ী হয়েছেন।কিশোরগঞ্জ-১ (সদর-হোসেনপুর) আসেন বিজয়ী হয়েছেন  ডা. সৈয়দা জাকিয়া নূর লিপি। নৌকা প্রতীকে তিনি পেয়েছেন ৭৭,৩৪৮ ভোট। তার নিকটতম প্রতিদ্বন্দ্বী সৈয়দ সাফায়েতুল ইসলাম ঈগল প্রতীকে পান ৭৪,০৬২ ভোট।কিশোরগঞ্জ-২ (পাকুন্দিয়া-কটিয়াদী) আসনে বিজয়ী হয়েছেন স্বতন্ত্র প্রার্থী সোহরাব উদ্দিন। ঈগল প্রতীক নিয়ে তিনি পেয়েছেন ৮৯,৫৩৯ ভোট। তার নিকটতম প্রতিদ্বন্দ্বী আব্দুল কাহার আকন্দ নৌকা প্রতীকে পান ৬৮,৬৯২ ভোট। কিশোরগঞ্জ-৪ (ইটনা-মিঠাইমন-অষ্টগ্রাম)  আসনে বিজয়ী হয়েছেন রেজওয়ান আহমেদ তৌফিক।নৌকা প্রতীকে তিনি পেয়েছেন ২,০৮,৪৮৭ ভোট। তার নিকটতম প্রতিদ্বন্দ্বী আবু ওয়াহাব লাঙল প্রতীকে পেয়েছেন ২,৭৩৫ ভোট।কিশোরগঞ্জ-৫ (বাজিতপুর-নিকলী) আসনে বিজয়ী হয়েছেন আফজাল হোসেন। নৌকা প্রতীকে তিনি ৮৪,০৫৬ ভোট পেয়েছেন। তার নিকটতম প্রতিদ্বন্দ্বী সুব্রত পাল ঈগল প্রতীকে পেয়েছেন ৫৮,৭৬৩ ভোট। কিশোরগঞ্জ-৬ (ভৈরব-কুলিয়ারচর) আসনে বিজয়ী হয়েছেন নাজমুল হাসান পাপন। নৌকা প্রতীকে তিনি পেয়েছেন ১,৯৮,১৫৫ ভোট। তার নিকটতম প্রতিদ্বন্দ্বী বাংলাদেশ ইসলামী ফ্রন্টের মো. রুবেল হোসেন মোমবাতি প্রতীকে পান ৩,২০৬ ভোট।",1,1,0,1,False
"দ্বাদশ জাতীয় সংসদ নির্বাচনে সকল জল্পনা কল্পনার অবসান ঘটিয়ে বিজয় মালা পরিধান করলেন মানিকগঞ্জের ৩ জাহিদ।৭ জানুয়ারি (রবিবার) মানিকগঞ্জের ৩টি আসনে চূড়ান্ত পর্যায়ে ২০ জন প্রার্থী ভোট যুদ্ধে অংশগ্রহণ করেন। ভোট কেন্দ্রে ভোটারের উপস্থিতি কিছুটা কম হলেও সকাল থেকে বিকেল পর্যন্ত সকল কেন্দ্রে শান্তিপূর্ণ পরিবেশে ভোট গ্রহণ অনুষ্ঠিত হয়।ভোট গ্রহণ শেষে রিটার্নিং কর্মকর্তার কার্যালয় থেকে ঘোষিত বেসরকারি ফলাফল অনুযায়ী মানিকগঞ্জ-১ আসনে বিজয়ী হন ঈগল প্রতীকের স্বতন্ত্র প্রার্থী সালাউদ্দিন মাহমুদ জাহিদ। তাঁর প্রাপ্ত ভোট ৮৬,৯৪১ । স্বতন্ত্র প্রার্থীর নিকটতম প্রতিদ্বন্দ্বী ছিলেন লাঙ্গল প্রতীকের জোট মনোনীত প্রার্থী জহিরুল আলম রুবেল। তার প্রাপ্ত ভোট ৩৮ হাজার ৯৪২। এই আসনে ৪ জন প্রার্থী নির্বাচনে অংশগ্রহণ করেন।মানিকগঞ্জ-২ আসনে নৌকা মনোনীত প্রার্থী মমতাজ বেগমকে হারিয়ে বিজয়ী হন ট্রাক প্রতীকের দেওয়ান জাহিদ আহমেদ টুলু। জাহিদ আহমেদ টুলুর প্রাপ্ত ভোট ৮৮ হাজার ৩০৯। তাঁর নিকটতম প্রার্থী মমতাজ বেগম পান ৮২ হাজার ১৩৮ ভোট।মানিকগঞ্জ-৩ আসনে চতুর্থ বারের মত নৌকা প্রতীক নিয়ে বিপুল ভোটের ব্যবধানে বিজয়ী হয়েছেন আলহাজ্ব জাহিদ মালেক। তিনি ভোট পেয়েছেন ১ লাখ ২৬ হাজার ৭২০। তার নিকটতম প্রতিদ্বন্দ্বী প্রার্থী সাবেক সংসদ সদস্য মফিজুল ইসলাম খান কামাল পান ৫ হাজার ৩৯১ ভোট।",1,1,0,1,False
 ফেনীর ২ আসনে জয় পেয়েছে নৌকা। ১ আসনে জয় পেয়েছে লাঙ্গল। ফেনী-১আলাউদ্দিন আহম্মদ চৌধুরী নাসিম (নৌকা) - ১৮২৭৬০নিকটতম: শাহরিয়ার ইকবাল (লাঙ্গল) ৪১৯৫;ফেনী-২নিজাম উদ্দিন হাজারী (নৌকা) ২৩৬৫৯৮নিকটতম : নজরুল ইমলাম (লাঙ্গল) ৪৮৫৮ফেনী-৩মাসুদ উদ্দিন চৌধুরী (লাঙ্গল)   ১৪৭৭৬০;নিকটতম : হাজী রহিম উল্যাহ (ঈগল) ৯৬২৬,1,1,0,1,False
" দ্বাদশ জাতীয় সংসদ নির্বাচনে ব্রাহ্মণবাড়িয়া-৪ (কসবা-আখাউড়া) আসনে জয়ী হয়ে টানা তৃতীয়বারের মতো সংসদ সদস্য (এমপি) নির্বাচিত হলেন আইন, বিচার ও সংসদ বিষয়ক মন্ত্রী আনিসুল হক।রবিবার (৭জানুয়ারি) নির্বাচন কমিশন থেকে ঘোষিত ফলাফলে এ তথ্য জানা যায়।এতে তথ্য মতে, নৌকা প্রতীকে আনিসুল হক পেয়েছেন দুই লাখ ২০ হাজার ৬৬৭ ভোট। তার নিকটতম প্রতিদ্বন্ধী ন্যাশনাল পিপলস পার্টির শাহীন খান আম মার্কায় ভোট পেয়েছেন ছয় হাজার ৫৮৬ ভোট। অপর প্রার্থী বাংলাদেশ তরিকত ফেডারেশনের সৈয়দ জাফরুল কুদ্দুস পেয়েছেন চার হাজার ৫৭৪ ভোট পেয়েছেন।২০১৪ ও ২০১৮ সালের নির্বাচনেও নৌকা প্রতীক নিয়ে জাতীয় সংসদ সদস্য নির্বাচিত হন আনিসুল হক। বাংলাদেশের ইতিহাসে টানা দুই মেয়াদে আইনমন্ত্রী হিসেবে দায়িত্ব পালনকারী একমাত্র ব্যক্তিও তিনি।দুই উপজেলা নিয়ে গঠিত এই সংসদীয় আসনে গড় ভোট পড়েছে ৫৮ দশমিক ১৩ শতাংশ। দুই উপজেলা নিয়ে গঠিত এই আসনের মোট ভোটকেন্দ্র ১১৮টি। এর মধ্যে কসবা উপজেলায় ৭৪টি ও আখাউড়া উপজেলায় ৪৪টি কেন্দ্র। ",1,1,0,1,False
 মুন্সীগঞ্জ-৩ আসনে কাঁচি প্রতীকের স্বতন্ত্র প্রার্থী মোহাম্মদ ফয়সাল বিপ্লব বেসরকারিভাবে সংসদ সদস্য নির্বাচিত হয়েছেন। তিনি ৮৯ হাজার ৭০৫ ভোট পেয়েছেন। তার নিকটতম প্রতিদ্বন্দ্বী আওয়ামী লীগ মনোনীত নৌকা প্রতীকের অ্যাডভোকেট মৃণাল কান্তি দাস পেয়েছেন ৮২ হাজার ৮৩৩ ভোট।ফয়সাল বিপ্লব ৬৮৩৩ ভোট বেশি পেয়ে বেসরকারিভাবে নির্বাচিত হয়েছেন। এছাড়া জাতীয় পার্টির লাঙ্গল প্রতীকের এ এফ এম রফিকুল্লাহ সেলিম পেয়েছেন ২ হাজার ৯৩৬ ভোট।মুন্সীগঞ্জ জেলা রিটার্নিং কর্মকর্তার কার্যালয় সূত্রে এসব তথ্য নিশ্চিত হওয়া গেছে।মোহাম্মদ ফয়সাল বিপ্লব মুন্সীগঞ্জ জেলা আওয়ামী লীগের সভাপতি মহিউদ্দিন আহমেদের ছেলে এবং মুন্সীগঞ্জ পৌরসভার সাবেক মেয়র। তিনি এই আসন থেকে আওয়ামী লীগের মনোনয়ন প্রত্যাশী ছিলেন।মনোনয়ন বঞ্চিত হলে ফয়সাল বিপ্লব স্বতন্ত্র প্রার্থী হিসেবে নির্বাচনে অংশ গ্রহণ করেন। এর আগে তিনি মুন্সীগঞ্জ পৌরসভার মেয়র ছিলেন। মেয়র পদ থেকে পদত্যাগ করে মোহাম্মদ ফয়সাল বিপ্লব স্বতন্ত্র প্রার্থী হিসেবে নির্বাচনে অংশগ্রহণ করেন।অন্যদিকে এই আসনের বর্তমান সংসদ সদস্য অ্যাডভোকেট মৃণাল কান্তি দাস গত দুবারের সংসদ সদস্য ছিলেন। এবারও তাকে নৌকা প্রতীকে এ আসন থেকে মনোনয়ন দেয়া হয়।,1,1,0,1,False
" পঞ্চগড়-২ আসনে চতুর্থ বারের মত এমপি নির্বাচিত হলেন রেলপথ মন্ত্রী এড. নূরুল ইসলাম সুজন। দ্বাদশ জাতীয় সংবাদ নির্বাচনে পঞ্চগড়-২ (বোদা-দেবীগঞ্জ) আসনে আওয়ামী লীগের মনোনীত প্রার্থী এড. নূরুল ইসলাম সুজন পঞ্চমবারের মতো নৌকা প্রতিক নিয়ে নির্বাচনে প্রতিদ্বন্দ্বিতা করেন।দ্বাদশ জাতীয় সংবাদ নির্বাচনে পঞ্চগড়-২ (বোদা-দেবীগঞ্জ) রেলপথ মন্ত্রী এড. নূরুল ইসলাম সুজন নৌকা প্রতিকে ১,৮১,৭২৫ ভোট পেয়ে নির্বাচিত হন। তাঁর নিকটতম জাতীয় পার্টির লাঙ্গল প্রতিকের লুৎফর রহমান রিপন ৭,৬২৭ ভোট, অপর দুইজন প্রার্থী তৃণমূল বিএনপি পাটের আঁশ প্রতিকের ৪,৪২০ ভোট ও বাংলাদেশ সুপ্রীম পার্টির (বিএসপি) একতারা প্রতিকের আহমাদ রেজা ফারুকী ৪,৪৭০ ভোট পান।",1,1,0,1,False
" বিদ্যুৎ, জ্বালানি ও খনিজ সম্পদ প্রতিমন্ত্রী নসরুল হামিদ বলেছেন, আগামী ১৫ জানুয়ারির মধ্যে নতুন মন্ত্রিপরিষদ গঠিত হতে পারে। ঢাকা-৩ (কেরানীগঞ্জ) আসন থেকে টানা তৃতীয়বারের মতো নির্বাচিত হন নসরুল হামিদ। সোমবার (৮ জানুয়ারি) সচিবালয়ে নিজ দপ্তরে সাংবাদিকদের সঙ্গে আলাপকালে তিনি এসব কথা জানান। নির্বাচনে জয়ের পর সচিবালয়ে এলে অনেকেই নসরুল হামিদকে ফুল দিয়ে শুভেচ্ছা জানান।তিনি বলেন, এবারের নির্বাচনে কমিশন শক্ত অবস্থান নেয়ায় সুষ্ঠু ও শান্তিপূর্ণ নির্বাচন অনুষ্ঠিত হয়েছে। প্রার্থীরা যে যেভাবে এলাকায় সময় দিয়েছেন ভোটাররা নির্বাচনে সেই প্রতিফলন ঘটিয়েছেন।তিনি আরো বলেন, সরকারের অন্যতম বড় চ্যালেঞ্জ হবে নিরবচ্ছিন্ন ও সাশ্রয়ী মূল্যে বিদ্যুৎ-জ্বালানি সরবরাহ নিশ্চিত করা। আমাদের অর্থ বিভাগের সহযোগিতার প্রয়োজন হবে। মূল্যস্ফীতি নিয়ন্ত্রণে আনতে কাজ করতে হবে। বিদ্যুৎ ও জ্বালানির দাম নির্ধারণে আন্তর্জাতিক নিয়ম অনুযায়ী স্বয়ংক্রিয় ব্যবস্থা চালু করা হবে।রবিবার সারা দেশে দ্বাদশ জাতীয় সংসদ নির্বাচনের ভোটগ্রহণ অনুষ্ঠিত হয়েছে। এতে ক্ষমতাসীন আওয়ামী লীগ নিরঙ্কুশ সংখ্যাগরিষ্ঠতা অর্জন করেছে।নির্বাচন হয়েছে ২৯৯ আসনে। বিক্ষিপ্ত কিছু ঘটনা ছাড়া সারা দেশে নির্বাচন মোটামুটি সুষ্ঠু ও শান্তিপূর্ণ হয়েছে। ২৮টি রাজনৈতিক দল ও স্বতন্ত্র মিলে প্রার্থী ছিলেন ১৯৭১ জন। ভোট নেয়া হয়েছে ব্যালট পেপারে। ৩০০ আসনের মধ্যে মোট ২৯৮টির ফলাফল বেসরকারিভাবে জানা গেছে। নির্বাচনের নৌকা প্রতীক পেয়েছে ২২৪ আসন, স্বতন্ত্র ৬২, জাতীয় পার্টি ১১ ও কল্যাণ পার্টি একটি আসন পেয়েছে।",1,1,0,1,False
"প্রধান নির্বাচন কমিশনার (সিইসি) কাজী হাবিবুল আউয়াল বলেছেন, দ্বাদশ জাতীয় সংসদ নির্বাচনে ৪১ দশমিক ৮ শতাংশ ভোট পড়েছে। এ নিয়ে কারো সন্দেহ থাকলে চ্যালেঞ্জ করতে পারেন।সোমবার (৮ জানুয়ারি) নির্বাচন কমিশনে সাংবাদিকদের প্রশ্নের জবাবে তিনি এ কথা বলেন। তিনি বলেন, এখন যে ফলাফল দাঁড়িয়েছে সেটা হচ্ছে ৪১ দশমিক ৮ শতাংশ।তিনি বলেন, কারো যদি সন্দেহ বা দ্বিধা থাকে, ইউ কেন চ্যালেঞ্জ ইট; এবং এটি পরীক্ষা করে দেখতে পারেন। যে রেজাল্টগুলো আসছে যদি মনে করেন বাড়িয়ে দেয়া হয়েছে, তাহলে ইউ আর মোস্ট ওয়েলকাম; ওটাকে চ্যালেঞ্জ করে আমাদের অসততা আপনারা পরীক্ষা করে দেখতে পারেন।এখন ফাইনাল পারসেন্টেজটা হচ্ছে ৪১ দশমিক ৮ শতাংশ। কেউ মনে করলে এটাকে চ্যালেঞ্জ করতে পারেন, আমরা প্রমাণ করবো।",1,1,0,1,False
" সংসদ নির্বাচনে প্রথমবারের মতো অংশ নিয়েই জয়ী হয়েছেন ঢাকাই সিনেমার জনপ্রিয় চিত্রনায়ক ফেরদৌস আহমেদ। ঢাকা-১০ আসনের আওয়ামী লীগ মনোনীত এই প্রার্থী ভোট পেয়েছেন ৬৫ হাজার ৮৯৮। অন্যদিকে তার নিকটতম প্রতিদ্বন্দী ন্যাশনাল পিপলস পার্টির প্রার্থী শামসুল আলম আম প্রতীক নিয়ে পেয়েছেন ২ হাজার ২৫৭ ভোট।রবিবার (৭ জানুয়ারি) রাতে বেসরকারিভাবে ফল ঘোষণার পর আবেগাপ্লুত হয়ে পড়েন এই তারকা। প্রাথমিক প্রতিক্রিয়ায় স্মরণ করেন তার প্রয়াত বাবা ও শ্বশুরকে। এসময় কাঁদতে দেখা যায় নায়ককে। জয়ের প্রতিক্রিয়া জানিয়ে ফেরদৌস বলেন, ‘বাবাকে খুব মিস করছি। আমার শ্বশুর থাকলেও খুব খুশি হতেন। তিনি একজন সংসদ সদস্য ছিলেন। যিনি আমার অনুপ্রেরণা ছিলেন। কীভাবে মানুষকে ভালোবাসা যায়, তার কাছ থেকেই শিখেছি। কীভাবে সাধারণ মানুষ হয়েও অসাধারণভাবে ভালোবাসা যায়, সেটাও জেনেছি। গণমানুষের নেত্রী শেখ হাসিনাকে দেখেছি, তাদের কাছ থেকে শেখার চেষ্টা করেছি।’স্ত্রী তানিয়া রেজাকে সঙ্গে নিয়ে  ফেরদৌস আরো বলেন, ‘আমার স্ত্রী, দুই মেয়ে, স্বজন ও বন্ধু-বান্ধব যারা আছেন তারা খুব খুশি হয়েছেন। এমন একটা আনন্দ যা বলে বোঝানো যাবে না। এই খুশি একা ভাগাভাগি করা সম্ভব না। আশেপাশের মানুষ, বন্ধু-বান্ধব এসেছেন, আমার খুবই ভালো লাগছে।’এসময় কর্মী ও সাধারণ মানুষের প্রতি ভালোবাসা প্রকাশ করেন ফেরদৌস। তিনি বলেন, ‘এই ফুলের মালা আমার দায়িত্ব আরো বাড়িয়েছে। আমি সেবক হতে চেয়েছিলাম, সেবা করব। মানসিকভাবে প্রস্তুত ছিলাম সেবা করার, করেছিও। জনগণ মালা পরিয়ে দিয়েছে, এখন নিশ্চিত হয়ে তাদের পাশে দাঁড়াব। আমি নেতাকর্মীদের প্রতি ভীষণ কৃতজ্ঞ। তারা ছাড়া এ জয় কোনোভাবেই সম্ভব ছিল না।’",1,1,0,1,False
" দ্বাদশ জাতীয় সংসদ নির্বাচনে জাতীয় পার্টির চেয়ারম্যান গোলাম মোহাম্মদ কাদের (জিএম কাদের ) নির্বাচিত হয়েছেন। রবিবার (০৭ জানুয়ারি) স্থানীয় সূত্রে প্রাপ্ত ফলাফলে বেসরকারিভাবে তাকে বিজয়ী ঘোষণা করা হয়।জাতীয় পার্টি জিএম কাদের লাঙ্গল মার্কা নিয়ে ভোট পেয়েছেন ৮১,৮৬১। তার নিকটতম প্রতিদ্বিন্দ্বী পেয়েছেন স্বতন্ত্র প্রার্থী মোছা. আনোয়ারা ইসলাম রানী ঈগল মার্কা নিয়েছেন পেয়েছেন ২৩,৩২৬  ভোট।এছাড়া ন্যাশনাল পিপলস পার্টির শফিউল আলম আম মার্কা নিয়ে ভোট পেয়েছেন শূন্য, বাংলাদেশ কংগ্রেসের মো. একরামুল হক ডাব নিয়ে পেয়েছেন শূন্য ভোট, বাংলাদেশ সুপ্রিম পার্টির (বি.এস.পি) মো. আব্দুর রহমান (রেজু) একতারা মার্কা নিয়ে শূন্য ভোট, জাতীয় সমাজতান্ত্রিক দল-জাসদের মো. সহিদুল ইসলাম মশাল মার্কা নিয়ে শূন্য ভোট পেয়েছেন।",1,1,0,1,False
" নির্বাচনের ফল ঘোষণার পর আওয়ামী লীগের নেতাকর্মী-সমর্থকদের বিজয় মিছিল না করতে নির্দেশ দিয়েছেন দলটির সভাপতি ও প্রধানমন্ত্রী শেখ হাসিনা।আওয়ামী লীগের উপ-দপ্তর সম্পাদক সায়েম খান রবিবার (৭ জানুয়ারি) রাতে গণমাধ্যমকে এ কথা জানিয়েছেন।সায়েম খান আরো বলেন, ‘নির্বাচনে ফল ঘোষণার পর কোনো প্রকার বিজয় মিছিল না করতে এবং অন্যপ্রার্থী ও তার কর্মী-সমর্থকদের সঙ্গে সহিংসতা বা আত্মকলহ লিপ্ত না হতে সাংগঠনিক নির্দেশনা দিয়েছেন আওয়ামী লীগ সভাপতি বঙ্গবন্ধুকন্যা শেখ হাসিনা।’",1,1,0,1,False
" দ্বাদশ জাতীয় সংসদ নির্বাচনের বেসরকারি ফলাফলে কিশোরগঞ্জের তিনটি আসনে সাবেক তিন রাষ্ট্রপতির সন্তানেরা জয়ী হয়েছেন। রবিবার (৭ জানুয়ারি) সকাল ৮টা থেকে বিকেল ৪টা পর্যন্ত ভোট গ্রহণ শুরু হয় এবং চলে বিকেল ৪টা পর্যন্ত।কিশোরগঞ্জ সদর ও হোসেনপুর উপজেলা নিয়ে গঠিত কিশোরগঞ্জ-১ আসনে জয়ী হয়েছেন মুজিবনগর সরকারের অস্থায়ী রাষ্ট্রপতি সৈয়দ নজরুল ইসলামের মেয়ে সৈয়দা জাকিয়া নূর (লিপি)। নৌকা প্রতীকে লড়ে জয়ী হন তিনি। তাঁর প্রতিদ্বন্দ্বী ছিলেন তাঁর আপন বড় ভাই মেজর জেনারেল (অব.) সৈয়দ সাফায়েতুল ইসলাম। তাদের ভাই আওয়ামী লীগের প্রয়াত সাবেক সাধারণ সম্পাদক ও স্থানীয় সরকার, পল্লী উন্নয়ন ও সমবায়মন্ত্রী সৈয়দ আশরাফুল ইসলাম এই আসনের সংসদ সদস্য ছিলেন।কিশোরগঞ্জ-৪ (ইটনা-মিঠামইন-অষ্টগ্রাম) আসনে জয়ী হয়েছেন বর্তমান সংসদ সদস্য (নৌকা) রেজওয়ান আহাম্মদ তৌফিক। তিনি সাবেক রাষ্ট্রপতি মো. আবদুল হামিদের ছেলে।কিশোরগঞ্জ-৬ (ভৈরব-কুলিয়ারচর) আসনে জয়ী হয়েছেন বর্তমান সংসদ সদস্য (নৌকা) ও বাংলাদেশ ক্রিকেট বোর্ডের (বিসিবি) সভাপতি নাজমুল হাসান (পাপন)। তিনি সাবেক রাষ্ট্রপতি মো. জিল্লুর রহমানের ছেলে।এ ছাড়া কিশোরগঞ্জ-২ (কটিয়াদী-পাকুন্দিয়া) আসনে স্বতন্ত্র প্রার্থী (ঈগল) আইনজীবী মো. সোহরাব উদ্দিন, কিশোরগঞ্জ-৩ (করিমগঞ্জ-তাড়াইল) আসনে জাতীয় পার্টির (জাপা) মহাসচিব (লাঙ্গল) মুজিবুল হক (চুন্নু) ও কিশোরগঞ্জ-৫ (নিকলী-বাজিতপুর) আসনে বর্তমান সংসদ সদস্য (নৌকা) মো. আফজাল হোসেন জয়ী হয়েছেন।",1,1,0,1,False
 দ্বাদশ জাতীয় সংসদ নির্বাচনে কুমিল্লা-৭ (চান্দিনা) আসনে বেসরকারি ফলাফল ঘোষণা করা হয়েছে। এ ফলাফলে জয়ী হয়েছেন নৌকা প্রতীকের প্রার্থী প্রাণ গোপাল দত্ত। তিনি ১ লাখ ৭৩ হাজার ৬৭৬ ভোট পেয়ে বিজয়ী হন।রবিবার (৭ জানুয়ারি) রিটার্নিং কর্মকর্তা ও জেলা প্রশাসক খন্দকার মুশফিকুর রহমান তার কার্যালয়ে এ ফলাফল ঘোষণা করেন। নির্বাচনে মোট ৬৩ দশমিক ৮৮ শতাংশ ভোট পড়েছে বলে জানিয়েছেন তিনি।তার নিকটতম প্রতিদ্বন্দ্বী ঈগল প্রতীকের স্বতন্ত্র প্রার্থী মো. মুনতাকিম আশরাফ টিটু। তিনি পেয়েছেন ১১ হাজার ৬৬৮ ভোট।এর আগে সকাল ৮টায় শুরু হওয়া ভোট শেষ হয় বিকেল ৪টায়। এরপর শুরু হয় গণনা।,1,1,0,1,False
" দ্বাদশ জাতীয় সংসদ নির্বাচন ভারতীয় গণমাধ্যমে ব্যাপক গুরুত্ব পেয়েছে। দেশটির মূলধারার প্রিন্ট ও ইলেকট্রনিক মিডিয়া নির্বাচনের বিভিন্ন দিক তুলে ধরে শীর্ষ খবর হিসেবে প্রচার করেছে। নির্বাচনে সকাল ৮টা থেকে শুরু করে বিকাল ৪টা পর্যন্ত বিরতিহীন ভোট চলে। তবে, বিরোধী দল বিএনপি নির্বাচনটি বর্জন করেছে এবং জনগণকে ভোটকেন্দ্রে যেতে  নিরুৎসাহিত করতে হরতাল ডেকেছে দলটি।এনডিটিভি, এএনআই, ডিডি মেট্রো, ডব্লিউআইওন-এর মতো মূলধারার ভারতীয় মিডিয়া সকালে ভোট গ্রহন শুরুর সময় থেকেই বাংলাদেশের নির্বাচন নিয়ে বেশ কিছু খবর প্রচার করেছে। টাইমস অব ইন্ডিয়া, হিন্দুস্তান টাইমস, দ্য হিন্দু, ইন্ডিয়ান এক্সপ্রেস, নিউজ স্ট্রীম এবং  দ্য ওয়্যারও  ভোটের খবর প্রচার করেছে। এছাড়া, স্বাধীন পর্যবেক্ষকগন ছাড়াও তিনজন ভারতীয় পর্যবেক্ষক এবং কয়েক ডজন ভারতীয় সাংবাদিক নির্বাচন পর্যবেক্ষণ এবং তাদের নিজ নিজ মিডিয়া আউটলেটে ভোটের ব্যাপক কভারেজ দিতে বাংলাদেশে রয়েছেন।এদিকে শিক্ষাবিদ, সাবেক কূটনীতিক এবং ভারতীয় রাজনৈতিক বিশেষজ্ঞরাও নির্বাচনের গুরুত্ব এবং যুক্তরাষ্ট্র বাংলাদেশের নির্বাচনকে কীভাবে দেখছে, তা নিয়ে গত কয়েক দিনে জাতীয় দৈনিকে বেশ কয়েকটি কলাম বা  উপ-সম্পাদকীয় লিখেছেন। সংবাদ সংস্থা এএনআই নির্বাচন নিয়ে অন্তত তিনটি প্রতিবেদন প্রকাশ করেছে, এনডিটিভি বিভিন্ন শিরোনামে দুপুর পর্যন্ত তিনটি খবর প্রচার করেছে। তারা লিখেছেন, বিএনপি’র হরতাল উপেক্ষা করে উল্লেখযোগ্য ভোটাররা তাদের ভোটাধিকার প্রয়োগ করতে ভোট কেন্দ্রে আসতে শুরু করেছেন। প্রতিবেদনে ইঙ্গিত দেয়া হয়েছে যে মানুষ হরতাল, অগ্নিসংযোগ ও সহিংসতার মধ্যেও ভোট  দেয়ায়, প্রধানমন্ত্রী শেখ হাসিনা টানা ৪র্থ মেয়াদে জয়ী হতে পারেন। এনডিটিভি বিভিন্ন স্পট থেকে নির্বাচনের লাইভ আপডেট দিচ্ছে। এতে বলা হয়েছে, ভারতের তিনজনসহ ১০০ বিদেশি পর্যবেক্ষক নির্বাচন পর্যবেক্ষণ করছেন। এএনআই পৃথক শিরোনামে দিয়ে তিনটি প্রতিবেদন তুলে ধরেছে, অন্যদিকে হিন্দুস্তান টাইমস “বাংলাদেশের নির্বাচন : বিরোধিতা ছাড়াই, শেখ হাসিনা আবার জয়ী হতে চলেছেন” শিরোনামে সংবাদ প্রচার করেছে। টাইমস অব ইন্ডিয়া পৃথক ক’টি প্রতিবেদন এবং “ভূ-রাজনীতির দোলাচলে ‘বাংলাদেশের নির্বাচন-২০২৪’ :ভারতের সতর্ক দৃষ্টি” শিরোনামে প্রখ্যাত ভারতীয় লেখক ও পররাষ্ট্র নীতি বিশেষজ্ঞ শচীন পরাশরের লেখা একটি উপ-সম্পাদকীয় প্রকাশ করেছে। “বাংলাদেশে ভোটাররা সন্ত্রাস ও বিরোধীদের বয়কটজনিত পরিস্থিতির মধ্যেও  নির্বাচনে  ভোট দিয়েছেন” শিরোনামে দ্য হিন্দু একটি প্রতিবেদন ছেপেছে। ভোট প্রক্রিয়া বানচাল করতে ১৮টি অগ্নিসংযোগ করা হয়েছে বলে পত্রিকাটি রিপোর্ট করেছে।  ইন্ডিয়ান এক্সপ্রেস, বিজনেস স্ট্যান্ডার্ড এবং অন্যান্য ভারতীয় সংবাদপত্রও বাংলাদেশের নির্বাচন নিয়ে প্রতিবেদন প্রকাশ করেছে। ইংরেজি ভাষার ভারতীয় গণমাধ্যম ছাড়াও, হিন্দি ও অন্যান্য আঞ্চলিক ভাষার সংবাদপত্রে বাংলাদেশের নির্বাচনকে গুরুত্ব দেওয়া হয়েছে।এদিকে ভারতীয় স্বাধীন নির্বাচন পর্যবেক্ষক গৌতম লাহিড়ী আজ গাজীপুর  থেকে ফোনে বাসস’র নয়াদিল্লি প্রতিনিধির সাথে কথা বলেছেন। লাহিড়ী বাসস’কে বলেন, তারা সকাল  থেকে ঢাকা ও গাজীপুর জেলার বিভিন্ন  ভোটকেন্দ্র পরিদর্শন করছেন। তবে  কোথাও কোনো অপ্রীতিকর ঘটনার খবর পাওয়া যায়নি। তিনি বলেন,“আমরা ভোট কেন্দ্রে প্রতিদ্বন্দ্বী প্রার্থীদের এজেন্ট দেখতে পেয়েছি। ভোটাররা আসতে শুরু করেছে ও শান্তিপূর্ণভাবে নির্বাচন অনুষ্ঠিত হচ্ছে।” আইনশৃঙ্খলা রক্ষায় নিয়োজিত পুলিশ, র‌্যাব ও অন্যান্য সংস্থার সদস্যদের প্রতি সন্তোষ প্রকাশ করে তিনি বলেন, প্রতিদ্বন্দ্বিতা ছাড়া কেউই সফলকাম হবে না। বাংলাদেশ নির্বাচন কমিশনের তথ্য অনুযায়ী, ৪২ সহস্রাধিক ভোটকেন্দ্রের মোট ১১ কোটি ৯৬ লক্ষ নিবন্ধিত ভোটার বৈধভাবে ভোট দেওয়ার যোগ্য। এছাড়া, ৪৩৬ জন স্বতন্ত্র প্রার্থীসহ ২৭টি রাজনৈতিক দলের দেড় সহস্রাধিক প্রার্থী নির্বাচনে প্রতিদ্বন্দ্বিতা করছেন।",1,1,0,1,False
" ব্রাহ্মণবাড়িয়া-৩ (সদর) আসনে বিপুল ভোটের ব্যবধানে নৌকা প্রতীকের র আ ম উবায়দুল মোকতাদির চৌধুরী বেসরকারিভাবে জয়ী হয়েছেন।রবিবার (৭ জানুয়ারি) দ্বাদশ জাতীয় সংসদ নির্বাচনের ভোটগ্রহণ শেষে ১৯২ কেন্দ্র থেকে প্রাপ্ত ফলাফলে মোকতাদির চৌধুরী ১ লাখ ৫০ হাজার ৯৫৬ ভোট পেয়েছেন। তার নিকটতম প্রতিদ্বন্দ্বী কাঁচি প্রতীকের স্বতন্ত্র প্রার্থী ৬১ হাজার ৩৫৪ ভোট পেয়েছেন।দ্বাদশ জাতীয় সংসদ নির্বাচনে এই আসনে আওয়ামী লীগ, বিএনএম, জাসদসহ বিভিন্ন রাজনৈতিক দলের আটজন প্রার্থী প্রতিদ্বন্দ্বিতা করেছেন। অন্যরা হলেন: বাংলাদেশ জাতীয়তাবাদী আন্দোলন (বিএনএম) জামাল রানা-(নোঙ্গর প্রতীক), ইসলামী ফ্রন্টের সৈয়দ মো. নূরে আজম (মোমবাতি প্রতীক), জাতীয় সমাজতান্ত্রিক দলের (জাসদ) মো. আবদুর রহমান খান (মশাল প্রতীক), বাংলাদেশ খেলাফত আন্দোলনের প্রার্থী মাওলানা মুজিবুর রহমান হামিদী (বটগাছ প্রতীক), ন্যাশনাল পিপলস পার্টির (এনপিপি) সৈয়দ মাকসুদুল হক আক্কাছ (আম প্রতীক) ও বাংলাদেশ সুপ্রিম পার্টির সোহেল মোল্লা (একতারা প্রতীক)।ব্রাহ্মণবাড়িয়া-৩ আসনে মোট ভোটার ছয় লাখ ২১ হাজার ৫৮৪ জন। এর মধ্যে সদর উপজেলায় চার লাখ ১৩ হাজার ৯৩২ জন এবং বিজয়নগর উপজেলায় দুই লাখ ৭ হাজার ৬৫২ জন।",1,1,0,1,False
"আবারো ঢাকা-২ আসনে বিপুল ভোটের ব্যবধানে জয়ী হয়েছেন আওয়ামী লীগের সভাপতিমণ্ডলীর সদস্য প্রার্থী মো. কামরুল ইসলাম।রবিবার (৭ জানুয়ারি) স্থানীয় সূত্রে প্রাপ্ত ফলাফলে বেসরকারিভাবে তাকে বিজয়ী ঘোষণা করা হয়।আওয়ামী লীগ প্রার্থী মো. কামরুল ইসলাম নৌকা মার্কা নিয়ে ভোট পেয়েছেন ১৫৪,৪৪৮। তার নিকটতম প্রতিদ্বন্দ্বী স্বতন্ত্র থেকে ডা. হাবিবুর রহমান ট্রাক মার্কা নিয়ে ভোট পেয়েছেন ১০,৬৩৫।এছাড়াও ইসলামী ঐক্যজোটের মাওলানা মো. আশরাফ আলী জিহাদী মিনার মার্কা নিয়ে ভোট পেয়েছেন ২,৯২৫, জাতীয় পার্টি শাকিল আহম্মেদ শাকিল লাঙ্গল মার্কা নিয়ে ভোট পেয়েছেন ২,০৮৬।এ আসনে মোট ভোটার ৫৫৮,৯৫৪, মোট কেন্দ্র ১৯৭। পুরুষ ভোটার ২৮৯,৪৫৩ নারী ভোটার ২৬৯,৪৮৮।",1,1,0,1,False
" চট্টগ্রাম- ১৫ আসনে গত তিনবারের সংসদ সদস্য বিতর্কিত প্রার্থী আবু রেজা মুহাম্মদ নিজামুদ্দিন নদভী নৌকা প্রতীক নিয়েও এবার বিজয়ী হতে পারেননি। এই আসনে ঈগল প্রতীক নিয়ে স্বতন্ত্র প্রার্থী আওয়ামী লীগ নেতা আব্দুল মোতালেব ৮৫ হাজার ৬২৮ ভোট পেয়ে বেসরকারিভাবে নির্বাচিত হয়েছেন। শোচনীয়ভাবে পরাজিত হয়েছেন নদভী, তার প্রাপ্ত ভোট মাত্র ৩৯ হাজার ২৫২ ভোট। চট্টগ্রাম -১ আসনে নৌকা প্রতীকে বেসরকারিভাবে বিজয়ী হয়েছেন মাহবুর উর রহমান রুহেল, পেয়েছেন ৮৯ হাজার ৬৪ ভোট, তার নিকটতম প্রতিদ্বন্দ্বী স্বতন্ত্র প্রার্থী আওয়ামী লীগ নেতা মোহাম্মদ গিয়াসউদ্দিন পেয়েছেন ৫২ হাজার ৯৯৫ ভোট।চট্টগ্রাম -২ ( ফটিকছড়িতে) নৌকা প্রতীক নিয়ে সব পুরুষ প্রার্থীকে পেছনে ফেলে বিপুল ভোটে বিজয়ী হয়েছেন খাদিজাতুল আনোয়ার সনি। তিনি পেয়েছেন ১ লাখ ৩৭০ ভোট। তার নিকটতম প্রতিদ্বন্দ্বী স্বতন্ত্র প্রার্থী ও আওয়ামী লীগ নেতা আবু তৈয়ব পেয়েছেন ৩৬ হাজার ৫৮৭ ভোট। চট্টগ্রাম -৯ আসনে নৌকা প্রতীকে বিজয়ী হয়েছেন ব্যারিস্টার মহিবুল হাসান চৌধুরী নওফেল, তিনি পেয়েছেন ১ লাখ ৩০ হাজার ৯৯৮, নাঙ্গল প্রতীক নিয়ে সাজিদ পেয়েছেন ১৯৮২ ভোট। চট্টগ্রাম-১১ আসনে নৌকা প্রতীক নিয়ে ৫১ হাজার ৪৯৪ ভোট পেয়ে বেসরকারিভাবে বিজয়ী হয়েছেন। তার নিকটতম প্রতিদ্বন্দ্বী কেটলি প্রতীক নিয়ে স্বতন্ত্র প্রার্থী হিসেবে আওয়ামী লীগ প্রার্থী জিয়াউল হক সুমন পেয়েছেন ৪৬ হাজার ৫২৫ ভোট। চট্টগ্রামের সাতকানিয়া-লোহাগাড়া আসনে এতদিন বিতর্কিত রাজনীতিবিদ নদভী ধরাশায়ী হওয়ায় দীর্ঘদিন পর এই আসনে আওয়ামী লীগের বিজয় হয়েছে বলে তৃণমূল পর্যায়ের নেতাকর্মীদের দাবি। কারণ নদভী মূলত: জামায়াত সমর্থিত এবং আওয়ামী লীগে অনুপ্রবেশকারী হিসেবেই পরিচিত ছিলেন। ",1,1,0,1,False
" ঢাকা-৪ আসনে নৌকা প্রতীকের প্রার্থী সানজিদা খানমকে হারিয়ে জয় পেয়েছেন স্বতন্ত্র প্রার্থী ট্রাক প্রতীকের ড. আওলাদ হোসেন। আওলাদ হোসেন ২৪ হাজার ৭৭৫ ভোট পেয়ে বিজয়ী হয়েছেন। তার নিকটতম প্রতিদ্বন্দ্বী আওয়ামী লীগের নৌকা প্রতীকে সানজিদা খানম পেয়েছেন ২২ হাজার ৫৭৭  ভোট। বর্তমান এমপি জাতীয় পার্টির কো চেয়ারম্যান সৈয়দ আবু হোসেন বাবলা তৃতীয় অবস্থানে রয়েছেন।উল্লেখ্য, ড. আওলাদ হোসেন ছিলেন আওয়ামী লীগ সভাপতি শেখ হাসিনার সাবেক সহকারী একান্ত সচিব। ২০১৪ সালের ৫ জানুয়ারি নির্বাচনে ড. আওলাদ স্বতন্ত্র প্রার্থী হিসেবে প্রতিদ্বন্দ্বিতা করেন।",1,1,0,1,False
" অনুষ্ঠিত হয়ে গেল দ্বাদশ জাতীয় সংসদ নির্বাচন। এদিন সতস্ফূর্তভাবে ভোট দিতে কেন্দ্রে যান শোবিজ তারকারাও। এবারের নির্বাচনে ঢাকা-১০ আসনের আওয়ামী লীগের প্রার্থী হয়ে নির্বাচন করেছেন নায়ক ফেরদৌস আহমেদ। প্রথমবার নির্বাচনে অংশ নিয়েই বাজিমাত করেছেন এই নায়ক।ঢাকা-১০ আসনে নৌকা প্রতীক নিয়ে তিনি বিজয়ী হয়েছেন ফেরদৌস। তিনি মোট ভোট পেয়েছেন ৬৫ হাজার ৮৯৮টি। তার নিকটতম প্রতিদ্বন্দ্বী ন্যাশনাল পিপলস পার্টির প্রার্থী শামসুল আলম আম প্রতীক নিয়ে পেয়েছেন ২ হাজার ২৫৭ ভোট।প্রসঙ্গত, রাজধানীর ধানমন্ডি, হাজারীবাগসহ আশপাশের এলাকা নিয়ে এই আসন। নির্বাচনে ফেরদৌসের প্রতিদ্বন্দ্বী রয়েছেন চারজন। তারা হলেন- ন্যাশনাল পিপলস পার্টির কে এম শামসুল আলম (আম), জাতীয় পার্টির হাজী মো. শাহজাহান (লাঙ্গল), বাংলাদেশ সাংস্কৃতিক মুক্তিজোটের (মুক্তিজোট) শাহরিয়ার ইফতেখার (ছড়ি) এবং বাংলাদেশ ন্যাশনালিস্ট ফ্রন্টের (বিএনএফ) মো. বাহারানে সুলতান বাহার (টেলিভিশন)।",1,1,0,1,False
" কুড়িগ্রামের চারটি আসনের মধ্যে লাঙ্গল ১টি আসন, স্বতন্ত্র ১টি, নৌকা ২টি আসনে বিজয়ী হয়েছে। কুড়িগ্রাম-১ আসনে (ভূরুঙ্গামারী ও নাগেশ্বরী) জাতীয় পাটির লাঙ্গল  প্রার্থী একেএম মোস্তাফিজুর রহমান মোস্তাক ৮৮ হাজার ২৩ ভোট পেয়ে বেসরকারি ভাবে নির্বাচিত হয়েছেন। তার নিকটতম প্রতিদ্বন্দ্বী  জাকের পার্টির প্রার্থী (গোলাপফুল প্রতীক) আব্দুল হাই পেয়েছেন ৫৯ হাজার ৭৫৬ ভোট।কুড়িগ্রাম-২ আসনে (সদর, রাজারহাট ও ফুলবাড়ী) স্বতন্ত্র প্রার্থী (ট্রাক) ডাঃ হামিদুল হক খন্দকার ১ লাখ ২ হাজার ১২০ ভোট পেয়ে বেসরকারি ভাবে নির্বাচিত হয়েছেন। তার নিকটতম প্রতিদ্বন্দ্বী বর্তমান সংসদ সদস্য জাতীয় পাটির প্রার্থী (লাঙ্গল) মো. পনির উদ্দিন আহমেদ ভোট পেয়েছেন ৪৬ হাজার ৯৪৫ টি ভোট।কুড়িগ্রাম-৩ আসনে (উলিপুর) আওয়ামী লীগ নৌকা প্রতীক গবা পান্ডে ৫৩ হাজার ৩ শত ৬৭ ভোট পেয়ে বেসরকারি ভাবে নির্বাচিত হয়েছেন। তার নিকটতম প্রতিদ্বন্দ্বী স্বতন্ত্র প্রার্থী ও সাবেক সংসদ সদস্য।( ট্রাক প্রতীক) মো. আক্কাছ আলী সরকার ভোট পেয়েছেন ৩৫ হাজার ৫১৫ টি ভোট।কুড়িগ্রাম-৪ আসনে (চিলমারী, রৌমারী ও রাজিবপুর) আওয়ামী লীগের দলীয় নৌকার প্রার্থী বিপ্লব হাসান ৮৬ হাজার ৬৫৮ ভোট পেয়ে বেসরকারি ভাবে নির্বাচিত হয়েছেন। তার নিকটতম প্রতিদ্বন্দ্বী পেয়েছেন স্বতন্ত্র প্রার্থী মজিবর রহমান বঙ্গবাসী (ঈগল) ১২ হাজার ৬৮৪ টি ভোট।",1,1,0,1,False
" ‘নূহের নৌকা’ ডুবে না। ডুবে যায় তার বিরোধীগোষ্ঠী। নূহের নৌকার জয়জয়কার যেনো তাই আবার প্রমাণ করলো। দ্বাদশ জাতীয় সংসদ নির্বাচনে নিরঙ্কুশ সংখাগরিষ্ঠতায় টানা চতুর্থবারের মত সরকার গঠন করতে যাচ্ছে আওয়ামী লীগ।  বাংলার সিংহাসন ফের বরণ করে নিতে প্রস্তুত এখন বাংলাদেশ আওয়ামী লীগ সভাপতি শেখ হাসিনাকে। রবিবার (৭ জানুয়ারি) সকাল ৮টায় শুরু হওয়া ভোট শেষ হয় বিকেল ৪টায়। এরপর নির্ধারিত বিরতি শেষে শুরু হয়েছে গণনা। ইতোমধ্যে ২১৩ আসনে জয়ী হয়েছেন নৌকার প্রার্থীরা।নৌকার মনোনয়ন না পেয়ে স্বতন্ত্র প্রার্থী হিসেবে আওয়ামী লীগ নেতারাই এবার প্রতিদ্বন্দ্বিতা করেছেন। দেশের নির্বাচনের ইতিহাসে প্রথমবারের মতো এমন ঘটনা ঘটল।  বেসরকারি ফলাফলে আওয়ামী লীগ রবিবার দিবাগত রাত ২টা ২০ মিনিট পর্যন্ত স্থানীয় সূত্রে পাওয়া খবর অনুযায়ী ২২৫ আসনে জয় পেয়েছে। এছাড়া, জাতীয় পার্টি ১১ও স্বতন্ত্র থেকে ৬১ ও অন্যান্য ১ প্রার্থী জয় পেয়েছেন।ফলে নিরুঙ্কুশ সংখ্যাগরিষ্ঠতার মধ্য দিয়ে চতুর্থবারের মতো ক্ষমতায় বসতে যাচ্ছে আওয়ামী লীগ। নবম জাতীয় সংসদ নির্বাচনের মধ্য দিয়ে শেখ হাসিনার নেতৃত্বে দ্বিতীয়বারের মতো ক্ষমতায় আসে দলটি। এরপর থেকে একটানা ক্ষমতায় রয়েছে আওয়ামী লীগ।বাংলাদেশের সংবিধান অনুযায়ী- ৩০০ আসনের জাতীয় সংসদে কোনো দল যদি ১৫১ আসনে বিজয়ী হয় তাহলে তারা সরকার গঠনের যোগ্যতা অর্জন করে। সেই হিসেবে আওয়ামী লীগ ইতোমধ্যে আগামী সরকার গঠনের যোগ্যতা অর্জন করেছে। স্বাভাবিকভাবেই  ধারণা করা যায়, এবারো শেখ হাসিনার নেতৃত্বে টানা চতুর্থবারের মতো মন্ত্রীসভা গঠন করা হবে।এদিকে দ্বাদশ জাতীয় সংসদ নির্বাচনের ফলাফল ঘোষণার পর নেতাকর্মীদের বিজয় মিছিল না করার নির্দেশ দিয়েছেন আওয়ামী লীগ সভাপতি ও প্রধানমন্ত্রী শেখ হাসিনা। এছাড়া অন্য প্রার্থী ও তার কর্মী-সমর্থকদের সঙ্গে সহিংসতা বা আত্মকলহে লিপ্ত না হওয়ার জন্য সাংগঠনিক নির্দেশনা দিয়েছেন তিনি। রোববার (৭ জানুয়ারি) সন্ধ্যায় দলটির দপ্তর সেল সূত্রে বিষয়টি নিশ্চিত হওয়া গেছে।",1,1,0,1,False
" ঝালকাঠি-১ আসনে বিএনপি থেকে পদত্যাগ করে আওয়ামী লীগের মনোনয়ন নিয়ে বিপুল ভোটে বিজয়ী হয়েছেন নৌকার প্রার্থী মুহাম্মদ শাহজাহান ওমর।রবিবার (৭ জানুয়ারি) সকাল ৮টায় ভোটগ্রহণ শুরু হয়ে চলে বিকেল ৪টা পর্যন্ত। এরপর শুরু হয় ভোট গণনা। গণনা শেষে এ তথ্য জানা গেছে।৯০টি ভোট কেন্দ্রে অনুষ্ঠিত ঝালকাঠি-১ আসনে নির্বাচনে লড়েছেন ৮ জন প্রার্থী। নৌকা প্রতীকের প্রার্থী শাহজাহান ওমর ৯৫ হাজার ৪৭৮ ভোট পেয়ে বিজয়ী হয়েছেন।প্রাপ্ত তথ্য অনুযায়ী, বিজয়ী ওমরের সবচেয়ে কাছের প্রতিদ্বন্দ্বী জাকের পার্টির প্রার্থী আবু বকর সিদ্দিক গোলাপ ফুল প্রতীকে পেয়েছেন মাত্র ১ হাজার ৬২৪ ভোট।উল্লেখ্য, ঝালকাঠি-১ (রাজাপুর ও কাঠালিয়া) আসনে মোট ভোটার সংখ্যা ২ লাখ ১২ হাজার ০৮ জন। পুরুষ ভোটার ১ লাখ ৭ হাজার ৮৬০ জন। নারী ভোটার ১ লাখ ৪ হাজার ১৪৫।",1,1,0,1,False
" দ্বাদশ জাতীয় সংসদ নির্বাচনের ভোটগ্রহণ শেষে রিটার্নিং কর্মকর্তারা বেসরকারিভাবে ফলাফল ঘোষণা করেছেন। এবার জেনে নিন কে কোন আসনে বেসরকারিভাবে নির্বাচিত হয়েছেন।ঢাকা বিভাগঢাকা-১ আসনে ১৮৪ কেন্দ্রের সবগুলোর ফল পাওয়া গেছে। আওয়ামী লীগের নৌকা প্রতীকের প্রার্থী সালমান এফ রহমান ১ লাখ ৫০ হাজার ৫ ভোট পেয়ে বিজয়ী হয়েছেন। তার নিকটতম প্রতিদ্বন্দ্বী লাঙল প্রতীকের জাতীয় পার্টির সালমা ইসলাম পেয়েছেন ৩৪ হাজার ৯৩০ ভোট।ঢাকা-২ আসনে ১৯৭ কেন্দ্রের সবগুলোর ফল পাওয়া গেছে। এতে আওয়ামী লীগের নৌকা প্রতীকের মো. কামরুল ইসলাম ১ লাখ ৫৪ হাজার ৪৪৮ ভোট পেয়ে বিজয়ী হয়েছেন। তার নিকটতম প্রতিদ্বন্দ্বী ট্রাক প্রতীকের ডা. হাবিবুর রহমান পেয়েছেন ১০ হাজার ৬৩৫ ভোট।ঢাকা-৩ আসনে ২২৬টি কেন্দ্রের সবগুলোর ফল পাওয়া গেছে। নৌকা প্রতীকের নসরুল হামিদ ১ লাখ ৩২ হাজার ৭৩২ ভোট পেয়ে বিজয়ী হয়েছেন। লাঙল প্রতীকের মো. মনির সরকার পেয়েছেন ২৮৬৮ ভোট।ঢাকা-৪ আসনে ৭৭টির কেন্দ্রের মধ্যে সবগুলোর ফলাফল এসেছে। এ আসনে জয়ী হয়েছেন ট্রাক প্রতীকের স্বতন্ত্র প্রার্থী মো. আওলাদ হোসেন, তিনি পেয়েছেন ২৪ হাজার ৭৭৫ ভোট। নৌকা প্রতীকের সানজিদা খানম পেয়েছেন ২২ হাজার ৫৭৭ ভোট।ঢাকা-৫ আসনে ১৮৭ কেন্দ্রের সবগুলোর ফল পাওয়া গেছে। স্বতন্ত্র প্রার্থী ট্রাক প্রতীকের মশিউর রহমান মোল্লা ৫০ হাজার ৬৩১ ভোট পেয়ে বিজয়ী হয়েছেন। নৌকার প্রার্থী হারুনর রশীদ (মুন্না) ৫০ হাজার ৩৩৪ ভোট পেয়েছেন।ঢাকা-৬ আসনে  নৌকার প্রার্থী সাঈদ খোকন ৬১ হাজার ৭০৩ ভোট পেয়ে বিজয়ী হয়েছেন। তার নিকটতম প্রতিদ্বন্দ্বী মিনার প্রতীকের মো. রবিউল আলম মজুমদার পেয়েছেন ১১ হাজার ৯ ভোট।ঢাকা-৭ আসনে ১২৫ কেন্দ্রের সবগুলোর ফল পাওয়া গেছে। নৌকা প্রতীকের প্রার্থী সোলাইমান সেলিম ৬৩ হাজার ৮১৭ ভোট পেয়ে বিজয়ী হয়েছেন। তার নিকটতম প্রতিদ্বন্দ্বী জাতীয় পার্টির লাঙ্গল প্রতীকের প্রার্থী মোহাম্মদ সাইফুদ্দিন আহম্মেদ মিলন পেয়েছেন ৭৩ হাজার ৮ ভোট।ঢাকা-৮ আসনে বিপুল ভোটে জয়ী হয়েছেন আওয়ামী লীগের নৌকা প্রতীকের প্রার্থী আ ফ ম বাহাউদ্দিন নাছিম। তিনি পেয়েছেন ৪৬ হাজার ৬১০ ভোট। তার নিকটতম প্রতিদ্বন্দ্বী জাতীয় পার্টির লাঙল প্রতীকের প্রার্থী মো. জুবের আলম খান পেয়েছেন ৮৮০ ভোট।ঢাকা- ৯ আসনে ১৬৯টি কেন্দ্রের ফল পাওয়া গেছে। নৌকা প্রতীকের প্রার্থী সাবের হোসেন চৌধুরী ৯০ হাজার ৩৯৬ ভোট পেয়ে বিজয়ী হয়েছেন। তার নিকটতম প্রতিদ্বন্দ্বী লাঙল প্রতীকের কাজী আবুল খায়ের পেয়েছেন ২ হাজার ৭৯৪ ভোট।ঢাকা-১০ আসনে ১১৯টি কেন্দ্রের সবগুলোর ফল পাওয়া গেছে। আওয়ামী লীগের প্রার্থী নৌকা প্রতীকে ফেরদৌস আহমেদ ৬৫ হাজার ৮৯৮ পেয়ে বিজয়ী হয়েছেন। তার নিকটতম প্রতিদ্বন্দ্বী জাতীয় পার্টির হাজি মো. শাহজাহান পেয়েছেন ২২ হাজার ৫৭ ভোট।  ঢাকা ১১ আসনে ১৬২ কেন্দ্রের সবগুলোর ফল পাওয়া গেছে। নৌকা প্রতীকের মোহাম্মদ ওয়াকিল উদ্দিন ৮৩ হাজার ৮৮৫ ভোট পেয়ে বিজয়ী হয়েছেন। লাঙল প্রতীকের শামীম আহমেদ পেয়েছেন ২ হাজার ৭৪৭ ভোট।ঢাকা-১২ আসনে ১৪০ কেন্দ্রের সবগুলোর ফল পাওয়া গেছে। আওয়ামী লীগের প্রার্থী ও স্বরাষ্ট্রমন্ত্রী আসাদুজ্জামান খান ৯৪ হাজার ৬৮৯ ভোট পেয়ে বিজয়ী হয়েছেন। তার নিকটতম প্রার্থী খোরশেদ আলম খুশু ২ হাজার ২১৯ ভোট পেয়েছেন।ঢাকা-১৩ আসনে আওয়ামী লীগের নৌকা প্রতীকের প্রার্থী জাহাঙ্গীর কবির নানক বিজয়ী হয়েছেন।ঢাকা-১৪ আসনে ১৬৬টি কেন্দ্রের মধ্যে সবগুলোর ফল পাওয়া গেছে। আওয়ামী লীগের নৌকা প্রতীকের প্রার্থী মো. মাইনুল হোসেন খান ৫৩ হাজার ৫৪০ ভোট পেয়ে বিজয়ী হয়েছে। স্বতন্ত্র প্রার্থী কেটলি প্রতীকের মো. লুৎফর রহমান ১৭ হাজার ৯১৪ ভোট পেয়েছেন। স্বতন্ত্র প্রার্থী ট্রাক প্রতীকের সাবিনা আক্তার তুহিন পেয়েছেন ৯ হাজার ৩৯২ ভোট।ঢাকা-১৫ আসনে ১৩৩ কেন্দ্রের ফল পাওয়া গেছে। আওয়ামী লীগের নৌকা প্রতীকের প্রার্থী কামাল আহমেদ মজুমদার ৩৯ হাজার ৬৩২ ভোট পেয়ে বিজয়ী হয়েছেন। জাতীয় পার্টির শামসুল হক লাঙল প্রতীকে পেয়েছেন ২ হাজার ৪৪ ভোট। ঢাকা-১৬ আসনে আওয়ামী লীগের ইলিয়াস আলী মোল্লা বিজয়ী হয়েছেন।ঢাকা-১৭ আসনে ১২৪টি কেন্দ্রের ফল পাওয়া গেছে। আওয়ামী লীগের আরাফাত পেয়েছেন ৪৮ হাজার ৫৯ ভোট পেয়ে বিজয়ী হয়েছেন।ঢাকা-১৮ আসনে ২১৭ কেন্দ্রের সবগুলোর ফল পাওয়া গেছে। কেটলি প্রতীকের মো. খসরু চৌধুরী ৭৯ হাজার ৮৫ ভোট পেয়ে বিজয়ী হয়েছেন। তার নিকটতম প্রতিদ্বন্দ্বী ট্রাক প্রতীকের এস এম তোফাজ্জল হোসেন পেয়েছেন ৪৪ হাজার ৯০৯ ভোট। লাঙল প্রতীকের শেরীফা কাদের পেয়েছেন ৬ হাজার ৪২৯ ভোট।ঢাকা-১৯ আসনে ২৯২ কেন্দ্রের সবগুলোর ফল পাওয়া গেছে। ট্রাক প্রতীকের সাইফুল ইসলাম ৮৪ হাজার ৪১২ ভোট পেয়ে বিজয়ী হয়েছেন। নৌকা প্রতীকের ডা. মো. এনামুর রহমান পেয়েছেন ৫৬ হাজার ৩৬১ ভোট। ঈগল প্রতীকে স্বতন্ত্র প্রার্থী তালুকদার মো. তৌহিদ জং (মুরাদ) পেয়েছেন ৭৬ হাজার ২০২ ভোট।ঢাকা-২০ আসনে ১৪৯ কেন্দ্রের সবগুলোর ফল পাওয়া গেছে। নৌকার প্রার্থী বেনজীর আহমদ ৮৩ হাজার ৭০৯ ভোট পেয়ে বিজয়ী হয়েছেন। তার নিকটতম প্রতিদ্বন্দ্বী স্বতন্ত্র প্রার্থী মোহাদ্দেছ হোসেন কাঁচি প্রতীকে পেয়েছেন ৫৪ হাজার ৬১৩ ভোট।নারায়ণগঞ্জ-২ আসনে বেসরকারি ফলাফলে জয়ী হয়েছেন আওয়ামী লীগের নৌকা প্রতীকের প্রার্থী নজরুল ইসলাম বাবু। তিনি এক লাখ ৬৮ হাজার ২৪২ ভোট পেয়ে বিজয়ী হন। তার নিকটতম প্রতিদ্বন্দ্বী জাতীয় পার্টির লাঙ্গল প্রতীকের প্রার্থী আলমগীর সিকদার লোটন। তিনি পেয়েছেন সাত হাজার ২৫৬ ভোট।কিশোরগঞ্জ-৫ (নিকলী-বাজিতপুর) আসনের ফলাফলে টানা চতুর্থবারের মতো জয়ী হয়েছেন নৌকা প্রতীকের প্রার্থী আফজাল হোসেন। তিনি পেয়েছেন ৮৪ হাজার ৭৯৫ ভোট। তার নিকটতম প্রতিদ্বন্দ্বী ঈগল প্রতীকের স্বতন্ত্র প্রার্থী সুব্রত পাল পেয়েছেন ৫৭ হাজার ৯০১ ভোট।কিশোরগঞ্জ-৩ (করিমগঞ্জ-তাড়াইল) আসনে ৫৭ হাজার ৫৩০ ভোট পেয়ে বেসরকারিভাবে বিজয়ী হয়েছেন জাতীয় পার্টির লাঙ্গল প্রতীকের মুজিবুল হক চুন্নু। তার নিকটতম প্রতিদ্বন্দ্বী কাঁচি প্রতীকের স্বতন্ত্র প্রার্থী মেজর (অব) নাসিমুল হক পেয়েছেন ৪২ হাজার ২৩৫ ভোট।গোপালগঞ্জ–৩ আসনে ২ লাখ ৪৯ হাজার ৯৬২ ভোট পেয়ে বিজয়ী হয়েছেন আওয়ামী লীগের সভাপতি প্রধানমন্ত্রী শেখ হাসিনা।। তার নিকটতম প্রতিদ্বন্দ্বী বাংলাদেশ সুপ্রিম পার্টির একতারা প্রতীকের প্রার্থী এম নিজামউদ্দিন লস্কর পেয়েছেন ৮৬৯ ভোট।গোপালগঞ্জ-১ আসনে জয়ী হয়েছেন আওয়ামী লীগের প্রার্থী মুহাম্মদ ফারুক খান। তিনি এক লাখ ১৮ হাজার ৭৫৯ ভোট পেয়েছেন। তাঁর নিকটতম প্রতিদ্বন্দ্বী কাবির মিয়া (স্বতন্ত্র–ঈগল) ১ লাখ ৮ হাজর ৯৩৪ ভোট পেয়েছেন।গোপালগঞ্জ-২ আসনে আওয়ামী লীগের সভাপতিমণ্ডলীর সদস্য শেখ ফজলুল করিম সেলিম (নৌকা) ২ লাখ ৯৫ হাজার ২৯৪ ভোট পেয়ে বিজয়ী হয়েছেন। তার নিকটতম প্রতিদ্বন্দী কাজী শাহীন (লাঙ্গল) ১ হাজার ৫১৪ ভোট পেয়েছেন।রাজবাড়ী–১ আসনে আওয়ামী লীগ মনোনীত কাজী কেরামত আলীকে (নৌকা) বেসরকারিভাবে বিজয়ী ঘোষণা করা হয়েছে।রাজবাড়ী–২ আসনে বেসরকারিভাবে নির্বাচিত হয়েছেন আওয়ামী লীগ মনোনীত মো. জিল্লুল হাকিম (নৌকা)।টাঙ্গাইল-৭ (মির্জাপুর) আসনে আওয়ামী লীগ মনোনীত প্রার্থী খান আহমেদ শুভ বিজয়ী হয়েছেন। তিনি পেয়েছেন ৮৮ হাজার ৩৯৩ ভোট। তার নিকটতম প্রতিদ্বন্দ্বী মির্জাপুর উপজেলা পরিষদের চেয়ারম্যান পদ থেকে পদত্যাগকারী মীর এনায়েত হোসেন পেয়েছেন ৫৭ হাজার ২৩১ ভোট। টাঙ্গাইল-৮ (সখীপুর-বাসাইল) আসনে আওয়ামী লীগ মনোনীত প্রার্থী অনুপম শাহজাহান ৯৬ হাজার ৪০১ ভোটে বেসরকারিভাবে নির্বাচিত হয়েছেন। তার নিকটতম প্রতিদ্বন্দ্বী কৃষক শ্রমিক জনতা লীগের সভাপতি কাদের সিদ্দিকী পেয়েছেন ৬৭ হাজার ৫০১ ভোট। মাদারীপুর-১ আসনে বেসরকারিভাবে বিপুল ভোটে নির্বাচিত হয়েছেন নৌকার প্রার্থী নূর-ই-আলম চৌধুরী। তিনি পেয়েছেন ১ লাখ ৯৬ হাজার ৭৩১ ভোট। তার নিকটতম প্রতিদ্বন্দ্বী লাঙ্গল প্রতীকের মোতাহার হোসেন চৌধুরী সিদ্দিক পেয়েছেন মাত্র ১ হাজার ৮২৬ ভোট।মাদারীপুর-২ আসনে বেসরকারি ফলাফল ঘোষণা করা হয়েছে। এ ফলাফলে জয়ী হয়েছেন নৌকা প্রতীকের প্রার্থী শাজাহান খান। তিনি ২ লাখ ২৩ হাজার ৫১৮ ভোট পেয়ে বিজয়ী হন। তার নিকটতম প্রতিদ্বন্দ্বী লাঙ্গল প্রতীকের প্রার্থী এ কে এম নুরুজ্জামান। তিনি পেয়েছেন ৩ হাজার ৪১৫ ভোট।চট্টগ্রাম বিভাগচট্টগ্রাম-১ (মিরসরাই) আসনে বেসরকারি ফলাফলে জয়ী হয়েছেন নৌকা প্রতীকের প্রার্থী মাহবুব উর রহমান রুহেল। তিনি পেয়েছেন ৮৯ হাজার ৬৪ ভোট। তার নিকটতম প্রতিদ্বন্দ্বী ঈগল প্রতীকের স্বতন্ত্র প্রার্থী গিয়াস উদ্দিন পেয়েছেন ৫২ হাজার ৯৯৫ ভোট।চট্টগ্রাম-৭ (রাঙ্গুনিয়া ও বোয়ালখালী আংশিক) আসনে টানা চতুর্থবার সংসদ সদস্য নির্বাচিত হয়েছেন তথ্য ও সম্প্রচারমন্ত্রী হাছান মাহমুদ। তিনি এই আসন থেকে এক লাখ ৯৮ হাজার ৯৭৬ ভোট পেয়ে বেসরকারিভাবে নির্বাচিত হয়েছেন। তার নিকটতম প্রতিদ্বন্দ্বী ইসলামী ফ্রন্টের প্রার্থী মুহাম্মদ ইকবাল হাছান (মোমবাতি) পেয়েছেন ৯ হাজার ৩০১ ভোট।চট্টগ্রাম-৯ (কোতোয়ালী-বাকলিয়া) আসনে নৌকার প্রার্থী শিক্ষা উপমন্ত্রী মহিবুল হাসান চৌধুরী ১ লাখ ৩০ হাজার ৯৯৩ ভোট পেয়ে বেসরকারিভাবে নির্বাচিত হয়েছেন। তার নিকটতম প্রতিদ্বন্দ্বী জাতীয় পার্টির লাঙ্গল প্রতীকের ব্যারিস্টার সানজিদ রশিদ চৌধুরী পেয়েছেন ১ হাজার ৯৮২ ভোট।খাগড়াছড়ি আসনে বেসরকারি ফলাফলে হ্যাটট্রিক জয় পেয়েছেন আওয়ামী লীগ মনোনীত নৌকা প্রতীকের প্রার্থী কুজেন্দ্র লাল ত্রিপুরা। তিনি ২ লাখ ২০ হাজার ৮১৬ ভোট পেয়ে জয়ী হন। তার নিকটতম প্রতিদ্বন্দ্বী জাতীয় পার্টির মনোনীত লাঙ্গল প্রতীকের প্রার্থী মিথিলা রোয়াজা। তিনি পেয়েছেন ১০ হাজার ৯’শ ৩৮ ভোট।নোয়াখালী–৫ (কোম্পানীগঞ্জ–কবিরহাট) আসনে বিপুল ভোটের ব্যবধানে বিজয়ী হয়েছেন ক্ষমতাসীন আওয়ামী লীগের সাধারণ সম্পাদক ও সেতুমন্ত্রী ওবায়দুল কাদের।চাঁদপুর–১ (কচুয়া) আসনে নৌকা প্রতীকের ড. সেলিম মাহমুদকে বেসরকারিভাবে বিজয়ী ঘোষণা করা হয়েছে।বান্দরবান (৩০০ নং) আসনে বেসরকারিভাবে বিজয়ী হয়েছেন আওয়ামী লীগ মনোনীত নৌকার প্রতীকের প্রার্থী বীর বাহাদুর উশৈসিং।ব্রাহ্মণবাড়িয়া-১ (নাসিরনগর) আসনে বিএনপি থেকে বহিস্কৃত স্বতন্ত্রপ্রার্থী (কলার ছড়ি) সৈয়দ এ কে একরামুজ্জামান ৮৯ হাজার ৭৫৮ ভোট পেয়ে বেসরকারিভাবে নির্বাচিত হয়েছেন। তার নিকটতম প্রতিদ্বন্দ্বী নৌকার প্রার্থী বর্তমান সংসদ সদস্য ৪৬ হাজার ৬৩৩ ভোট পেয়েছেন। ব্রাহ্মণবাড়িয়া-২ (সরাইল-আশুগঞ্জ) আসনে স্বতন্ত্র প্রার্থী মো. মঈন উদ্দিন (কলার ছড়ি) ৮৪ হাজার ৬৭ ভোট পেয়ে বেসরকারিভাবে জয়ী হয়েছেন। তার নিকটতম প্রতিদ্বন্দ্বী স্বতন্ত্র প্রার্থী জিয়াউল হক মৃধা (ঈগল) পেয়েছেন ৫৫ হাজার ৪৩১ ভোট। ব্রাহ্মণবাড়িয়া-৩ (সদর ও বিজয়নগর) নৌকার প্রার্থী বর্তমান সংসদ সদস্য র আ ম উবায়দুল মোকতাদির চৌধুরী ১ লাখ ৫৮ হাজার ৫৭২ ভোট পেয়ে বেসরকারিভাবে বিজয়ী হয়েছেন। তার নিকটতম প্রতিদ্বন্দ্বী স্বতন্ত্র প্রার্থী ফিরোজুর রহমান (কাঁচি) ৬৪ হাজার ৩৭ ভোট পেয়েছেন। ব্রাহ্মণবাড়িয়া-৪ আসনে হ্যাট্রিক জয় পেলেন আইনমন্ত্রী আনিসুল হক। তিনি মোট ভোট পেয়েছেন ২ লাখ ২০ হাজার ৬৬৭টি। আনিসুল হকের নিকটতম প্রতিদ্বন্দ্বী ন্যাশনাল পিপলস পার্টির প্রার্থী শাহীন খান' ভোট পেয়েছেন ৬৫৮৬। তিনি 'আম' প্রতীক নিয়ে নির্বাচন করেন।  ফুলের মালা' প্রতীকে  তরিকত ফেডারেশনের ছৈয়দ জাফরুল কুদ্দুছ পেয়েছেন ৪৫৭৪ ভোট। দুই উপজেলা নিয়ে গঠিত এই সংসদীয় আসনে  গড় ভোট পড়েছে ৫৮.১৩ শতাংশ।ব্রাহ্মণবাড়িয়া-৬ (বাঞ্ছারামপুর) আসনে নৌকার প্রার্থী বর্তমান সংসদ সদস্য এ বি তাজুল ইসলাম ১ লাখ ৯২ হাজার ৯১৩ ভোট পেয়ে বেসরকারিভাবে নির্বাচিত হয়েছেন। তার নিকটতম প্রতিদ্বন্দ্বী লাঙ্গল প্রতীকে আমজাদ হোসেন পেয়েছেন ২ হাজার ৬৬৬।সিলেট বিভাগসিলেট ৪ আসনে নৌকা প্রতীকে দুই লাখ পাঁচ হাজার আটশো আটানব্বই ভোট পেয়ে ৭ম বারের মত বিজয়ী হয়েছেন ইমরান আহমদ।সিলেট-৬ আসনে চমক দেখিয়ে ১৯ হাজার ভোটের ব্যবধানে জয়ী হয়েছেন নৌকা প্রতীকের আওয়ামী লীগের প্রার্থী সাবেক শিক্ষামন্ত্রী নুরুল ইসলাম নাহিদ। এ আসনে নাহিদ পেয়েছেন ৫৮ হাজার ১২৬ ভোট। তার নিকটতম প্রতিদ্বন্দ্বী ঈগল প্রতীকের স্বতন্ত্র প্রার্থী সরওয়ার হোসেন পেয়েছেন ৩৯ হাজার ৩৮৭ ভোট। তৃতীয় অবস্থানে রয়েছেন তৃণমূল বিএনপির চেয়ারম্যান শমসের মবিন চৌধুরী। তিনি পেয়েছেন ১০ হাজার ৮৫৮ ভোট।সুনামগঞ্জ–৩ (জগন্নাথপুর–শান্তিগঞ্জ) আসনে বড় ভোটের ব্যবধানে টানা চতুর্থবারের মতো বিজয়ী হয়েছেন আওয়ামী লীগ মনোনীত পরিকল্পনা মন্ত্রী এমএ মান্নান।মৌলভীবাজার–৪ আসনে বেসরকারিভাবে নির্বাচিত হয়েছেন আওয়ামী লীগের মনোনীত প্রার্থী মো. আব্দুস শহিদ।হবিগঞ্জ-৪ (মাধবপুর-চুনারুঘাট) আসনে স্বতন্ত্র প্রার্থী ব‍্যারিস্টার সৈয়দ সায়েদুল হক সুমন ঈগল প্রতীকে বিজয়ী হয়েছেন। তিনি পেয়েছেন এক লাখ ৬৯ হাজার ৯৯ ভোট। তার নিকটতম প্রতিদ্বন্দ্বী নৌকা প্রতীকের প্রার্থী বেসামরিক বিমান পরিবহন ও পর্যটন প্রতিমন্ত্রী অ‍্যাডভোকেট মো. মাহবুব আলী পেয়েছেন ৬৯ হাজার ৫৪৩ ভোট। অর্থাৎ ৯৯ হাজার ৫৫৬ ভোট বেশি পেয়েছেন ব্যারিস্টার সুমন।সুনামগঞ্জ -২ আসনে (দিরাই ও শাল্লা) জয় পেয়েছেন স্বতন্ত্র প্রার্থী জয়া সেন গুপ্তা। কাঁচি প্রতীক নিয়ে তিনি ৬৭ হাজার ৭৭৫ ভোট পেয়েছেন। তাঁর নিকটতম প্রতিদ্বন্দ্বী আওয়ামী লীগের প্রার্থী চৌধুরী আবদুল্লাহ আল মাহমুদ পেয়েছেন ৫৮হাজার ৬৭২ভোট।সুনামগঞ্জ -৫ আসনে (ছাতক–দোয়ারাবাজার) নৌকার প্রার্থী মুহিবুর রহমান এক লাখ ১৯ হাজার ৪০৩ ভোট পেয়ে বিজয়ী হয়েছেন। তাঁর নিকটতম প্রতিদ্বন্দ্বী শামিম আহমদ চৌধুরী ৯১ হাজার ৮৮৮ ভোট পেয়েছেন।মৌলভীবাজার-১ (বড়লেখা ও জুড়ী উপজেলা) আসনে আওয়ামী লীগের মনোনীত প্রার্থী পরিবেশ, বন ও জলবায়ু পরিবর্তন বিষয়ক মন্ত্রী মো. শাহাব উদ্দিন ষষ্ঠবারের মতো নির্বাচিত হয়েছেন। শাহাব উদ্দিন ১ লাখ ৩৬ হাজার ৩০৮ ভোট পেয়েছেন। তার নিকটতম প্রতিদ্বন্দ্বী নির্বাচন থেকে আগেই সরে দাঁড়ানোর ঘোষণা দেওয়া জাতীয় পার্টির (জাপা) প্রার্থী আহমেদ রিয়াজ উদ্দিন লাঙ্গল প্রতীকে পেয়েছেন ৩ হাজার ৯৮ ভোট।রাজশাহী বিভাগরাজশাহী-৪ (বাগমারা) আসনে আওয়ামী লীগের প্রার্থী আবুল কালাম আজাদ বেসরকারি ভাবে সংসদসদস্য নির্বাচিত হয়েছেন। তিনি ভোট পেয়েছেন এক লাখ সাত হাজার ৯৮৩ ভোট। তাঁর নিকটতম প্রতিদ্বন্দ্বী এনামুল হক পেয়েছেন ৫৩ হাজার ৮১২ ভোট।রাজশাহী–২ (সদর) নৌকা প্রতীকে ওয়ার্কার্স পার্টির সাধারণ সম্পাদক ফজলে হোসেন বাদশাকে হারালেন স্বতন্ত্র প্রার্থী আওয়ামী লীগ নেতা অধ্যক্ষ শফিকুর রহমান বাদশা।নওগাঁ-৬ (রানীনগর-আত্রাই) আসনে বেসরকারিভাবে জয়ী হয়েছেন স্বতন্ত্র প্রার্থী ওমর ফারুক সুমন। তিনি ট্রাক প্রতীকে ৭৬ হাজার ৭১৭ ভোট পেয়েছেন। তার নিকটতম প্রতিদ্বন্দ্বী আওয়ামী লীগ মনোনীত নৌকা প্রতীকের প্রার্থী আনোয়ার হোসেন হেলাল পেয়েছেন ৬৯ হাজার ৯৭১ ভোট।নওগাঁ-৩ (মহাদেবপুর-বদলগাছী) আসনে ১ লাখ ৩৮ হাজার ৫৬১ ভোট পেয়ে বেসরকারিভাবে জয়ী হয়েছেন আওয়ামী লীগ মনোনীত নৌকা প্রতীকের প্রার্থী সাবেক সিনিয়র সচিব সৌরেন্দ্রনাথ চক্রবর্তী। তার নিকটতম প্রতিদ্বন্দ্বী স্বতন্ত্র প্রার্থী ছলিম উদ্দীন তরফদার ট্রাক প্রতীকে পেয়েছেন ৬০ হাজার ৫১ ভোট।নওগাঁ-৪ (মান্দা) আসনে ৮৫ হাজার ১৮০ ভোট পেয়ে বেসরকারিভাবে জয়ী হয়েছেন ট্রাক প্রতীকের স্বতন্ত্র প্রার্থী এস এম ব্রহানী সুলতান মামুদ গামা। তার নিকটতম প্রতিদ্বন্দ্বী আওয়ামী লীগ মনোনীত নৌকা প্রতীকের প্রার্থী নাহিদ মোর্শেদ পেয়েছেন ৬২ হাজার ১৩২ ভোট।চাঁপাইনবাবগঞ্জ-১ আসনে আওয়ামী লীগের মনোনীত প্রার্থী ডা. সামিল উদ্দিন আহমেদ শিমুল (নৌকা) ৭৯ হাজার ৮১২ ভোট পেয়ে বিজয়ী হয়েছেন। এ আসনে প্রতিদ্বন্দ্বিতা করেছেন স্বতন্ত্র প্রার্থী সৈয়দ নজরুল ইসলাম (ট্রাক) ৭২ হাজার ৭০৯ ভোট পেয়ে। চাঁপাইনবাবগঞ্জ-২ আসনে আওয়ামী লীগের প্রার্থী মু. জিয়াউর রহমান (নৌকা) ১ লাখ ১৫ হাজার ৫৩ ভোট পেয়ে বিজয়ী হয়েছেন। আর প্রতিদ্বন্দ্বিতা ছিলেন স্বতন্ত্র প্রার্থী (ঈগল) মো. গোলাম মোস্তফা বিশ্বাস ৬৬ হাজার ৪৪৫ ভোট পেয়েছেন। চাঁপাইনবাবগঞ্জ–৩ আসনে আওয়ামী লীগ মনোনীত প্রার্থী নৌকা প্রতীকের আব্দুল ওদুদকে বেসরকারিভাবে বিজয়ী ঘোষণা করা হয়েছে।নাটোর–১ (লালপুর–বাগাতিপাড়া) আসনে স্বতন্ত্র প্রার্থী ঈগল প্রতীকের আবুল কালাম আজাদকে বেসরকারিভাবে বিজয়ী ঘোষণা করা হয়েছে।নাটোর–২ (সদর–নলডাঙ্গা) আসনে বেসরকারিভাবে বিজয়ী আওয়ামী লীগ মনোনীত প্রার্থী শফিকুল ইসলাম শিমুল।নাটোর–৩ (সিংড়া) আসনে আওয়ামী লীগ মনোনীত প্রার্থী প্রতিমন্ত্রী জুনাইদ আহমেদ পলককে বেসরকারিভাবে বিজয়ী ঘোষণা করা হয়েছে।নাটোর-৪ (গুরুদাসপুর-বড়াইগ্রাম) আসনে নৌকা প্রতীক নিয়ে ডা. সিদ্দিকুর রহমান পাটোয়ারী ভোট পেয়েছেন ১ লাখ ১৩ হাজার ৫৮২টি এবং ট্রাক প্রতীকে স্বতন্ত্র প্রার্থী আসিফ আব্দুল্লাহ বিন কুদ্দুস শোভন পেয়েছেন ৯০ হাজার ৭৪৮টি ভোট।পাবনা-১ আসনে আওয়ামী লীগের নৌকা প্রতীকের প্রার্থী বর্তমান সংসদ সদস্য ও ডেপুটি স্পিকার শামসুল হক টুকু বিজয়ী হয়েছে। তিনি পেয়েছেন ৯৪ হাজার ৩১৪ ভোট। তার নিকটতম প্রতিদ্বন্দ্বী স্বতন্ত্র প্রার্থী সাবেক তথ্য প্রতিমন্ত্রী আবু সাইয়িদ পেয়েছেন ৭২ হাজার ৩৮৭ ভোট। পাবনা-২ (সুজানগর- বেড়ার একাংশ) আসনে নৌকার প্রার্থী আহমেদ ফিরোজ কবির বিজয়ী হয়েছেন। ফিরোজ কবির ১ লাখ ৬৫ হজার ৮৪২ ভোট পেয়েছেন। তার নিকটতম প্রতিদ্বন্দ্বী বিএনএমের প্রার্থী ডলি সায়ন্তনী পেয়েছেন ৪ হাজার ৩৮২ ভোট।পাবনা ৪ ( ঈশ্বরদী ও আটঘরিয়া) আসনে নৌকার প্রার্থী গালিবুর রহমান বিজয়ী হয়েছেন। তিনি পেয়েছেন এক লাখ ৬৭ হাজার ৪৩ ভোট। তার নিকটতম প্রতিদ্বন্দ্বী স্বতন্ত্র প্রার্থী পাঞ্জাব আলী বিশ্বাস পেয়েছেন ১৪ হাজার ৬৬২ ভোট।বরিশাল বিভাগবরিশাল-১ আসন (গৌরনদী-আগৈলঝাড়া) আওয়ামী লীগের প্রার্থী আবুল হাসানাত আবদুল্লাহ ১ লাখ ৭৬ হাজার ৭৭৭ ভোট পেয়ে নির্বাচিত হয়েছেন । তার নিকটতম প্রতিদ্বন্দ্বী জাতীয় পার্টির প্রার্থী ছেরনিয়াবাত সেকেন্দার আলী পেয়েছেন ৪ হাজার ১২২ ভোট।বরিশাল–২ (বানারীপাড়া–উজিরপুর) আসনে নৌকা প্রতীকে ১ লাখ ২২ হাজার ১৭৫ ভোট পেয়ে বেসরকারিভাবে নির্বাচিত হয়েছেন ১৪ দলীয় জোটের প্রার্থী বাংলাদেশ ওয়ার্কার্স পার্টির সভাপতি ও সাবেক মন্ত্রী  রাশেদ খান মেনন। ৬ষ্ঠ বারের মতো সংসদ সদস্য নির্বাচিত হলেন তিনি। বরিশাল-৫ আসনে ১৭৬টি কেন্দ্রের বেসরকারি ফলাফলে জয়ী হয়েছেন নৌকা প্রতীকের প্রার্থী কর্নেল অব জাহিদ ফারুক শামীম। তিনি ৯৭ হাজার ৭০৬ ভোট পেয়ে বিজয়ী হন। তার নিকটতম প্রতিদ্বন্দ্বী ট্রাক প্রতীকের স্বতন্ত্র প্রার্থী সালাউদ্দিন রিপন। তিনি পেয়েছেন ৩৫ হাজার ৩৭০ ভোট।পটুয়াখালী–১ (সদর–মির্জাগঞ্জ–দুমকী) আসনে জাতীয় পার্টির (জাপা) কো–চেয়ারম্যান এবিএম রুহুল আমিন হাওলাদার লাঙ্গল প্রতীকে বেসরকারিভাবে বিজয়ী হয়েছেন।পটুয়াখালী -২ (বাউফল) আসনে আওয়ামী লীগের মনোনীত আ স ম ফিরোজ জয়ী হয়েছেন। তিনি পেয়েছেন ১ লাখ ২৪ হাজার ৩০০। তার নিকটতম প্রতিদ্বন্দ্বী জাতীয় পার্টির মো. মহসীন হাওলাদার পেয়েছেন ২ হাজার ৯৫৬।পটুয়াখালী–৩ (গলাচিপা–দশমিনা) আসনে আওয়ামী লীগ মনোনীত এসএম শাহজাদাকে বেসরকারিভাবে বিজয়ী ঘোষণা করা হয়েছে।পটুয়াখালী–৪ (কলাপাড়া–রাঙ্গাবালী) আসনে আওয়ামী লীগ মনোনীত নৌকা প্রতীকের প্রার্থী মো. মহিববুর রহমানকে   বেসরকারিভাবে বিজয়ী ঘোষণা করা হয়েছে।ভোলা-৩ (লালমোহন ও তজুমদ্দিন) আসনে আওয়ামী লীগের প্রার্থী নৌকা প্রতীক নিয়ে নূরুন্নবী চৌধুরী শাওন ১ লাখ ৭১ হাজার ৯২৭ ভোট পেয়ে বেসরকারিভাবে নির্বাচিত হয়েছেন। তার নিকটতম প্রতিদ্বন্দ্বী স্বতন্ত্র প্রার্থী জসিম উদ্দিন (ঈগল) প্রতীক নিয়ে ভোট পেয়েছেন ১৭ হাজার ৮৮৬ ভোট। এছাড়াও জাতীয় পার্টির লাঙ্গল প্রতীকের প্রার্থী মো. কামাল উদ্দিন ১ হাজার ৬৫৩ ভোট ও কংগ্রেস প্রার্থী ডাব প্রতীক নিয়ে মোঃ আলমগীর পেয়েছেন ১ হাজার ৫১১ ভোট।ঝালকাঠি -১ ( রাজাপুর-কাঠালিয়া) আসনে আওয়ামী লীগ প্রার্থী মুহাম্মদ শাহজাহান ওমর ৯৫ হাজার ৪৭৮ ভোট পেয়ে বেসরকারিভাবে নির্বাচিত হয়েছেন। তাঁর নিকটতম প্রতিদ্বন্দ্বী জাকের পার্টির আবু বকর সিদ্দিক পেয়েছেন এক হাজার ৬২৪ ভোট।ময়মনসিংহ বিভাগশেরপুর-১ (সদর) আসনে স্বতন্ত্র প্রার্থী মো. ছানুয়ার হোসেন এক লাখ ৩৬ হাজার ৯৩ ভোট পেয়ে বিজয়ী হয়েছেন। তাঁর নিকটতম প্রার্থী আতিউর রহমান আতিক (নৌকা), ৯৩ হাজার ৩৭ ভোট পেয়েছেন।শেরপুর–২ আসনে বেসরকারিভাবে নির্বাচিত হয়েছেন আওয়ামী লীগ মনোনীত প্রার্থী সাবেক কৃষিমন্ত্রী বেগম মতিয়া চৌধুরী। ষষ্ঠবারের মতো সংসদ সদস্য হলেন তিনি।শেরপুর–৩ আসনে বেসরকারিভাবে বিজয়ী হয়েছেন আওয়ামী লীগ মনোনীত প্রার্থী এডিএম শহিদুল ইসলাম।রংপুর বিভাগরংপুর-১ (গংগাচড়া-সিটি আংশিক) আসনে স্বতন্ত্র প্রার্থী আসাদুজ্জামান বেসরকারিভাবে বিজয়ী হয়েছেন। তিনি ৭৩ হাজার ৯২৭ ভোট পেয়েছেন। তার নিকটতম প্রতিদ্বন্দ্বী স্বতন্ত্র প্রার্থী মসিউর রহমান (রাঙ্গা) পেয়েছেন ২৪ হাজার ৩৩২ ভোট।রংপুর–৩ (সদর ও সিটি করপোরেশন) আসনে এবারের নির্বাচনে একমাত্র তৃতীয় লিঙ্গের প্রার্থী আনোয়ারা ইসলাম রানিকে বড় ব্যবধানে হারিয়েছেন জাতীয় পার্টির চেয়ারম্যান জিএম কাদের।রংপুর–৪ (কাউনিয়া–পীরগাছা) আসনে বেসরকারিভাবে আওয়ামী লীগ মনোনীত প্রার্থী বাণিজ্যমন্ত্রী টিপু মুনশিকে বিজয়ী ঘোষণা করা হয়েছে।লালমনিরহাট-১ আসনে নৌকা প্রতীকের প্রার্থী মোতাহার হোসেন ৮৯ হাজার ৯০৩ ভোট পেয়েছেন। তার নিকটতম প্রতিদ্বন্দ্বী ঈগল প্রতীকের প্রার্থী আতাউর রহমান প্রধান পেয়েছেন ৭৪ হাজার ৩২ ভোট পান।লালমনিরহাট-২ আসনে নৌকার প্রার্থী সমাজকল্যাণ মন্ত্রী নুরুজ্জামান আহমেদ পেয়েছেন ৯৭ হাজার ২৪০ ভোট। তার নিকটতম প্রতিদ্বন্দ্বী ঈগল প্রতীকের প্রার্থীর সিরাজুল হক পেয়েছেন ৫০ হাজার ৫০০ ভোট।লালমনিরহাট-৩ আসনে নৌকার প্রার্থী মতিয়ার রহমান পেয়েছেন ৭৬ হাজার ৪০১ ভোট। তার নিকটতম প্রতিদ্বন্দ্বী ঈগল প্রতীকের প্রার্থী জাবেদ হোসেন পেয়েছেন ১২ হাজার ৮০ ভোট।নীলফামারী-২ (সদর) আসনে আওয়ামী লীগের প্রার্থী সংসদ সদস্য আসাদুজ্জামান নূর  এক লাখ ১৯ হাজার ৩৩৯ ভোট পেয়ে বেসরকারিভাবে নির্বাচিত হয়েছেন। তার নিকটতম প্রতিদ্বন্দ্বী স্বতন্ত্র প্রার্থী জয়নাল আবেদীন পেয়েছেন ১৫ হাজার ৬৮৪ ভোট। আসাদুজ্জামান নূর এ নিয়ে টানা পঞ্চমবারের মতো নীলফামারী-২ আসনে সংসদ সদস্য নির্বাচিত হলেন।নীলফামারী-৪ আসনে স্বতন্ত্র প্রার্থী সিদ্দিকুল আলম সিদ্দিক (প্রতীক–কাঁচি) বেসরকারিভাবে নির্বাচিত হয়েছেন। তিনি পেয়েছেন ৬৯ হাজার ৭১৪ ভোট। তার নিকটতম প্রতিদ্বন্দ্বী ট্রাক প্রতীকের স্বতন্ত্র প্রার্থী মোখছেদুল মোমিন পেয়েছেন ৪৫ হাজার ৩০১।  বর্তমান সংসদ সদস্য জাপা প্রার্থী ও সাবেক রাষ্ট্রপতি প্রয়াত এইচএম এরশাদের ভাগনে  আহসান আদেলুর রহমান পেয়েছেন ৪১ হাজার ৩১৩ ভোট।কুড়িগ্রাম-১ আসনে (ভূরুঙ্গামারী ও নাগেশ্বরী) জাতীয় পাটির লাঙ্গল  প্রার্থী একেএম মোস্তাফিজুর রহমান মোস্তাক ৮৮ হাজার ২৩ ভোট পেয়ে বেসরকারি ভাবে নির্বাচিত হয়েছেন। তার নিকটতম প্রতিদ্বন্দ্বী  জাকের পার্টির প্রার্থী (গোলাপফুল প্রতীক) আব্দুল হাই পেয়েছেন ৫৯ হাজার ৭৫৬ ভোট।কুড়িগ্রাম-২ আসনে (সদর, রাজারহাট ও ফুলবাড়ী) স্বতন্ত্র প্রার্থী (ট্রাক) ডাঃ হামিদুল হক খন্দকার ১ লাখ ২ হাজার ১২০ ভোট পেয়ে বেসরকারি ভাবে নির্বাচিত হয়েছেন। তার নিকটতম প্রতিদ্বন্দ্বী বর্তমান সংসদ সদস্য জাতীয় পাটির প্রার্থী (লাঙ্গল) মো. পনির উদ্দিন আহমেদ ভোট পেয়েছেন ৪৬ হাজার ৯৪৫ টি ভোট।কুড়িগ্রাম-৩ আসনে (উলিপুর) আওয়ামী লীগ নৌকা প্রতীক গবা পান্ডে ৫৩ হাজার ৩ শত ৬৭ ভোট পেয়ে বেসরকারি ভাবে নির্বাচিত হয়েছেন। তার নিকটতম প্রতিদ্বন্দ্বী স্বতন্ত্র প্রার্থী ও সাবেক সংসদ সদস্য।( ট্রাক প্রতীক) মো. আক্কাছ আলী সরকার ভোট পেয়েছেন ৩৫ হাজার ৫১৫ টি ভোট।কুড়িগ্রাম-৪ আসনে (চিলমারী, রৌমারী ও রাজিবপুর) আওয়ামী লীগের দলীয় নৌকার প্রার্থী বিপ্লব হাসান ৮৬ হাজার ৬৫৮ ভোট পেয়ে বেসরকারি ভাবে নির্বাচিত হয়েছেন। তার নিকটতম প্রতিদ্বন্দ্বী পেয়েছেন স্বতন্ত্র প্রার্থী মজিবর রহমান বঙ্গবাসী (ঈগল) ১২ হাজার ৬৮৪ টি ভোট।দিনাজপুর–২ আসনে বেসরকারি ফলাফলে আওয়ামী লীগ মনোনীত প্রার্থী নৌপরিবহন প্রতিমন্ত্রী খালিদ মাহমুদ চৌধুরী।দিনাজপুর-৩ (সদর উপজেলা) আসনে বেসরকারিভাবে নির্বাচিত হয়েছেন আওয়ামী লীগের প্রার্থী ইকবালুর রহিম।  তিনি পেয়েছেন ১ লাখ ৮ হাজার ২৫৪ ভোট। তার নিকটতম প্রতিদ্বন্দ্বী ট্রাক প্রতীকে স্বতন্ত্র প্রার্থী বিশ্বজিৎ ঘোষ পেয়েছেন ৫৪ হাজার ৩৮ভোট।দিনাজপুর–৪ আসনে চতুর্থ বারের মতো বিজয়ী হলেন আওয়ামী লীগ মনোনীত প্রার্থী সাবেক পররাষ্ট্রমন্ত্রী মাহমুদ আলী।দিনাজপুর-৬ (বিরামপুর, নবাবগঞ্জ, ঘোড়াঘাট ও হাকিমপুর) আসনে টানা তৃতীয়বারের মতো জয়ী হলেন শিবলী সাদিক। নৌকার প্রার্থী শিবলী সাদিক এক লাখ ৮২ হাজার ৬৬৭ ভোট পেয়েছেন। তাঁর নিকটতম প্রতিদ্বন্দ্বী স্বতন্ত্র প্রার্থী আজিজুল হক চৌধুরী ট্রাক প্রতীকে পেয়েছেন ৮২ হাজার ৫১৫ ভোট।ঠাকুরগাঁও-৩ আসনে জাতীয় পার্টির প্রার্থী হাফিজ উদ্দিন আহম্মেদ (লাঙ্গল) ১ লাখ ৬ হাজার ৭১৪ ভোট পেয়ে নির্বাচিত হয়েছেন। তার নিকটতম প্রার্থী ওয়ার্কার্স পার্টির গোপাল চন্দ্র রায় পেয়েছেন ৬৪ হাজার ৮২১ ভোট।ঠাকুরগাঁও-২ আসনে বেসরকারিভাবে নির্বাচিত হয়েছেন বাংলাদেশ আওয়ামী লীগের মনোনীত নৌকা প্রতীকের প্রার্থী মো. মাজহারুল ইসলাম সুজন। মোট ১০৪টি ভোট কেন্দ্রের প্রাপ্ত ফলাফলে মাজহারুল ইসলাম সুজন নৌকা প্রতীক নিয়ে ১ লাখ ১৫ হাজার ৬১ ভোট পেয়ে বেসরকারিভাবে নির্বাচিত হয়েছেন। তার নিকটতম প্রতিদ্বন্দ্বী স্বতন্ত্র প্রার্থী আলী আসলাম জুয়েল ট্রাক প্রতীক নিয়ে পেয়েছেন ৫৫ হাজার ২শ ৩৪ ভোট।গাইবান্ধা-১ (সুন্দরগঞ্জ) আসনে ১১৪টি কেন্দ্রে আওয়ামী লীগ স্বতন্ত্র প্রার্থী আব্দুল্লাহ নাহিদ নিগার (ঢেঁকি) ৬৬০৪৯ ভোট পেয়ে নির্বাচিত হয়েছেন। তার নিকটতম জাতীয় পার্টির প্রার্থী শামিম হায়দার পাটোয়ারী (লাঙ্গল) পেয়েছেন ৪৩৪৯১ ভোট।গাইবান্ধা-২ (সদর) আসনে কেন্দ্রে ১১৪টি। স্বতন্ত্র আওয়ামী লীগ প্রার্থী (ট্রাক) শাহ সারোয়ার কবীর ৬৪১৯০ ভোট পেয়ে নির্বাচিত হয়েছেন। তার নিকটতম জাতীয় পার্টির প্রার্থী আব্দুর রশিদ সরকার (লাঙ্গল) পেয়েছেন ৬১০৩৭ ভোট। গাইবান্ধা-৩ (পলাশবাড়ী-সাদুল্লাপুর) আসনে ১৩৪ কেন্দ্রে আওয়ামী লীগ প্রার্থী উম্মে কুলসুম স্মৃতি (নৌকা) ৫৭১১৫ ভোট পেয়ে নির্বাচিত হয়েছেন। তার নিকটতম স্বতন্ত্র প্রার্থী মোঃ মফিজুল হক সরকার (ঈগল) পেয়েছেন ২৬৩৮২ ভোট।গাইবান্ধা-৪(গোবিন্দগঞ্জ) আসনে ১৩৯ কেন্দ্রে আওয়ামীলীগ প্রার্থী আবুল কালাম আজাদ (নৌকা) ২০১১৭১ ভোট পেয়ে নির্বাচিত হয়েছেন। তার নিকটতম স্বতন্ত্র প্রার্থী মনোয়ার হোসেন চৌধুরী(ট্রাক) পেয়েছেন ২৭৪৫০ ভোট।গাইবান্ধা-৫(সাঘাটা-ফুলছড়ি) আসনে ১৪৫টি কেন্দ্রে আওয়ামীলীগ প্রার্থী মাহমুদ হাসান রিপন (নৌকা) ১০৭৩৯৭ ভোট পেয়ে বিজয়ী হয়েছেন। তার নিকটতম স্বতন্ত্র প্রার্থী ফারজানা রাব্বি বুবলী(ট্রাক) ৬৩৫২৬ ভোট পেয়েছেন। খুলনা বিভাগখুলনা-১ আসনে আওয়ামী লীগ মনোনীত প্রার্থী ননী গোপাল মণ্ডল বেসরকারিভাবে নির্বাচিত হয়েছেন। তিনি মোট ১ লাখ ৪২ হাজার ৫১৮ ভোট পেয়েছেন। তার নিকটতম প্রতিদ্বন্দ্বী ঈগল প্রতীকের স্বতন্ত্র প্রার্থী প্রশান্ত রায় পেয়েছেন ৫ হাজার ২৬২ ভোট। তিনি দ্বিতীয়বারের মতো এমপি নির্বাচিত হলেন।খুলনা-৫ আসনে নৌকার প্রার্থী নারায়ণ চন্দ্র বেসরকারিভাবে নির্বাচিত হয়েছেন। তিনি পেয়েছেন এক লাখ ১৩ হাজার ৪৮০ ভোট। তার নিকটতম প্রতিদ্বন্দ্বী ঈগল প্রতীকের প্রার্থী শেখ আকরাম হোসেন পেয়েছেন ৯৩ হাজার ১৫০ ভোট।ঝিনাইদহ-১ (শৈলকুপা) আসনে বেসরকারিভাবে জিতেছেন আওয়ামী লীগের প্রার্থী সাবেক প্রতিমন্ত্রী বীর মুক্তিযোদ্ধা আব্দুল হাই। তিনি ৯৫ হাজার ৬৭৪ ভোট পেয়েছেন। তার নিকটতম প্রতিদ্বন্দ্বী স্বতন্ত্র প্রার্থী জেলা আওয়ামী লীগের সহসভাপতি নজরুল ইসলাম পেয়েছেন ৭৯ হাজার ৭২৮ ভোট। মেহেরপুর-১ ( সদর-মুজিবনগর) আসনে আওয়ামী লীগ মনোনীত প্রার্থী জনপ্রশাসন প্রতিমন্ত্রী ফরহাদ হোসেন বেসরকারিভাবে জয়লাভ করেছেন। তার প্রাপ্ত ভোট ৯৪ হাজার ৩০৩টি। ফরহাদ হোসেনের নিকটতম প্রতিদ্বন্দ্বী স্বতন্ত্র প্রার্থী আব্দুল মান্নান ৫৭ হাজার ৬৮২ ভোট পেয়েছেন । মেহেরপুর -২  (গাংনী) আসনে নৌকা প্রতীকের প্রার্থী আবু সালেহ মোহাম্মদ নাজমুল হক ৭২ হাজার ৭২৮ ভোট পেয়ে বেসরকারিভাবে জয় পেয়েছেন। তার নিকটতম প্রতিদ্বন্দ্বী স্বতন্ত্র প্রার্থী মকবুল হোসেন পেয়েছেন ৪৯ হাজার ৫৯৩ ভোট।বাগেরহাট-২ (সদর ও কচুয়া) আসনে আওয়ামী লীগের প্রার্থী শেখ তন্ময় দ্বিতীয়বারের মত বিজয়ী হয়েছেন। শেখ তন্ময় পেয়েছেন এক লাখ ৮২ হাজার ৩১৮ ভোট। তাঁর নিকটতম প্রতিদ্বন্দী জাতীয় পার্টির হাজরা শহিদুল ইসলাম ৪ হাজার ১৭৪ ভোট পেয়েছেন।বাগেরহাট-৩ (মোংলা-রামপাল) আসনে চতুর্থবারের মতো সংসদ সদস্য নির্বাচিত হয়েছেন পরিবেশ, বন ও জলবায়ু পরিবর্তন মন্ত্রণালয়ের উপমন্ত্রী হাবিবুন নাহার। এ আসন থেকে তিনি পেয়েছেন ৭৫ হাজার ৯৬৮ ভোট। আর তার নিকটতম প্রতিদ্বন্দ্বী ঈগল প্রতীকের স্বতন্ত্র প্রার্থী ইদ্রিস আলী ইজারদার পেয়েছেন ৫৮ হাজার ২০৪ ভোট।মেহেরপুর-২ আসনে বেসরকারি ফলাফলে জয়ী হয়েছেন নৌকা প্রতীকের প্রার্থী এস এম নাজমুল হক সাগর । তিনি ৭২৭২৮ ভোট পেয়ে বিজয়ী হন। তার নিকটতম প্রতিদ্বন্দ্বী ট্রাক প্রতীকের স্বতন্ত্র প্রার্থী মকবুল হোসেন পেয়েছেন ৪৯৫৯৩ ভোট।সাতক্ষীরা-২ আসনে জাতীয় পার্টি মনোনীত প্রার্থী আশরাফুজ্জামান আশু বিপুল ভোটে বিজয়ী হয়েছেন। লাঙ্গল প্রতীক নিয়ে তিনি পেয়েছেন ৮৮ হাজার ৩৫৭ ভোট। তার নিকটতম প্রতিদ্বন্দ্বী স্বতন্ত্র প্রার্থী ও বর্তমান সংসদ সদস্য মীর মোস্তাক আহমেদ রবি ঈগল প্রতীক নিয়ে পেয়েছেন ২৭ হাজার ৪৪৭ ভোট।যশোর-১ (শার্শা) আসনে বেসরকারিভাবে ফলাফলে জয়ী হয়েছেন নৌকা প্রতীকের প্রার্থী শেখ আফিল উদ্দিন। এক লাখ পাঁচ হাজার ৪৬৬ ভোট পেয়ে বিজয়ী হন তিনি। তার নিকটতম প্রতিদ্বন্দ্বী ট্রাক প্রতীকের স্বতন্ত্র প্রার্থী আশরাফুল আলম লিটন। তিনি পেয়েছেন ১৯ হাজার ৪৭৭ ভোট।যশোর-৪ আসনে (অভয়নগর ও বাঘারপাড়া উপজেলা এবং সদর উপজেলার বসুন্দিয়া ইউনিয়ন) আওয়ামী লীগের প্রার্থী এনামুল হক বিজয়ী হয়েছেন। এনামুল পেয়েছেন এক লাখ ৮১ হাজার ২৯৫ ভোট। তাঁর নিকটতম প্রতিদ্বন্দ্বী জাতীয় পার্টির (লাঙ্গল) জহুরুল হক পেয়েছেন ১০ হাজার ৩৪৬ ভোট।যশোর–৬ (কেশবপুর) আসনে স্বতন্ত্র প্রার্থী আজিজুল ইসলাম নির্বাচিত হয়েছেন। তিনি ভোট পেয়েছেন ৪৮ হাজার ৯৪৭টি । তাঁর নিকটতম প্রতিদ্বন্দ্বী আওয়ামী লীগের নৌকা প্রতীকের শাহীন চাকলাদার ৩৯ হাজার ২৬৯ ভোট পেয়েছেন।",1,1,0,1,False
" দ্বাদশ জাতীয় সংসদ নির্বাচনে কুমিল্লার ১১টি আসনের মধ্যে চারটি আসনে আওয়ামী লীগের মনোনীত নৌকা প্রতীক নিয়ে প্রতিদ্বন্দ্বীতা করা বর্তমান চার এমপি স্বতন্ত্র প্রার্থীর কাছে ধরাশায়ী হয়েছেন। বাকি সাতটি আসনে আওয়ামী লীগের নতুন মুখের দুই প্রার্থী সহ বর্তমান পাঁচ এমপি জয় পেয়েছেন। ভোট গণনা শেষে কেন্দ্রগুলো থেকে প্রাপ্ত ফলাফলের ভিত্তিতে জানা গেছে, কুমিল্লার ১১টি আসনের মধ্যে সাতটিতে আওয়ামী লীগের মনোনীত নৌকা প্রতীকের প্রার্থী ও চারটিতে আওয়ামী লীগ ঘরনার চার স্বতন্ত্র প্রার্থী জয়লাভ করেছেন। বাকি সাতটি আসনে নৌকা প্রতীকের প্রার্থীরা জয় পেয়েছেন। রবিবার সন্ধ্যার পর কুমিল্লা টাউন হলে স্থাপিত কন্ট্রোলরুমে ১১টি আসনের ফলাফল আসতে শুরু করে। রাতে বেসরকারিভাবে এসব ফলাফল ঘোষণা করা হয়। আওয়ামী লীগের বর্তমান এমপিদের মধ্যে যারা স্বতন্ত্র প্রার্থীদের কাছে ধরাশায়ী হয়েছেন তারা হলেন কুমিল্লা-২ (হোমনা-মেঘনা) আসনের সেলিমা আহমাদ মেরী, কুমিল্লা-৩ (মুরাদনগর) আসনের ইউসুফ আবদুল্লাহ হারুন, কুমিল্লা-৪ (দেবিদ্বার) আসনের রাজী মোহাম্মদ ফখরুল ও কুমিল্লা-৫ (বুড়িচং-ব্রাহ্মণপাড়া) আসনের এডভোকেট আবুল হাসেম খান। রবিবার অনুষ্ঠিত নির্বাচনে ওই চারটি আসনে আওয়ামী লীগের প্রার্থীদের সঙ্গে হাড্ডাহাড্ডি লড়াই হয় প্রার্থীদের। ভোটের দিন সকাল থেকে বেলা ২টা পর্যন্ত আসন চারটিতে প্রতিদ্বন্দ্বী প্রার্থীর কর্মী সমর্থকদের মধ্যে চরম উত্তেজনা বিরাজ করলেও দুপুরের পর থেকে ফিরে আসে ভোটের পরিবেশ। বিকেলে ফলাফল গণনা শেষে সন্ধ্যার পর থেকে চারটি আসনের বিভিন্ন কেন্দ্রের ফলাফল আসতে শুরু করে। আসন চারটিতে আওয়ামী লীগের মনোনীত প্রার্থী স্বতন্ত্র প্রার্থীদের কাছে ভোটের ব্যবধানে পিছিয়ে পড়ার খবর আসতে থাকে। আর ওইসব আসনের স্বতন্ত্র প্রার্থীর কর্মী সমর্থকদের উল্লাস শুরু হয়। এদিকে কুমিল্লার যে সাতটি আসনে নৌকা জয় পেয়েছে সেখানেও স্বতন্ত্র প্রার্থীদের কর্মী সমর্থক ও নৌকার কর্মী সমর্থকদের মধ্যে টানটান উত্তেজনা বিরাজ করেছে। বিশেষ করে চান্দিনা, দাউদকান্দি ভোটের মাঠের উত্তেজনা ছিল চোখে পড়ার মতো। ভোটের লড়াইয়ে কুমিল্লা-২ (হোমনা-মেঘনা) আসনের নৌকার প্রার্থী বর্তমানে এমপি সেলিমা আহমাদ মেরী ধরাশায়ী হয়েছেন ট্রাক প্রতীকের স্বতন্ত্র প্রার্থী  হোমনা উপজেলা আওয়ামী লীগের সভাপতি শিক্ষাবিদ অধ্যাপক মোঃ আব্দুল মজিদের কাছে। কুমিল্লা-৩ (মুরাদনগর) আসনে ঈগল প্রতীকের স্বতন্ত্র প্রার্থী কুমিল্লা উত্তর জেলা আওয়ামী লীগের সাবেক সাধারণ সম্পাদক জাহাঙ্গীর আলম সরকারের কাছে ভোটের লড়াইয়ে হেরে গেলেন ওই আসনের বর্তমান এমপি নৌকা প্রতীকের ইউসুফ আবদুল্লাহ হারুন।কুমিল্লা-৪ (দেবিদ্বার) আসনের বর্তমান এমপি নৌকা প্রতীকের রাজী মোহাম্মদ ফখরুল হাড্ডাহাড্ডি লড়াইয়ে পরাজিত হয়েছেন ঈগল প্রতীকের স্বতন্ত্র প্রার্থী উত্তর জেলা আওয়ামী লীগের সাংগঠনিক সম্পাদক ও সদ্য পদত্যাগ করা দেবিদ্বার উপজেলা পরিষদ চেয়ারম্যান আবুল কালাম আজাদের কাছে। কুমিল্লা-৫ (বুড়িচং-ব্রাহ্মণপাড়া) আসনে আওয়ামী লীগের বর্তমান এমপি ও নৌকা প্রতীকের প্রার্থী এডভোকেট আবুল হাসেম খান বড় ব্যবধানে পরাজিত হয়েছেন কেটলি প্রতীকের স্বতন্ত্র প্রার্থী ও কুমিল্লা দক্ষিণ জেলা আওয়ামী লীগের ত্রাণ ও সমাজ কল্যাণ সম্পাদক এম এ জাহেরের কাছে। এদিকে কুমিল্লার সাতটি আসনে বড় জয় পেয়েছেন নৌকা প্রতীকের আওয়ামী লীগের নতুন মুখের দুই প্রার্থী সহ বর্তমান পাঁচ এমপি। তারা হলেন - কুমিল্লা-১ (দাউদকান্দি-তিতাস) আসনের নতুন মুখ ইঞ্জিনিয়ার আব্দুস সবুর, কুমিল্লা-৬ (সদর, সিটি কর্পোরেশন) আসনের বর্তমান এমপি আ ক ম বাহাউদ্দিন বাহার, কুমিল্লা-৭ (চান্দিনা) আসনের বর্তমান এমপি ডা. প্রাণ গোপাল দত্ত, কুমিল্লা-৮ (বরুড়া) আসনের নতুন মুখ আবু জাফর মোহাম্মদ সফিউদ্দিন, কুমিল্লা-৯ (লাকসাম-মনোহরগঞ্জ) আসনের বর্তমান এমপি ও এলজিআরডি মন্ত্রী মো. তাজুল ইসলাম, কুমিল্লা-১০ (নাঙ্গলকোট, সদর দক্ষিণ,লালমাই) আসনের বর্তমান এমপি ও অর্থমন্ত্রী আ হ ম মুস্তাফা কামাল এবং কুমিল্লা-১১ (চৌদ্দগ্রাম) আসনের বর্তমান এমপি ও সাবেক রেলপথ মন্ত্রী মুজিবুল হক মুজিব।",1,1,0,1,False
 দ্বাদশ জাতীয় সংসদ নির্বাচনে ঢাকা-১২ আসনে লাঙ্গলকে হারিয়ে বেসরকারিভাবে নির্বাচিত হয়েছেন নৌকার প্রার্থী স্বরাষ্ট্রমন্ত্রী আসাদুজ্জামান খান কামাল। ঢাকার আসনে ঘোষিত ফলাফলের মধ্যে সর্বোচ্চ ৯৪ হাজার ৬৭৯ ভোট পেয়ে তিনি জয়লাভ করেছেন।রবিবার (৭ জানুয়রি) রাতে বেসরকারিভাবে ঘোষিত ফলাফলে এ তথ্য জানা গেছে।তার নিকটতম প্রতিদ্বন্দ্বী লাঙ্গল প্রতীক নিয়ে জাতীয় পার্টির খোরশেদ আলম খুশু পেয়েছেন ২ হাজার ২১৯ ভোট। ন্যাশনাল পিপলস্ পার্টি-এনপিপির (আম) প্রার্থী শাহীন খান পেয়েছেন ৫৬১ ভোট। তৃণমূল বিএনপির (সোনালী আঁশ) প্রার্থী নাঈম হাসান পেয়েছেন ৫৯৯ ভোট। ন্যাশনালিস্ট ফ্রন্ট-বিএনএফ (টেলিভিশন) প্রার্থী আতিকুর রহমান নাজিম পেয়েছেন ২৩৭ ভোট। বাংলাদেশ ইসলামী ফ্রন্টের (মোমবাতি) প্রার্থী মুহাম্মদ আব্দুল হাকিম পেয়েছেন ৩৫২ ভোট।,1,1,0,1,False
" দ্বাদশ জাতীয় সংসদ নির্বাচনে পঞ্চগড়-১ (তেঁতুলিয়া, আটোয়ারী ও পঞ্চগড় সদর) আসনে নৌকা প্রতীক সহ ৬ জন প্রতিদ্বন্দ্বীতা করেছেন। তাদের মধ্যে নতুন মুখ জেলা আওয়ামী লীগের সহ-সভাপতি নাইমুজ্জামান ভুইয়া মুক্তা নৌকা প্রতীকে ১ লাখ ২৪ হাজার ৭৪২ ভোট পেয়ে বেসরকারিভাবে নির্বাচিত হয়েছেন। তার নিকটতম প্রতিদ্বন্দ্বী স্বতন্ত্র প্রার্থী জেলা আওয়ামী লীগের সাধারণ সম্পাদক আনোয়ার সাদাত সম্রাট ট্রাক প্রতীকে পেয়েছেন ৫৭ হাজার ২১০ ভোট। এ আসনে মোট ভোটার সংখ্যা ৪ লাখ ৩৭ হাজার ২২ জন।  রিটানিং অফিসার ও পঞ্চগড় জেলা প্রশাসক জহুরুল ইসলাম রাত সোয়া ১০ টায় জেলা প্রশাসক সম্মেলন কক্ষে বেসরকারিভাবে নির্বাচিত প্রার্থীদের নাম ঘোষণা করেন। ",1,1,0,1,False
" চাঁপাইনবাবগঞ্জের তিনটি আসনেই আবারো নৌকার বিজয় হয়েছে। রবিবার (৭ জানুয়ারি) রাত ১০টায় বেসরকারিভাবে তিনটি আসনের ফলাফল ঘোষণা করা হয়। সহকারী রিটার্নিং কর্মকর্তাদের স্বাক্ষরিত চিঠিতে তিন আসনের প্রার্থীদের ভোটের ফলাফল ঘোষণা করা হয়েছে। এতে চাঁপাইনবাবগঞ্জ-১ আসনে আওয়ামী লীগের মনোনীত প্রার্থী ডা. সামিল উদ্দিন আহমেদ শিমুল (নৌকা) ৭৯ হাজার ৮১২ ভোট পেয়ে বিজয়ী হয়েছেন। এ আসনে প্রতিদ্বন্দ্বিতা করেছেন স্বতন্ত্র প্রার্থী সৈয়দ নজরুল ইসলাম (ট্রাক) ৭২ হাজার ৭০৯ ভোট পেয়ে। এদিকে চাঁপাইনবাবগঞ্জ-২ আসনে আওয়ামী লীগের প্রার্থী মু. জিয়াউর রহমান (নৌকা) ১ লাখ ১৫ হাজার ৫৩ ভোট পেয়ে বিজয়ী হয়েছেন। আর প্রতিদ্বন্দ্বিতা ছিলেন স্বতন্ত্র প্রার্থী (ঈগল) মো. গোলাম মোস্তফা বিশ্বাস ৬৬ হাজার ৪৪৫ ভোট পেয়েছেন। অন্যদিকে চাঁপাইনবাবগঞ্জ-৩ আসনে আওয়ামী লীগের প্রার্থী ও বর্তমান সংসদ সদস্য আব্দুল ওদুদ (নৌকা) ৯১ হাজার ৬০৩ ভোট পায়। তার নিকটতম প্রতিদ্বন্দ্বী ছিলেন বিএনএম প্রার্থী মোহাম্মদ আব্দুল মতিন (নোঙর) ৮ হাজার ৫৪৩ ভোট। জেলায় মোট ভোটার রয়েছেন ১৩ লাখ ৪৫ হাজার ৩৮৩ জন। এরমধ্যে পুরুষ ভোটার হচ্ছেন ৬ লাখ ৭৮ হাজার ৩৩৫ জন, মহিলা ভোটার হচ্ছেন ৬ লাখ ৬৭ হাজার ৪৭ জন ও তৃতীয় লিঙ্গের রয়েছেন ১ জন ভোটার। নির্বাচনে সংসদীয় ৩টি আসনে লড়েছেন ১৬ জন প্রার্থী। ",1,1,0,1,False
 দ্বাদশ জাতীয় সংসদ নির্বাচনে গাইবান্ধার পাঁচটি আসনে ফলাফল ঘোষণা করা হয়েছে। রবিবার জেলা রিটার্নিং অফিসার ও জেলা প্রশাসক কাজী নাহিদ রসুল বেসরকারি ফলাফল ঘোষণা করেন। এরমধ্যে গাইবান্ধা-১ (সুন্দরগঞ্জ) আসনে ১১৪টি কেন্দ্রে আওয়ামী লীগ স্বতন্ত্র প্রার্থী আব্দুল্লাহ নাহিদ নিগার (ঢেঁকি) ৬৬০৪৯ ভোট পেয়ে নির্বাচিত হয়েছেন। তার নিকটতম জাতীয় পার্টির প্রার্থী শামিম হায়দার পাটোয়ারী (লাঙ্গল) পেয়েছেন ৪৩৪৯১ ভোট।গাইবান্ধা-২ (সদর) আসনে কেন্দ্রে ১১৪টি। স্বতন্ত্র আওয়ামী লীগ প্রার্থী (ট্রাক) শাহ সারোয়ার কবীর ৬৪১৯০ ভোট পেয়ে নির্বাচিত হয়েছেন। তার নিকটতম জাতীয় পার্টির প্রার্থী আব্দুর রশিদ সরকার (লাঙ্গল) পেয়েছেন ৬১০৩৭ ভোট। গাইবান্ধা-৩ (পলাশবাড়ী-সাদুল্লাপুর) আসনে ১৩৪ কেন্দ্রে আওয়ামী লীগ প্রার্থী উম্মে কুলসুম স্মৃতি (নৌকা) ৫৭১১৫ ভোট পেয়ে নির্বাচিত হয়েছেন। তার নিকটতম স্বতন্ত্র প্রার্থী মোঃ মফিজুল হক সরকার (ঈগল) পেয়েছেন ২৬৩৮২ ভোট।গাইবান্ধা-৪(গোবিন্দগঞ্জ) আসনে ১৩৯ কেন্দ্রে আওয়ামীলীগ প্রার্থী আবুল কালাম আজাদ (নৌকা) ২০১১৭১ ভোট পেয়ে নির্বাচিত হয়েছেন। তার নিকটতম স্বতন্ত্র প্রার্থী মনোয়ার হোসেন চৌধুরী(ট্রাক) পেয়েছেন ২৭৪৫০ ভোট।গাইবান্ধা-৫(সাঘাটা-ফুলছড়ি) আসনে ১৪৫টি কেন্দ্রে আওয়ামীলীগ প্রার্থী মাহমুদ হাসান রিপন (নৌকা) ১০৭৩৯৭ ভোট পেয়ে বিজয়ী হয়েছেন। তার নিকটতম স্বতন্ত্র প্রার্থী ফারজানা রাব্বি বুবলী(ট্রাক) ৬৩৫২৬ ভোট পেয়েছেন। ,1,1,0,1,False
 ঢাকা বিশ্ববিদ্যালয়ের শিক্ষক থেকে সংসদ সদস্য হলেন ড. সেলিম মাহমুদ। বিশ্ব বিদ্যালয়ের আইন বিভাগের অধ্যাপকের চাকরির ১৬ বছর বাকী থাকতে চাকরি ছেড়ে দিয়ে রাজনীতিতে প্রবেশ করেন তিনি। নির্বাচিত হন বাংলাদেশ আওয়ামী লীগের তথ্য ও গবেষণা সম্পাদক। মনোনয়ন পেয়ে প্রথমবারের মত নৌকা প্রতীক নিয়ে নির্বাচিত হন সংসদ সদস্য।সারাদেশের ন্যায় চাঁদপুর-১ কচুয়া আসনে উৎসাহ উদ্দীপনার মধ্য দিয়ে দ্বাদশ জাতীয় সংসদ নির্বাচন শান্তিপূর্ণভাবে অনুষ্ঠিত হয়েছে। রবিবার সকাল ৮টা থেকে বিকাল ৪টা পর্যন্ত টানা ১০৯টি ভোট কেন্দ্রে শান্তিপূর্ণ পরিবেশে এই ভোট গ্রহণ সম্পন্ন হয়। ফলাফলের দিক থেকে বাংলাদেশ আওয়ামী লীগ মনোনীত প্রার্থী ঢাকা বিশ্ববিদ্যালয়ের আইন বিভাগের সাবেক অধ্যাপক ড.সেলিম মাহমুদ (নৌকা) পেয়েছেন ১ লাখ ৫১ হাজার ৩৮৩ ভোট। তার নিকটতম প্রতিদ্বন্দ্বী ইসলামী ফ্রন্ট বাংলাদেশ এর প্রার্থী মো. সেলিম প্রধান (চেয়ার) পেয়েছেন ৫ হাজার ৭ শত ৩৮ ভোট।ভোটের শতকরা হার ৫০.১৮ শতাংশ। নির্বাচনে মোট ভোটার ছিল ৩ লাখ ২৫ হাজার ৭৫৯ জন।  ,1,1,0,1,False
" কুষ্টিয়া-১ দৌলতপুর আসনে আবারো এমপি নির্বাচিত করে ট্রাক প্রতীকের স্বতন্ত্র প্রার্থী রেজাউল হক চৌধুরীতেই আস্থা রাখলেন উপজেলাবাসী। উপজেলা আওয়ামী লীগের সিনিয়র সহ সভাপতি আলহাজ রেজাউল হক চৌধুরী এই আসন থেকে এর আগেও একবার স্বতন্ত্র প্রার্থী হিসাবে এমপি নির্বাচিত হয়েছিলেন। দলীয় সিদ্ধান্তের বাধ্যবাধকতা মেনে মাঝখানে একবার বিরতি পুনরায় তিনি নিশ্চিত জয়ের আশায় স্বতন্ত্র হয়ে এই নির্বাচনে লড়েন। এ নিয়ে তিনি দ্বিতীয়বারের মতো সংসদ সদস্য নির্বাচিত হলেন। দৌলতপুর আসনের ১২৯টি কেন্দ্রের বেসরকারিভাবে প্রাপ্ত ফলাফল অনুযায়ী, সাবেক সংসদ সদস্য আওয়ামী লীগ নেতা আলহাজ রেজাউল হক চৌধুরী স্বতন্ত্র প্রার্থী হিসাবে ট্রাক প্রতীক ৮৯ হাজার ২৭৪ ভোট পান। তার নিকটতম প্রতিদ্বন্দ্বী ঈগল প্রতীকের আরেক স্বতন্ত্র প্রার্থী, সাবেক সংসদ সদস্য প্রয়াত আফাজ উদ্দিন আহমেদের জ্যেষ্ঠপুত্র নাজমুল হুদা পটল পেয়েছেন ৫৩ হাজার ১০৫ ভোট। রেজাউল হক চৌধুরী ৩৬ হাজার ১৬৯ ভোটের ব্যবধানে তাকে পরাজিত করে এমপি নির্বাচিত হয়েছেন। এই দুই শক্ত স্বতন্ত্র প্রার্থীর চাপে পড়ে তৃতীয় অবস্থানে চলে গেছেন আওয়ামী লীগ মনোনীত প্রার্থী বর্তমান সংসদ সদস্য এডভোকেট আ. কা. ম সরওয়ার জাহান বাদশাহ্। নৌকা প্রতীকে সরওয়ার জাহান বাদশাহ্ পেয়েছেন ৪৮ হাজারর ৯৬১ ভোট। এছাড়া আওয়ামী লীগের অপর স্বতন্ত্র প্রার্থী, সাবেক উপজেলা চেয়ারম্যান ফিরোজ আল মামুন কেটলি প্রতীকে ৮ হাজার ৯৯ ভোট পেয়েছেন। এদিকে ছোটখাট কিছু বিচ্ছিন্ন ঘটনা ছাড়া অবাধ, সুষ্ঠু ও শান্তিপূর্ণ পরিবেশে এই আসনে দ্বাদশ জাতীয় সংসদ নির্বাচনের ভোটগ্রহণ অনুষ্ঠিত হয়। এতে তরুণ ও নারী ভোটারদের উপস্থিতি ছিল বেশি। সকাল থেকেই ভোটাররা কেন্দ্রে গিয়ে নির্বিঘ্নে তাদের ভোটাধিকার প্রয়োগ করেন। কঠোর নিরাপত্তা বলয়ে অনুষ্ঠিত এই নির্বাচনকে কেন্দ্র করে আওয়ামী লীগ নেতাকর্মীদের মাঝে উৎসবের আমেজ লক্ষ্য করা গেছে।নির্বাচনে সহিংসতার আশঙ্কা করা হলেও সেই আশঙ্কা ছাপিয়ে নির্বাচনটি উৎসবমুখর হয়ে ওঠে। দুয়েকটি ছোট ঘটনা ছাড়া ভোটগ্রহণের সময় বড় ধরনের কোনো সহিংসতার খবর পাওয়া যায়নি।এদিকে নির্বাচন পরবর্তী সহিংসতা এড়াতে আইনশৃঙ্খলা বাহিনীর ব্যাপক তৎপরতার মাঝেই রাতে উপজেলার কয়েকটি এলাকায় প্রতিপক্ষের বাড়িঘরে হামলা ও ভাঙচুরের ঘটনা ঘটেছে বলে জানা যায়। সহকারী রিটার্নিং অফিসার (ইউএনও) মো. ওবায়দুল্লাহ সাংবাদিকদের জানান, নির্বাচন উপলক্ষে প্রশাসনের পক্ষ থেকে সর্বাত্মক নিরাপত্তা ব্যবস্থা গড়ে তোলা হয়। নির্বাচনের সময় এখানে কোনো ধরনের অপ্রীতিকর ঘটনা ঘটেনি। শান্তিপূর্ণ পরিবেশে ভোটগ্রহণ অনুষ্ঠিত হয়েছে। ৫০ শতাংশের ওপরে ভোট পোল হয়েছে বলে সহকারী রিটার্নিং অফিসার (ইউএনও) মো. ওবায়দুল্লাহ জানিয়েছেন। নবনির্বাচিত সংসদ সদস্য আলহাজ রেজাউল হক চৌধুরী ২০১৪ সালের দশম জাতীয় সংসদ নির্বাচনে আওয়ামী লীগের বিদ্রোহী প্রার্থী হয়ে প্রথমবার নির্বাচিত হন। এবারের মতো ওই নির্বাচনেও বিএনপি অংশ নেয়নি। সেবার মহাজোট মনোনীত প্রার্থী তখনকার সংসদ সদস্য, উপজেলা আওয়ামী লীগ সভাপতি প্রয়াত আফাজ উদ্দিন আহমেদকে প্রায় ১০ হাজার ভোটের ব্যবধানে পরাজিত করে এমপি নির্বাচিত হয়েছিলেন আনারস প্রতীকের স্বতন্ত্র প্রার্থী রেজাউল হক চৌধুরী। এবারও তিনি স্বতন্ত্র প্রার্থী হয়ে আফাজপুত্র নাজমুল হুদা পটলকে বিপুল ভোটের ব্যবধানে হারিয়ে এমপি নির্বাচিত হলেন। দৌলতপুর আসন থেকে এবারের নির্বাচনে আওয়ামী লীগ মনোনীত প্রার্থী ও দলটির তিনজন স্বতন্ত্র প্রার্থীসহ মোট ১০ জন প্রার্থী অংশগ্রহণ করেন। অপর দলগুলোর প্রার্থীদের মধ্যে জাসদের শরিফুল কবির স্বপন (মশাল) পেয়েছেন ২ হাজার ৬৫৮ ভোট, জাতীয় পার্টির শাহরিয়ার জামিল জুয়েল (লাঙ্গল) পেয়েছেন ১ হাজার ৩১৩ ভোট, ওয়ার্কার্স পাটির মজিবুর রহমান (হাতুড়ি) পেয়েছেন ৫৮১ ভোট, তৃণমুল বিএনপির আনিছুর রহমান (সোনালী আশ) পেয়েছেন ৬০৭, বাংলাদেশ কংগ্রেসের সেলিম রেজা (ডাব) পেয়েছেন ডাব ২৭৪ ও বাংলাদেশ সাংস্কৃতিক মুক্তিজোটের সাজেদুল ইসলাম (ছড়ি) পেয়েছেন ৮৪ ভোট। এই সংসদীয় আসনে মোট ভোটারের সংখ্যা ৩ লাখ ৮০ হাজার ২৮৭ জন। মোট ভোট পড়েছে ২ লাখ ৪ হাজার ৯৫৬। এরমধ্যে বাতিল হয়েছে ৪ হাজার ২০২ ভোট। ",1,1,0,1,False
 দ্বাদশ জাতীয় সংসদ নির্বাচনে ফরিদপুর- ২ (নগরকান্দা ও সালথা) আসনে আওয়ামী লীগের মনোনীত নৌকা প্রতীকের প্রার্থী শাহদাব আকবর লাবু চৌধুরী ফের নির্বাচিত হয়েছেন। এর আগে তার মা প্রয়াত সংসদ উপনেতা সৈয়দা সাজেদা চৌধুরীর মৃত্যুর পর উপনির্বাচনে সংসদ সদস্য নির্বাচিত হন তিনি। নগরকান্দা ও সালথা এই দুটি উপজেলা নিয়ে ফরিদপুর-২ আসনে প্রতিদ্বন্দ্বী প্রার্থী তিনজন।রবিবার (৭ জানুয়ারি) সকাল ৮টা থেকে বিকাল ৪টা পর্যন্ত দুটি উপজেলার ১১৫টি কেন্দ্রে নিরবিচ্ছিন্নভাবে ভোট গ্রহণ অনুষ্ঠিত হয়। সব-কটি কেন্দ্রের প্রাপ্ত ফলাফল অনুযায়ী বাংলাদেশ আওয়ামী লীগের নৌকা প্রতীকের শাহাদাব আকবর লাবু চৌধুরী ৮৭১৯৪ ভোট পেয়ে নির্বাচিত হয়েছেন। তার নিকটতম প্রতিদ্বন্দ্বী স্বতন্ত্র প্রার্থী এডভোকেট জামাল হোসেন মিয়া ঈগল পাখি মার্কায় পেয়েছেন ৮৫২৩২ ভোট। এছাড়াও বাংলাদেশ খেলাফত আন্দোলনের এডভোকেট জয়নুল আবেদিন বকুল মিয়া বটগাছ প্রতীকে পেয়েছেন ১৯৬২ ভোট। ,1,1,0,1,False
" সারাদেশে প্রাপ্ত ভোট গণনা চলছে, এ পর্যন্ত প্রাপ্ত ফলাফলে দেখা যাচ্ছে ক্ষমতাসীন দল বাংলাদেশ আওয়ামী লীগের পর সবচেয়ে বেশি সংখ্যক আসন পেয়েছেন স্বতন্ত্র প্রার্থীরা। ফলে দ্বাদশ জাতীয় সংসদে স্বতন্ত্র প্রার্থীরা সম্ভাব্য বিরোধী দল হিসেবে আবির্ভূত হতে পারেন এমন সম্ভাবনা দেখা যাচ্ছেঃ বিশ্লেষক মহিউদ্দিন আহমদ পরবর্তী সংসদে বিরোধী দল হিসেবে স্বতন্ত্র প্রার্থীদের এ সম্ভাবনাকে বর্ণনা করেছেন ‘আওয়ামী স্বতন্ত্র লীগ হবে বিরোধী দল’।রাজনৈতিক বিশ্লেষক ও লেখক মহিউদ্দিন আহমদ বলেন, “অবস্থাদৃষ্টে মনে হচ্ছে আওয়ামী লীগের একটি প্রক্সি বিরোধীদল হবে এবং আওয়ামী স্বতন্ত্র লীগ জাতীয় পার্টিকে নিয়ে বিরোধীদল হবে।” ভোটের ফারাক ব্যাপক হওয়ার বিষয়ে তিনি বলেন, যার প্রার্থীর যেখানে ক্ষমতা বেশি ছিল সেখানে যথেচ্ছভাবে ভোট প্রয়োগ করা হয়েছে। কোথাও কোন প্রতিদ্বন্দিতার সুযোগ ছিল না। এপর্যন্ত ঘোষিত ফলাফলে স্বতন্ত্র প্রার্থীরা এগিয়ে আছেন ৪৯টি আসনে। আর জাতীয় পার্টি এখনো পর্যন্ত ২৬টি আসন বাদে বাকি আসনগুলোতে ৫-৬ হাজারের বেশি ভোট পায়নি। বরং স্বতন্ত্র পার্টির প্রার্থীরা শক্ত প্রতিদ্বন্দ্বী হয়ে দাঁড়িয়েছে।বিশ্লেষক ও লেখক মহিউদ্দিন আহমদ বলেছেন, ""আর যারা অন্যান্য দল থেকে প্রার্থী হয়েছেন যেমন জাতীয় পার্টি ও ওয়ার্কার্স এবং জাসদ, এদের আশা ছিল যে এদের জিতিয়ে আনার দায়িত্ব ছিলো আওয়ামী লীগেরঃ “কিন্তু তারা এখন বলবে যে, আমাদের গাছে তুলে মই সরিয়ে নিয়েছেন। আমি বলবো যে, অনেক রাজনীতিবিদ এই নির্বাচনের মাধ্যমে নিজেদেরকে ক্লাউন হিসেবে প্রমাণ করে ফেলেছেন।”",1,1,0,1,False
"বাগেরহাট-২ (সদর ও কচুয়া) আসনে আওয়ামী লীগের প্রার্থী শেখ তন্ময় দ্বিতীয় বারের মতো বিপুল ভোটে বিজয়ী হয়েছেন।বিভিন্ন কেন্দ্র, রিটার্নিং কর্মকর্তা ও সহকারী রিটার্নিং কর্মকর্তার নিয়ন্ত্রণ কক্ষ থেকে পাওয়া তথ্য অনুযায়ী, এই আসনের দুটি উপজেলার ১২৫টি কেন্দ্রে নৌকা প্রতীক নিয়ে শেখ তন্ময় পেয়েছেন ১ লাখ ৮২ হাজার ৩১৮ ভোট। তার নিকটতম প্রতিদ্বন্দ্বী জাতীয় পার্টির হাজরা শহিদুল ইসলাম লাঙ্গল প্রতীক নিয়ে হাজরা শহিদুল ইসলাম ৪ হাজার ১৭৪ ভোট।এই নিয়ে শেখ তন্ময় বাগেরহাট-২ আসন থেকে দ্বিতীয় বারের মত সংসদ সদস্য নির্বাচিত হলেন। এই আসনে ৩ লক্ষ ২০ হাজার ১৪১ টি ভোট এবং ৬ জন প্রার্থী ছিলেন। ",1,1,0,1,False
" দ্বাদশ জাতীয় সংসদ নির্বাচনে মাগুরা-১ আসন থেকে জয়ী হয়েছেন আওয়ামী লীগের প্রার্থী সাকিব আল হাসান। এদিন সাকিব আল হাসান প্রথম ভোট দিলেন নিজের কেন্দ্র দরি মাগুরা সরকারি প্রাথমিক বিদ্যালয়ে। সকাল ৮টায় ভোট দেন তিনি। প্রিসাইডিং কর্মকর্তা প্রদীপ কুমার মজুমদার জানান, এই কেন্দ্রে ভোট পড়েছে ১ হাজার ৪৪৪টি। যা মোট ভোটের ৫৩ শতাংশ। এর মধ্যে সাকিব পেয়েছেন ১ হাজার ৪০৭টি ভোট। সে হিসাবে বাক্সে জমা পড়া ব্যালটের ৯৭ শতাংশের বেশি ভোট পেয়েছেন তিনি।এই ভোটকেন্দ্রে মোট ভোটার ২ হাজার ৮১৮ জন। যেখানে নারী ১ হাজার ৫২৫ ও পুরুষ ভোটার ১ হাজার ৩৯৩ জন।মাগুরা-১ আসনে এবার আওয়ামী লীগের প্রার্থী হিসাবে নির্বাচন করছেন সাকিব। নিজের ভোটকেন্দ্রটি বাড়ি থেকে হাঁটা পথের দূরত্ব।প্রথমবার জাতীয় সংসদ নির্বাচনে প্রার্থী হয়েই নির্বাচিত হলেন জাতীয় ক্রিকেট দলের এই অধিনায়ক। মাগুরা-১ আসনে সাকিবের প্রতিদ্বন্দ্বী ছিলেন চারজন।  তারা হলেন- বাংলাদেশ কংগ্রেসের অ্যাডভোকেট কাজী রেজাউল হোসেন, বাংলাদেশ ন্যাশনালিস্ট ফ্রন্টের কে এম মোতাসিম বিল্লা, জাতীয় পার্টির মো. সিরাজুস সায়েফিন সাঈফ ও তৃণমূল বিএনপির সঞ্জয় কুমার রায়।",1,1,0,1,False
" ঢাকা জেলার ২০টি সংসদীয় আসনের মধ্যে ১৭টিতেই জয় পেয়েছে আওয়ামী লীগের প্রার্থীরা। অন্য ৩টি আসনে বিজয়ী হয়েছেন স্বতন্ত্র প্রার্থী। যদিও তারা সবাই আওয়ামী লীগেরই নেতা।ঢাকা-১ আসনে নৌকার প্রার্থী সালমান এফ রহমান ১ লাখ ৪৯ হাজার ৯৭১ ভোট পেয়ে নির্বাচিত হয়েছেন। তার নিকটতম প্রার্থী ছিলেন জাতীয় পার্টির লাঙ্গল প্রতীকের সালমা ইসলাম। তিনি পেয়েছেন ৩৪ হাজার ৭৮৬ ভোট পান।ঢাকা-২ আসন থেকে কামরুল ইসলাম ১ লাখ ৫৪ হাজার ৪৪৮ ভোট পেয়ে বিজয়ী হয়েছেন। তার নিকটতম ট্রাক প্রতীকের হাবিবুর রহমান পেয়েছেন ১০ হাজার ৬৩৫ ভোট। ঢাকা-৩ আসনে নসরুল হামিদ নৌকা প্রতীক নিয়ে বিজয়ী হয়েছেন ১ লাখ ৩২ হাজার ৭৩২ ভোটে । নিকটতম জাতীয় পার্টির মনির সরকার লাঙ্গল প্রতীকে পেয়েছেন ২ হাজার ৮৬৮ ভোট।ঢাকা-৪ আসনে নৌকার প্রার্থী সানজিদা খানমকে হারিয়ে জিতেছেন ট্রাক প্রতীকের স্বতন্ত্র প্রার্থী আওলাদ হোসেন। আওলাদ পেয়েছেন ২৪ হাজার ৭৭৫ ভোট, অন্যদিকে সানজিদা পেয়েছেন ২২ হাজার ৫৭৭ ভোট।ঢাকা-৫ আসনে স্বতন্ত্র প্রার্থী মসিউর রহমান মোল্লা ৫০ হাজার ৬৩১ ভোট পেয়ে বিজয়ী হয়েছেন। অন্যদিকে ৫০ হাজার ৩৩৪ ভোট পেয়ে পরাজিত হয়েছেন নৌকার প্রার্থী হারুনুর রশিদ। ঢাকা-৬ আসনে নৌকার প্রার্থী সাঈদ খোকন ৬১ হাজার ৭০৩ ভোট পেয়ে জয়লাভ করেছেন। তার নিকটতম মিনার প্রতীকের রবিউল আলম মজুমদার পেয়েছেন ১ হাজার ১০৯ ভোট।ঢাকা-৭ আসনে নৌকার সোলায়মান সেলিম ৬৩ হাজার ৮১৭ ভোট পেয়ে জয় পেয়েছেন। তার নিকটতম জাপার সাইফুদ্দিন আহমেদ মিলন পেয়েছেন ৭ হাজার ৩০৮ ভোট।ঢাকা-৮ আসনে নৌকার আ ফ ম বাহাউদ্দিন নাছিম ৪৬ হাজার ৬১০ ভোট পেয়ে জয়লাভ করেছেন। তার নিকটতম জাপার জুবের আলম খান পেয়েছেন ৮৮০ ভোট। ঢাকা-৯ আসনে নৌকার সাবের হোসেন চৌধুরী ৯০ হাজার ৩৯৬ ভোট পেয়ে বিজয়ী হয়েছেন। তার নিকটতম জাপার কাজী আবুল খায়ের পেয়েছেন ২ হাজার ৭৯৪ ভোট।ঢাকা-১০ আসনে চিত্রনায়ক ফেরদৌস আহমেদ নৌকায় ৬৫ হাজার ৮৯৮ ভোট পেয়ে বিজয়ী হয়েছেন। তার কাছে পরাজিত হয়েছেন ন্যাশনাল পিপলস পার্টির প্রার্থী মো. শামসুল। তিনি পেয়েছেন ২ হাজার ২৫৭ ভোট।ঢাকা-১১ আসনে নৌকার ওয়াকিল উদ্দিন ৮৩ হাজার ৮৮৫ ভোট পেয়ে বিজয়ী হয়েছেন। তার নিকটতম জাপার প্রার্থী শামীম আহমেদ পেয়েছেন ২ হাজার ৭৪৭ ভোট।ঢাকা-১২ আসনে নৌকায় ৯৪ হাজার ৬৭৯ ভোট পেয়ে বিজয়ী হয়েছেন স্বরাষ্ট্রমন্ত্রী আসাদুজ্জামান খান কামাল। তার নিকটতম জাপার প্রার্থী খোরশেদ আলম পেয়েছেন ২ হাজার ২১৯ ভোট।ঢাকা-১৩ আসনে নৌকার জাহাঙ্গীর কবির নানক ৯০ হাজার ৩৭৫ ভোট পেয়ে বিজয়ী হয়েছেন। নিকটতম তরীকত ফেডারেশনের কামরুল হাসান পেয়েছেন ১ হাজার ৫২৯ ভোট।ঢাকা-১৪ আসনে নৌকা প্রতীকের প্রার্থী মাইনুল হোসেন খান নিখিল বিজয়ী হয়েছেন ৫৩ হাজার ৫৪০ ভোট পেয়ে। নিকটতম স্বতন্ত্র প্রার্থী লুৎফর রহমান ভোট পেয়েছেন ১৭ হাজার ৯১৪।ঢাকা-১৫ আসনে নৌকার কামাল আহমেদ মজুমদার ৩৯ হাজার ৬৩২ ভোটে বিজয়ী হয়েছেন। নিকটতম জাপার শামসুল হক পেয়েছেন ২ হাজার ৪৪ ভোট।ঢাকা-১৬ আসনে নৌকায় ৬৫ হাজার ৬৩১ পেয়ে বিজয়ী হয়েছেন ইলিয়াস উদ্দিন মোল্লা। তার নিকটতম স্বতন্ত্র প্রার্থী সালাউদ্দিন রবিন পেয়েছেন ৬ হাজার ৩১৪ ভোট।ঢাকা-১৭ আসনে নৌকার মোহাম্মদ আলী আরাফাত ৪৮ হাজার ৫৯ ভোট পেয়ে বিজয়ী হয়েছেন। তার নিকটতম হিসেবে ১ হাজার ৩৮০ ভোট পেয়েছেন বিকল্পধারার আইনুল হক।ঢাকা-১৮ আসনে বিজয়ী হয়েছেন স্বতন্ত্র প্রার্থী খসরু চৌধুরী। তিনি পেয়েছেন ৭৯ হাজার ৮৫ ভোট। তার নিকটতম প্রতিদ্বন্দ্বী আরেক স্বতন্ত্র প্রার্থী তোফাজ্জল হোসেন ট্রাক প্রতীক নিয়ে পেয়েছেন ৪৪ হাজার ৯০৯ ভোট।ঢাকা-১৯ আসনে ত্রাণ প্রতিমন্ত্রী এনামুর রহমান তৃতীয় হয়েছেন। এই আসনে বিজয়ী সাইফুল ইসলাম পেয়েছেন ৮৪ হাজার ৪১২ ভোট। তার নিকটতম স্বতন্ত্র তৌহিদ জং মুরাদ পেয়েছেন ৭৬ হাজার ২০২ ভোট।ঢাকা-২০ আসনে নৌকা নিয়ে বেনজীর আহমেদ ৮৩ হাজার ৭০৯ ভোট পেয়ে বিজয়ী হয়েছেন। নিকটতম প্রতিদ্বন্দ্বী স্বতন্ত্র প্রার্থী মোহাদ্দেছ হোসেন ভোট পেয়েছেন ৫৪ হাজার ৬১৩টি।",1,1,0,1,False
" মো. রাজীব চৌধুরী রাজু, নীলফামারী থেকে: নীলফামারী-২ আসনে আবারও জয়ী হলেন টানা ৫ম বারের আওয়ামী লীগ মনোনীত প্রার্থী বীর মুক্তিযোদ্ধা আসাদুজ্জামান নূর। জেলা রিটার্ণিং কর্মকর্তার দেয়া তথ্য অনুযায়ী, আজ রোববার (৭ জানুয়ারি) অনুষ্ঠিত দ্বাদশ জাতীয় সংসদ নির্বাচনে নীলফামারী-২ আসনে নৌকা প্রতিকে ১ লক্ষ ১৯ হাজার ৩শত ৩৯ ভোট পেয়ে বেসরকারী ভাবে নির্বাচিত হয়েছেন বীর মুক্তিযোদ্ধা আসাদুজ্জামান নূর। তাঁর নিকটতম প্রতিদ্বন্দ্বী স্বতন্ত্র প্রার্থী বীর মুক্তিযোদ্ধা জয়নাল আবেদীন ট্রাক প্রতিকে পেয়েছেন ১৫ হাজার ৬শ ৮৪ ভোট। এছাড়াও জাতীয় পার্টি থেকে মনোনীত প্রার্থী শাহজাহান আলী চৌধুরী লাঙ্গল প্রতিকে পেয়েছেন ৩ হাজার ৮শ ৪৩টি ভোট এবং বাংলাদেশ কংগ্রেস পার্টি থেকে মনোনীত প্রার্থী ডাব প্রতিকে পেয়েছেন ৭৩২ভোট।উত্তরের জেলা নীলফামারীতে আগাম শীতে এ অঞ্চলের মানুষ অনেকটা কাবু হলেও, ঘন কুয়াশা আর হিমেল বাতাশকে উপেক্ষা করে সকাল থেকেই ভোট কেন্দ্রে বাড়তে থাকে ভোটারদের উপস্থিতি। পরে বেলা বাড়ার সাথে সাথে ভোটাধিকার প্রয়োগের জন্য দীর্ঘ লাইনে জমায়েত হতে থাকেন নীলফামারী-২ আসনের সাধারণ ভোটাররা। শান্তিপূর্ণভাবে ভোটাধিকারের মাধ্যমে বেছে নেন এ আসনের জনপ্রতিনিধিকে।এদিকে, আওয়ামী লীগ মনোনীত বীর মুক্তিযোদ্ধা আসাদুজ্জামান নূর টানা ৫ম বারের মত সাংসদ নির্বাচিত হওয়ায় বিজয় মিছিল করে আওয়ামী লীগসহ সকল সহযোগী অঙ্গসংগঠন।",1,1,0,1,False
" ব্রাহ্মণবাড়িয়া-৪ (কসবা-আখাউড়া) আসনে পর পর তিনবার সংসদ সদস্য নির্বাচিত হয়েছেন আইনমন্ত্রী আনিসুল হক। বেসরকারি ফলাফল অনুযায়ী তিনি এবারো দুই লাখ ২১ হাজার ৪৬৭ ভোট পেয়ে নির্বাচিত হয়েছেন। তার নিকটতম প্রতিদ্বন্দ্বী ন্যাশনাল পিপলস পার্টির মোঃ শাহীন ভোট পেয়েছেন ৬৫৮৬। শাহীন ছাড়াও নির্বাচনে প্রতিদ্বন্ধিতা করা বাংলাদেশ তরিকত ফেডারেশনের ছৈয়দ জাফরুল কুদ্দুছ জামানত হারিয়েছেন।আইনমন্ত্রী আনিসুল হক ২০১৪ ও ২০১৮ সালের নির্বাচনে নৌকা প্রতীক নিয়ে ব্রাহ্মণবাড়িয়া-৪ আসন থেকে নির্বাচিত হন। ক্লিন ইমেজের কারণে তিনি দুইবারই মন্ত্রীসভায় ঠাঁই পান। এবারো মন্ত্রী সভায় ঠাঁই পাবেন বলে তার কর্মী সমর্থকরা ধারণা করছে।রবিবার দুপুরে তিনি  ব্রাহ্মণবাড়িয়ার কসবা উপজেলার পানিয়ারূপ সরকারি প্রাথমিক বিদ্যালয় ভোট কেন্দ্রে তার ভোট প্রয়োগ করেন। ভোট কেন্দ্র থেকে ফেরার পথে সাংবাদিকদের এক প্রশ্নের জবাবে আইনমন্ত্রী আনিসুল হক বলেন, সারাদেশের মানুষ স্বতস্ফত ভাবে ভোট কেন্দ্রে এসে ভোট দিয়েছেন। তার মানে জনগণ গণতন্ত্রকে প্রতিষ্ঠা করার জন্য প্রতিজ্ঞাবদ্ধ এটাই প্রমাণিত হচ্ছে। আর বাংলাদেশের জনগণ সন্ত্রাসকে প্রত্যাখান করেছে।",1,1,0,1,False
" দ্বাদশ জাতীয় সংসদ নির্বাচনে নৌকা প্রতীক নিয়ে বেসরকারিভাবে বিপুল ভোটে জয়লাভ করেছেন জনপ্রশাসন প্রতিমন্ত্রী ফরহাদ হোসেন। এ নিয়ে তৃতীয়বারের মত দলীয় প্রতীক নিয়ে সংসদ সদস্য নির্বাচিত হলেন তিনি। এর আগে দশম ও একাদশ জাতীয় সংসদ নির্বাচনে নৌকা প্রতীকে জয়লাভ করেছিলেন ফরহাদ। ৭ জানুয়ারি দিনব্যাপী শান্তিপূর্ণ পরিবেশে সকাল ৮ থেকে বিকাল ৪ টা পর্যন্ত ভোট গ্রহণ অনুষ্ঠিত হয়। এতে ফরহাদ হোসেন নৌকা প্রতীক নিয়ে পেয়েছেন ৯৪ হাজার ৪০৩ টি ভোট, তার নিকটতম প্রতিদ্বন্দ্বী স্বতন্ত্র প্রার্থী প্রফেসর আবদুল মান্নান ট্রাক প্রতীক নিয়ে পেয়েছেন ৫৭ হাজার ৬৮২ টি ভোট, মোট ভোটার ৩ লাখ ৩৭ জন। বিষয়টি নিশ্চিত করেন জেলা প্রশাসক শামীম হাসান। মেহেরপুর সদর ও মুজিবনগর উপজেলা নিয়ে মেহেরপুর ১ আসন। ১১৭টি কেন্দ্রে ভোট গ্রহণ অনুষ্ঠিত হয়। এ আসনে মোট ৬ জন প্রার্থী প্রতিদ্বন্দ্বীতা করেন।অন্যদিকে মেহেরপুর ২ আসনে প্রথমবার নৌকা প্রতীক নিয়ে বেসরকারিভাবে নির্বাচিত হয়েছেন এএসএম নাজমুল হক। গাংনী উপজেলা নিয়ে ২ আসন। ৯০ কেন্দ্রে ভোট গ্রহণ অনুষ্ঠিত হয়। এতে নৌকা প্রতিক নিয়ে নাজমুক হক পেয়েছেন ৭২ হাজার ৭২৮ ভোট, তার নিকটতম প্রতিদ্বন্দ্বী স্বতন্ত্র প্রার্থী সাবেক সংসদ সদস্য মকবুল হোসেন ট্রাক প্রতীক নিয়ে পেয়েছেন ৪৯ হাজার ৫৯৩ ভোট, মোট ভোটার ২ লাখ ৫৫ হাজার ৯২৯ জন। এ আসনে মোট ৭ জন প্রার্থী প্রতিদ্বন্দ্বীতা করেন।",1,1,0,1,False
" ঢাকা-৯ আসনে বিজয়ী হয়েছেন আওয়ামী লীগের প্রার্থী সাবের হোসেন চৌধুরী। নৌকা প্রতীক নিয়ে তিনি মোট ভোট পেয়েছেন ৯০ হাজার ৩৯৬টি। এই নিয়ে তিনি টানা চারবার নৌকা প্রতীকে বিজয়ী হলেন।তার নিকটতম প্রতিদ্বন্দ্বী জাতীয় পার্টির কাজী আবুল খায়ের (লাঙ্গল) পেয়েছেন ২ হাজার ৭৯৪ ভোট। রবিবার (৭ জানুয়ারি) নির্বাচনে ভোট গননা শেষে তাকে বিজয়ী ঘোষণা করা হয়।বিজয় ঘোষণার পর তার সবুজ মতি ভবনে পরিবারকে সাথে নিয়ে নেতাকর্মীদের সঙ্গে দেখা করেন। এবং সবার সঙ্গে কুলশ বিনিময় করেন। সেসময় তিনি তার দেওয়া কথা রাখার চেষ্টা করবেন বলে জানান। জনগণের পাশে থেকে আসন্ন দিনগুলোতে কাজ করবেন বলেও সবাইকে আসস্থ করেন।এবারের নির্বাচনে ৩০০ সংসদীয় আসনের মধ্যে ২৯৯ আসনে ভোটে প্রতিদ্বন্দ্বিতা করছেন ১ হাজার ৯৭০ জন প্রার্থী। ২৮টি রাজনৈতিক দলের হয়ে লড়াই করেছেন ১৫৩৪ জন প্রার্থী। আর স্বতন্ত্র প্রার্থী হিসেবে লড়েছেন ৪৩৬ জন।প্রসঙ্গত, এছাড়া নওগাঁ-২ আসনের স্বতন্ত্র প্রার্থী আমিনুল ইসলামের মৃত্যুবরণ করায় ওই আসনের নির্বাচন স্থগিত করে ইসি। ফলে এবার ২৯৯ আসনে নির্বাচন সম্পন্ন হয়েছে।",1,1,0,1,False
" PauseUnmuteClose PlayerUnibots.inরবিবার (৭ জানুয়ারি) ভোট গণনা শেষে স্থানীয় সূত্রের তথ্যমতে শাজাহান খান পেয়েছেন ২ লাখ ২৩ হাজার ৫১৮ ভোট। অন্যদিকে প্রতিদ্বন্দ্বী এ কে এম নুরুজ্জামান লাঙ্গল প্রতীকে পেয়েছেন ৩ হাজার ৪১৫ ভোট। দ্বাদশ জাতীয় সংসদ নির্বাচনে মোট ভোটার ১১ কোটি ৯৬ লাখ ৯১ হাজার ৬৩৩ জন। এর মধ্যে ৬ কোটি ৭ লাখ ৭১ হাজার ৫৭৯ পুরুষ, আর ৫ কোটি ৮৯ লাখ ১৯ হাজার ২০২ নারী। এছাড়া তৃতীয় লিঙ্গের ভোটারের সংখ্যা ৮৫২। রবিবার ভোটে সারা দেশের ২৯৯ আসনে মোট প্রতিদ্বন্দ্বী প্রার্থী ছিলেন ১ হাজার ৯৭০ প্রার্থী। এর মধ্যে ১ হাজার ৫৩৪ জন ২৮টি রাজনৈতিক দলের প্রার্থী।বাকি ৪৩৬ জন স্বতন্ত্র প্রার্থী। নওগাঁ-২ আসনে এক স্বতন্ত্র প্রার্থীর মৃত্যুর কারণে ভোট হচ্ছে ২৯৯ আসনে। ওই আসনটিতে পরে ভোটগ্রহণ হবে। সব আসনেই ব্যালট পেপার ব্যবহার করে ভোটগ্রহণ হয়েছে।",1,1,0,1,False
 দ্বাদশ জাতীয় সংসদ নির্বাচনে ফরিদপুর -৪ আসনে ঈগল প্রতীক নিয়ে স্বতন্ত্র প্রার্থী হিসেবে মজিবুর রহমান নিক্সন চৌধুরী জয়ী হয়েছেন। এর মাধ্যমে তিনি হ্যাটট্রিক বিজয় ছিনিয়ে নিলেন।এই আসনের ১৮৯ কেন্দ্রের প্রাপ্ত ফলাফলে নিক্সন ১ লাখ ৪৮ হাজার ৩৫ ভোট পেয়েছেন। তার নিকটতম প্রতিদ্বন্দ্বী নৌকা প্রতীকের কাজী জাফর উল্লাহ পেয়েছেন ১ লাখ ২৪ হাজার ৬৬ ভোট। ,1,1,0,1,False
 দ্বাদশ জাতীয় সংসদ নির্বাচনে কিশোরগঞ্জ-৬ আসনে বেসরকারিভাবে নির্বাচিত হয়েছেন নাজমুল হাসান পাপন। এই নিয়ে চতুর্থবারের মতো সংসদ সদস্য নির্বাচিত হয়েছেন বাংলাদেশ ক্রিকেট বোর্ডের সভাপতি।রবিবার (৭ জানুয়ারি) সকাল ৮টায় সারা দেশে একযোগে দ্বাদশ জাতীয় সংসদ নির্বাচনের ভোটগ্রহণ শুরু হয়। বিকেল ৪টা পর্যন্ত বিরতিহীনভাবে চলে এই কার্যক্রম। এরপর শুরু হয় ভোট গণনার কাজ।     কিশোরগঞ্জ-৬ আসনের ১৪২টি কেন্দ্রের মধ্যে ভোটগণনা শেষে বিজয়ী হয়েছেন পাপন। ১৪২ কেন্দ্রে নৌকা প্রতীকে তিনি ভোট পেয়েছেন ১ লাখ ৯৮ হাজার ১৫৫টি। পাপনের নিকটতম প্রার্থী জাতীয় পার্টি থেকে নূরুল কাদের সোহেল পেয়েছেন ৩ হাজার ৫৫টি ভোট।  ,1,1,0,1,False
" ফরিদপুর-৩ (সদর) আসনে একে আজাদকে বেসরকারিভাবে বিজয়ী ঘোষণা করা হয়েছে। ঈগল প্রতীকে স্বতন্ত্র প্রার্থী হিসেবে নির্বাচনে অংশ গ্রহণ করেণ এ কে আজাদ। তার প্রতিদন্দী ছিলেন, আওয়ামী লীগের মনোনীত প্রার্থী শামীম হক।রোববার (৭ জানুয়ারি) ফরিদপুরে কোনো প্রকার বিশৃঙ্খলা ছাড়াই সকাল ৮টা থেকে ভোটগ্রহণ শুরু হয়। এরপর বিকেল ৪টায় ভোটগ্রহণ শেষে হয়।ফরিদপুর-৩ আসনে মোট ভোটকেন্দ্র ১৫৪টি। ঈগল প্রতীকের এ কে আজাদ পেয়েছেন ১১০,৩৩৯ ভোট। তার নিকটতম প্রতিদ্বন্দ্বী নৌকা প্রতীকের প্রার্থী শামীম হক পেয়েছেন ৫৫,৯৪৪ ভোট। এ আসনে মোট ভোটার ৪ লাখ ০৪ হাজার ৩০০ জন। পুরুষ ভোটার ২ লাখ ০২ হাজার ৭৬৭ জন ও  নারী ভোটার২ লাখ ১ হাজার ৫৩০ জন। এখানে মোট ভোটকেন্দ্র ১৫৪টি।",1,1,0,1,False
" দ্বাদশ জাতীয় সংসদ নির্বাচনে শেরপুর-২ (নকলা-নালিতাবাড়ী) আসনে জাতীয় সংসদের উপনেতা মতিয়া চৌধুরী বেসরকারিভাবে নির্বাচিত হয়েছেন।রবিবার (৭ জানুয়ারি) রাত ৮টার দিকে নকলা ও নালিতাবাড়ীর দুই সহাকারী রিটার্নিং কর্মকর্তা   আ. লীগের সভাপতিমণ্ডলীর এ সদস্যকে বেসরকারিভাবে বিজয়ী ঘোষণা করেন।সহকারী রিটার্নিং কর্মকর্তাদের সূত্র জানায়, এ আসনে মোট কেন্দ্রের সংখ্যা ১৫৪ টি। এর মধ্যে নৌকা প্রতীক নিয়ে মতিয়া চৌধুরী পেয়েছেন ২ লাখ ১২ হাজার ১৪২ ভোট। আর তার প্রতিদ্বন্দ্বীদের মধ্যে মশাল প্রতীক নিয়ে জাসদের লাল মোহাম্মদ শাহজাহান কিবরিয়া পেয়েছেন ৪ হাজার ৫৭৫ ভোট। ঈগল প্রতীক নিয়ে স্বতন্ত্র প্রার্থী সৈয়দ মুহাম্মদ সাঈদ পেয়েছেন ৫ হাজার ৩৪২ ভোট।মতিয়া চৌধুরী সাবেক কৃষিমন্ত্রী। ২০২৩ সালের ১২ জানুয়ারিতে তিনি জাতীয় সংসদের সংসদ উপনেতা হিসেবে দায়িত্ব নেন।",1,1,0,1,False
" দ্বাদশ জাতীয় সংসদ নির্বাচনে কক্সবাজার-২ আসনে নৌকার প্রার্থী আশেক উল্লাহ রফিক বিজয়ী হয়েছেন। তিনি নৌকা প্রতীকে ৯৭ হাজার ৩৯৮ ভোট পেয়ে নির্বাচিত হয়েছেন। তার নিকটতম প্রতিদ্বন্দ্বী বাংলদেশ জাতীয়তাবাদী বিএনএমের নোঙর মার্কার প্রার্থী মোহাম্মদ শরিফ বাদশা  ৩৪৪৯৬ ভোট পেয়েছেন।৬২৯০২ ভোটের ব্যবদানে বিজয়ী হয়েছে আওয়ামী লীগের প্রার্থী আশেক উল্লাহ রফিক।উল্লেখ্য, মহেশখালী কুতুবদিয়া আসনে মোট ভোটার সংখ্যা ৩ লাখ ৪৮ হাজার ১২৭ জন।   ",1,1,0,1,False
"দ্বাদশ জাতীয় সংসদ নির্বাচন নিয়ে আগামীকাল সোমবার দেশি-বিদেশি সাংবাদিকদের মুখোমুখি হচ্ছেন আওয়ামী লীগ সভাপতি ও প্রধানমন্ত্রী শেখ হাসিনা।আজ রবিবার আওয়ামী লীগের দপ্তর সম্পাদক ও প্রধানমন্ত্রীর বিশেষ সহকারী ব্যারিস্টার বিপ্লব বড়ুয়া গণমাধ্যমকে বিষয়টি নিশ্চিত করেছেন।বিপ্লব বড়ুয়া সাংবাদিকদের জানান, আগামীকাল বিকেল ৩টা ৩০ মিনিটে গণভবনে নির্বাচন পরবর্তী সংবাদ সম্মেলনে অংশ নেবেন শেখ হাসিনা। সেখানে লিখিত বক্তব্যের পাশাপাশি দেশি-বিদেশি গণমাধ্যমকর্মী, এবং বিদেশি পর্যবেক্ষকদের প্রশ্নের জবাব দেবেন তিনি।",1,1,0,1,False
"দ্বাদশ জাতীয় সংসদ নির্বাচনে ভোটে দিয়েছেন বঙ্গবন্ধু কন্যা শেখ রেহানা। ব্যালট পেপারে ফুঁ দিয়ে বক্সে ফেলেন তিনি। তবে ভোট দেয়ার পর সাংবাদিকদের সঙ্গে কোনো কথা বলেননি তিনি।আজ রবিবার বেলা ১২টার দিকে গুলশানে ভোট দেন শেখ রেহানা।এর আগে আওয়ামী লীগের সভাপতি ও প্রধানমন্ত্রী শেখ হাসিনা সকাল ৮টার দিকে ঢাকা সিটি কলেজ কেন্দ্রে দ্বাদশ জাতীয় সংসদ নির্বাচনে ভোট দেনএরপর সাংবাদিকদের তিনি বলেন, ‘বিএনপি একটি সন্ত্রাসী দল। তারা দেশের মানুষের কল্যাণ চায় না, গণতান্ত্রিক ধারা চায় না বলেই তারা সন্ত্রাস-নৈরাজ্য করছে।’শেখ হাসিনা বলেন, ‘অনেক সংগ্রাম করে মানুষের ভোটের অধিকার নিশ্চিত করা হয়েছে। জনগণ যাকে খুশি তাকে ভোট দেবে, ভোট দেবে এটাই বড়। নৌকার প্রতি জনগণের আস্থা আছে বলেই দেশের মানুষ তার ভোটের অধিকার ফিরে পেয়েছে।’তিনি বলেন, ‘অনেক বাধা বিপত্তির মধ্যেও ভোট দেওয়ার পরিবেশ তৈরি হয়েছে। আজ যে নির্বাচনটা আমরা সুষ্ঠুভাবে করতে পারছি সেজন্য আমি দেশের জনগণের প্রতি কৃতজ্ঞতা জানাই। পাঁচ বছর পর একটি নতুন সরকার আসবে। জনগণ তার ইচ্ছামত ভোট দেবে। আর সেই ভোট দেবার পরিবেশটা আমরা তৈরি করতে পেরেছি। যদিও বিএনপি-জামায়াত জোটরা জ্বালাও পোড়াও অনেক ঘটনা ঘটিয়েছে। ট্রেনে আগুন দেওয়া থেকে শুরু করে গাড়িতে আগুন দেওয়া, মানুষকে বাঁধা দেওয়া, বোমা হামলা, ককটেল মারা এসব জঘন্য কাজ যারা করেছে আমি এটুকুই বলব তারা গণতন্ত্র বিশ্বাস করে না।’প্রধানমন্ত্রী বলেন, ‘বিএনপি ভোটের পক্ষে থাকার কথা নয়, তাদের উত্থান সন্ত্রাসের মাধ্যমে। জনগণের কাছে তাদের গ্রহণযোগ্যতা নেই। নৌকার জয় হবে। জনগণের আস্থা অর্জনে সক্ষম আওয়ামী লীগ।’আন্তর্জাতিক গণমাধ্যমের প্রশ্নের জবাবে তিনি বলেন, ‘নিজ ঘরে ক্ষমতার জন্য যারা সন্ত্রাস করে তারা জনগণের রাজনীতি করে না। গণতান্ত্রিক দেশে গণতন্ত্র ও স্থিতিশীলতা ধরে রাখতে যা যা করণীয় তা করেছে আওয়ামী লীগ সরকার।’এ সময় শেখ হাসিনা একটি সুষ্ঠু ভোটের প্রত্যাশা করেন। তিনি সবাইকে কেন্দ্রে এসে ভোট দেওয়ার আহবান জানান।",1,1,0,1,False
"নির্বাচনের ফলাফল ঘোষণার পর বিজয় মিছিল না করার নির্দেশনা দিয়েছেন প্রধানমন্ত্রী শেখ হাসিনা। এ নির্দেশনার কথা জানান আওয়ামী লীগের সাধারণ সম্পাদক ওবায়দুল কাদের।আজ রবিবার সন্ধ্যায় রাজধানীর তেজগাঁওয়ে ঢাকা জেলা আওয়ামী লীগের কার্যালয়ে দ্বাদশ জাতীয় সংসদ নির্বাচনের ফলাফল নিয়ে এক ব্রিফিংয়ে তিনি এ নির্দেশনার কথা জানান।ওবায়দুল কাদের বলেন, নির্বাচনের ফলাফল ঘোষণা করার পরে বিজয় মিছিল বা আত্মকলহে লিপ্ত না হতে নেতাকর্মীদের নির্দেশনা দিয়েছেন প্রধানমন্ত্রী শেখ হাসিনা।তিনি বলেন, ‘আমাদের দলের প্রধান শেখ হাসিনা প্রমাণ করে দেখিয়েছেন, সরকারপ্রধান হয়েও স্বাধীন-নিরপেক্ষ নির্বাচন কমিশনের অধীনে একটি গ্রহণযোগ্য নির্বাচন করতে পারেন। আজ সবাই তা প্রত্যক্ষ করেছেন। সর্বাত্মক সহযোগিতা করা, ফ্যাসিলিটেড করা, কোঅপারেশন দিয়ে শেখ হাসিনা যে অনন্য দৃষ্টান্ত স্থাপন করেছেন, সেজন্য শেখ হাসিনার প্রতি কৃতজ্ঞতা জানাই।তিনি আরও বলেন, ‘এখন পর্যন্ত নির্বাচনের যে তথ্য পেয়েছি তাতে নিশ্চিত বলা যায় আওয়ামী লীগের প্রার্থী অধিকাংশ আসনে বিপুল ভোটে বিজয়ী হচ্ছে।’ওবায়দুল কাদের বলেন, ‘জনগণ তাদের পছন্দমতো প্রার্থীদের ভোট দিয়েছে। ভোট প্রদানে কোনও ভয়ভীতি বা হস্তক্ষেপ হয়নি। এই নির্বাচন গণতান্ত্রিক অগ্রযাত্রাকে শক্তিশালী করবে।’আওয়ামী লীগ সাধারণ সম্পাদক বলেন, ‘অনেক বাধা-বিপত্তি অতিক্রম করে অবাধ, সুষ্ঠু, শান্তিপূর্ণ পরিবেশে নির্বাচন অনুষ্ঠিত হয়েছে। অপপ্রচার চালিয়ে বিভ্রান্ত করতে চেয়েছিল আন্তর্জাতিক এবং বাংলাদেশের বন্ধুদের। বিদেশি সাংবাদিকরা, আমাদের দেশের সাংবাদিকরা প্রত্যক্ষ করেছেন এই নির্বাচন।’",1,1,0,1,False
"দ্বাদশ জাতীয় সংসদ নির্বাচনের ভোটগ্রহণ দেখে সন্তোষ প্রকাশ করেছেন অর্গানাইজেশন অব ইসলামিক কো-অপারেশন (ওআইসি), রাশিয়া, ফিলিস্তিন ও গাম্বিয়ার পর্যবেক্ষকরা। ভোটগ্রহণ শেষে আজ রবিবার বিকেলে রাজধানীর প্যান প্যাসিফিক সোনারগাঁও হোটেলে সংবাদ সম্মেলন করেন তারা।ওআইসির নির্বাচন ইউনিটের প্রধান শেখ মোহাম্মদ বন্দর বলেন, ‘পর্যবেক্ষক হিসেবে সহিংসতার কোনো চিহ্ন আমাদের চোখে পড়েনি। আমি অবাক হয়েছি, দোকান-পাট বন্ধ কেন! সড়কে কোনো মানুষ দেখা যায়নি। শহর ছিল শান্ত।’তিনি বলেন, ‘আমাকে দুইবার প্রশ্ন করা হয়েছে, আপনি এমন একটি দেশ থেকে এসেছেন যেখানে যুদ্ধ চলছে। বাংলাদেশে আসা কি গুরুত্বপূর্ণ? বাংলাদেশে আসার জন্য আপনার ওপর কোনো ধরনের চাপ ছিল? বাংলাদেশ সরকারের পক্ষ থেকে কোনো ধরনের চাপ ছিল কি না? ‘‘না’’। বাংলাদেশ ও পাকিস্তানের সঙ্গে আমাদের ঘনিষ্ঠ সম্পর্ক রয়েছে। আমরা আমন্ত্রণ পেয়েছিলাম। তিন মাস আগে আমি যখন জিম্বাবুয়েতে ছিলাম, তখন আমন্ত্রণপত্র পাই। আমি ফিলিস্তিনের পশ্চিম তীর থেকে এসেছি, গাজার মতো সেখানে যুদ্ধ চলছে না।’আরব ইলেকট্রোরাল ম্যানেজমেন্ট বডির সঙ্গে সংশ্লিষ্টতার কথা জানিয়ে শেখ মোহাম্মদ বন্দর বলেন, ‘আমাদের দেশের পাশাপাশি আমি ওই সংগঠনেও প্রতিবেদন জমা দেব। যে কারণে এই আমন্ত্রণে সাড়া দেওয়া গুরুত্বপূর্ণ ছিল। সবচেয়ে গুরুত্বপূর্ণ হলো অভিজ্ঞতা বিনিময়। আপনাদের অভিজ্ঞতা এবং আমি ও বাংলাদেশে আমার সহকর্মীরা আজকে যা দেখলাম। এই সফরে আমরা একে অপরের কাছ থেকে শিখলাম। এটা একটি পেশাগত সফর ছিল। নির্বাচনী পরিবেশ দেখে আমরা সন্তুষ্ট। আমরা ভালো নির্বাচনী প্রক্রিয়া দেখেছি।’আরেক প্রশ্নের জবাবে তিনি বলেন, ‘আমি এখনও জানি না কত শতাংশ ভোট পড়েছে। সকালে যখন আমরা কেন্দ্র পরিদর্শন করি, তখন ভোটার উপস্থিতি খুবই কম ছিল। মানুষ আশা করছিল উপস্থিতি বাড়বে। যদি বাধ্যবাধকতা না থাকে, আপনি কেন্দ্রে না যাওয়ার সিদ্ধান্ত নিতে পারেন এবং কেউ আপনাকে ভোট দিতে বাধ্য করতে পারে না। ভোট দেওয়ার ক্ষেত্রে আপনাদের দেশে কোনো আইনি বাধ্যবাধকতা নেই, তাই এ বিষয়ে আমি কোনো মন্তব্য করতে পারি না।’কম ভোটার উপস্থিতি সম্পর্কে এক প্রশ্নের জবাবে তিনি বলেন, ‘১৫ বা ১৬ শতাংশ ভোট পড়লে সেটা নির্বাচন আয়োজকদের জন্য বার্তা। এর কারণ রাজনীতিকরা বিশ্লেষণ করবেন। আমি জর্ডানে অনেক নির্বাচন দেখেছি, সেখানে ৫৫ শতাংশ ভোট পড়েছে এবং সেটা ভালো নির্বাচন ছিল। এসব বিষয় রাজনীতিক ও গবেষণা সংস্থাগুলো দেখবে।’",1,1,0,1,False
"কুষ্টিয়া-২ (মিরপুর-ভেড়ামারা) আসনে স্বতন্ত্র প্রার্থীর কাছে হেরে গেলেন নৌকা প্রতীকের প্রার্থী, জাসদ সভাপতি হাসানুল হক ইনু। তার আসনে জয়ী হয়েছেন ট্রাক প্রতীকের স্বতন্ত্র প্রার্থী কামারুল আরেফিন। আজ রবিবার রাতে বেসরকারিভাবে ঘোষিত ফলে জয়লাভ করেন ট্রাকের প্রার্থী।গত তিনবারের সংসদ সদস্য (এমপি) ইনু নৌকা প্রতীক নিয়ে পেয়েছেন ৯২ হাজার ৪৪৫ ভোট। ট্রাক প্রতীক ১ লাখ ১৫ হাজার ৭৯৯ ভোট পেয়েছেন কামারুল আরেফিন। এর ফলে ২৩ হাজার ৩৫৪ ভোটের ব্যবধানে হেরেছেন ইনু।আজ রবিবার সকাল ৮টা থেকে বিকেল ৪টা পর্যন্ত ব্যালটে ভোটগ্রহণ হয়। এরপর মোট ১৬১ কেন্দ্রের সবগুলোর ভোট গণনা শেষে রাত ৯টার দিকে এ ফল জানানো হয়।",1,1,0,1,False
"দ্বাদশ জাতীয় সংসদ নির্বাচনে নিরঙ্কুশ বিজয় অর্জন করেছে ক্ষমতাসীন আওয়ামী লীগ। এর মধ্যদিয়ে টানা চতুর্থবারের মতো ক্ষমতায় বসতে যাচ্ছে শেখ হাসিনার নেতৃত্বাধীন সরকার।রবিবার রাতে সর্বশেষ ঘোষিত ফলাফলে ২১৪ আসনে আওয়ামী লীগ প্রার্থী, ৯টিতে জাতীয় পার্টির প্রার্থী, ৫৬টি আসনে স্বতন্ত্র প্রার্থী ও অন্যান্যরা একটি আসনে জয়ী হয়েছেন।এবারের নির্বাচনে সবচেয়ে বড় চমক হলো স্বতন্ত্র প্রার্থী। যাদের বেশিরভাগই আওয়ামী লীগের মনোনয়ন না পেয়ে স্বতন্ত্র প্রার্থী হয়েছেন।এর আগে সকাল ৮টায় শুরু হয় দ্বাদশ জাতীয় সংসদ নির্বাচনের ভোটগ্রহণ। বিচ্ছিন্ন কিছু বিশৃঙ্খলার ঘটনা ছাড়া সারাদেশে শান্তিপূর্ণভাবে ভোটগ্রহণ সম্পন্ন হয়। শুরুতেই ঢাকা সিটি কলেজ কেন্দ্রে ভোট দেন প্রধানমন্ত্রী শেখ হাসিনা। এরপর ভোট দেন তার মেয়ে সায়মা ওয়াজেদ পুতুল। সকাল পৌনে ৯টার দিকে শান্তিনগরে ভোট দিয়ে গণমাধ্যমে কথা বলেন প্রধান নির্বাচন কমিশনার (সিইসি) কাজী হাবিবুল আউয়াল।",1,1,0,1,False
"দ্বাদশ সংসদ নির্বাচনের ভোটগ্রহণের প্রথম সাত ঘণ্টায় সারা দেশে ২৭ দশমিক ১ শতাংশ ভোট পড়েছে বলে জানিয়েছে নির্বাচন কমিশন।আজ রবিবার সকাল ৮টা থেকে বেলা ৩টা পর্যন্ত ভোট পড়ার এই হিসাব নির্বাচন ভবনে ব্রিফিংয়ে তুলে ধরেন ইসি সচিব মো. জাহাংগীর আলম।তিনি জানান, ভোটে সকাল ৮টা থেকে বিকাল ৩টা পর্যন্ত সবচেয়ে বেশি ভোট কাস্ট হয়েছে খুলনা বিভাগে। এই বিভাগে গড়ে ৩২ শতাংশ ভোট পড়েছে। আর সবচেয়ে কম ভোট পড়েছে সিলেটে। এ বিভাগে ৩টা পর্যন্ত গড়ে ২২ শতাংশ ভোট পড়েছে।জাহাংগীর আলম জানান, ঢাকা বিভাগের ভোট পড়েছে ২৫ শতাংশ, চট্টগ্রাম বিভাগে ২৭ শতাংশ, খুলনা বিভাগে ৩২ শতাংশ, সিলেট বিভাগে ২২ শতাংশ, ময়মনসিংহ বিভাগে ২৯ শতাংশ, রাজশাহী বিভাগে ২৬ শতাংশ, রংপুর বিভাগে ২৬ শতাংশ এবং বরিশাল বিভাগে ৩১ শতাংশ ভোট পড়েছে।ইসি সচিব বলেন, ‘দুয়েকটা উপজেলার কেন্দ্রের তথ্য হালনাগাদ নাও হতে পারে, সে কারণে এই সংখ্যাটা আরও বাড়ার সম্ভাবনা রয়েছে।’তিনি আরও জানান, বিকাল ৩টা পর্যন্ত সারা দেশে বিভিন্ন অভিযোগে ৭টি কেন্দ্রের ভোট বাতিল করা হয়েছে। জাল ভোট দেওয়া ও জাল ভোট দিতে সহায়তায় করায় ১৫ জনকে বিভিন্ন মেয়াদে সাজা দেওয়া হয়েছে।এর আগে ভোটের প্রথম চার ঘণ্টায় ১৮ দশমিক ৫ শতাংশ ভোট পড়ার তথ্য দিয়েছিল নির্বাচন কমিশন।এরআগে নির্বাচন কমিশনার মো. আনিছুর রহমান অবশ্য আশা প্রকাশ করেছিলেন, শেষ পর্যন্ত ভোটের হার ৫০ শতাংশ ছাড়াতে পারে।উল্লেখ্য, কমিশনের দেওয়া তথ্য অনুযায়ী, দ্বাদশ জাতীয় সংসদ নির্বাচনে ২৯৯টি সংসদীয় আসনে এক হাজার ৯৭০ জন প্রার্থী প্রতিদ্বন্দ্বিতা করছেন। ইসিতে নিবন্ধিত ৪৪টি রাজনৈতিক দলের মধ্যে এই নির্বাচনে ২৮টি রাজনৈতিক দলের হয়ে প্রতিদ্বন্দ্বিতা করছেন এক হাজার ৫৩৪ জন প্রার্থী। আর স্বতন্ত্র প্রার্থী হিসেবে ভোটের মাঠে আছেন ৪৩৬ জন।সর্বশেষ প্রকাশিত তালিকা অনুযায়ী, এবারের নির্বাচনে মোট ভোটার ১১ কোটি ৯৬ লাখ ৮৯ হাজার ২৮৯ জন। যার মধ্যে পুরুষ ভোটারের সংখ্যা ৬ কোটি ৭ লাখ ৬৯ হাজার ৭৪১ ও নারী ভোটারের সংখ্যা ৫ কোটি ৮৯ লাখ ১৮ হাজার ৬৯৯। এ ছাড়া সারাদেশে এবার তৃতীয় লিঙ্গের ভোটার আছেন ৮৪৯ জন।দ্বাদশ জাতীয় সংসদ নির্বাচনে বিকাল ৩টা পর্যন্ত সাত ঘণ্টায় ২৭ দশমিক ১৫ শতাংশ ভোট পড়েছে বলে জানিয়েছে নির্বাচন কমিশন। রবিবার (৭ জানুয়ারি) বিকালে নির্বাচন কমিশনের সচিব মো. জাহাংগীর আলম ব্রিফিংয়ে এ তথ্য জানান।তিনি জানান, ভোটে সকাল ৮টা থেকে বিকাল ৩টা পর্যন্ত সবচেয়ে বেশি ভোট কাস্ট হয়েছে খুলনা বিভাগে। এই বিভাগে গড়ে ৩২ শতাংশ ভোট পড়েছে। আর সবচেয়ে কম ভোট পড়েছে সিলেটে। এ বিভাগে ৩টা পর্যন্ত গড়ে ২২ শতাংশ ভোট পড়েছে।দ্বাদশ জাতীয় সংসদ নির্বাচনে বিকাল ৩টা পর্যন্ত সাত ঘণ্টায় ২৭ দশমিক ১৫ শতাংশ ভোট পড়েছে বলে জানিয়েছে নির্বাচন কমিশন। রবিবার (৭ জানুয়ারি) বিকালে নির্বাচন কমিশনের সচিব মো. জাহাংগীর আলম ব্রিফিংয়ে এ তথ্য জানান।তিনি জানান, ভোটে সকাল ৮টা থেকে বিকাল ৩টা পর্যন্ত সবচেয়ে বেশি ভোট কাস্ট হয়েছে খুলনা বিভাগে। এই বিভাগে গড়ে ৩২ শতাংশ ভোট পড়েছে। আর সবচেয়ে কম ভোট পড়েছে সিলেটে। এ বিভাগে ৩টা পর্যন্ত গড়ে ২২ শতাংশ ভোট পড়েছে।এছাড়াও ঢাকা বিভাগে ২৫ শতাংশ, চট্টগ্রামে ২৭ শতাংশ, বরিশালে ৩১ শতাংশ, রাজশাহীতে ২৬ ভাগ, ময়মনসিংহতে ২৯ ভাগ ও রংপুর বিভাগে ২৬ শতাংশ।শিল্পমন্ত্রীর ছেলেকে গ্রেফতারের নির্দেশরোববার (৭ জানুয়ারি) সকালে ভোটগ্রহণ শুরু হতেই বেলাব উপজেলার সল্লাবাদ ইউনিয়নের ইব্রাহিমপুর সরকারি প্রাথমিক বিদ্যালয়ে জাল ভোট দেয়ার ঘটনা ঘটে। ১২টি ব্যালট বই ছিনিয়ে নিয়ে নৌকা প্রতীকে জাল ভোট দেয়ার অভিযোগে, পরে ওই কেন্দ্রের ভোটগ্রহণ বাতিল করা হয়।নির্বাচন কর্মকর্তারা বলেন, সকালে একদল কর্মী নিয়ে কেন্দ্রটিতে বেআইনিভাবে প্রবেশ করেন মঞ্জুরুল মজিদ মাহমুদ সাদী। তারা নির্বাচন কর্মকর্তাদের কাছ থেকে ১২টি ব্যালট বই ছিনিয়ে নিয়ে নৌকা মার্কায় সিল মারেন। এ নিয়ে স্বতন্ত্র প্রার্থীর কর্মীরা কেন্দ্রে হট্টগোল সৃষ্টি করেন। পরে ঘটনাটি রিটার্নিং কর্মকর্তা বদিউল আলমকে জানানোর পরপরই তিনি ওই কেন্দ্রের ভোটগ্রহণ বাতিল করেন।পরে আইনশৃঙ্খলা বাহিনীকে সিইসি বলেন, ‘অভিযুক্ত ওই ব্যক্তিকে গ্রেফতার করার পরপরই আমাকে জানাবেন।’নরসিংদী-৪ আসনে ১টি পৌরসভা ও ২০টি ইউনিয়নে ১৫৮টি কেন্দ্রে মোট ভোটার সংখ্যা ৪ লাখ ২ হাজার ৬১০ জন। এর মধ্যে নারী ভোটার ২ লাখ ২ হাজার ৮২৭ জন, পুরুষ ভোটার সংখ্যা ১ লাখ ৯৯ হাজার ৭৮১ জন এবং তৃতীয় লিঙ্গের ভোটার ২ জন।সারাদেশে বাতিল হলো যেসব কেন্দ্রের ভোটদ্বাদশ জাতীয় সংসদ নির্বাচনের ভোটগ্রহণ শেষে এখন চলছে গণনা। রোববার সকাল ৮টা থেকে বিকেল ৪টা পর্যন্ত চলে ভোট গ্রহণ। আওয়ামী লীগ জাতীয় পার্টিসহ ২৮টি রাজনৈতিক দল ভোটে অংশ নিয়েছে। এবারের নির্বাচনে নানা আলোচনার মধ্য অন্যতম একটি হচ্ছে এবার সংসদে বিরোধী দল হবে কোন দল। প্রার্থীর ভোট বর্জনবাইরে ব্যাপক উপস্থিতি, ভেতরে ফাঁকানিজস্ব প্রতিবেদকঢাকা দক্ষিণ সিটি করপোরেশনের ঢাকা-৫ আসনের ডেমরার এম এ ছাত্তার উচ্চ বিদ্যালয় ও সারুলিয়া প্রাথমিক বিদ্যালয়। সকাল ৮টা থেকে ভোটগ্রহণ শুরু হলেও ভোটারদের উপস্থিতি হাতেগোনা। কেন্দ্রের বাইরে ব্যাপক লোক সমাগম দেখা গেলেও ভিতর অনেকটাই ফাঁকা।ট্রাক প্রতীকের স্বতন্ত্র প্রার্থী আলহাজ্ব মশিউর রহমান সজলের অভিযোগ, ভোটারদের কেন্দ্রে ঢুকতে দিচ্ছেন না নৌকার প্রার্থীরা। একই সঙ্গে এজেন্টদের হুমকি দেওয়া হচ্ছে বলেও জানান তিনি।বেলা ১২টার দিকে গিয়ে দেখা যায়, এ দুই কেন্দ্রের বাইরে নৌকা, ট্রাক ও ঈগলের সমর্থকদের ভিড়। ভেতরে গিয়ে দেখা যায় উল্টো চিত্র। ভোটারদের অপেক্ষায় পোলিং অফিসাররা।পুরুষ ভোটারকেন্দ্র এম এ ছাত্তার উচ্চ বিদ্যালয়ে মোট ভোটার ৩ হাজার ২৫৩ জন। বেলা ১২টা পর্যন্ত চার ঘণ্টায় সাতটি বুথে পড়েছে ৩৫১ ভোট। নারী ভোটারকেন্দ্র পাশের সারুলিয়া সরকার প্রাথমিক বিদ্যালয়ে মোট ভোটার ৩ হাজার ৪৬ জন। প্রথম দুই ঘণ্টায় ৭০টি, বাকি দুই ঘণ্টায় বেড়ে ২৭২ ভোটে দাঁড়িয়েছে। ট্রাক প্রতীকের স্বতন্ত্র প্রার্থী আলহাজ্ব মশিউর রহমান সজল আমাদের সময়কে বলেন, ভোটকেন্দ্রের বাইরে বহু লোক দেখা যাচ্ছে। কিন্তু ভোটকেন্দ্র ফাঁকা। কারণ, আমার ভোটারদের ঢুকতে দেওয়া হচ্ছে না। এজেন্ট থাকলেও ভোটার ভেতরে আসতে না পারলে লাভ কী? আমার সামনেই আমার এজেন্টকে হুমকি দেওয়া হচ্ছে। এটা দুঃখজনক। অধিকাংশ কেন্দ্রে তাই হচ্ছে।তবে অভিযোগ অস্বীকার করেছেন এম এ ছাত্তার কেন্দ্রের প্রিজাইডিং অফিসার মো. মজিবুর রহমান। তিনি বলেন, কাউকে ভয়ভীতি দেখানোর কোনো অভিযোগ এখনো পাইনি। ভোটার উপস্থিতি কম হওয়ায় ভোট কম পড়ছে। মজিবুর রহমান বলেন, যারা ভোট দেওয়ার দিয়েছে। ধীরে ধীরে ভোটার উপস্থিতি বাড়ছে।  সারুলিয়া প্রাথমিক বিদ্যালয়ের প্রিজাইডিং অফিসার মো. রিয়াজুল ইসলাম বলেন, ভোটের পরিবেশ ঠিকঠাক আছে। কোনো অনাকাঙ্ক্ষিত ঘটনা ঘটেনি। তবে ভোটার উপস্থিতি কম মনে হচ্ছে।এদিকে এ আসনে ১৩ জন প্রার্থী থাকলেও পোলিং অফিসার দেখা গেছে মাত্র তিন প্রার্থীর। ট্রাক ছাড়াও নৌকা ও ঈগলের পোলিং অফিসার রয়েছে। বাকি প্রার্থীদের কাউকে দেখা যায়নি।দ্বাদশ জাতীয় সংসদ নির্বাচনের এ আসন ডেমরার পাশাপাশি যাত্রাবাড়ী নিয়ে গঠিত। এ আসনে মোট ভোটার ৪ লাখ ৯০ হাজার ৭৬৪ জন। এর মধ্যে পুরুষ ২ লাখ ৫১ হাজার ৫১৭ জন, নারী ভোটার ২ লাখ ৩৯ হাজার ২৪৪ জন। এছাড়া তৃতীয় লিঙ্গের ভোটার রয়েছেন তিনজন। তাদের ভোটগ্রহণ চলছে ১৮৭টি কেন্দ্রের ১ হাজার ৮৯টি ভোটকক্ষে।",1,1,0,1,False
"ঢাকা দক্ষিণ সিটি করপোরেশনের ঢাকা-৫ আসনের ডেমরার এম এ ছাত্তার উচ্চ বিদ্যালয় ও সারুলিয়া প্রাথমিক বিদ্যালয়। সকাল ৮টা থেকে ভোটগ্রহণ শুরু হলেও ভোটারদের উপস্থিতি হাতেগোনা। কেন্দ্রের বাইরে ব্যাপক লোক সমাগম দেখা গেলেও ভিতর অনেকটাই ফাঁকা।ট্রাক প্রতীকের স্বতন্ত্র প্রার্থী আলহাজ্ব মশিউর রহমান সজলের অভিযোগ, ভোটারদের কেন্দ্রে ঢুকতে দিচ্ছেন না নৌকার প্রার্থীরা। একই সঙ্গে এজেন্টদের হুমকি দেওয়া হচ্ছে বলেও জানান তিনি।বেলা ১২টার দিকে গিয়ে দেখা যায়, এ দুই কেন্দ্রের বাইরে নৌকা, ট্রাক ও ঈগলের সমর্থকদের ভিড়। ভেতরে গিয়ে দেখা যায় উল্টো চিত্র। ভোটারদের অপেক্ষায় পোলিং অফিসাররা।পুরুষ ভোটারকেন্দ্র এম এ ছাত্তার উচ্চ বিদ্যালয়ে মোট ভোটার ৩ হাজার ২৫৩ জন। বেলা ১২টা পর্যন্ত চার ঘণ্টায় সাতটি বুথে পড়েছে ৩৫১ ভোট।নারী ভোটারকেন্দ্র পাশের সারুলিয়া সরকার প্রাথমিক বিদ্যালয়ে মোট ভোটার ৩ হাজার ৪৬ জন। প্রথম দুই ঘণ্টায় ৭০টি, বাকি দুই ঘণ্টায় বেড়ে ২৭২ ভোটে দাঁড়িয়েছে। ট্রাক প্রতীকের স্বতন্ত্র প্রার্থী আলহাজ্ব মশিউর রহমান সজল আমাদের সময়কে বলেন, ভোটকেন্দ্রের বাইরে বহু লোক দেখা যাচ্ছে। কিন্তু ভোটকেন্দ্র ফাঁকা। কারণ, আমার ভোটারদের ঢুকতে দেওয়া হচ্ছে না। এজেন্ট থাকলেও ভোটার ভেতরে আসতে না পারলে লাভ কী? আমার সামনেই আমার এজেন্টকে হুমকি দেওয়া হচ্ছে। এটা দুঃখজনক। অধিকাংশ কেন্দ্রে তাই হচ্ছে।তবে অভিযোগ অস্বীকার করেছেন এম এ ছাত্তার কেন্দ্রের প্রিজাইডিং অফিসার মো. মজিবুর রহমান। তিনি বলেন, কাউকে ভয়ভীতি দেখানোর কোনো অভিযোগ এখনো পাইনি। ভোটার উপস্থিতি কম হওয়ায় ভোট কম পড়ছে। মজিবুর রহমান বলেন, যারা ভোট দেওয়ার দিয়েছে। ধীরে ধীরে ভোটার উপস্থিতি বাড়ছে।  সারুলিয়া প্রাথমিক বিদ্যালয়ের প্রিজাইডিং অফিসার মো. রিয়াজুল ইসলাম বলেন, ভোটের পরিবেশ ঠিকঠাক আছে। কোনো অনাকাঙ্ক্ষিত ঘটনা ঘটেনি। তবে ভোটার উপস্থিতি কম মনে হচ্ছে।এদিকে এ আসনে ১৩ জন প্রার্থী থাকলেও পোলিং অফিসার দেখা গেছে মাত্র তিন প্রার্থীর। ট্রাক ছাড়াও নৌকা ও ঈগলের পোলিং অফিসার রয়েছে। বাকি প্রার্থীদের কাউকে দেখা যায়নি।দ্বাদশ জাতীয় সংসদ নির্বাচনের এ আসন ডেমরার পাশাপাশি যাত্রাবাড়ী নিয়ে গঠিত। এ আসনে মোট ভোটার ৪ লাখ ৯০ হাজার ৭৬৪ জন। এর মধ্যে পুরুষ ২ লাখ ৫১ হাজার ৫১৭ জন, নারী ভোটার ২ লাখ ৩৯ হাজার ২৪৪ জন। এছাড়া তৃতীয় লিঙ্গের ভোটার রয়েছেন তিনজন। তাদের ভোটগ্রহণ চলছে ১৮৭টি কেন্দ্রের ১ হাজার ৮৯টি ভোটকক্ষে।",1,1,0,1,False
"জনগণ দ্বাদশ জাতীয় সংসদ নির্বাচনের প্রত্যাখান করেছে করেছে দাবি করে তাদের অভিনন্দন জানাল বিএনপি। আজ রবিবার রাতে বিএনপির পক্ষে পাঠানো এক বিবৃতিতে জনগণকে এ অভিনন্দন জানান দলের সিনিয়র যুগ্ম মহাসচিব রুহুল কবির রিজভী।বিবৃতিতে রুহুল কবির রিজভী বলেন, ‘নির্বাচন নিয়ে অবৈধ সরকারের তোড়জোড়ে বিএনপিসহ সমমনা দলগুলো শুরু থেকেই অবাধ ও সুষ্ঠু নির্বাচনের ওপর গুরুত্বারোপ করে। অবৈধ সরকারের পদত্যাগ ও নির্বাচনকালীন নির্দলীয় তত্ত্বাবধায়ক সরকার পুনঃপ্রতিষ্ঠার দাবিতে কার্যকর আন্দোলন চালিয়ে আসছে।’তিনি বলেন, ‘জনসমর্থনে বিএনপিসহ গণতন্ত্রকামী দলগুলোর আন্দোলন অব্যাহত থাকলেও শেখ হাসিনা রাষ্ট্রযন্ত্রে নিজের ‘‘সেটআপে’’ জাতীয় নির্বাচন সম্পাদন করতে অনঢ় থাকেন। ফলশ্রুতিতে আন্দোলনরত অধিকাংশ জনগোষ্ঠীর আকাঙ্ক্ষা ও দাবিকে অগ্রাহ্য করে তামাশার নির্বাচন করতে উঠেপড়ে লাগে।’বিএনপির সিনিয়র যুগ্ম মহাসচিব বলেন, ‘বিএনপিসহ সমমনা দলগুলো শেখ হাসিনার একতরফা নির্বাচন বর্জনের ডাক দেয়। নেমে আসে স্বৈরাচারী সরকারের জুলুম-নিপীড়ন-নির্যাতন, বন্দী করা হয় বিএনপির শীর্ষ নেতাসহ হাজার হাজার নেতাকর্মীকে। তবে বিরোধীদলগুলোর ডাকে সাড়া দিয়ে সংহতি জানায় সংগ্রামী জনগণ। ফলে আজকের জালিয়াতির নির্বাচন দৃঢ়তার সঙ্গে প্রত্যাখান করে জনগণ এবং গণতন্ত্রকামী মানুষের বিজয় নিশ্চিত হয়।’বিবৃতিতে রুহুল কবির রিজভী বলেন, ‘আজকের জালিয়াতির নির্বাচনে যেটি উন্মোচিত হয়েছে তা হলো বাংলাদেশের জনগণের গণতান্ত্রিক আকাঙ্ক্ষা ও উদ্দীপনাকে সম্পূর্ণরুপে অপমান করা। নির্বাচন বলে দাবি করে শাসকদল আত্মশ্লাঘা লাভ করলেও ভোটকেন্দ্রের চরম অনিয়ম ও সহিংসতা ঢাকতে পারেনি তারা। এগুলো স্পষ্ট হয়েছে যারা সরকারের গোপন আশীর্বাদ পায়নি সেসব প্রার্থীদের জালিয়াতির অভিযোগে প্রার্থিতা প্রত্যাহারের হিড়িকে।’তিনি বলেন, ‘ভোটকেন্দ্রের ছবি ও ভিডিওতে নজিরবিহীন ভোট কেলেঙ্কারির খবর প্রতি মুহূর্তে প্রকাশ পেয়েছে। ঢাকার বাইরেও জনশূন্য কেন্দ্রে ভোটারদের নিয়ে আসতে পারেনি সরকার, নির্বাচন কমিশন ও দলীয় ক্যাডারদের নানা কারসাজি, হুমকি ও কাকুতি-মিনতি সত্বেও।’বিবৃতিতে রিজভী বলেন, ‘বিএনপিসহ ৬৩টি গণতন্ত্রমনা রাজনৈতিক দল নির্বাচন বর্জন করা সত্বেও দেশের প্রতিটি আসন ও কেন্দ্রে আওয়ামী লীগ যেভাবে সংঘবদ্ধভাবে কারচুপি ও সংঘাত করেছে, একের পর এক যেসব ছবি, ভিডিও ও তথ্য আমরা গণমাধ্যম ও সামাজিক যোগাযোগমাধ্যমে দেখতে পেয়েছি তাতে এটিই পুনঃপ্রমাণিত, শেখ হাসিনার অধীনে কোনো অবাধ, সুষ্ঠু, অংশগ্রহণমূলক, প্রতিযোগিতামূলক ও শান্তিপূর্ণ নির্বাচন সম্ভব নয়।’বিএনপির এ নেতা বলেন, ‘সাংবিধানিক প্রতিষ্ঠান স্বাধীন ও দৃঢ় না হলে রাষ্ট্রের সমূহ ক্ষতি সাধিত হয়। বর্তমান নির্বাচন কমিশন তার প্রমাণ। আওয়ামী ফ্যাসিবাদের তল্পিবাহক হওয়ায় তারা নির্বাচনের নামে ছিনিমিনি খেলেছে। সকালে প্রধান নির্বাচন কমিশনার ভোটকেন্দ্রে নৌকার প্রার্থীর এজেন্ট ছাড়া আর কাউকে দেখেননি। অথচ আরেকজন নির্বাচন কমিশনার বললেন ৫১ শতাংশ ভোট পড়বে।’তিনি বলেন, ‘ভোট গ্রহণ শুরু থেকে কয়েক ঘণ্টা পর নির্বাচন কমিশন থেকে বলা হয় ১৮ দশমিক ৫০ শতাংশ ভোট পড়েছে। পুলিশ প্রধান বলেছেন, ‘‘যথেষ্ট ভোটার উপস্থিতির সংবাদ পাচ্ছি।’’ এসব বক্তব্য আগাম প্রস্তুতি বলে মনে হয়, এগুলো নির্বাচন শেষে বেশি ভোট ঘোষণা করার পটভূমি।’রিজভী বলেন, ‘সব স্বৈরাচারের রীতিই হলো জনগণ কর্তৃক প্রত্যাখ্যাত ভোটে ভোটার বেশি দেখানো। গণবিরোধী সরকারের পারিষদবর্গ ও আজ্ঞাবাহী রাষ্ট্রযন্ত্রের চোখ রাঙানিকে উপেক্ষা করে দেশের ১২ কোটি ভোটারের প্রায় সবাই একযোগে এই প্রহসনমূলক নির্বাচনকে বর্জন করেছেন। বাংলাদেশের জনগণের এই বীরোচিত অবস্থান মূলতঃ গণতন্ত্র পুনঃপ্রতিষ্ঠার জন্য। গণতন্ত্রের পক্ষের শক্তি সমূহের চলমান সংগ্রামের প্রতি স্বতঃস্ফুর্ত সমর্থন এবং শেখ হাসিনার পদত্যাগের জন্য গণদাবির সুদৃঢ় প্রতিফলন।’তিনি বলেন, ‘বাংলাদেশের গণতন্ত্রকামী জনগণ আজ ঐক্যবদ্ধভাবে ও সাহসিকতার সঙ্গে যেভাবে ডামি নির্বাচনকে প্রত্যাখান করেছেন, বাংলাদেশ জাতীয়তাবাদী দল-বিএনপি তার জন্য দেশবাসীকে অভিনন্দন জানাচ্ছে।’",1,1,0,1,False
"ঢাকা-৭ আসনের ভোটার রাশিদা বেগম। বয়স পয়তাল্লিশ। একমাস আগেই কোমর এবং হাটু অপারেশন হয়েছে। এক হাতে স্ট্রেচার নিয়ে এসেছেন ঢাকা সাত আসনের ইসলামীয়া উচ্চ বিদ্যালয় কেন্দ্রে ভোট দিতে।অসুস্থ অবস্থায় ভোট দিতে এসেছেন কেন, এমন প্রশ্নের জবাবে তিনি বলেন, ‘চল্লিশ বছর থেকে কামার বাগ এলাকায় আছি। প্রতিবারই ভোট দিতে আসি। এবারে না আসলে তো একটা ভোট নষ্ট হইতো। মায়া লাগে একটা ভোট নষ্ট হইতে দিতাম না এজন্য অসুস্থ অবস্থায় ভোট দিতে চলে আসছি।’সঙ্গে আসা রাশিদা বেগমের ছেলে বলেন, ‘আম্মা অসুস্থ তারপরও জেদ ধরেছেন ভোট দিতে আসবেন। তাই নিয়ে আসলাম এখন ভোট দিয়ে আম্মা খুশি।’একই কেন্দ্রে ভোট দিতে এসেছেন দুজন নতুন ভোটার মরিয়ম এবং আশা। প্রথমবার ভোট দিতে পেরে উচ্ছ্বসিত তারা। জানতে চাইলে মরিয়ম বলেন, ‘প্রথমবার ভোট দিলাম ভালো লাগছে খুব।",1,1,0,1,False
"বড় ধরনের কোনো সহিংসতা ছাড়াই নারায়নগঞ্জের পাঁচটি আসনে দ্বাদশ জাতীয় সংসদ নির্বাচন শান্তিপূর্ণভাবে শেষ হয়েছে। গতকাল রবিবার সকাল ৮টা থেকে টানা বিকেল ৪টা পর্যন্ত ভোটগ্রহণ অনুষ্ঠিত হয়। এই পাঁচটি সংসদীয় আসনের ৪টিতে নৌকা ও একটিতে জাতীয় পার্টি জয়লাভ করেছে। সবচেয়ে বেশি শান্তিপূর্ণ ভোট অনুষ্ঠিত হয়েছে নারায়নগঞ্জ ৪ ও ৫ সংসদীয় আসনে। দুটি আসনে মধ্যে ৪ সংসদীয় আসনে একেএম শামীম ওসমান নৌকা প্রতীক নিয়ে নৌকা ১ লাখ ৯৫ হাজার ৮২৭ পেয়ে নির্বাচিত হয়েছেন। তার নিকটতম প্রতিদ্বন্দ্বী প্রার্থী মুরাদ হোসেন গোলাপ প্রতীকে পেয়েছেন ৭ হাজার ২৬৯ ভোট। অপরদিকে, নারায়ণগঞ্জ-৫ আসনে একেএম সেলিম ওসমান লাঙ্গল প্রতীকে পেয়েছেন এক লাখ ১৫ হাজার ৪২৫ ভোট। তার নিকটতম প্রতিদ্বন্দ্বি চেয়ার প্রতীকের প্রার্থী এএমএম একরামুল হক পেয়েছেন ৩ হাজার ৭৩৩ ভোট।নারায়নগঞ্জ-১ আসনে সাবেক পাট ও বস্ত্রমন্ত্রী গোলাম দস্তগীর গাজী নৌকা প্রতীকে ১ লাখ ৫৬ হাজার ৫৪১ ভোট পেয়েছেন নির্বাচিত হয়েছেন। তার নিকটতম প্রতিদ্বন্দ্বী কেটলি মো. শাহজাহান ভূইয়া পেয়েছেন ৪৫ হাজার ৭৫ ভোট, সোনালী আঁশ তৈমুর আলম খন্দকার তৃনমূল বিএনপি থেকে পেয়েছেন ৩ হাজার ১৯০ ভোট। নারায়নগঞ্জ-৩ আসনে নৌকা প্রতীকে আব্দুল্লাহ আল কায়সার পেয়েছেন ১ লাখ ১২ হাজর ৮০৮ ভোট। তার নিকটতম প্রতিদ্বন্দ্বী লাঙ্গল প্রতীকের লিয়াকত হোসেন খোকা পেয়েছেন ৩৫ হাজর ৮১১ ভোট।এছাড়া, নারায়ণগঞ্জ-২ আসনে নৌকা প্রতীকের নজরুল ইসলাম বাবু পেয়েছেন ১ লাখ ৬৮ হাজার ২৪২ ভোট। তার নিকটতম প্রতিদ্বন্দ্বী লাঙ্গল প্রতীকের আলমগীর সিকদার লোটন পেয়েছেন ৭ হাজার ২৫৬ ভোট। এবারের নির্বাচনে বিপুল ভোটের ব্যবধানে জয়ের মধ্য দিয়ে টানা তৃতীয়বারের মতো সংসদ সদস্য নির্বাচিত হয়েছেন নারায়ণগঞ্জের ঐতিহ্যবাহী ওসমান পরিবারের দুই ভাই। এবারের নির্বাচনে শুরু থেকে নির্ভর ছিলেন এই দুই প্রার্থী।  নারায়ণগঞ্জ-৪ আসনের প্রার্থী শামীম ওসমান ২০১৪ সাল থেকে দ্বাদশ জাতীয় সংসদ নির্বাচন পর্যন্ত টানা তিনবার প্রার্থী হয়ে নির্বাচনে প্রতিদ্বন্দ্বীতা করেন। ২০১৪ এবং ২০১৮ নির্বাচনেও শামীম ওসমান বিপুল ভোটে জয়লাভ করেন। তিনি ১৯৯৬ সালে প্রথম সংসদ সদস্য নির্বাচিত হোন। অপরদিকে, ২০১৪ সালে জাতীয় পার্টির সাংসদ এটিএম নাসিম উসমানের মৃত্যুর পর উপনির্বাচনে প্রার্থী হয়ে জয়লাভ করেন তার ছোট ভাই ব্যবসায়িক নেতা সেলিম ওসমান। পরবর্তীকালে ২০১৮ সালে জাতীয় পার্টির প্রার্থী হয়ে নির্বাচনে অংশগ্রহণ করে পুনরায় জয়লাভ করেন সেলিম ওসমান। দ্বাদশ জাতীয় সংসদ নির্বাচনে তৃতীয়বারের মতো জাতীয় পার্টির প্রার্থী হয়ে নির্বাচনে জয় লাভ করলেন সেলিম ওসমান। গত শনিবার রাত সাড়ে ১১টায় নারায়নগঞ্জ ডিসি অফিসে সংসদ সদস্য শামীম ওসমান এক প্রতিক্রিয়ায় সাংবাদিকদের বলেন, ‘এবারে তার লড়াই হবে ভুমিদস্যূ, মাদক এবং ইভটিজিংয়ের বিরুদ্ধে। এ লড়াইয়ে তিনি গণমাধ্যম ও নারায়নগঞ্জের সাধারণ মানুষকে পাশে চান।’",1,1,0,1,False
"নবম, দশম, একাদশ এবং সর্বশেষ দ্বাদশ জাতীয় সংসদ নির্বাচন মিলিয়ে টানা চারবার বিজয়ী হয়ে সরকার গঠন করতে যাচ্ছে আওয়ামী লীগ। কোনো দলের টানা চার মেয়াদে জয় দেশের ইতিহাসে এক নতুন মাইলফলক। কয়েকটি আসনে গোলযোগ আর অনিয়মের অভিযোগ থাকলেও সার্বিক অর্থে গতকাল রবিবার শান্তিপূর্ণভাবেই সম্পন্ন হয়েছে দ্বাদশ জাতীয় সংসদ নির্বাচনের ভোটগ্রহণ।বিএনপি এবং এর সমমনা ১৬টি দলের ভোট বর্জনের পাশাপাশি হরতাল ডাকার মধ্যেই গতকাল সকাল ৮টা থেকে বিকাল ৪টা পর্যন্ত দেশের ২৯৯টি সংসদীয় আসনে ভোটগ্রহণ অনুষ্ঠিত হয়। গতকাল রাতে সর্বশেষ প্রাপ্ত বেসরকারি ফলে দেখা গেছেÑ আওয়ামী লীগের নৌকা প্রতীক ১৫১টি আসনে বিজয়ী হয়েছে। জাতীয় পার্টির লাঙল জিতেছে ১০টি আসনে এবং আওয়ামী লীগের শরিক বাংলাদেশের ওয়ার্কার্স পার্টি পেয়েছে ১টি আসন। এছাড়া স্বতন্ত্র প্রার্থীরা জয়ী হয়েছেন ২০টি আসনে। এসব স্বতন্ত্র প্রার্থী নৌকাপ্রার্থীর বিপক্ষে ভোটের লড়াইয়ে নামলেও প্রায়প্রত্যেকেই আওয়ামী ঘরানার। শুধু তা-ই নয়, তাদের অনেকেই দলটির পদধারী নেতা।ইসি জানিয়েছে, সারাদেশে ভোট পড়ার গড় হার ৪০ শতাংশ। এর আগে বেলা ১২টা পর্যন্ত ১৮.৫০ শতাংশ এবং বিকাল ৩টা পর্যন্ত ২৭.১৫ শতাংশ ভোট পড়ার হিসাব জানিয়েছিল ইসি। সুষ্ঠু ও অংশগ্রহণমূলক নির্বাচন আয়োজনে আন্তর্জাতিক মহলের অব্যাহত তাগাদার মধ্যে অনুষ্ঠিত এবারের ভোটে বড় ধরনের সহিংস ঘটনা ঘটেনি। ভোট শেষে সার্বিক পরিবেশ নিয়ে সন্তোষ প্রকাশ করে প্রধান নির্বাচন কমিশনার (সিইসি) কাজী হাবিবুল আউয়াল বলেছেন, গুরুতর সহিংসতার কোনো ঘটনা ঘটেনি, নির্বাচন শান্তিপূর্ণ ছিল।আওয়ামী লীগের সাধারণ সম্পাদক ওবায়দুল কাদেরও গতকাল বলেছেন, অনেক বাধাবিপত্তি অতিক্রম করে অবাধ, সুষ্ঠু ও শান্তিপূর্ণ পরিবেশে নির্বাচন অনুষ্ঠিত হয়েছে। বিরোধী শিবিরের উদ্দেশে তিনি বলেন, তারা অপপ্রচার চালিয়ে আন্তর্জাতিক মহলকে এবং বাংলাদেশের বন্ধুদের বিভ্রান্ত করতে চেয়েছিল। বিদেশি ও বাংলাদেশের সাংবাদিকরা এ নির্বাচন প্রত্যক্ষ করেছেন।এদিকে বিএনপি বলছে, জনগণ নির্বাচন বর্জন করেছে। এ জন্য জনগণকে শুভেচ্ছা জানিয়ে বিএনপির জ্যেষ্ঠ যুগ্ম মহাসচিব রুহুল কবির রিজভী বলেন, ক্ষমতাসীনদের পাতানো নির্বাচনের বিরুদ্ধে জনগণ অভূতপূর্ব রায় দিয়েছে। দুই শতাংশের বেশি ভোটার কেন্দ্রে আসেনি। আমাদের ভোট বর্জনের ডাক সার্থক হয়েছে।দ্বাদশ জাতীয় সংসদ নির্বাচনের ভোটগ্রহণ শান্তিপূর্ণ ও সহিংসতামুক্ত হয়েছে বলে মন্তব্য করেছেন জাতীয় মানবাধিকার কমিশনের চেয়ারম্যান ড. কামাল উদ্দিন আহমেদও। রাজধানীর কলাবাগান লেক সার্কাস বালিকা বিদ্যালয় ভোটকেন্দ্রে সস্ত্রীক ভোটাধিকার প্রয়োগের পর সাংবাদিকদের প্রশ্নে তিনি বলেন, পুরোপুরি সহিংসতামুক্ত ও শান্তিপূর্ণ পরিবেশ দেখেছি ভোটকেন্দ্রগুলোতে। সংখ্যালঘু ও নারী ভোটাররাও স্বতঃস্ফূর্তভাবে ভোটাধিকার প্রয়োগ করছেন। এ পর্যন্ত এসব নিয়ে কোনো অভিযোগ পাওয়া যায়নি। দিনব্যাপী নাগরিকরা যাতে সুষ্ঠুভাবে ভোটাধিকার প্রয়োগ করতে পারেন, সে বিষয়ে কমিশন সজাগ রয়েছে।নির্বাচন শান্তিপূর্ণ, অবাধ ও সুষ্ঠু হয়েছে বলে মন্তব্য করেছে মার্কিন পর্যবেক্ষক দল। ভোটগ্রহণ পরিদর্শন শেষে হোটেল সোনারগাঁয়ে সাংবাদিকদের সাবেক মার্কিন কংগ্রেসম্যান জিম বেটস বলেন, ‘আমি যেটি দেখেছি সেটি হচ্ছেÑ নির্বাচন শান্তিপূর্ণ, অবাধ ও সুষ্ঠু হয়েছে।’পর্তুগাল থেকে আসা নির্বাচন পর্যবেক্ষক পাওলো কাসাকা গতকাল বলেন, ভোটকেন্দ্র ঘুরে ও বিভিন্ন মানুষের সঙ্গে কথা বলে মনে হয়েছে- সব কিছু ঠিক আছে। পুরুষদের চেয়ে নারীরা ভোটে বেশি আগ্রহী। কেবল ভোটার উপস্থিতি অনেক কম। এক প্রশ্নের জবাবে তিনি বলেন, আমরা শুনেছি ভোটকে কেন্দ্র করে অনেক সহিংসতা হবে। বাস্তবে সে রকম কিছু এখনো চোখে পড়েনি।বিএনপিবিহীন এ নির্বাচনে ভোটার উপস্থিতি বাড়াতে তৎপর ছিল ক্ষমতাসীন আওয়ামী লীগ। এরপরও সকালের দিকে কেন্দ্রে ভোটার উপস্থিতি ছিল যৎসামান্য। বেলা বাড়ার সঙ্গে সঙ্গে কেন্দ্রে ভোটারদের উপস্থিতি বাড়তে থাকে। দেশের বিভিন্ন জায়গায় কেন্দ্রের সামনে ভোটারদের সারি দেখা গেছে। আবার ঢাকা ও দেশের বেশ কিছু কেন্দ্রে ভোটার উপস্থিতি কম ছিল। গত একাদশ সংসদ নির্বাচনকে ঘিরে ২৫ জনের প্রাণহানি ঘটলেও এবার একজন নিহতের খবর জানা গেছে। এ ছাড়া কিছু আসনে কারচুপি, জালভোট প্রদান ও পেশিশক্তি প্রয়োগের অভিযোগ তুলে মাঝপথে ভোট বর্জন করেছেন বেশ কয়েকজন প্রার্থী।এদিকে সারাদেশে ৪২ হাজার কেন্দ্রের মধ্যে বাতিল করা হয়েছে ৭টি কেন্দ্রের ভোট; স্থগিত করা হয়েছে ৬ জেলার ৯টি আসনের ২১ কেন্দ্রের ভোটগ্রহণ।ইসি সচিব জাহাংগীর আলম জানিয়েছেন, জালভোট পড়ায় এবং ভাঙচুর হওয়ায় এসব কেন্দ্রের ভোট বাতিল হয়েছে। তিনি বলেন, ছোটখাটো ৩০-৩৫টি জায়গায় ভোটকেন্দ্রের বাইরে ধাওয়া পাল্টাধাওয়ার ঘটনা ঘটেছে। কোথাও আমাদের পুলিশ অফিসারের গাড়ির গ্লাস ভাঙচুর করা হয়েছে। কোথাও ভোটকেন্দ্রের পাশে ককটেল ফোটানো হয়েছে। আমরা কমিশনের পক্ষ থেকে দুঃখ প্রকাশ করছি। জালভোট দেওয়া ও সহায়তা করায় এদিন ১৫ জনকে বিভিন্ন মেয়াদে শাস্তি দেওয়া হয়েছে। ভোটগ্রহণ শেষ হওয়ার ঠিক আগ মুহূর্তে আচরণবিধি লঙ্ঘনের দায়ে চট্টগ্রাম-১৬ আসনের আওয়ামী লীগের প্রার্থী মোস্তাফিজুর রহমান চৌধুরীর প্রার্থিতা বাতিল করেছে ইসি।গতকাল সকালে মুন্সীগঞ্জে একটি ভোটকেন্দ্রের বাইরে একজনকে কুপিয়ে হত্যা করা হয়েছে। তিনি নৌকার প্রার্থীর সমর্থক ছিলেন বলে স্থানীয়দের ভাষ্য। নির্বাচন কমিশন বলছে, এ হত্যাকা-ের সঙ্গে নির্বাচনের কোনো সম্পর্ক নেই।নারায়ণগঞ্জ-২ আসনে একটি কেন্দ্রে নৌকা প্রতীকে সিল দেওয়ার অভিযোগকে কেন্দ্র করে সংঘর্ষের পর ভোট বর্জন করেছেন জাতীয় পার্টির প্রার্থী। পরে ওই বিদ্যালয়ের নারী ও পুরুষ কেন্দ্র দুটির ভোটগ্রহণ বাতিল করা হয়। নরসিংদী-৪ আসনের একটি কেন্দ্রে জোর করে ঢুকে ব্যালটের ১২টি বইয়ে নৌকা প্রতীকে সিল মারার ঘটনায় শিল্পমন্ত্রী নূরুল মজিদ মাহমুদ হুমায়ূনের ছেলে মঞ্জুরুল মজিদ মাহমুদ সাদীকে গ্রেপ্তারের নির্দেশ দিয়েছে ইসি। চট্টগ্রাম-১০ আসনের পাহাড়তলী কলেজ কেন্দ্রের বাইরে নৌকা ও স্বতন্ত্র প্রার্থীর সমর্থকদের মধ্যে গোলাগুলি হয়েছে; তাতে দুজনের গুলিবিদ্ধ হওয়ার খবর পাওয়া গেছে। চট্টগ্রাম-১২ (পটিয়া) আসনের স্বতন্ত্র প্রার্থী জাতীয় সংসদের হুইপ সামশুল হক চৌধুরী একটি কেন্দ্র পরিদর্শনে গিয়ে নৌকার কর্মীদের ধাওয়ার মুখে পড়েন। জামালপুরের সরিষাবাড়ীতে একটি ভোটকেন্দ্রে নৌকা ও ট্রাক প্রতীকের সমর্থকদের সংঘর্ষে অন্তত দুজন আহত হন। পরে পুলিশ পরিস্থিতি নিয়ন্ত্রণে আনায় ভোটগ্রহণ স্বাভাবিক হয়। ময়মনসিংহে একটি কেন্দ্রে ‘প্রকাশ্যে সিল মারা’ এবং ‘নৌকার পক্ষে’ কাজ করার অভিযোগে প্রিসাইডিং কর্মকর্তাসহ তিনজনকে প্রত্যাহার করা হয়। কুমিল্লা-৭ আসনের চান্দিনা উপজেলায় তিনটি ভোটকেন্দ্রে আগে থেকে নৌকায় সিল মারা ব্যালট জব্দ করা হয়; পরে সেগুলো বাতিল করা হয়। যশোরের একটি ভোটকেন্দ্রে ককটেল বিস্ফোরণে আনসার সদস্য আহত এবং স্বতন্ত্র প্রার্থীর সমর্থককে কুপিয়ে জখমের ঘটনা ঘটেছে। সিরাজগঞ্জ-৩ আসনের রায়গঞ্জ উপজেলায় অন্যদের ভোট দিতে আসা দুজনকে আটকের পর ৬ মাস করে কারাদ- দিয়েছে ভ্রাম্যমাণ আদালত। নৌকার প্রার্থীর বিরুদ্ধে ৫৫টি কেন্দ্র দখলের অভিযোগ এনে ভোট বর্জন করেছেন যশোর-১ আসনে স্বতন্ত্র প্রার্থী আশরাফুল আলম লিটন। মেহেরপুরে কেন্দ্রে ভোট প্রদানে বাধা দেওয়ায় তিনজনকে ৭ দিনের কারাদ- দিয়েছেন ভ্রাম্যমাণ আদালত। ভোট শুরুর আগে এবং ভোট চলার সময় রাজধানীর তিনটি কেন্দ্রের বাইরে হাতবোমার বিস্ফোরণ ঘটানো হয়েছে। এসব ঘটনায় আহত হয়েছেন শিশুসহ চারজন। অন্তত দুই ডজন আসনে বিরোধী দল লাঙলের প্রর্থীরা ভোট প্রত্যাখ্যান করে নির্বাচন থেকে সরে যাওয়ার ঘোষণা দিয়েছেন বলে সংবাদমাধ্যমে খবর এসেছে।ভোটকেন্দ্রগুলোতে সব প্রার্থীর পোলিং এজেন্ট রাখার বিষয়ে বারবার জোর দিলেও ভোটের সকালে তেমনটি দেখেননি বলে প্রধান নির্বাচন কমিশনার কাজী হাবিবুল আউয়াল জানিয়েছেন। তিনি বলেছেন, ভোটকেন্দ্রগুলোতে (সব প্রার্থীর) পোলিং এজেন্ট নেই। আসলে মনে হচ্ছে প্রতিদ্বন্দ্বী বা প্রতিপক্ষ প্রার্থী যারা, অনেকেরই বোধহয় সে সামর্থ্য (পোলিং এজেন্ট দেওয়ার) নেই, যা আমি এক্সপেক্ট করেছিলাম।নির্বাচন কমিশনের সাবেক অতিরিক্ত সচিব জেসমিন টুলী বলেন, যে পরিমাণ ভোটার উপস্থিতির প্রত্যাশা ছিল, তারচেয়ে কম উপস্থিতি লক্ষ করা গেছে। এরপরও শান্তিপূর্ণ অনুষ্ঠান হলে আরও ভালো হতো।তিনি আরও বলেন, একটু ভিন্ন ক্যাটাগরিতে নির্বাচনটা হলো। অতীতের অন্য নির্বাচনগুলোর চেয়ে এবার জাতীয় নির্বাচনের দিকে আন্তর্জাতিক গোষ্ঠীর নজরও বেশি ছিল।জালভোট : ৯ কর্মকর্তাকে শাস্তিভোটগ্রহণের সময় অনিয়মের কারণে সারাদেশে নয়জন প্রিসাইডিং, সহকারী প্রিসাইডিং ও পোলিং কর্মকর্তাকে তাদের দায়িত্ব থেকে সরিয়ে দেওয়া হয়।এর মধ্যে সাতক্ষীরা ও ময়মনসিংহে ৩ জন করে, কুড়িগ্রাম, কুমিল্লা ও টাঙ্গাইলে একজন করে ভোট কর্মকর্তাকে বহিষ্কার, প্রত্যাহার ও অব্যাহতি দেওয়া হয়। এর মধ্যে তিনজন প্রিসাইডিং, দুই সহকারী প্রিসাইডিং ও চারজন পোলিং অফিসার।আসন সংখ্যা ৩০০ হলেও রবিবার ২৯৯টি আসনে নির্বাচন হয়েছে। স্বতন্ত্র প্রার্থী আমিনুল হকের মৃত্যুতে নওগাঁ-২ আসনে নির্বাচনের কার্যক্রম বাতিল করেছে ইসি। ২৯৯ আসনে সবচেয়ে বেশি প্রার্থী ক্ষমতাসীন আওয়ামী লীগের ২৬৫ জন (নৌকা ২৭১)। সংসদের বিরোধী দল জাতীয় পার্টির (লাঙল) ২৬৪ জন প্রতিদ্বন্দ্বিতা করেছেন। আওয়ামী লীগের প্রার্থীর পাশাপাশি তাদের শরিক ওয়র্কার্স পার্টি, জাসদ, জেপির ৬ জন নৌকা প্রতীক নিয়ে নির্বাচন করেছেন।ভোটের মাঠের আইনশৃঙ্খলা রক্ষায় বিভিন্ন বাহিনীর প্রায় ৮ লাখ সদস্য নিয়োজিত ছিল। দেশি-বিদেশি পর্যবেক্ষক এবং সাংবাদিক মিলিয়ে প্রায় ৩০ হাজার পর্যবেক্ষক এবার ভোটের মাঠে নজর রাখেন। নির্বাচন পরিচালনা ও আইনশৃঙ্খলা খাত মিলিয়ে দ্বাদশ সংসদ নির্বাচনে প্রায় দুই হাজার ৩শ কোটি টাকা ব্যয় ধরা হয়েছে।",1,1,0,1,False
"আইনমন্ত্রী আনিসুল হক বলেছেন, ভোট দেওয়া আনন্দের বিষয়। আমি অত্যন্ত আনন্দিত। আমি আরও আনন্দিত সারাদেশে স্বতঃস্ফূর্তভাবে ভোটকেন্দ্রে এসে মানুষ ভোট দিচ্ছে। জনগণ গণতন্ত্রকে প্রতিষ্ঠা করার জন্য প্রতিজ্ঞাবদ্ধ। সেটাই আজকে প্রমাণিত হচ্ছে। বাংলাদেশের জনগণ সন্ত্রাস প্রত্যাখ্যান করেছে। আজকের যেই ভোট সেই ভোট হচ্ছে গণতন্ত্রকে রক্ষার ভোট। ইনশা আল্লাহ বিজয়ী হয়ে গণতন্ত্রকে রক্ষা করব। ব্রাহ্মণবাড়িয়ার কসবায় পানিয়ারুপ সরকারি প্রাথমিক বিদ্যালয় ভোটকেন্দ্রে গতকাল ভোট দেওয়ার পর সাংবাদিকদের প্রশ্নের জবাবে তিনি এসব কথা বলেন।আইনমন্ত্রী আরও বলেন, মানুষ গাড়িতে চরে, রিক্সায় চরে ভোট দিতে আসছে। হরতাল মানে এগুলো বন্ধ থাকার কথা। তার মানে হচ্ছে বাংলাদেশের মানুষ হরতাল মানে না এবং হরতাল প্রত্যাখ্যান করছে।বিএনপি নির্বাচনে না এসে কোনো ভুল করেছে কিনা এমন প্রশ্নের জবাবে বলেন, বিএনপিতে যারা গণতন্ত্রমনা আছে তারা নির্বাচনে না এসে অবশ্যই ভুল করেছে। কারণ তারা জনগণের কাছে গ্রহণযোগত্যার পরীক্ষা দেয়নি। বাংলাদেশে আইনের শাসন আছে এবং অসহযোগ আন্দোলনে অন্যায় ও অপরাধ করলে আইন তার নিজস্ব গতিতে চলবে।",1,1,0,1,False
"কৃষিমন্ত্রী ড. আবদুর রাজ্জাক বলেছেন, এবারের নির্বাচন ইতিহাসে স্থান পাক। শান্তির নির্বাচন হোক। মানুষকে আরও উন্নত জীবনে নেওয়ার জন্য স্বপ্নের সমৃদ্ধ সোনার বাংলা গড়ার প্রত্যাশা পূরণ হোক। গতকাল ধনবাড়ীতে তার নিজ গ্রাম মুশুদ্দি খন্দকার পাড়া সরকারি প্রাথমিক বিদ্যালয় কেন্দ্রে ভোট দিয়ে সাংবাদিকদের প্রশ্নের জবাবে তিনি এসব কথা বলেন।সকাল ১০টায় তার ৯৪ বছর বয়সী মা রেজিয়া বেগম ও সহধর্মিণী শিরিনা আক্তার বানুসহ পরিবারের অন্যান্য সদস্যের সঙ্গে ভোট প্রদান করেন তিনি। পরে কৃষিমন্ত্রী টাঙ্গাইল-১ আসনের মধুপুর-ধনবাড়ী উপজেলার বিভিন্ন ভোটকেন্দ্র পরিদর্শন করেন।",1,1,0,1,False
"দ্বাদশ জাতীয় সংসদ নির্বাচন নিয়ে প্রধানমন্ত্রী ও আওয়ামী লীগ সভানেত্রী শেখ হাসিনার কৌশলী চাল সফল হয়েছে, এমন কথা বলা ভুল হবে না। প্রধান বিরোধী দল বিএনপির বর্জনের মধ্যে সারাদেশে গড়ে ৪০ শতাংশ ভোটারের উপস্থিতি নিঃসন্দেহে এ নির্বাচন নিয়ে প্রশ্ন তোলার অবকাশ রাখেনি। তা ছাড়া নির্বাচন নিয়ে বিদেশি পর্যবেক্ষকদের অভিমতও নির্বাচনের গ্রহণযোগ্যতা তুলে ধরে। ফলাফলে দেখা যাচ্ছে অনেক হেভিওয়েট প্রার্থী এবং বর্তমান সরকারের মন্ত্রীও নির্বাচনে পরাজিত হয়েছে। এটিও সুষ্ঠু নির্বাচনের প্রমাণ দেয়। এখন দেখার বিষয় হলো, যুক্তরাষ্ট্রসহ যেসব পশ্চিমা দেশ নির্বাচন নিয়ে সরকারের ওপর চাপ প্রয়োগ করেছিল তারা কী ভূমিকা নেয়। অভ্যন্তরীণভাবে দেশবাসীর জন্য কৌতূহলের বিষয় হবে আগামী সংসদে বিরোধী দলের আসন কারা নেবে সে প্রশ্নের কী মীমাংসা হচ্ছে তা।এ লেখাটি যখন লিখছি তখনো ফলাফল সম্পূর্ণ হাতে আসেনি, তবে মনে হচ্ছে স্বতন্ত্র প্রার্থীরা সংসদে দ্বিতীয় অবস্থানে থাকছে। এ ক্ষেত্রে বলা যায়, তারা একজোট হয়ে স্বতন্ত্র দল নামে একটি দল গঠন করতে পারে। এখানে উল্লেখ করা যায় ভারতে ক্ষমতাসীন কংগ্রেস থেকে বেরিয়ে এসে ১৯৫৯ সালে সেদেশের প্রবীণ রাজনীতিবিদ চক্রবর্তী রাজা গোপালাচারি গঠন করেছিলেন স্বতন্ত্রী পার্টি। তার সাথে ছিলেন বিখ্যাত সমাজতত্ত্ববিদ মিনু মাসানি, তরুণ রাজনীতিক পিলু মোদি প্রমুখ। গোপালাচারি মনে করতেন জওহরলাল নেহরুর নেতৃত্বে কংগ্রেস ক্রমেই বামপন্থি দলে পরিণত হচ্ছে। তাই তিনি মধ্য ডানপন্থি দল হিসেবে স্বতন্ত্র পার্টি গঠন করেছিলেন। দলটি ১৯৭৪ সন পর্যন্ত সক্রিয় ছিল, পরে ভারতীয় লোকদলের সঙ্গে একীভূত হয়। এদেশে অনেকের প্রত্যাশা হলো মুক্তিযুদ্ধের মাধ্যমে অর্জিত দেশের বিরোধী দলও হবে মুক্তিযুদ্ধের চেতনা ও ইতিহাসে বিশ্বাসী ও তাতে দায়বদ্ধ। আন্তরিকভাবে চেষ্টা করলে এদেশের স্বতন্ত্র দল এমন ভূমিকা পালন করতে পারে। এখানে হয়তো সমালোচনাটা হতে পারে যে বর্তমান আওয়ামী লীগ ক্রমেই দক্ষিণপন্থা ও রাজনীতিতে ধর্মকে ব্যবহারের দিকে ঝুঁকছে। তার বিকল্প মধ্যবাম দল গঠন হবে এখন ইতিহাসের দাবি।যা-ই হোক আপাতত বলতে হবে যে এ নির্বাচনে রাজনীতিক শেখ হাসিনা বিজয়ী হয়েছেন। তাকে আমরা অভিনন্দন জানাই। এবার চতুর্থ দফায় তার কাছে দেশবাসীর কামনা হবে উন্নয়নের ধারা অব্যাহত রাখার পাশাপাশিÑ ১. সরকার ও প্রশাসনের স্বচ্ছতা ও জবাবদিহিতা প্রতিষ্ঠা, ২. সুশাসন নিশ্চিত করা, ৩. অর্থনীতিতে শৃঙ্খলা ফিরিয়ে আনা ও দুর্নীতি বন্ধ করা, ৪. দলীয় নেতা-কর্মীদের ক্ষমতার দাপট বন্ধ করা এবং ৫. সমালোচনা ও মতপ্রকাশের স্বাধীনতার বিষয়ে আন্তরিক ভূমিকা গ্রহণ। আশা করি শেখ হাসিনা এদিকে নজর দেবেন।সব শেষে বলতে হবে যে বিএনপির নির্বাচন বর্জনের সিদ্ধান্ত ভুল ছিল। আর নির্বাচন চলাকালে ও নির্বাচনের পর তাদের নেতাদের বক্তব্য বাস্তবতার সাথে সঙ্গতিপূর্ণ হয়নি। বর্জন ও প্রতিরোধের লাইনে চললে যে কোনো দলকে সহিংসতার দায় নিতে হয় যা শেষ পর্যন্ত দলের ভাবমূর্তি ক্ষতিগ্রস্ত করে। দ্বাদশ সংসদ নির্বাচনের পর বিএনপির জন্য সুস্থ ধারার রাজনীতি এগিয়ে নেওয়া আরও কঠিন হয়ে পড়ল।বিজয়ী দলকে অভিনন্দন জানিয়ে আমরা স্মরণ করিয়ে দেব দেশবাসী চায় শান্তিপূর্ণ পরিবেশ। বড় দলসহ সব রাজনৈতিক দলের কাছ থেকেই কাম্য হলো দায়িত্বশীল দেশপ্রেমিক ভূমিকা। আশা করি তাদের দায়িত্বের কথা রাজনীতিবিদরা মনে রাখবেন।",1,1,0,1,False
"আওয়ামী লীগের সাধারণ সম্পাদক ওবায়দুল কাদের বলেছেন, নিরপেক্ষ নির্বাচন কমিশনের অধীনে কীভাবে নির্বাচন সুষ্ঠু হয় তা শেখ হাসিনা প্রমাণ করে দিয়েছেন। গতকাল রবিবার সন্ধ্যায় রাজধানীর তেজগাঁওয়ে ঢাকা জেলা আওয়ামী লীগের কার্যালয়ে এক সংবাদ সম্মেলনে তিনি এ কথা বলেন।দ্বাদশ জাতীয় সংসদ নির্বাচন নিয়ে আওয়ামী লীগের প্রতিক্রিয়া জানাতে আয়োজিত সংবাদ সম্মেলনে সাধারণ সম্পাদক ওবায়দুল কাদের বলেন, ‘শেখ হাসিনা প্রমাণ করে দিয়েছেন স্বাধীন নিরপেক্ষ নির্বাচন কমিশনের অধীনে কীভাবে একটা গ্রহণযোগ্য নির্বাচন করতে হয়। আর সকলে তা প্রত্যক্ষ করেছেন।সুষ্ঠু নির্বাচন অনুষ্ঠানের মধ্য দিয়ে শেখ হাসিনা অনন্য দৃষ্টান্ত স্থাপন করেছেন।’দ্বাদশ জাতীয় সংসদ নির্বাচনকে ‘জনগণের বিজয়’ বলে মন্তব্য করে ওবায়দুল কাদের বলেন, জনগণ তাদের পছন্দমতো প্রার্থীদের ভোট দিয়েছে। ভোট প্রদানে কোনো প্রকার ভয়ভীতি বা হস্তক্ষেপ হয়নি। এই নির্বাচন গণতান্ত্রিক অগ্রযাত্রাকে শক্তিশালী করবে।বাধাবিপত্তি অতিক্রম করে শান্তিপূর্ণ নির্বাচন অনুষ্ঠিত হয়েছে দাবি করে আওয়ামী লীগের সাধারণ সম্পাদক বলেন, আমাদের আন্তর্জাতিক বন্ধুদের বিভ্রান্ত করতে চাওয়া হয়েছিল। বিএনপির ভোট বর্জন প্রসঙ্গে ওবায়দুল কাদের বলেন, ‘এই নির্বাচনের মধ্য দিয়ে জনগণ তাদের বর্জন করেছে। তারা গণতন্ত্রকে হত্যা করেছে। হরতাল-অবরোধ দিয়ে অগ্নিসন্ত্রাস করেছে।’ এ সময় সুষ্ঠু নির্বাচন করায় আইনশৃঙ্খলা বাহিনীসহ নির্বাচন পরিচালনা সংশ্লিষ্ট সবাইকে ধন্যবাদ জানান তিনি।সংবাদ সম্মেলনে আওয়ামী লীগের সাংগঠনিক সম্পাদক বিএম মোজাম্মেল হক ও সুজিত রায় নন্দী, স্বাস্থ্যবিষয়ক সম্পাদক ডা. রোকেয়া সুলতানা, ঢাকা উত্তর সিটি করপোরেশনের মেয়র আতিকুল ইসলাম, বঙ্গবন্ধুর জন্মশতবর্ষ উদযাপন জাতীয় বাস্তবায়ন কমিটির প্রধান সমন্বয়ক কবি কামাল আব্দুল নাসের চৌধুরী প্রমুখ উপস্থিত ছিলেন।",1,1,0,1,False
"প্রধান নির্বাচন কমিশনার (সিইসি) কাজী হাবিবুল আউয়াল বলেছেন, সরকারের সহায়তা ছিল; আন্তরিকতা ছিল। তাই সবার সমন্বিত প্রচেষ্টায় দলীয় সরকারের অধীনে অবাধ, সুষ্ঠু ও নিরপেক্ষ নির্বাচন হয়েছে। ভোট পড়েছে ৪০ শতাংশের মতো।গতকাল রবিবার ভোটগ্রহণ শেষে আগারগাঁও নির্বাচন কমিশন কার্যালয়ে এক ব্রিফিংয়ে এ মূল্যায়ন করেন সিইসি। এ সময় অন্যান্য নির্বাচন কমিশনার ও কমিশনের সচিব উপস্থিত ছিলেন।সিইসি বলেন, ‘ভোটের হারের এই হিসাবে (৪০ শতাংশ) কিছুটা ব্যত্যয় হতে পারে। সব গণনার পর ভোটের হারবাড়তেও পারে, বাড়তে না-ও পারে।’ তিনি বলেন, ‘ভোটাররা স্বাধীনভাবে ভোট দিতে পেরেছেন। কিছু কিছু জায়গায় ব্যালট নিয়ে সিল মারার চেষ্টা হয়েছে। কিছু কিছু বাক্সের ভেতর থেকে সিল মারা ব্যালট উদ্?ঘাটন করা হয়েছে, সেখানে কিন্তু সিল নেই। গণনা থেকে এসব ব্যালট বাদ দেওয়া হবে।’ সিইসি বলেন, ‘কমিশন খুব ভালো করেছে, তা তারা বলছে না। তবে তারা চেষ্টার কোনো ত্রুটি রাখেননি।’সিইসি জানান, ৯০ শতাংশের মতো কেন্দ্রে সকালে ব্যালট পাঠানো হয়েছিল; বাকি দুর্গম কেন্দ্রে ব্যালট গেছে আগের দিন রাতে।ইসির তথ্য অনুযায়ী ১৪০টি কেন্দ্রে অনিয়মের ঘটনা ঘটেছে। গ্রেপ্তার করা হয়েছে ৪২ জনকে। নির্বাচন কমিশন চট্টগ্রাম-১৬ আসনে আওয়ামী লীগ প্রার্থী মোস্তাফিজুর রহমানের প্রার্থিতা বাতিল করেছে। অন্তত ৯টি আসনে ২১টি কেন্দ্রে ভোট স্থগিত করা হয়েছে।নির্বাচনে দায়িত্ব পালন করায় সশস্ত্র বাহিনী, প্রশাসন, আধা সামরিক বাহিনী, আইনশৃঙ্খলা রক্ষাকারী বাহিনীসহ সংশ্লিষ্টদের ধন্যবাদ জানান সিইসি।ভোটের গ্রহণযোগ্যতা নিয়ে সিইসি বলেন, তার কথায় কেউ বিশ্বাস করবেন না। তবে সবার কথা মোটামুটি মিলে গেলে জনগণ তাদের মনোভাব তৈরি করবেন।দেশে ২০০৮ সালে নবম জাতীয় সংসদ নির্বাচনে ৮৭ শতাংশের বেশি ভোট পড়ে। ২০১৪ সালে দশম জাতীয় সংসদ নির্বাচন বিএনপি বর্জন করে। ওই নির্বাচনে ১৫৩ প্রার্থী বিনাপ্রতিদ্বন্দ্বিতায় নির্বাচিত হন। বাকি আসনগুলোয় ৪০ শতাংশের মতো ভোট পড়ে। ২০১৮ সালের নির্বাচনে সব বড় দল অংশগ্রহণ করে। ভোট পড়ে প্রায় ৮০ শতাংশ।",1,1,0,1,False
"ভোটগ্রহণ শেষ হওয়ার পর দ্বাদশ সংসদ নির্বাচন নিয়ে সন্তোষ প্রকাশ করেছেন ওআইসি, রাশিয়া, ফিলিস্তিন ও গাম্বিয়ার পর্যবেক্ষকরা। গতকাল রবিবার বিকালে রাজধানীর একটি হোটেলে সংবাদ সম্মেলন করে প্রতিনিধিরা এই প্রতিক্রিয়া জানান। এ ছাড়া আরও কয়েকটি দেশের পর্যবেক্ষক প্রতিনিধিরা রবিবার বিভিন্ন স্থানের ভোটকেন্দ্র পরিদর্শন করেছেন।সংবাদ সম্মেলনে ওআইসির নির্বাচন ইউনিটের প্রধান শেখ মোহাম্মদ বন্দর বলেন, পর্যবেক্ষক হিসেবে সহিংসতার কোনো চিহ্ন চোখে পড়েনি। আমি অবাক হয়েছি, দোকানপাট বন্ধ কেন! সড়কে কোনো মানুষ দেখা যায়নি। শহর ছিল শান্ত। তিনি আরও বলেন, নির্বাচনী পরিবেশ দেখে আমরা সন্তুষ্ট। আমরা ভালো নির্বাচনী প্রক্রিয়া দেখেছি।ভোটার উপস্থিতি সংক্রান্ত এক প্রশ্নের জবাবে ওআইসি প্রতিনিধি দলের সদস্য শেখ মোহাম্মদ বন্দর বলেন, ‘১৫ বা ১৬ শতাংশ ভোট পড়লে সেটা নির্বাচন আয়োজকদের জন্য বার্তা। এর কারণ রাজনীতিকরা বিশ্লেষণ করবেন।’এদিকে দ্বাদশ জাতীয় সংসদ নির্বাচনের ভোটগ্রহণকে স্বচ্ছ, অবাধ, গ্রহণযোগ্য ও গণমাধ্যম সহায়ক বলে উল্লেখ করেছেন রাশিয়ার কেন্দ্রীয় নির্বাচন কমিশনার অ্যান্দ্রে ওয়াই শুটুভ। তিনি বলেন, ‘দারুণ নির্বাচন সম্পন্ন হয়েছে। কোনো বিষয়ে তথ্যের অভাব ছিল না। গণমাধ্যম স্বাধীনভাবে সংবাদ সংগ্রহ করেছে। নির্বাচন স্বচ্ছ উন্মুক্ত ও বিশ্বাসযোগ্য হয়েছে।ফিলিস্তিনি নির্বাচন পর্যবেক্ষক দলেরপ্রধান হিশাম কুহাইল বলেন, ‘আন্তর্জাতিক মানদ- বজায় রেখে সুষ্ঠু ও শান্তিপূর্ণ পরিবেশে বাংলাদেশের দ্বাদশ জাতীয় সংসদ নির্বাচন হয়েছে। নির্বাচন পরিচালনাকারীরাও ভালোভাবে প্রশিক্ষিত ছিলেন।’এদিকে দ্বাদশ সংসদ নির্বাচন পর্যবেক্ষণ করতে আসা মার্কিন প্রতিনিধি দলের সদস্যরা গাজীপুরের কয়েকটি কেন্দ্র পরিদর্শন করেছেন। এ ছাড়া কমনওয়েলথ প্রতিনিধি দলের সদস্যরা পরিদর্শন করেছেন চট্টগ্রামের সীতাকু-ের কয়েকটি ভোটকেন্দ্র। অন্যদিকে গাজীপুরের টঙ্গীর কয়েকটি কেন্দ্র পরিদর্শন করেছে ভারতীয় প্রতিনিধি দল। গতকাল রবিবার ভোট পর্যবেক্ষণের সময় বিদেশি প্রতিনিধি দলের সদস্যরা সংশ্লিষ্টদের সঙ্গে কথা বলেন।মার্কিন প্রতিনিধি দলের সদস্যরা রবিবার সকালে গাজীপুর-৩ আসনের দুটি ভোটকেন্দ্র পরিদর্শন করেন। এ সময় তারা কেন্দ্র দুটির প্রিসাইডিং অফিসারদের সঙ্গে কথা বলেন। প্রতিনিধি দলের সদস্যদের নাম প্রকাশ করা হয়নি।মাওনা বহুমুখী উচ্চ বিদ্যালয়-১ কেন্দ্রের প্রিসাইডিং অফিসার ওয়াহিদুল আবরার বলেন, তারা নির্বাচনের সামগ্রিক অবস্থা জানতে চেয়েছেন, সেসব কিছু অবগত করা হয়েছে। অপর কেন্দ্র মাওনা বহুমুখী উচ্চ বিদ্যালয়-২ কেন্দ্রের প্রিসাইডিং অফিসার মো. মাহবুবুল আলম জানান, প্রতিনিধি দলের সদস্যরা ১৫ মিনিটের মতো তার কেন্দ্রে অবস্থান করেন। নির্বাচনে কেউ প্রভাব বিস্তার করেছে কিনাÑ এ রকম নানা বিষয়ে জানতে চান।গতকাল রবিবার দুপুরে টঙ্গীর বিসিক এলাকার শহীদ স্মৃতি উচ্চ বিদ্যালয় কেন্দ্র পরিদর্শন করে ভারতীয় প্রতিনিধি দলটি। এ সময় ভোটকেন্দ্রে প্রার্থীর পক্ষে থাকা এজেন্ট ও ভোটারদের সঙ্গে কথা বলেন তারা। প্রতিনিধি দলে ছিলেন ভারতের প্রেসক্লাবের সভাপতি গৌতম লেহেরী, ভারত সরকারের সাবেক আমলা অমিতাভ রায়, সাংবাদিক ড. সুরেষ চন্দ্র শুকলা ও ইন্ডিয়া টুডের সম্পাদক এস ভেঙ্কট নারায়ণ।প্রতিনিধি দলের এক সদস্য বলেন, মানুষ ধীরে ধীরে বেরিয়ে আসছেন এবং ভোট দিচ্ছেন। ভোটের শতাংশ হিসেবে হয়তো এখনো আশানুরূপ হয়নি, কিন্তু শান্তিপূর্ণভাবে ভোট হচ্ছে।এদিকে চট্টগ্রামের সীতাকু-ের বিভিন্ন ভোটকেন্দ্র পরিদর্শন করেছেন কমনওয়েলথ প্রতিনিধি দলের দুই সদস্য। এ সময় তারা ভোটারদের সঙ্গে কথা বলেন। পরে সীতাকু- বালিকা বিদ্যালয় কেন্দ্র পরিদর্শন শেষে তারা সাংবাদিকদের সঙ্গে কথা বলেন।কমনওয়েলথ প্রতিনিধি দলের সফরের সময় তাদের সঙ্গে ছিলেন সীতাকু- উপজেলা নির্বাহী কর্মকর্তা ও সহকারী রিটার্নিং কর্মকর্তা কেএম রফিকুল ইসলাম। কেন্দ্রে ভোটদান প্রদ্ধতি দেখে সন্তোষ প্রকাশ করে কমনওয়েলথ প্রতিনিধি দল। তবে ভোটার উপস্থিতি নিয়ে কোনো মন্তব্য করেননি তারা।অন্যদিকে নির্বাচন শান্তিপূর্ণ, অবাধ ও সুষ্ঠু হয়েছে বলে মন্তব্য করেছেন যুক্তরাষ্ট্র থেকে আসা পর্যবেক্ষকরা। যদিও কানাডাসহ পশ্চিমা বিশ^ এই নির্বাচন পর্যবেক্ষণ করছে না। সাবেক মার্কিন কংগ্রেসম্যান জিম বেটস বলেন, আমি যেটি দেখেছি সেটি হচ্ছে নির্বাচন শান্তিপূর্ণ, অবাধ ও সুষ্ঠু হয়েছে। বাংলাদেশে ভোটগ্রহণের সময় বিশ্বে সবচেয়ে কম।’ বিশ্বের অন্য কোনো দেশে আট ঘণ্টা ভোট হয় না। তিনি বলেন, আমি অবশ্যই বলতে চাই, আমার দেশের মিডিয়া বাংলাদেশের মিডিয়ার মতো অনুসন্ধানী ও সৎ নয়। এখানকার গণমাধ্যম যেটি বাস্তবে হয় সেটির বিষয়ে তারা রিপোর্ট করে।",1,1,0,1,False
"দ্বাদশ জাতীয় সংসদ নির্বাচনে মন্ত্রী, প্রতিমন্ত্রী ও উপমন্ত্রীদের বেশির ভাগই বিজয়ী হয়েছেন। আওয়ালীগ সভানেত্রী প্রধানমন্ত্রী শেখ হাসিনা গোপালগঞ্জ-৩ আসনে বিজয়ী হয়েছে। গাজীপুর-১ আসনে টানা চতুর্থবারের মতো দলীয় প্রতীক নৌকা নিয়ে বিজয়ী হয়েছেন মুক্তিযুদ্ধ বিষয়কমন্ত্রী ও গাজীপুর জেলা আওয়ামী লীগের সভাপতি আ ক ম মোজাম্মেল হক, নোয়াখালী-৫ আসনে আওয়ামী লীগের সাধারণ সম্পাদক ও সেতুমন্ত্রী ওবায়দুল কাদের, ব্রাহ্মণবাড়িয়া-৪ আসনে আইনমন্ত্রী আনিসুল হক, চট্টগ্রাম-৭ আসনে তথ্যমন্ত্রী ড. হাছান মাহমুদ, চাঁদপুর-৩ আসনে আওয়ামী লীগের যুগ্ম সাধারণ সম্পাদক ও শিক্ষামন্ত্রী দীপু মনি, রংপুর-৪ আসনে টিপু মুনশি, নওগাঁ-১ আসনে আওয়ামী লীগের প্রার্থী খাদ্যমন্ত্রী সাধন চন্দ্র মজুমদার, লালমনিরহাট-২ আসনে সমাজকল্যাণমন্ত্রী নুরুজ্জামান আহমেদ।নৌপ্রতিমন্ত্রী খালিদ মাহমুদ চৌধুরী দিনাজপুর-২, মৎস্য প্রতিমন্ত্রী পিরোজপুর-১ শ ম রেজাউল করিম, ময়মনসিংহ-২ আসনে গণপূর্ত প্রতিমন্ত্রী শরীফ আহমেদ, নাটোর-৩ আসনে জুনাইদ আহমেদ পলক, মেহেরপুর-১ আসনে ফরহাদ হোসেন, রাজশাহী-৬ আসনে শাহরিয়ার আলম, গাজীপুর-২ আসনে জাহিদ আহসান রাসেল, শরীয়ত-২ আসনে একেএম এনামুল হক শামীম, চট্টগ্রাম-৯ আসনে মহিবুল হাসান চৌধুরী নওফেল বিজয়ী হয়েছেন।",1,1,0,1,False
"নৌপরিবহন প্রতিমন্ত্রী খালিদ মাহমুদ চৌধুরী বলেছেন, ‘এই নির্বাচন আত্মসম্মানের নির্বাচন। প্রধানমন্ত্রী ক্ষমতায় থেকেও এত সুন্দর একটি নির্বাচন উপহার দিয়েছেন, যা বাংলাদেশের ইতিহাসে বিরল। রাজনৈতিক দলের যদি সদিচ্ছা থাকে, তাহলে সফল নির্বাচন করা যেতে পরে, তা আজকের নির্বাচনে প্রমাণিত হয়েছে। এই নির্বাচনকে ঘিরে অনেকেই ফায়দা নেওয়ার চেষ্টা করেছে, জাতীয় ও আন্তর্জাতিকভাবে। তারা সবসময় উত্তেজনা ঘটাতে ব্যস্ত থাকে। কিন্তু বাংলাদেশের মানুষ উত্তেজনার বদলে উৎসবকে বেছে নিয়েছে। তাই অনেক প্রতিকূলতার মধ্যেও নির্বাচন হয়েছে।’আজ রবিবার রাতে সাংবাদিকদের এ কথা বলেন নৌপরিবহন প্রতিমন্ত্রী খালিদ মাহমুদ চৌধুরী। দিনাজপুর-২ (বিরল-বোচাগঞ্জ) আসনে বিপুল ভোটে জয়লাভ করেছেন তিনি। এর মাধ্যমে ২০০৮ সাল থেকে তিনি চতুর্থবারের মতো সংসদ সদস্য নির্বাচিত হতে যাচ্ছেন।প্রতিমন্ত্রী বলেন, ‘যারা অনেক প্রতিকূলতার মধ্যেও ভোট দিয়েছেন, তারা প্রমাণ করেছেন সন্ত্রাসী কর্মকাণ্ড এদেশের মানুষ প্রত্যাখান করে। এই ভোট সহিংসতা-সন্ত্রাসের বিরুদ্ধে সমুচিত জবাব। ফলে এই নির্বাচনে শুধু আওয়ামী লীগ জয়ী হয়নি, এই নির্বাচনে জয়ী হয়েছে বাংলাদেশ। আজকের এই দিনে আমি স্মরণ করছি জাতির পিতা বঙ্গবন্ধু শেখ মুজিবুর রহমানকে।’তিনি বলেন, ‘সফল একটি নির্বাচন সম্পন্ন করেছি আমরা। এজন্য বোচাগঞ্জ উপজেলার সকল জনগণকে ধন্যবাদ জানাই। আমাদের উপজেলার বাইরে যারা থাকেন তারা ভোট দেওয়ার জন্যই দূর-দূরান্ত থেকে এসেছেন। ফলে তাদের প্রতি ধন্যবাদ জ্ঞাপন করছি।’উল্লেখ্য, দ্বাদশ জাতীয় সংসদ নির্বাচনে দিনাজপুর-২ আসনে মোট ভোট এসেছে ১ লাখ ৮৯ হাজার ১২০। এর মধ্যে নৌপ্রতিমন্ত্রী খালিদ মাহমুদ চৌধুরী পেয়েছেন ১ লাখ ৭৩ হাজার ৯১২ ভোট। স্বতন্ত্র প্রার্থী আনোয়ার চৌধুরী জীবন পেয়েছেন ১০ হাজার ৩৫৯ ভোট এবং জাতীয় পার্টির মাহবুব আলম পেয়েছেন ৪ হাজার ৮৪৯ ভোট।",1,1,0,1,False
"দ্বাদশ জাতীয় সংসদ নির্বাচনের প্রচারণায় ঝড় তুললেও আশানুরূপ ভোট পেলেন না চিত্রনায়িকা মাহিয়া মাহি।ওই আসনের বর্তমান এমপি নৌকা প্রতীকের প্রার্থী ওমর ফারুক চৌধুরী বিজয়ী হয়েছেন। দুই উপজেলায় মাহিয়া মাহি ট্রাক প্রতীকে পেয়েছেন ৯ হাজার ৯ ভোট। আর টানা তিনবারের এমপি ওমর ফারুক চৌধুরী পেয়েছেন ১ লাখ ৩ হাজার ৫৯২ ভোট।  রবিবার রাত ১০টার পর রিটার্নিং কর্মকর্তার কার্যালয় থেকে ভোটের এই ফলাফল ঘোষণা করা হয়। রাজশাহী-১ (তানোর- গোদাগাড়ী) আসনে প্রতিদ্বন্দ্বিতা করেন মাহি।ফলাফল অনুযায়ী, স্বতন্ত্র প্রার্থী গোলাম রব্বানী কাঁচি প্রতীকে পেয়েছেন ৯২ হাজার ৪১৯ ভোট। তৃণমূল বিএনপির প্রার্থী জামাল খান দুদু সোনালী আঁশ প্রতীকে ২৭৩ ভোট, বিএনএমের প্রার্থী মো. শামসুজ্জোহা নোঙ্গর প্রতীকে ১ হাজার ৯১১ ভোট, জাতীয় পার্টির প্রার্থী মো. শামসুদ্দিন লাঙ্গল প্রতীকে ৯৩৮ ভোট, পররাষ্ট্র প্রতিমন্ত্রী শাহরিয়ার আলমের সহধর্মিণী আয়েশা আক্তার জাহান ডালিয়া বেলুন প্রতীকে ২ হাজার ৭১৮ ভোট, এনপিপির প্রার্থী নুরুন্নেসা আম প্রতীকে ২৯৬ ভোট, বাংলাদেশ সাংস্কৃতিক মুক্তিজোটের বশির আহমেদ ছড়ি প্রতীকে ৩৩৫ ও বিএনএফের প্রার্থী মো. আল সাআদ টেলিভিশন প্রতীকে ৬০৩ ভোট পেয়েছেন। এ ছাড়া প্রতীক বরাদ্দের পর নির্বাচন থেকে সরে দাঁড়িয়ে গোলাম রব্বানীকে সমর্থন দেওয়া আওয়ামী লীগ নেতা মো. আখতারুজ্জামানের ঈগল প্রতীকে পড়েছে ২০২ ভোট। এ আসনে মোট ২ লাখ ১৯ হাজার ৭৯৩ জন ভোটার ভোট দেন।এদিকে ভোট চলাকালে বিভিন্ন কেন্দ্র পরিদর্শন করে মাহি সাংবাদিকদের বলেছিলেন, ‘ফলাফল যা হওয়ার হবে, আমি হারি আর জিতি ইনশাআল্লাহ কালকে (সোমবার) পুরো এলাকায় একটা শোডাউন দেব। হেরে গেলেও সবাইকে জানান দেব, আমি তাদের সঙ্গে আছি।’",1,1,0,1,False
"দ্বাদশ জাতীয় সংসদ নির্বাচনে নওগাঁর পাঁচটি আসনের মধ্যে তিনটি আওয়ামী লীগ মনোনীত প্রার্থী ও দুটিতে স্বতন্ত্র প্রার্থী জয়ী হয়েছেন। রবিবার রাতে নওগাঁর জেলা প্রশাসক ও জেলা রিটার্নিং কর্মকর্তা মো. গোলাম মওলা বেসরকারিভাবে এই ফল ঘোষণা করেন।ঘোষিত ফল থেকে জানা যায়, নওগাঁ-১ আসনে খাদ্যমন্ত্রী সাধন চন্দ্র মজুমদার বিজয়ী হয়েছেন। তার প্রাপ্ত ভোটের সংখ্যা ১ লাখ ৭৬ হাজার ৯০০ ভোট। তার নিকটতম প্রতিদ্বন্দ্বী স্বতন্ত্র (ট্রাক প্রতীক) মো. খালেকুজ্জামান তোতা পেয়েছেন ৭৬ হাজার৭২৯ ভোট। নওগাঁ-৩ আসনে নৌকা প্রতীক নিয়ে প্রতিদ্বন্দ্বিতা করে সাবেক সিনিয়র সচিব সৌরেন্দ্রেনাথ চক্রবর্তী বিজয়ী হয়েছেন। তিনি ভোট পেয়েছেন ১ লাখ ৩৮ হাজার ৫৬১। তার নিকটতম প্রতিদ্বন্দ্বী স্বতন্ত্র প্রার্থী বর্তমান সংসদ সদস্য ছলিম উদ্দিন তরফদার ট্রাক প্রতীকে পেয়েছেন ৬০ হাজার ৫১ ভোট।নওগাঁ-৪ আসনে স্বতন্ত্র প্রার্থী ব্রহানী সুলতান মামুদ গামা ট্রাক প্রতীক নিয়ে প্রতিদ্বন্দ্বিতা করে বিজয়ী হয়েছেন। তার প্রাপ্ত ভোট ৮৫ হাজার ১৮০। তার নিকটতম প্রতিদ্বন্দ্বী আওয়ামী লীগের প্রার্থী নাহিদ মোর্শেদ পেয়েছেন ৬২ হাজার ১৩২ ভোট।নওগাঁ-৫ আসনে আওয়ামী লীগের প্রার্থী বর্তমান সংসদ সদস্য নিজাম উদ্দিন জলিল জন বিজয়ী হয়েছেন। তিনি ভোট পেয়েছেন ১ লাখ ৪ হাজার ৬৭১। তার নিকটতম প্রতিদ্বন্দ্বী স্বতন্ত্র প্রার্থী ট্রাক প্রতীক নিয়ে প্রতিদ্বন্দ্বিতা করে ভোট পেয়েছেন ৫২ হাজার ৮৮৪।নওগাঁ-৬ আসনে স্বতন্ত্র প্রার্থী ওমর ফারুক সুমন বিজয়ী হয়েছেন। ট্রাক প্রতীক নিয়ে তিনি পেয়েছেন ৭৬ হাজার ৭১৭ ভোট। তার নিকটতম প্রতিদ্বন্দ্বী আওয়ামী লীগ মনোনীত প্রার্থী বর্তমান সংসদ সদস্য আনোয়ার হোসেন হেলাল পেয়েছেন ৬৯ হাজার ৯৭১ ভোট। নওগাঁ-২ আসনের স্বতন্ত্র প্রার্থী আমিনুল হক গত ২৯ ডিসেম্বর মারা যাওয়ায় ওই আসনের ভোট বাতিল করেছে নির্বাচন কমিশন।",1,1,0,1,False
"দ্বাদশ জাতীয় সংসদ নির্বাচনের ভোটগ্রহণ আজ। এবারের নির্বাচনে ভোটারদের একটি বড় অংশ প্রথম এবং তরুণ ভোটার। প্রার্থী ও দলগুলোর প্রধান টার্গেটও তারাই। নতুন ভোটার হওয়া তরুণদের আড্ডায় এখন আলোচনার বিষয় নির্বাচন। তাই ধারণা করা হচ্ছে, জয়-পরাজয় নির্ধারণে বড় ফ্যাক্টর হবে তরুণদের ভোট। প্রথমবার ভোট দেওয়া নিয়ে উচ্ছ্বসিত তরুণ ভোটাররাও।এবারই প্রথম ভোট দেবেন রাজধানীর একটি পাবলিক বিশ^বিদ্যালয়ের শিক্ষার্থী এনামুল হক। তিনি বলেন, ‘জীবনের প্রথম সবকিছুর অভিজ্ঞতা অন্যরকম। প্রথমবার ভোট দেওয়া অপেক্ষায় আছি। নতুন এক অভিজ্ঞতা অর্জনের তীব্র উত্তেজনা কাজ করছে।’কেমন প্রার্থীকে ভোট দেবেন এমন প্রশ্নের জবাবে খুলনার একটি বেসরকারি মেডিক্যাল কলেজের শিক্ষার্থী জুরাইয়া কবির বলেন, ‘তরুণ ভোটার হিসেবে এটাই যেহেতু আমার প্রথম ভোট, তাই আমি খুবই উচ্ছ্বসিত। পদ্মা সেতু কর্ণফুলী টানেল বা মেট্রোরেলের সুবিধা; দেশের অবকাঠামোর এই পাল্টে যাওয়াটা আমাদের সামনেই হয়েছে। যিনি উন্নয়নের ধারাবাহিকতা রক্ষা করতে পারবেন বলে মনে করছি, তাকে ভোট দেব।’নির্বাচন কমিশনের হিসাব বলছে, দ্বাদশ জাতীয় সংসদ নির্বাচনে ১১ কোটি ৯৬ লাখ ভোটারের মধ্যে প্রথমবারের মতো ভোটাধিকার প্রয়োগের সুযোগ পাচ্ছেন ১ কোটি ৫৪ লাখ ৫২ হাজার ভোটার। আর বর্তমানে ১৮ থেকে ৩৩ বছর বয়সী ভোটারের সংখ্যা ৩ কোটি ৯৫ লাখ ৩৯ হাজার ৭২৪। অর্থাৎ মোট ভোটারের অর্ধেক ভোটারই তরুণ।নির্বাচনে তরুণদের সমর্থন পেতে নির্বাচনে অংশগ্রহণকারী রাজনৈতিক দল নানা প্রতিশ্রুতি দিয়ে নিজেদের ইশতেহার সাজিয়েছে। রাজনৈতিক দলগুলোর নির্বাচনী ইশতেহার বিশ্লেষণ করে দেখা যায়, আওয়ামী লীগ তাদের ইশতেহারে প্রতিশ্রুতি দিয়েছে ক্ষমতায় গেলে ২০৩০ সাল নাগাদ অতিরিক্ত ১ কোটি ৫০ লাখ মানুষের কর্মসংস্থান সৃষ্টির পদক্ষেপ নেওয়া হবে। আর ৫ বছরে ২ লাখ যুবকের মাঝে ৭৫০ কোটি টাকা যুবঋণ বিতরণের পাশাপাশি ২ লাখ ৫০ হাজার যুবককে আত্মকর্মী হিসেবে গড়ে তোলা হবে।জাতীয় পার্টি তাদের ইশতেহারে স্নাতক ও স্নাতকোত্তর করা তরুণ-তরুণীদের জন্য বেকার ভাতা প্রদানের প্রতিশ্রুতি দিয়েছে। আছে নারীদের জন্য অবৈতনিক উচ্চশিক্ষা নিশ্চিত করার অঙ্গীকার। আর তরুণদের ভোট টানতে কর্মসংস্থানের নিশ্চয়তার পাশাপাশি চাকরিতে প্রবেশের বয়সসীমা বৃদ্ধি, বেকার ভাতা ও জামানতবিহীন ঋণের প্রতিশ্রুতি দিয়ে ইশতেহার প্রণয়ন করেছে ওয়ার্কার্স পার্টি।",1,1,0,1,False
"আজ রবিবার সকাল ৮টা থেকে দ্বাদশ জাতীয় সংসদ নির্বাচনের ভোটগ্রহণ শুরু। ভোট দিতে হলে জানতে হবে ভোটার নম্বর ও কেন্দ্রের নাম। যারা লেখাপড়া জানেন না বা বয়স্ক, তাদের জন্য এটি একটি বিড়ম্বনার কাজ। তবে এ কাজটি সহজ করে দিয়েছে নির্বাচন কমিশন (ইসি)। এবার তারা স্মার্ট ইলেকশন ম্যানেজমেন্ট বিডি নামে একটি অ্যাপ চালু করেছে। তাই ভোটার নম্বর, কোন এলাকার ভোটার, ভোট কেন্দ্রের নাম ও ঠিকানা সংবলিত বিস্তারিত তথ্য এখন হাতের মুঠোয়। নির্বাচন কমিশনের নির্বাচন ব্যবস্থাপনা সংক্রান্ত অ্যাপে ভোট সম্পর্কিত সব তথ্যই রয়েছে।দ্বাদশ সংসদ নির্বাচনের জন্য নির্বাচন কমিশন স্মার্ট ইলেকশন ম্যানেজমেন্ট বিডি (smart election management BD)নামে একটি অ্যাপ গত নভেম্বরে উদ্বোধন করেছে। গুগল প্লে স্টোর ও অ্যাপলের অ্যাপ স্টোরে ইসির অ্যাপটি পাওয়া যাচ্ছে। স্মার্ট ইলেকশন ম্যানেজমেন্ট বিডি অ্যাপটিতে প্রবেশ করে প্রথম ভাষা নির্বাচন করতে হবে। এরপর ভোটার নিজের নম্বর জানতে চাইলে প্রথমে জন্মতারিখ ও জাতীয় পরিচয়পত্র নম্বর দিয়ে যাচাই করতে হবে। সেখানে দেখা যাবে ভোটার নম্বর ও ভোটিং ক্রমিক নম্বর। এরপর ভোটকেন্দ্র সম্পর্কে জানতে চাইলে ওপরের দিকে ডান পাশের সাইড বারে ভোটার কেন্দ্র অপশনে গিয়ে আবার জাতীয় পরিচয়পত্রের নম্বর ও জন্মতারিখ লিখতে হবে। সেখানে ভোটকেন্দ্রের তথ্য আসবে গুগল ম্যাপে ঠিকানাসহ। পাশাপাশি সংশ্লিষ্ট আসনে প্রার্থী কারা, সে তথ্যও আসবে। যদিও এই প্রতিবেদক ৭ জনকে দিয়ে যাচাই করে মাত্র ৩ জনের ভোটকেন্দ্রের তথ্য জানতে পেরেছেন। বাকিদের ব্যাপারে তথ্য পাওয়া যায়নি বলে বার্তা আসছিল।ভোটারের তথ্য ছাড়াও নির্বাচন সংশ্লিষ্ট বিভিন্ন তথ্য, নির্বাচনের ফলাফল নামে দুটি অপশন রয়েছে। সেখানে নির্বাচনের সরাসরি আপডেট জানা যাবে, নিবন্ধিত দল সম্পর্কেও জানা যাবে। ফলাফল অপশনে নির্বাচনের তথ্য জানা যাবে ভোট হওয়ার পর। সেখানে একাদশ সংসদ নির্বাচনের ফলাফল দেওয়া আছে। ইসি জানিয়েছে, ভোটের দিন দুই ঘণ্টা পরপর ভোটের প্রাপ্ত ফলাফল অ্যাপে হালনাগাদ করা হবে।",1,1,0,1,False
"সাধারণত জাতীয় নির্বাচনে বন্ধ থাকে গণপরিবহন। কিন্তু এবার আজ ভোটের দিন গণপরিবহন চলাচলের অনুমতি রয়েছে। তবে ট্যাক্সিক্যাব, পিকআপ ভ্যান, মাইক্রোবাস ও ট্রাক চলাচলে আজ রাত ১২টা পর্যন্ত নিষেধাজ্ঞা রয়েছে। আর গত শুক্রবার রাত ১২টা থেকে আগামীকাল রাত ১২টা পর্যন্ত নিষেধাজ্ঞা রয়েছে মোটরসাইকেল চলাচলে। যদিও আইনশৃঙ্খলা বাহিনী, প্রশাসন, নির্বাচন পর্যবেক্ষক দল ও জরুরি সেবা কাজে নিয়োজিত যানবাহন, চিকিৎসক ও অনুরূপ কাজে ব্যবহৃত দ্রব্যাদি ও সংবাদপত্র বহনকারী সব ধরনের যানবাহন এই নিষেধাজ্ঞার আওতাভুক্ত থাকবে। সড়ক পরিবহন ও মহাসড়ক বিভাগের প্রজ্ঞাপনে এ তথ্য জানানো হয়।এ ছাড়া আত্মীয়স্বজনের জন্য বিমানবন্দরে যাওয়া-আসার জন্য ব্যবহৃত যানবাহন (টিকিট বা অনুরূপ প্রমাণ প্রদর্শন) এবং দূরপাল্লার যাত্রী বহনকারী অথবা দূরপাল্লার যাত্রী হিসেবে স্থানীয় পর্যায়ে যাতায়াতের জন্য যে কোনো যানবাহন চলাচল করতে পারবে।প্রতিদ্বন্দ্বী প্রার্থীর জন্য ১টি, তাদের এজেন্টের জন্য ১টি গাড়ি রিটার্নিং অফিসারের অনুমোদন সাপেক্ষে চলাচল করতে পারবে। সাংবাদিক, পর্যবেক্ষক অথবা জরুরি কোনো কাজে ব্যবহৃত মোটরসাইকেল রিটার্নিং অফিসারের অনুমোদন নিয়ে চলাচল করতে পারবে।",1,1,0,1,False
"নারায়ণগঞ্জ-৪ আসনের সংসদ সদস্য ও দ্বাদশ জাতীয় সংসদ নির্বাচনে আসনটির নৌকা প্রতীকের প্রার্থী শামীম ওসমান দিনের শেষ দিকে এসে নিজের ভোট দিয়েছেন। নারায়ণগঞ্জ-৫ আসনের মাসদাইর এলাকার আদর্শ উচ্চ বিদ্যালয় কেন্দ্রে পরিবারসহ এসে ভোট দেন তিনি।আজ রবিবর বেলা ৩টার দিকে তিনি তার স্ত্রী, ছেলে মেয়ে এবং নাতিসহ পরিবারের অন্যান্য সদস্যদের নিয়ে প্রবেশ করেন। ভোট কেন্দ্রে প্রবেশ করেই নাতিকে দিয়ে জয় বাংলা স্লোগান দেন। এরপর তিনি সহ পরিবারের যারা ভোটার আছেন সবাই ভোট দেন। এ সময় শামীম ওসমান তার নাতীকে নিয়ে ভোট কেন্দ্রের বুথে প্রবেশ করেন। গোপন কক্ষে ব্যালটে সিল মারার পর নাতিকে দিয়ে বাক্সে ব্যালট পেপার ফেলে। পরে তিনি ভোট কেন্দ্রে উপস্থিত সাংবাদিকদের সঙ্গে কথা বলেন।ভোটার উপস্থিতি কম হওয়ার বিষয়ে শামীম ওসমান বলেন, ‘বিরোধীরা স্লোগান দিয়ে আসছে ভোট কেন্দ্রে যাবে যার লাশ হয়ে ফিরবে তারা এসব নানা অপতৎপরতার কারণে স্বাভাবিক মানুষ একটু ভয় পায়। ফলে ভোটার কিছুটা কম হয়েছে।’তিনি বলেন, ‘আমার কাছে আরও মনে হয়েছে সর্ষের মধ্যে ভূত আছে। যারা ভোট কেন্দ্রে ভোট গ্রহন করতে দায়িত্ব নিয়ে আসছেন, এদের মধ্যেও কেউ কেউ চাইছে ভোট যাতে কম পরে। এদের মধ্যে কেউ কেউ মানুষকে হয়রানি করেছেন। ভোটারদের বিভিন্ন কক্ষে ঘুরিয়েছেন। এ ছাড়া সকালে অনেক ভোটারদের বলা হয়েছে ভোট কেন্দ্রে মোবাইল নিয়ে প্রবেশ করা যাবে না। অথচ বিষয়টি নির্বাচন কমিশনের কোনো নির্দেশনা নেই। ফলে মানুষ যারা মোবাইল নিয়ে ভোট কেন্দ্রে এসেছেন তারা ফেরত চলে গেছেন ‘তিনি বলেন, ‘এভাবে অন্তত দুই থেকে তিন হাজার ভোটার চলে গেছে। পরে আমি নির্বাচন কমিশনের কর্মকর্তাদের সঙ্গে কথা বললে তারা বিষয়টি সমাধান করেন।’বেনাপোল এক্সপ্রেসে আগুন লাগানের বিষয়ে শামীম ওসমান বলেন, ‘তারা চারজন মানুষকে জীবন্ত পুড়ে মেরেছে। আমি বিএনপিকে কোনো রাজনৈতিক দল বলব না। বলব আগুন-সন্ত্রাসী দল।’তিনি বলেন, ‘আমি আমার নাতিকে নিয়ে ভোট কেন্দ্রে এসেছি। তাদের ভবিষ্যতের নাম শেখ হাসিনা। আমাদের ভবিষৎ ছিল বঙ্গবন্ধু। বঙ্গবন্ধুকে হত্যা করে আমাদের ভবিষৎকে শেষ করে দিয়েছে। না হলে আমরা জাপানের মতো উন্নত দেশ থাকতাম।’",1,1,0,1,False
"দ্বাদশ জাতীয় সংসদ নির্বাচনে নেত্রকোনার মোহনগঞ্জ মহিলা কলেজ কেন্দ্রে ভোট দিয়েছেন প্রধান বিচারপতি ওবায়দুল হাসান। আজ রবিবার দুপুর ১টা ৪৯ মিনিটে ওই কেন্দ্রের ৪ নম্বর কক্ষে গিয়ে ভোট দেন তিনি।একই সময় মোহনগঞ্জ মহিলা কলেজ কেন্দ্রে ভোট দেন প্রধান বিচারপতির স্ত্রী বাংলাদেশ রপ্তানি প্রক্রিয়াকরণ কর্তৃপক্ষ (বেপজা) নির্বাহী বোর্ডের সাবেক সদস্য নাফিসা বানু।ভোটাধিকার প্রয়োগ করে প্রধান বিচারপতি ওবায়দুল হাসান বলেন, ভোট প্রদান প্রতিটি নাগরিকের দায়িত্ব। প্রতিটি নাগরিকের উচিত সেই দায়িত্ব পালন করা।ভোটের পরিবেশ নিয়ে প্রধান বিচারপতি বলেন, ভোটের পরিবেশ ভালো। এখানে শান্তিপূর্ণ ভোট হচ্ছে।এর আগে সকাল ৮টা ১০ মিনিটে নেত্রকোণা-৪ আসনের এমপি সাজ্জাদুল হাসান একই কেন্দ্রে ভোট প্রদান করেন।",1,1,0,1,False
"পশ্চিমা দেশগুলোর নির্বাচনে কোনো খানে ২৫-৩০ শতাংশের বেশি ভোটার নাই বলে দাবি করেছেন মুক্তিযুদ্ধবিষয়ক মন্ত্রী ও গাজীপুর-১ আসনের নৌকার প্রার্থী আ ক ম মোজাম্মেল হক। আজ রবিবার বিকেলে গাজীপুরের জয়দেবপুর সরকারি বালিকা উচ্চ বিদ্যালয় কেন্দ্রে ভোট প্রদান শেষে সাংবাদিকদের সঙ্গে আলাপকালে তিনি এ কথা বলেন।প্রত্যাশা অনুযায়ী ভোটারদের কেন্দ্রে আনা যায়নি কেন—এমন প্রশ্নের জবাবে মন্ত্রী আ ক ম মোজাম্মেল হক বলেন, ‘আন্তর্জাতিকভাবে গ্রহণযোগ্য ভোটারের উপস্থিতি ছিল নির্বাচনে। পশ্চিমা দেশগুলোর নির্বাচনে কোনো খানে ২৫-৩০ শতাংশের বেশি ভোটার নাই। আমেরিকাতেও না, ইংল্যান্ডেও না।’ তিনি বলেন, ‘লোকাল ইলেকশনে যেমন ভোটার হয়, জাতীয়তে সে পরিমাণে হয় না। কারণ লোকাল ইলেকশনে মেম্বার, চেয়ারম্যান, কাউন্সিলর, মেয়র সাহেবরা বাড়ি বাড়ি গিয়ে ভোট নিয়ে আসে, জাতীয় নির্বাচনে সেটা সম্ভব হয় না।’আ ক ম মোজাম্মেল হক আরও বলেন, ‘আমি মনে করি, আন্তর্জাতিকভাবে গ্রহণযোগ্য পার্সেন্টেজ উপস্থিতি ছিল। মানে এক-তৃতীয়াংশ।’ নির্বাচনের পরিবেশ অত্যন্ত সুন্দর এবং সুষ্ঠু ছিল জানিয়ে আওয়ামী লীগের এই নেতা বলেন, ‘গ্রহণযোগ্যতো বটেই একটি অবাধ নির্বাচন আজ পুরো জাতি দেখেছে। যারা বলতেন শেখ হাসিনার আমলে সুষ্ঠু নির্বাচন হয় না; আমার মনে হয় জনগণ তার জবাব দিয়েছে।’নির্বাচন কমিশন ও আইনশৃঙ্খলা রক্ষাবাহিনীর প্রতি কৃতজ্ঞতা জানিয়ে মন্ত্রী বলেন, ‘এত কিছুর পরেও নির্বাচন কমিশন একটি সুষ্ঠু, সুন্দর ভোট আয়োজন করতে সক্ষম হয়েছে। এই নির্বাচনের মাধ্যমে শেখ হাসিনার সরকারের জাতীয় ও আন্তর্জাতিক ক্রেডিবিলিটি অনেক বৃদ্ধি পেয়েছে।’ নিজের জয়ের ব্যাপারে আ ক ম মোজাম্মেল হক বলেন, ‘আমি শতভাগ আশাবাদী। কারণ জনগণের সঙ্গে দীর্ঘদিন কাজ করেছি। তারাও আমাকে সেভাবে মূল্যায়ন করেছে। আশা করি, সেভাবেই তারা তাদের রায় দেবে।",1,1,0,1,False
দ্বাদশ জাতীয় সংসদ নির্বাচনে ফরিদপুর-৩ (সদর) আসনে ৩০টি কেন্দ্রের ফলে এগিয়ে রয়েছেন ঈগল প্রতীকের স্বতন্ত্র প্রার্থী এ কে আজাদ। তার চেয়ে বেশ পিছিয়ে আছেন আওয়ামী লীগের মনোনীত নৌকা প্রতীকের প্রার্থী শামীম হক।ফরিদপুর-৩ আসনে মোট ভোটকেন্দ্র ১৫৪টি। এর মধ্যে ৩০ কেন্দ্রের ফল পাওয়া গেছে। এতে এ কে আজাদ পেয়েছেন ২৬ হাজার ৩৯৪ ভোট। তার নিকটতম প্রতিদ্বন্দ্বী শামীম হক পেয়েছেন ১২ হাজার ৬৬৬ ভোট।ফরিদপুর-৩ আসনে মোট ভোটার ৪ লাখ ০৪ হাজার ৩০০ জন। এর মধ্যে পুরুষ ভোটার ২ লাখ ০২ হাজার ৭৬৭ জন ওনারী ভোটার ২ লাখ ০১ হাজার ৫৩০ জন।,1,1,0,1,False
"চলমান দ্বাদশ জাতীয় সংসদ নির্বাচনের ভোটগ্রহণ শেষ হয়েছে। এখন আসনে আসনে চলছে ভোট গণনার কাজ। এরই মধ্যে বেশ কয়েকটি কেন্দ্র থেকে ফলাফল আসতে শুরু করেছে। সর্বশেষ পাওয়া তথ্যানুযায়ী, মাগুরা-১ আসনে আওয়ামী লীগের প্রার্থী ও বিশ্বসেরা অলরাউন্ডার সাকিব আল হাসান বিপুল ব্যবধানে এগিয়ে আছেন।৩টি কেন্দ্র থেকে পাওয়া ফলাফল অনুযায়ী, সাকিবের পক্ষে নৌকা প্রতীকে ভোট পড়েছে ৩ হাজার ২৭০টি। সাকিবের নিকটতম প্রার্থী হিসেবে ভোট পড়েছে বাংলাদেশ কংগ্রেসের অ্যাডভোকেট কাজী রেজাউল হোসেনের ডাব মার্কায়। তিনি মাত্র ৭১ ভোট পেয়েছেন। অর্থাৎ, সাকিবের ধারে-কাছেও যেতে পারেননি কেউ।  এর আগে, সকাল ৮টায় মাগুরা পৌরসভার ৮ নং ওয়ার্ডের দরি মাগুরা ১১১ সরকারি প্রাথমিক বিদ্যালয় কেন্দ্রে ভোট দিয়েছেন সাকিব। এ সময় তার বাবা মাশরুর রেজা, সাকিবের বোন বৃষ্টিসহ পরিবারের অন্যান্য সদস্যরা ভোটদানে অংশ নেন।ভোট দেওয়ার শেষে সাকিব সাংবাদিকদের বলেন, ‘এ নির্বাচনে জয়ের ব্যাপারে আমি খুব আশাবাদী। আমি মনে করি এ নির্বাচনে ভোটারা আমাকে ভোট দিয়ে জয়যুক্ত করবে। নির্বাচনে জয়লাভ করে আগামী ৫ বছর মাগুরা-১ আসনের জনগণকে সাথে নিয়ে কাজ করতে চাই। মাগুরার উন্নয়নে আমার ভূমিকা থাকবে অগ্রগন্য। আপনারা আমাকে সহযোগিতা করলে আমি অনেক দূর অগ্রসর হতে পারবো।মাগুরা-১ আসনে সাকিবের প্রতিদ্বন্দ্বী চারজন। তারা হলেন- বাংলাদেশ কংগ্রেসের অ্যাডভোকেট কাজী রেজাউল হোসেন, বাংলাদেশ ন্যাশনালিস্ট ফ্রন্টের কে এম মোতাসিম বিল্লা, জাতীয় পার্টির মো. সিরাজুস সায়েফিন সাঈফ ও তৃণমূল বিএনপির সঞ্জয় কুমার রায়।এই আসনে মোট ভোটার ৪০০,৪৮৫ জন। এরমধ্যে পুরুষ ভোটারের সংখ্যা ২০০,৮৬২ ও নারী ভোটারের সংখ্যা ১৯৯,৬২১। এই আসনে মোট কেন্দ্র ১৫২টি।",1,1,0,1,False
"চলমান দ্বাদশ জাতীয় সংসদ নির্বাচনের ভোটগ্রহণ শেষ হয়েছে। এখন আসনে আসনে চলছে ভোট গণনার কাজ। এরই মধ্যে বেশ কয়েকটি কেন্দ্র থেকে ফলাফল আসতে শুরু করেছে। সর্বশেষ পাওয়া তথ্যানুযায়ী, নড়াইল-২ আসনে আওয়ামী লীগের প্রার্থী ও বাংলাদেশ ক্রিকেট দলের সাবেক অধিনায়ক মাশরাফি বিন মুর্তজার পাওয়া ভোটের ধারেকাছেও নেউ অন্য কোনো প্রার্থী।এখনো পর্যন্ত পাওয়া তিনটি কেন্দ্রের ফলাফল অনুযায়ী, নৌকা প্রতীকের মাশরাফি পেয়েছেন ৩৬১৬ ভোট। তার নিকটতম প্রার্থী হাতুড়ি প্রতীকে বাংলাদেশ ওয়ার্কার্স পার্টির শেখ হাফিজুর রহমান পেয়েছেন ৭৬ ভোট। লাঙ্গল প্রতীকের প্রার্থী জাতীয় পার্টির ফায়েকুজ্জামান ফিরোজ পেয়েছেন ৪৫ ভোট। এর আগে, আজ রবিবার সকাল পৌনে ১১ টায় নড়াইল টেকনিক্যাল স্কুল অ্যান্ড কলেজ কেন্দ্রে ভোট দেন আওয়ামী লীগের যুব ও ক্রীড়া বিষয়ক সম্পাদক এবং নড়াইল-২ আসনে আওয়ামী লীগের প্রার্থী মাশরাফি। ভোটদানের পর উপস্থিত সাংবাদিকের মাশরাফি বলেন, ‘ভোটার উপস্থিতি নিয়ে এখন পর্যন্ত আমি সন্তুষ্ট। তবে শীতের সকালে কিছুটা কম উপস্থিত হলেও বেলা বাড়ার সঙ্গে সঙ্গে এ সংখ্যা আরও বাড়বে বলে মনে করি।’মাশরাফির আসনে (নড়াইল সদরের আংশিক ও লোহাগড়া) মোট ভোটার রয়েছে ৩ লাখ ৬৪ হাজার ৯৩৭ জন। এর মধ্যে নারী ভোটার ১ লাখ ৮৩ হাজার ৩৮৭ জন এবং পুরুষ ভোটার ১ লাখ ৮১ হাজার ৫৫০ জন। এ আসনে ১৪৭টি কেন্দ্রে ভোট গ্রহণের জন্য ৮০৪টি ভোটকক্ষ প্রস্তুত করা হয়েছে।এই আসনে মাশরাফি ছাড়াও বাংলাদেশ ওয়ার্কার্স পার্টির শেখ হাফিজুর রহমান (হাতুড়ি), এনপিপির মো. মনিরুল ইসলাম (আম), জাতীয় পার্টির ফায়েকুজ্জামান ফিরোজ (লাঙ্গল), গণফ্রন্টের মো. লতিফুর রহমান (মাছ), ইসলামী ঐক্যজোটের মো. মাহবুবুর রহমান (মিনার) ও স্বতন্ত্র প্রার্থী লায়ন মো. নূর ইসলাম (ঈগল) প্রতিদ্বন্দ্বিতা করেছেন।",1,1,0,1,False
"চলমান দ্বাদশ জাতীয় সংসদ নির্বাচনের ভোটগ্রহণ শেষ হয়েছে। এখন আসনে আসনে চলছে ভোট গণনার কাজ। এরই মধ্যে বেশ কয়েকটি কেন্দ্র থেকে ফলাফল আসতে শুরু করেছে। সর্বশেষ পাওয়া তথ্যানুযায়ী, হবিগঞ্জ-৪ আসনে স্বতন্ত্র প্রার্থী ব্যারিস্টার সুমন হিসেবে পরিচিত সৈয়দ সায়েদুল হক ঈগল প্রতীকে বিপুল ব্যবধানে এগিয়ে আছেন।এখনো পর্যন্ত পাওয়া সাতটি কেন্দ্রের ফলাফল অনুযায়ী, ঈগল প্রতীকে সুমন পেয়েছেন ৮ হাজার ২৪০ ভোট। তার নিকটতম প্রতিদ্বন্দ্বী নৌকা মার্কার মো. মাহবুব আলী পেয়েছেন ১ হাজার ৪২৭ ভোট।ভোটগ্রহণ শেষ হওয়ার পর ব্যারিস্টার সুমন বলেন, ‘আমি একটি জিনিস বিশ্বাস করি, ঘাম কখনো প্রতারণা করে না। আমি যে পরিমাণ ঘাম ঝড়িয়েছি আমার এলাকার মানুষের জন্য, এই ঘামের ফলাফলই আমাকে এলাকার মানুষ দিয়েছে।  আজ রবিবার সকাল আটটা থেকে সারা দেশে একযোগে ভোটগ্রহণ শুরু হয়। বিকেল চারটা পর্যন্ত চলে এই কার্যক্রম। এরপরই শুরু হয় ভোট গণণা। আজ সকাল ৭টা ৫৫ মিনিটে ভোট কেন্দ্রে উপস্থিত হন ব্যারিস্টার সৈয়দ সায়েদুল হক সুমন। ৮টায় হাজি ইয়াছিন সরকারি প্রাথমিক বিদ্যালয় কেন্দ্রে প্রথম ভোট দেন তিনি।হবিগঞ্জ জেলার মাধবপুর ও চুনারুঘাট উপজেলা নিয়ে গঠিত হবিগঞ্জ-৪ আসন। শিল্প-কারখানা ও চা বাগান অধ্যুষিত এ আসনে মোট ভোটার ৫ লাখ ১২ হাজার ৩০৮ জন। এর মধ্যে পুরুষ ২ লাখ ৫৭ হাজার ৮৮৪, নারী ২ লাখ ৫৪ হাজার ৪২৩ এবং তৃতীয় লিঙ্গের একজন ভোটার।নির্বাচন কমিশন সূত্র জানায়, এ আসনে লড়াই করেছেন আওয়ামী লীগ মনোনীত নৌকা প্রতীকের প্রার্থী বেসামরিক বিমান পরিবহন ও পর্যটন প্রতিমন্ত্রী মাহবুব আলী ও ঈগল প্রতীকের স্বতন্ত্র প্রার্থী সায়েদুল হক সুমনসহ আটজন। অপর ছয় প্রার্থী হলেন- আবু ছালেহ (ইসলামী ঐক্যজোট), আহাদ উদ্দিন চৌধুরী (জাতীয় পার্টি), মোহাম্মদ আবদুল মমিন (বাংলাদেশ কংগ্রেস), মো. মোখলেছুর রহমান (বিএনএম), মো. রাশেদুল ইসলাম খোকন (বাংলাদেশ সাংস্কৃতিক মুক্তিজোট) ও সৈয়দ মো. আল আমিন (বাংলাদেশ কংগ্রেস)।",1,1,0,1,False
"চলমান দ্বাদশ জাতীয় সংসদ নির্বাচনের ভোটগ্রহণ শেষ হয়েছে। এখন আসনে আসনে চলছে ভোট গণনার কাজ। এরই মধ্যে বেশ কয়েকটি কেন্দ্র থেকে ফলাফল আসতে শুরু করেছে। সর্বশেষ পাওয়া তথ্যানুযায়ী, নড়াইল-২ আসনে আওয়ামী লীগের প্রার্থী ও বাংলাদেশ ক্রিকেট দলের সাবেক অধিনায়ক মাশরাফি বিন মুর্তজার পাওয়া ভোটের ধারেকাছেও নেউ অন্য কোনো প্রার্থী।এখনো পর্যন্ত পাওয়া ২৩টি কেন্দ্রের ফলাফল অনুযায়ী, নৌকা প্রতীকের মাশরাফি পেয়েছেন ২৩ হাজার ৯৮৯ ভোট। তার নিকটতম প্রার্থী হাতুড়ি প্রতীকে বাংলাদেশ ওয়ার্কার্স পার্টির শেখ হাফিজুর রহমান পেয়েছেন ৬১৩ ভোট। ঈগল প্রতীকের স্বতন্ত্র প্রার্থী মো. নূর ইসলাম পেয়েছেন ৩১৬ ভোট।এর আগে, আজ রবিবার সকাল পৌনে ১১ টায় নড়াইল টেকনিক্যাল স্কুল অ্যান্ড কলেজ কেন্দ্রে ভোট দেন আওয়ামী লীগের যুব ও ক্রীড়া বিষয়ক সম্পাদক এবং নড়াইল-২ আসনে আওয়ামী লীগের প্রার্থী মাশরাফি। ভোটদানের পর উপস্থিত সাংবাদিকের মাশরাফি বলেন, ‘ভোটার উপস্থিতি নিয়ে এখন পর্যন্ত আমি সন্তুষ্ট। তবে শীতের সকালে কিছুটা কম উপস্থিত হলেও বেলা বাড়ার সঙ্গে সঙ্গে এ সংখ্যা আরও বাড়বে বলে মনে করি।’মাশরাফির আসনে (নড়াইল সদরের আংশিক ও লোহাগড়া) মোট ভোটার রয়েছে ৩ লাখ ৬৪ হাজার ৯৩৭ জন। এর মধ্যে নারী ভোটার ১ লাখ ৮৩ হাজার ৩৮৭ জন এবং পুরুষ ভোটার ১ লাখ ৮১ হাজার ৫৫০ জন। এ আসনে ১৪৭টি কেন্দ্রে ভোট গ্রহণের জন্য ৮০৪টি ভোটকক্ষ প্রস্তুত করা হয়েছে।এই আসনে মাশরাফি ছাড়াও বাংলাদেশ ওয়ার্কার্স পার্টির শেখ হাফিজুর রহমান (হাতুড়ি), এনপিপির মো. মনিরুল ইসলাম (আম), জাতীয় পার্টির ফায়েকুজ্জামান ফিরোজ (লাঙ্গল), গণফ্রন্টের মো. লতিফুর রহমান (মাছ), ইসলামী ঐক্যজোটের মো. মাহবুবুর রহমান (মিনার) ও স্বতন্ত্র প্রার্থী লায়ন মো. নূর ইসলাম (ঈগল) প্রতিদ্বন্দ্বিতা করেছেন।",1,1,0,1,False
দ্বাদশ জাতীয় সংসদ নির্বাচনে ফরিদপুর-৩ (সদর) আসনে ১১০টি কেন্দ্রের ফলে এগিয়ে রয়েছেন ঈগল প্রতীকের স্বতন্ত্র প্রার্থী এ কে আজাদ। তার চেয়ে বেশ পিছিয়ে আছেন আওয়ামী লীগের মনোনীত নৌকা প্রতীকের প্রার্থী শামীম হক।ফরিদপুর-৩ আসনে মোট ভোটকেন্দ্র ১৫৪টি। এর মধ্যে ১১০ কেন্দ্রের ফল পাওয়া গেছে। এতে এ কে আজাদ পেয়েছেন ১ লাখ ১০ হাজার ৩৩৯ ভোট। তার নিকটতম প্রতিদ্বন্দ্বী নৌকা প্রতীকের প্রার্থী শামীম হক পেয়েছেন ৫৫ হাজার ৯৪৪ ভোট।ফরিদপুর-৩ আসনে মোট ভোটার ৪ লাখ ০৪ হাজার ৩০০ জন। এর মধ্যে পুরুষ ভোটার ২ লাখ ০২ হাজার ৭৬৭ জন ওনারী ভোটার ২ লাখ ০১ হাজার ৫৩০ জন।,1,1,0,1,False
"দ্বাদশ জাতীয় সংসদ নির্বাচনের বেসরকারিভাবে ঘোষিত ফলে নাটোর-৩ (সিংড়া) আসনে বিপুল ভোটে বিজয়ী হয়েছেন নৌকা প্রতীকের প্রার্থী জুনাইদ আহমেদ পলক। আজ রবিবার সন্ধ্যায় বেসরকারিভাবে ঘোষিত ফল থেকে এ তথ্য জানা গেছে।নৌকা প্রতীকে জুনাইদ আহমেদ পলক পেয়েছেন মোট ১ লাখ ৩৫ হাজার ৮০২ ভোট। অপরদিকে, তার নিকটতম প্রতিদ্বন্দী শফিকুল ইসলাম শফিক (ঈগল প্রতীক) পেয়েছেন ৪২ হাজার ৯৯৭ ভোট। বেসরকারি ফলাফল অনুযায়ী পলক প্রায় ৯৩ হাজার ভোটে শফিককে পরাজিত করেছেন।তথ্য ও যোগাযোগ প্রযুক্তি (আইসিটি) প্রতিমন্ত্রী জুনাইদ আহমেদ পলক এর টানা তিন বারের সংসদ সদস্য। দ্বাদশ নির্বাচনে জয়লাভ করে চতুর্থ বারের মতো সংসদে যাচ্ছেন তিনি।",1,1,0,1,False
"দ্বাদশ জাতীয় সংসদ নির্বাচনে নোয়াখালী-৫ আসনে নৌকা প্রতীক নিয়ে বিপুল ভোটে বেসরকারিভাবে জয়ী হয়েছেন আওয়ামী লীগের সাধারণ সম্পাদক ওবায়দুল কাদের। এ আসনে তার নিকটতম প্রতিদ্বন্দ্বী জাতীয় পার্টির লাঙ্গল প্রতীকের খাজা তানভীর আহমেদ।সর্বশেষ প্রাপ্ত ফলাফল অনুযায়ী, ওবায়দুল কাদের নোয়াখালী-৫ আসনের ১৩২টি কেন্দ্রে পেয়েছেন ১ লাখ ৮১ হাজার ২৭৯ ভোট। এসব কেন্দ্রে তার নিকটতম প্রতিদ্বন্দ্বী খাজা তানভীর আহমেদ পেয়েছেন ৩ হাজার ৭১৯ ভোট।তার নিকটতম প্রতিদ্বন্দ্বী জাতীয় পার্টি মনোনীত ব্যারিস্টার তানভীর আহমেদ লাঙ্গল প্রতীক নিয়ে পেয়েছেন মাত্র ৯ হাজার ৭০২ ভোট।অর্থাৎ বিশাল ভোটের ব্যবধানে জিতেছেন ওবায়দুল কাদের। এর আগে এই আসন থেকে ৭ বার নির্বাচনে প্রতিদ্বন্দ্বিতা করেন ওবায়দুল কাদের। এ নিয়ে জিতলেন ৫ বার।অন্য প্রার্থীদের মধ্যে বাংলাদেশ সাংস্কৃতিক মুক্তিজোটের (মুক্তিজোট) এর ছড়ি প্রতীক নিয়ে শাকিল মাহমুদ চৌধুরী পেয়েছেন ২ হাজার ১৩০ ভোট, ইসলামিক ফ্রন্ট বাংলাদেশের (আইএফবি) এর চেয়ার প্রতীক নিয়ে মোহাম্মদ শামছুদ্দোহা পেয়েছেন ১ হাজার ৪৯৩ ভোট ও জাতীয় সমাজতান্ত্রিক দল-জাসদের মশাল প্রতীক নিয়ে মোহাম্মদ মকছুদের রহমান পেয়েছেন ২ হাজার ১৩২ ভোট।",1,1,0,1,False
"চলমান দ্বাদশ জাতীয় সংসদ নির্বাচনের ভোটগ্রহণ শেষ হয়েছে। এখন আসনে আসনে চলছে ভোট গণনার কাজ। এরই মধ্যে বেশ কয়েকটি কেন্দ্র থেকে ফলাফল আসতে শুরু করেছে। সর্বশেষ পাওয়া তথ্যানুযায়ী, মাগুরা-১ আসনে আওয়ামী লীগের প্রার্থী ও বিশ্বসেরা অলরাউন্ডার সাকিব আল হাসান বিপুল ব্যবধানে এগিয়ে আছেন।৩০টি কেন্দ্র থেকে পাওয়া ফলাফল অনুযায়ী, সাকিবের পক্ষে নৌকা প্রতীকে ভোট পড়েছে ৫১ হাজার ৯১৮ টি। সাকিবের নিকটতম প্রার্থী হিসেবে ভোট পড়েছে বাংলাদেশ কংগ্রেসের অ্যাডভোকেট কাজী রেজাউল হোসেনের ডাব মার্কায়। তিনি মাত্র ২৩৩ ভোট পেয়েছেন। অর্থাৎ, সাকিবের ধারে-কাছেও যেতে পারেননি কেউ। এর আগে, সকাল ৮টায় মাগুরা পৌরসভার ৮ নং ওয়ার্ডের দরি মাগুরা ১১১ সরকারি প্রাথমিক বিদ্যালয় কেন্দ্রে ভোট দিয়েছেন সাকিব। এ সময় তার বাবা মাশরুর রেজা, সাকিবের বোন বৃষ্টিসহ পরিবারের অন্যান্য সদস্যরা ভোটদানে অংশ নেন।ভোট দেওয়ার শেষে সাকিব সাংবাদিকদের বলেন, ‘এ নির্বাচনে জয়ের ব্যাপারে আমি খুব আশাবাদী। আমি মনে করি এ নির্বাচনে ভোটারা আমাকে ভোট দিয়ে জয়যুক্ত করবে। নির্বাচনে জয়লাভ করে আগামী ৫ বছর মাগুরা-১ আসনের জনগণকে সাথে নিয়ে কাজ করতে চাই। মাগুরার উন্নয়নে আমার ভূমিকা থাকবে অগ্রগন্য। আপনারা আমাকে সহযোগিতা করলে আমি অনেক দূর অগ্রসর হতে পারবো।মাগুরা-১ আসনে সাকিবের প্রতিদ্বন্দ্বী চারজন। তারা হলেন- বাংলাদেশ কংগ্রেসের অ্যাডভোকেট কাজী রেজাউল হোসেন, বাংলাদেশ ন্যাশনালিস্ট ফ্রন্টের কে এম মোতাসিম বিল্লা, জাতীয় পার্টির মো. সিরাজুস সায়েফিন সাঈফ ও তৃণমূল বিএনপির সঞ্জয় কুমার রায়।এই আসনে মোট ভোটার ৪০০,৪৮৫ জন। এরমধ্যে পুরুষ ভোটারের সংখ্যা ২০০,৮৬২ ও নারী ভোটারের সংখ্যা ১৯৯,৬২১। এই আসনে মোট কেন্দ্র ১৫২টি।",1,1,0,1,False
"দ্বাদশ জাতীয় সংসদ নির্বাচনে হবিগঞ্জ-৪ আসনে বিপুল ভোটে নির্বাচিত হয়েছেন স্বতন্ত্র প্রার্থী ব্যারিস্টার সৈয়দ সায়েদুল হক সুমন। নৌকা প্রতীকের প্রার্থী এবং বেসামরিক বিমান পরিবহন ও পর্যটন প্রতিমন্ত্রী অ্যাডভোকেট মাহবুব আলীকে পরাজিত করেছেন তিনি।স্থানীয়ভাবে ঘোষিত নির্বাচনের ফলাফল অনুযায়ী, ঈগল প্রতীকে নির্বাচন করা সুমন এক লাখ ৯৮ হাজার ভোট পেয়েছেন। আর আওয়ামী লীগের দুইবারের সংসদ সদস্য মাহবুব আলী পেয়েছেন ৪৭ হাজার ভোট।আজ রবিবার সকাল আটটা থেকে সারা দেশে একযোগে ভোটগ্রহণ শুরু হয়। বিকেল চারটা পর্যন্ত চলে এই কার্যক্রম। এরপরই শুরু হয় ভোট গণণা। আজ সকাল ৭টা ৫৫ মিনিটে ভোট কেন্দ্রে উপস্থিত হন ব্যারিস্টার সৈয়দ সায়েদুল হক সুমন। ৮টায় হাজি ইয়াছিন সরকারি প্রাথমিক বিদ্যালয় কেন্দ্রে প্রথম ভোট দেন তিনি।ভোটগ্রহণ শেষ হওয়ার পর ব্যারিস্টার সুমন বলেন, ‘আমি একটি জিনিস বিশ্বাস করি, ঘাম কখনো প্রতারণা করে না। আমি যে পরিমাণ ঘাম ঝড়িয়েছি আমার এলাকার মানুষের জন্য, এই ঘামের ফলাফলই আমাকে এলাকার মানুষ দিয়েছে। হবিগঞ্জ জেলার মাধবপুর ও চুনারুঘাট উপজেলা নিয়ে গঠিত হবিগঞ্জ-৪ আসন। শিল্প-কারখানা ও চা বাগান অধ্যুষিত এ আসনে মোট ভোটার ৫ লাখ ১২ হাজার ৩০৮ জন। এর মধ্যে পুরুষ ২ লাখ ৫৭ হাজার ৮৮৪, নারী ২ লাখ ৫৪ হাজার ৪২৩ এবং তৃতীয় লিঙ্গের একজন ভোটার।এই আসনে লড়াই করেছেন আওয়ামী লীগ মনোনীত নৌকা প্রতীকের প্রার্থী বেসামরিক বিমান পরিবহন ও পর্যটন প্রতিমন্ত্রী মাহবুব আলী ও ঈগল প্রতীকের স্বতন্ত্র প্রার্থী সায়েদুল হক সুমনসহ আটজন। অপর ছয় প্রার্থী হলেন- আবু ছালেহ (ইসলামী ঐক্যজোট), আহাদ উদ্দিন চৌধুরী (জাতীয় পার্টি), মোহাম্মদ আবদুল মমিন (বাংলাদেশ কংগ্রেস), মো. মোখলেছুর রহমান (বিএনএম), মো. রাশেদুল ইসলাম খোকন (বাংলাদেশ সাংস্কৃতিক মুক্তিজোট) ও সৈয়দ মো. আল আমিন (বাংলাদেশ কংগ্রেস)।",1,1,0,1,False
"দ্বাদশ জাতীয় সংসদ নির্বাচনে মাগুরা-১ আসনে বিপুল ভোটে নির্বাচিত হয়েছেন আওয়ামী লীগ মনোনীত প্রার্থী ও বিশ্বসেরা অলরাউন্ডার সাকিব আল হাসান। নিকটতম প্রতিদ্বন্দ্বী ডাব প্রতীকের কাজী রেজাউল ইসলামের চেয়ে প্রায় ৩৪ গুণ বেশি ভোট পেয়েছেন তিনি।আসনটির মোট ১৫২ কেন্দ্রের বেসরকারি ফলাফল অনুযায়ী, সাকিবের নৌকা পেয়েছে ১ লাখ ৮৫ হাজার ৮৩৩ ভোট। আর কাজী রেজাউল পেয়েছেন ৫ হাজার ৪৭৬ ভোট। এই আসনে মোট ভোটার ৪০০,৪৮৫ জন। এর মধ্যে পুরুষ ভোটারের সংখ্যা ২০০,৮৬২ ও নারী ভোটারের সংখ্যা ১৯৯,৬২১। আজ রবিবার সকাল ৮টা থেকে শুরু হয় দ্বাদশ জাতীয় সংসদ নির্বাচনের ভোটগ্রহণ। যা শেষ হয় বিকেল ৪টায়। এদিন সকাল ৮টায় মাগুরা পৌরসভার ৮ নং ওয়ার্ডের দরি মাগুরা ১১১ সরকারি প্রাথমিক বিদ্যালয় কেন্দ্রে ভোট দিয়েছেন সাকিব। এ সময় তার বাবা মাশরুর রেজা, সাকিবের বোন বৃষ্টিসহ পরিবারের অন্যান্য সদস্যরা ভোটদানে অংশ নেন।ভোট দেওয়ার শেষে সাকিব সাংবাদিকদের বলেন, ‘এ নির্বাচনে জয়ের ব্যাপারে আমি খুব আশাবাদী। আমি মনে করি এ নির্বাচনে ভোটারা আমাকে ভোট দিয়ে জয়যুক্ত করবে। নির্বাচনে জয়লাভ করে আগামী ৫ বছর মাগুরা-১ আসনের জনগণকে সাথে নিয়ে কাজ করতে চাই। মাগুরার উন্নয়নে আমার ভূমিকা থাকবে অগ্রগন্য। আপনারা আমাকে সহযোগিতা করলে আমি অনেক দূর অগ্রসর হতে পারবো।মাগুরা-১ আসনে সাকিবের প্রতিদ্বন্দ্বী ছিলেন চারজন। বাংলাদেশ কংগ্রেসের অ্যাডভোকেট কাজী রেজাউল হোসেন ছাড়াও নির্বাচন করেছেন বাংলাদেশ ন্যাশনালিস্ট ফ্রন্টের কে এম মোতাসিম বিল্লা, জাতীয় পার্টির মো. সিরাজুস সায়েফিন সাঈফ ও তৃণমূল বিএনপির সঞ্জয় কুমার রায়।",1,1,0,1,False
"দ্বাদশ জাতীয় সংসদ নির্বাচনের ভোটগ্রহণ শেষ হয়েছে। কক্সবাজারের ৪টি আসনে আজ রবিবার সকাল ৮টা থেকে শুরু হয় ভোট গ্রহণ। শেষ হয় বিকেল ৪টায়। এরপর নির্ধারিত বিরতি শেষে শুরু হয় গণনা। রাতে ভোট গণনা শেষে কক্সবাজারের জেলা রিটার্নিং অফিসার ও জেলা প্রশাসক মোহাম্মদ শাহীন ইমরান বিজয়ীদের নাম ঘোষণা করেন।বিজয়ী প্রার্থীরা হলেন- কক্সবাজার-১ (চকরিয়া-পেকুয়া) আসনে বাংলাদেশ কল্যাণ পার্টির চেয়ারম্যান সাবেক সেনা কর্মকর্তা সৈয়দ মুহাম্মদ ইবরাহিম বীরপ্রতীক, কক্সবাজার-২ (মহেশখালী-কুতুবদিয়া) আসন থেকে বর্তমান সংসদ সদস্য আশেক উল্লাহ রফিক, কক্সবাজার-৩ (কক্সবাজার সদর-রামু ঈদগাঁও) আসন থেকে বর্তমান সংসদ সদস্য সাইমুম সরওয়ার কমল, কক্সবাজার-৪ (উখিয়া-টেকনাফ) থেকে বর্তমান সংসদ সদস্য শাহিন আক্তার।",1,1,0,1,False
"দ্বাদশ জাতীয় সংসদ নির্বাচনে মেহেরপুর-১ (সদর-মুজিবনগর) আসনে বিজয়ী হয়েছেন আওয়ামী লীগের নৌকা প্রতীকের প্রার্থী ফরহাদ হোসেন। নির্বাচনে তিনি ৯৪ হাজার ৩০৩ ভোট পেয়ে বেসরকারিভাবে নির্বাচিত হয়েছেন। তার নিকটতম প্রতিদ্বন্দ্বী প্রফেসর আব্দুল মান্নান ট্রাক প্রতীক নিয়ে পেয়েছেন ৫৭ হাজার ৬৮২ ভোট।আজ রবিবার সকাল ৮টায় দ্বাদশ জাতীয় সংসদ নির্বাচনের ভোট গ্রহণ শুরু হয় এবং চলে বিকেল ৪টা পর্যন্ত।ভোটগ্রহণ শেষে সন্ধ্যায় নির্বাচন কমিশন ভবনে এক সংবাদ সম্মেলনে প্রধান নির্বাচন কমিশনার (সিইসি) কাজী হাবিবুল আউয়াল বলেন, ‘সারাদেশে প্রায় ৪০ শতাংশ ভোট পড়েছে। এখন পর্যন্ত এটাই নির্ভরযোগ্য তথ্য। পরে সব তথ্য যোগ হলে এই তথ্য বাড়তে বা কমতে পারে।’",1,1,0,1,False
দ্বাদশ জাতীয় সংসদ নির্বাচনে পঞ্চগড়ের দুইটি আসনে আওয়ামী লীগ মনোনীত প্রার্থীরা বেসরকারিভাবে নির্বাচিত হয়েছেন।পঞ্চগড়-১ আসনে নৌকার প্রার্থী নাঈমুজ্জামান ভুইয়া মুক্ত ১ লাখ ২৪ হাজার ৭৪২ ভোট পেয়ে বেসরকারিভাবে নির্বাচিত হয়েছেন। তার নিকটতম প্রতিদ্বন্দ্বী স্বতন্ত্র প্রার্থী আনোয়ার সাদাত সম্রাট পেয়েছেন ৫৭ হাজার ২১০ ভোট।পঞ্চগড়-২ আসনে আওয়ামী লীগ মনোনীত প্রার্থী রেলপথমন্ত্রী মো. নূরুল ইসলাম সুজন ১ লাখ ৮১ হাজার ৭১৫ ভোট পেয়ে বেসরকারিভাবে নির্বাচিত হয়েছেন। তিনি চতুর্থবারের মত এমপি নির্বাচিত হলেন। তার নিকটতম প্রতিদ্বন্দ্বী জাতীয় পার্টির প্রার্থী লুৎফর রহমান রিপন পেয়েছেন ৭ হাজার ৬২৭ ভোট। ,1,1,0,1,False
"ঝালকাঠি জেলার দুটি সংসদীয় আসনেই বিপুল ভোটে জয়লাভ করেছেন ঝালকাঠি-১ (রাজাপুর-কাঠালিয়া) আসনেরনৌকা প্রতীকের প্রার্থী ব্যারিস্টার শাহজাহান ওমর বীর উত্তম ও ঝালকাঠি-২ (ঝালকাঠি সদর-নলছিটি) আসনের নৌকা প্রতীকের প্রার্থী আমির হোসেন আমু।আজ রবিবার রাতে জেলা প্রশাসক কার্যালয়ের ফলাফল সংগ্রহ ও পরিবেশন কক্ষ থেকে সহকারী রিটার্নিং অফিসার ও জেলা নির্বাচন কর্মকর্তা মো. আ. সালেক বিষয়টি নিশ্চিত করেন।ঝালকাঠি-১ (রাজাপুর-কাঠালিয়া) আসনে ৯০টি কেন্দ্রের ফলাফলে নৌকা প্রতীক নিয়ে আওয়ামী লীগ প্রার্থী ব্যারিস্টার শাহজাহান ওমর বীর উত্তম ৯৫ হাজার ৪৭৮ ভোট পেয়ে বেসরকারিভাবে নির্বাচিত হয়েছেন। তার নিকটতম প্রতিদ্বন্দ্বী জাকের পার্টির আবু বকর সিদ্দিক গোলাপ ফুল প্রতীক নিয়ে পেয়েছেন ১ হাজার ৬২৪ ভোট। এছাড়াও অন্য প্রার্থীদের মধ্যে জাতীয় পার্টির এজাজুল হক এজাজ লাঙ্গল প্রতীকে পেয়েছেন ১ হাজার ২৭২ ভোট, ট্রাক প্রতীকে স্বতন্ত্র প্রার্থী ব্যারিস্টার আবুল কাশেম ফখরুল ইসলাম পেয়েছেন ৩৭০ ভোট, প্রার্থীতা থেকে সরে যাওয়া এম মনিরুজ্জামান মনির ঈগল প্রতীকে পেয়েছেন ৬২৫ ভোট, বাংলাদেশ কংগ্রেস পার্টি মজিবুর রহমান ডাব প্রতীকে পেয়েছেন ১৪২ ভোট, তৃণমূল বিএনপি মনোনীত সোনালী আঁশ প্রতীকে জসিম উদ্দিন তালুকদার পেয়েছেন ২৮২ ভোট ও সাংস্কৃতিক মুক্তিজোট মনোনীত মামুন সিকদার ছড়ি প্রতীকে পেয়েছেন ৯৭ ভোট। এ আসনে মোট ভোটাধিকার প্রয়োগ করেছেন ১ লাখ ১৩ হাজার ১৫ জন। এর মধ্যে বৈধ ভোট ৯৯ হাজার ৮৯০টি এবং বাতিল হয়েছে ১ হাজার ৪২৫টি।অপরদিকে, ঝালকাঠি-২ (নলছিটি-ঝালকাঠি সদর) আসনে মোট ১৪৭টি কেন্দ্রে ১ লাখ ৩৭ হাজার ১ ভোট পেয়ে বেসরকারিভাবে নির্বাচিত হয়েছেন আওয়ামী লীগের নৌকা প্রতীকের প্রার্থী আমির হোসেন আমু। তার নিকটমত প্রতিদ্বন্দ্বী জাতীয় পার্টির লাঙ্গল প্রতীকের প্রার্থী নাসির উদ্দিন এমরান পেয়েছেন ৪ হাজার ৩১৪ভোট। এনপিপি’র আম প্রতীকের মো. ফোরকান হোসেন পেয়েছেন ৩ হাজার ২৫০ ভোট।অপরদিকে, ঝালকাঠি-২ (নলছিটি-ঝালকাঠি সদর) আসনে মোট ১৪৭টি কেন্দ্রে ১ লাখ ৩৭ হাজার ১ ভোট পেয়ে বেসরকারিভাবে নির্বাচিত হয়েছেন আওয়ামী লীগের নৌকা প্রতীকের প্রার্থী আমির হোসেন আমু। তার নিকটমত প্রতিদ্বন্দ্বী জাতীয় পার্টির লাঙ্গল প্রতীকের প্রার্থী নাসির উদ্দিন এমরান পেয়েছেন ৪ হাজার ৩১৪ভোট। এনপিপি’র আম প্রতীকের মো. ফোরকান হোসেন পেয়েছেন ৩ হাজার ২৫০ ভোট।",1,1,0,1,False
"বরিশালে ছয়টি আসনের বেসরকারিভাবে ফলাফলে চারটিতে আওয়ামী লীগ, একটিতে জাতীয় পার্টি ও অন্যটিতে স্বতন্ত্র প্রার্থী বিজয়ী হয়েছেন।বরিশাল-১ (গৌরনদী-আগৈলঝাড়া) আসনে বিজয়ী হয়েছেন আওয়ামী লীগ মনোনীত প্রার্থী আবুল হাসানাত আবদুল্লাহ। নৌকা প্রতীকে তিনি পেয়েছেন ১ লাখ ৬৯ হাজার ৩০৭। তার নিকটতম প্রতিদ্বন্দ্বী জাতীয় পার্টির সেরনিয়াবাত সেকেন্দার আলী লাঙ্গল প্রতীকে পেয়েছেন ৪ হাজার ১২২ ভোট।বরিশাল-২ (বানারীপাড়া-উজিরপুর) আসনে রাশেদ খান মেনন নৌকা প্রতীকে ১ লাখ ২২ হাজার ১৭৫ ভোট পেয়ে বিজয়ী হয়েছেন। তার নিকটতম প্রতিদ্বন্দ্বী একে ফাইয়াজুল হক রাজু (ঈগল) ৩১ হাজার ৩৯৭ ভোট পেয়েছেন।বরিশাল-৩ (বাবুগঞ্জ-মুলাদী) আসনে জাতীয় পার্টির প্রার্থী গোলাম কিবরিয়া টিপু ২ লাখ ৬৯ হাজার ৫৮ ভোট পেয়ে বিজয়ী হয়েছেন। তার নিকটতম প্রতিদ্বন্দ্বী স্বতন্ত্র প্রার্থী আতিকুর রহমান ট্রাক প্রতীক নিয়ে পেয়েছেন ৩৭ হাজার ৬০৫ ভোট।বরিশাল-৪ (হিজলা-মেহেন্দিগঞ্জ) আসনে স্বতন্ত্র প্রার্থী পঙ্কজ দেবনাথ ঈগল প্রতীকে ১ লাখ ৬১ হাজার ১০৫ ভোট পেয়ে জয়ী হয়েছেন। তার নিকটতম প্রতিদ্বন্দ্বী জাতীয় পার্টির মিজানুর রহমান লাঙ্গল প্রতীকে পেয়েছেন ৭ হাজার ৬৪৫ ভোট।বরিশাল-৫ (সদর) আসনে বিজয়ী হয়েছেন আওয়ামী লীগ মনোনীত প্রার্থী জাহিদ ফারুক শামীম। নৌকা প্রতীকে তিনি পেয়েছেন ৯৭ হাজার ৭০৬। তার নিকটতম প্রতিদ্বন্দ্বী ট্রাক প্রতীকের স্বতন্ত্র প্রার্থী মো. সালাউদ্দিন রিপন পেয়েছেন ৩৫ হাজার ৩৭০ ভোট। বরিশাল-৬ (বাকেরগঞ্জ) আওয়ামী লীগ মনোনীত নৌকা প্রতীকের প্রার্থী আব্দুল হাফিজ মল্লিক ৬০ হাজার ১০৯ ভোট পেয়ে বিজয়ী হয়েছেন। আর নিকটতম প্রতিদ্বন্দ্বী ট্রাক প্রতীকের স্বতন্ত্র প্রার্থী শামসুল আলম চুন্নু পেয়েছেন ৩৯ হাজার ৩৭৪ ভোট।",1,1,0,1,False
"বাগেরহাটের চারটি সংসদীয় আসনে নৌকার প্রার্থীরা জয়লাভ করেছেন। আজ রবিবার রাতে বাগেরহাটের জেলা প্রশাসক ও রিটার্নিং কর্মকর্তা মোহা. খালিদ হোসেন এ তথ্য নিশ্চিত করেন।বাগেরহাট-১ (চিতলমারী, মোল্লাহাট ও ফকিরহাট) আসনে ১২৪টি কেন্দ্রের ফলাফলে নৌকার প্রার্থী শেখ হেলাল উদ্দিন ২ লাখ ৯ হাজার ৯৩৯ ভোট। তার নিকটতম প্রতিদ্বন্দ্বী জাতীয় পার্টির লাঙ্গল প্রতীকের মো. কামরুজ্জামান পেয়েছেন ৫ হাজার ২১০ ভোট।বাগেরহাট-২ আসনে বঙ্গবন্ধু পরিবারের তৃতীয় প্রজন্ম শেখ তন্ময় নৌকা প্রতীকে ১ লাখ ৮২ হাজার ৩১৮ ভোট পেয়ে দ্বিতীয়বার সংসদ সদস্য নির্বাচিত হয়েছেন। তার নিকটতম প্রতিদ্বন্দ্বী (লাঙ্গল) হাজরা শহীদুল ইসলাম পেয়েছেন ৪ হাজার ১৭৪ ভোট।বাগেরহাট-৩ আসনে উপমন্ত্রী হাবিবুন নাহার নৌকা প্রতীকে ৮৫ হাজার ৪১৭ ভোট পেয়ে চতুর্থবার সংসদ সদস্য নির্বাচিত হয়েছেন। তার নিকটতম প্রতিদ্বন্দ্বী জেলা আওয়ামী লীগের সহসভাপতি ও মনোনয়ন বঞ্চিত বিদ্রোহী স্বতন্ত্র প্রার্থী (ঈগল) বীর মুক্তিযোদ্ধা মো. ইদ্রিস আলী ইজারাদার পেয়েছেন মাত্র ৫৭ হাজার ৬৫২ ভোট।বাগেরহাট-৪ আসনে কেন্দ্রীয় ছাত্রলীগের সাবেক সভাপতি এইচ এম বদিউজ্জামান সোহাগ নৌকা প্রতীকে ১ লাখ ৯৯ হাজার ৪৪৫ ভোট পেয়ে প্রথমবার সংসদ সদস্য নির্বাচিত হয়েছেন। তার নিকটতম প্রতিদ্বন্দ্বী আওয়ামী লীগের দলীয় মনোনয়ন বঞ্চিত বিদ্রোহী স্বতন্ত্র প্রার্থী (ঈগল) ও দুপুরে নির্বাচন বর্জনকারী মো. জামিল হোসাইন পেয়েছেন ৬ হাজার ১৯৮ ভোট।",1,1,0,1,False
নেত্রকোনার ৫টি সংসদীয় আসনের মধ্যে চারটিতে জয় পেয়েছেন নৌকার প্রার্থীরা। অন্য একটি আসনে বিজয়ী হয়েছেন স্বতন্ত্র প্রার্থী। রবিবার রাতে ভোট গণনা শেষে বিষয়টি নিশ্চিত করেন জেলা রিটার্নিং কর্মকর্তা ও জেলা প্রশাসক শাহেদ পারভেজ।নেত্রকোনা-১ (দুর্গাপুর-কলমাকান্দা) আসনে আওয়ামী লীগের প্রার্থী মোশতাক আহমেদ রুহী নৌকা প্রতীকে ১ লাখ ৫৯ হাজার ১৯ ভোট পেয়ে জয়ী হয়েছেন। তার নিকটতম প্রতিদ্বন্দ্বী জান্নাতুল ফেরদৌস আরা ঝুমা তালুকদার ট্রাক প্রতীকে পেয়েছেন ২৫ হাজার ২১৯ ভোট।নেত্রকোনা-২ আসনে নৌকার প্রার্থী সমাজকল্যাণ প্রতিমন্ত্রী বীর মুক্তিযোদ্ধা আশরাফ আলী খান খসরু বেসরকারিভাবে বিজয়ী হয়েছেন। ১৭২টি ভোট কেন্দ্রের প্রাপ্ত ফলাফলে নৌকার প্রার্থী পেয়েছেন ১ লাখ ৫ হাজার ৩৫৩ ভোট। তার নিকটতম প্রতিদ্বন্দ্বী সাবেক যুব ও ক্রীড়া উপমন্ত্রী স্বতন্ত্র প্রার্থী আরিফ খান জয় ঈগল প্রতীকে পেয়েছেন ৮৬ হাজার ২৮৭ ভোট।নেত্রকোনা-৩ আসনে স্বতন্ত্র প্রার্থী সাবেক সংসদ সদস্য ইফতিকার উদ্দিন তালুকদার পিন্টু ট্রাক প্রতীকে ৭৬ হাজার ৮০৩ ভোট পেয়ে বেসরকারিভাবে বিজয়ী হয়েছেন। তার নিকটতম নৌকার প্রার্থী কেন্দ্রীয় আওয়ামী লীগের সংস্কৃতি বিষয়ক অসীম কুমার উকিল পেয়েছেন ৭৪ হাজার ৫৫০ ভোট।নেত্রকোনা-৪ আসনে নৌকার প্রার্থী বর্তমান সংসদ সদস্য সাজ্জাদুল হাসান বেসরকারিভাবে বিজয়ী হয়েছেন। ১৪৭টি ভোট কেন্দ্রের প্রাপ্ত ফলাফলে নৌকার প্রার্থী পেয়েছেন ১ লাখ ৮৮ হাজার ৬৮ ভোট। তার নিকটতম প্রতিদ্বন্দ্বী জাতীয় পার্টির প্রার্থী লিয়াকত আলী খান লাঙ্গল প্রতীকে পেয়েছেন ৫ হাজার ৭৫৯ ভোট।নেত্রকোনা-৫ আসনে নৌকার প্রার্থী আওয়ামী লীগের কেন্দ্রীয় কমিটির সাংগঠনিক সম্পাদক বীর মুক্তিযোদ্ধা সংসদ আহমদ হোসেন বেসরকারিভাবে বিজয়ী হয়েছেন। ৮১টি ভোট কেন্দ্রের প্রাপ্ত ফলাফলে নৌকার প্রার্থী পেয়েছেন ৭৯ হাজার ৬৪৭ ভোট। তার নিকটতম প্রতিদ্বন্দ্বী স্বতন্ত্র প্রার্থী ট্রাক প্রতীকে পেয়েছেন ২৭ হাজার ২১৪ ভোট।,1,1,0,1,False
দ্বাদশ জাতীয় নির্বাচনে গোপালগঞ্জ-২ ও ৩ আসনে আওয়ামী লীগের হেভিওয়েট প্রার্থী নিরঙ্কুশ জয়লাভ করেছেন। রবিবার রাত ১০টায় গোপালগঞ্জ জেলা প্রশাসক ও রিটার্নিং অফিসার কাজী মাহবুবুল আলম জেলা শিল্পকলা একাডেমিতে জাতীয় নির্বাচনের এই ফল ঘোষণা করেন।গোপালগঞ্জ-৩ (টুঙ্গিপাড়া-কোটালিপাড়া) আসনে নিরঙ্কুশ জয় পেয়েছেন আওয়ামী লীগের সভাপতি ও প্রধানমন্ত্রী শেখ হাসিনা। এ আসনে নৌকা প্রতীকে ২ লাখ ৪৯ হাজার ৯৬৫ ভোট পেয়ে বেসরকারিভাবে বিজয়ী হয়েছেন শেখ হাসিনা। তার নিকটতম প্রতিদ্বন্দ্বী প্রার্থী বাংলাদেশ সুপ্রিম পার্টি এম নিজামউদ্দিন লস্কর একতারা প্রতীকে ভোট পেয়েছেন ৪৬৯টি।গোপালগঞ্জ-২ (গোপালগঞ্জ সদর- কাশিয়ানী আংশিক) আসনে নৌকা প্রতীকে ২ লাখ ৯৫ হাজার ২৯৪ ভোট পেয়ে বেসরকারিভাবে জয়লাভ করেছেন শেখ ফজলুল করিম সেলিম এমপি। তার নিকটতম প্রতিদ্বন্দ্বী প্রার্থী জাতীয় পার্টির কাজী শাহীন লাঙ্গল প্রতীকে ভোট পেয়েছেন ১৫১৪টি।তবে হাড্ডাহাড্ডি লড়াই হয়েছে গোপালগঞ্জ-১ (মুকসুদপুর-কাশিয়ানী) আসনে। এ আসনে নৌকা প্রতীকে ১ লাখ ১৮ হাজার ৭৫৯ ভোট পেয়ে বেসরকারিভাবে বিজয়ী হয়েছেন কর্নেল ফারুক খান। তার নিকটতম প্রতিদ্বন্দ্বী স্বতন্ত্র প্রার্থী কাবির মিয়া ঈগল প্রতীকে ভোট পেয়েছেন ১ লাখ ৮ হাজার ৯৩৪টি।,1,1,0,1,False
"পটুয়াখালীর ৪টি আসনের মধ্যে তিনটি আওয়ামী লীগ ও একটিতে জাতীয় পার্টির প্রার্থী বিজয়ী হয়েছেন।জেলা রিটার্নিং অফিসারের কার্যালয় সূত্র জানায়, পটুয়াখালী-১ আসনে মহাজোটের প্রার্থী এবিএম রুহুল আমিন হাওলাদার লাঙ্গল প্রতীক নিয়ে তিনি ৮১ হাজার ৫০৮ ভোট পেয়েছেন। তার নিকটতম প্রতিদ্বন্দ্বী বাংলাদেশ কংগ্রেসের প্রার্থী নাসির উদ্দীন তালুকদার ডাব প্রতীক নিয়ে পেয়েছেন ২৬ হাজার ৮৭৪ ভোট।পটুয়াখালী-২ (বাউফল) আসনে নৌকা প্রতীক নিয়ে আওয়ামী লীগ মনোনীত প্রার্থী আসম ফিরোজ ১ লাখ ২৪ হাজার ৩০৯ ভোট পেয়ে বিজয়ী হয়েছেন। তার নিকটতম প্রতিদ্বন্দ্বী জাতীয় পার্টির লাঙ্গল প্রতীকের প্রার্থী মো. মহসিন পেয়েছেন ২ হাজার ৯৫৮ ভোট।পটুয়াখালী-৩ (গলাচিপা- দশমিনা) আসনে নৌকা প্রতীক নিয়ে আওয়ামী লীগ মনোনীত এসএম শাহজাদা পেয়েছেন ৯৪ হাজার ৪১৬ ভোট। তার নিকটতম প্রতিদ্বন্দ্বী স্বতন্ত্র প্রার্থী লে. জে. (অব) আবুল হোসেন পেয়েছেন ৫৯ হাজার ২৪ ভোট।পটুয়াখালী-৪ (কলাপাড়া-কুয়াকাটা-রাঙ্গাবালী) আসনে নৌকা প্রতীকের মো. মহিববুর রহমান ৬০ হাজার ৮৫৬ ভোট পেয়ে বেসরকারিভাবে নির্বাচিত হয়েছেন। তার নিকটতম প্রতিদ্বন্দ্বী ঈগল প্রতীকের স্বতন্ত্র প্রার্থী মো. মাহবুবুর রহমান পেয়েছেন ৪৮ হাজার ৫৭৬ ভোট।",1,1,0,1,False
"টানা চতুর্থবারের মতো সংসদ সদস্য হলেন নারায়ণগঞ্জ-১ আসনের নৌকার প্রার্থী গাজী গোলাম দস্তগীর এবং নারায়ণগঞ্জ-২ আসনের নৌকার প্রার্থী নজরুল ইসলাম বাবু। ২০০৮ থেকে দ্বাদশ জাতীয় সংসদ নির্বাচনের প্রতিটিতেই আসন দুটি থেকে আওয়ামী লীগের মনোনীত প্রার্থী হয়ে নির্বাচনে অংশগ্রহণ করেন এই দুই হেভিওয়েট প্রার্থী।দল এই দুই প্রার্থীর ওপর আস্থা রেখে চতুর্থবারের মতো নৌকা তুলে দেন এবারের নির্বাচনেও। দলের সেই আস্থার প্রতিদানও দেন এই দুই প্রার্থী।দ্বাদশ জাতীয় সংসদ নির্বাচনে নারায়ণগঞ্জ-১ আসনে নৌকার প্রার্থী গাজী গোলাম দস্তগীরের সঙ্গে প্রতিদ্বন্দিতা করেন আরও আট প্রার্থী। এদের মধ্যে মূল প্রতিদ্বন্দ্বিতা হয় আওয়ামী লীগের স্বতন্ত্র প্রার্থী রূপগঞ্জ উপজেলা আওয়ামী লীগের সাধারণ সম্পাদক শাহজাহান ভূইয়া। তিনি কেটলি প্রতীক নিয়ে প্রথমবারের মতো সংসদ নির্বাচনে অংশগ্রহণ করেন।অপর আরেক প্রতিদ্বন্দ্বী প্রার্থী হলেন- তৃণমূল বিএনপির মহাসচিব তৈমূর আলম খন্দকার। তিনি সোনালী আঁশ প্রতীক নিয়ে নির্বাচনে অংশ গ্রহণ করেন। যদিও মনে করা হচ্ছিল গত তিনবারের মতো গাজী গোলাম দস্তগীর খুব সহজে এবারের নির্বাচনে জয়ী হতে পারবে না। আবার অনেকে মনে করেছিলেন, হয়তো তিনি জয়ীই হবেন না। তবে শেষ পর্যন্ত সব জল্পনা-কল্পনার অবসান ঘটিয়ে বিপুল ভোটে তার নিকটতম প্রতিদ্বন্দ্বীদের পরাজিত করে টানা চতুর্থবারের মতো জয়লাভ করেন গাজী গোলাম দস্তগীর। এই আসনে গাজীর নিকটতম প্রতিদ্বন্দ্বী কেটলি প্রতীকের শাহজাহান ভূইয়াকে ১ লাখ ১১ হাজার ৪০৮ ভোটের ব্যাবধানে পরাজিত করে চতুর্থবারের মতো সংসদ সদস্য নির্বাচিত হন। তার অপর প্রতিদ্বন্দ্বী প্রার্থী তৃণমূল বিএনপির মহাসচিব সোনালী আঁশ প্রতিকের তৈমূর আলম খন্দকার পান মাত্র ৩ হাজার ১৯০ ভোট। শাহজাহান পান ৪৫ হাজার ৭৫ ভোট। গাজী গোলাম দস্তগীরের মোট ভোট ১ লাখ ৫৬ হাজার ৪৮৩ ভোট।গত তিনবারের এই সংসদ সদস্য সর্বশেষ দায়িত্ব পালন করেন বাংলাদেশ সরকারের পাট ও বস্ত্র মন্ত্রণালয়ের। গত ৭ জানুয়ারি ভোটের দিন ‘রূপগঞ্জে গাজীতেই আস্থা ভোটারদের’ শিরোনামে আমাদের সময়ে একটি সংবাদ প্রকাশিত হয়। নির্বাচনের ফলাফল প্রকাশের পর রূপগঞ্জে সেই চিত্রই ফুটে উঠে। এদিকে টানা চতুর্থবারের মতো গাজীর জয়কে রূপগঞ্জের সাধারণ মানুষ তাদের জয় হিসেবেই দেখছেন। তারা মনে করছেন, গাজী গোলাম দস্তগীর বিগত সময়ে যে উন্নয়ন কাজ করেছেন তারই ফলস্বরুপ তিনি চতুর্থবারের মতো সংসদ সদস্য নির্বাচিত হওয়ার গৌরব অর্জন করেছেন। আগামী দিনগুলোতে তিনি ভোটারদের আস্থার প্রতিদান দিবেন বলেই আশা স্থানীয়দের।এদিকে টানা চতুর্থবারের মতো নারায়ণগঞ্জ-২ আসন থেকে নৌকার প্রার্থী হয়ে জয়লাভ করেছেন এক সময়ের ছাত্রলীগের কেন্দ্রীয় নেতা নজরুল ইসলাম বাবু। ২০০৮ এর নির্বাচন থেকে দ্বাদশ জাতীয় সংসদ নির্বাচন পর্যন্ত প্রতিটি নির্বাচনে দল তার প্রতিও আস্থা রেখে মনোনীত করে এসেছেন। দলের সেই আস্থার প্রতিদান অন্যান্যবারের মতো এবারও রেখেছেন প্রভাবশালী এই সংসদ সদস্য। গত ৭ জানুয়ারির নির্বাচনে নারায়ণগঞ্জ-২ আসন থেকে তার সঙ্গে প্রতিদ্বন্দ্বিতা করেন আরও চার প্রার্থী। এদের মধ্যে তৃণমূল বিএনপির আবু হানিফ হৃদয় ভোটের একদিন আগে নির্বাচন বর্জন করেন। এই আসনে নজরুল ইসলাম বাবুর নিকটতম প্রতিদ্বন্দ্বী প্রার্থী ছিলেন জাতীয় পার্টির আলমগীর সিকদার লোটন। এই নির্বাচনে আলমগীর সিকদার লোটনকে ১ লাখ ৬০ হাজার ৯৮৬ ভোটের ব্যাবধানে পরাজিত করে নির্বাচিত হন নজরুল ইসলাম বাবু। তার নিকটতম প্রতিদ্বন্দ্বী প্রার্থী জাতীয় পার্টির আলমগীর সিকদার লোটন পান ৭ হাজার ২৫৬ ভোট। বাবুর মোট ভোট ১ লাখ ৬৮ হাজার ২৪২ ভোট। তার এই জয়ের মধ্যে দিয়ে বাংলাদেশ আওয়ামী লীগের নৌকা প্রতীকের প্রার্থী হয়ে টানা চতুর্থবারের মতো জয়ী হওয়ার গৌরব অর্জন করলেন বাবু।",1,1,0,1,False
"গাজীপুর জেলার পাঁচটি আসনের মধ্যে একটি আসনে স্বতন্ত্র প্রার্থী ও বাকি চারটি আসনে জয় পেয়েছেন আওয়ামী লীগ সমর্থিত প্রার্থীরা। গতকাল রবিবার রাত পৌনে ১২টার দিকে গাজীপুর জেলা রিটার্নিং কর্মকর্তার কার্যালয়ে বেসরকারিভাবে প্রাপ্ত ফলাফল ঘোষণা করেন সহকারী রিটার্নিং কর্মকর্তা।বেসরকারি ফলাফল অনুযায়ী, গাজীপুর-১ (কালিয়াকৈর এবং গাজীপুর সিটির একাংশ) আসনে নৌকা প্রতীক নিয়ে বেসরকারিভাবে বিজয়ী হয়েছেন মুক্তিযুদ্ধবিষয়ক মন্ত্রী আ ক ম মোজাম্মেল হক (নৌকা)। তিনি পেয়েছেন ১ লাখ ৯ হাজার ২১৮ ভোট।চতুর্থবারের মতো আসনটিতে জয় পেলেন তিনি। তার নিকটতম প্রতিদ্বন্দ্বী স্বতন্ত্র প্রার্থী রেজাউল করিম (রাসেল) ট্রাক প্রতীকে পেয়েছেন ৯২ হাজার ৭৮৮ ভোট। এই আসনে স্বতন্ত্র প্রার্থী রেজাউল করিমের হয়ে জোরাল প্রচারণায় নেমেছিলেন গাজীপুর সিটি করপোরেশনের সাবেক মেয়র জাহাঙ্গীর আলম।গাজীপুর-২ (গাজীপুর সিটির একাংশ ও গাজীপুর ক্যান্টনমেন্ট এলাকা) আসনে নৌকা প্রতীক নিয়ে বিজয়ী হয়েছেন যুব ও ক্রীড়া প্রতিমন্ত্রী জাহিদ আহসান (রাসেল)। ১ লাখ ৪ হাজার ৪৭৭ ভোট পেয়েছেন তিনি। তার নিকটতম প্রতিদ্বন্দ্বী স্বতন্ত্র প্রার্থী কাজী আলিম উদ্দিন ট্রাক প্রতীকে পেয়েছেন ৮৪ হাজার ১২৯ ভোট। স্বতন্ত্র প্রার্থী আলিম উদ্দিনের ট্রাক প্রতীকের হয়ে সবচেয়ে বেশি নির্বাচনী প্রচারণা চালিয়েছেন সাবেক মেয়র জাহাঙ্গীর আলম।গাজীপুর-৩ (শ্রীপুর ও গাজীপুর একাংশ) আসনে ১ লাখ ২৬ হাজার ১৯৬ ভোট পেয়ে বিজয়ী হয়েছেন নৌকার প্রার্থী রুমানা আলী (টুসি)। তার নিকটতম প্রতিদ্বন্দ্বী গাজীপুর জেলা আওয়ামী লীগের সাধারণ সম্পাদক বর্তমান সংসদ সদস্য ইকবাল হোসেন (সবুজ) পেয়েছেন ১ লাখ ১ হাজার ৬৭৪ ভোট। এর আগে রুমানা আলী সংরক্ষিত আসনের সংসদ সদস্য ছিলেন।গাজীপুর-৪ (কাপাসিয়া) আসনে নির্বাচিত হয়েছেন আওয়ামী লীগের সিমিন হোসেন (রিমি)। নৌকা প্রতীকে তিনি পেয়েছেন ৮৯ হাজার ৭২৯ ভোট। তার নিকটতম প্রতিদ্বন্দ্বী ট্রাক প্রতীকে সিমিনের ফুফাতো ভাই স্বতন্ত্র প্রার্থী আলম আহমেদ পেয়েছেন ৪৪ হাজার ৪৫ ভোট। আসনটিতে এ নিয়ে তিনবার জাতীয় নির্বাচনে জয় পেলেন দেশের প্রথম প্রধানমন্ত্রী তাজউদ্দীন আহমদের মেয়ে সিমিন হোসেন রিমি।গাজীপুর-৫ (কালীগঞ্জ, পুবাইল ও বাড়িয়া) আসনে স্বতন্ত্র প্রার্থী ট্রাক প্রতীকে আখতারুজ্জামান ৮২ হাজার ৭২০ ভোট পেয়ে নির্বাচিত হয়েছেন। তার নিকটতম প্রতিদ্বন্দ্বী আওয়ামী লীগের বর্তমান সংসদ সদস্য মেহের আফরোজ ৬৭ হাজার ৭৮৩ ভোট পেয়েছেন। গাজীপুর জেলা পরিষদের সাবেক চেয়ারম্যান আখতারুজ্জামান বেশ পুরনো রাজনীতিক। তিনি ছিলেন সাবেক সংসদ সদস্য, ডাকসুর ভিপি, জিএস। এবারের নির্বাচনে এই স্বতন্ত্র প্রার্থীকে শুরু থেকেই সমর্থন দিয়েছেন গাজীপুর সিটি করপোরেশনের সাবেক মেয়র জাহাঙ্গীর আলম।",1,1,0,1,False
"দ্বাদশ জাতীয় সংসদ নির্বাচনে কিশোরগঞ্জ-৬ (কুলিয়ারচর-ভৈরব উপজেলা) আসনে বেসরকারি ফলাফল ঘোষণা করা হয়েছে। এতে আওয়ামী লীগের নৌকা প্রতীকের প্রার্থী ও বাংলাদেশ ক্রিকেট বোর্ড (বিসিবি) সভাপতি নাজমুল হাসান পাপন বিজয়ী হয়েছেন।বাংলাদেশের সাবেক রাষ্ট্রপতি প্রয়াত জিল্লুর রহমানে ছেলে পাপন পেয়েছেন ১ লাখ ৯৮ হাজার ১৫৫ ভোট। তার নিকটতম প্রতিদ্বন্দ্বী মোমবাতি প্রতীকের বাংলাদেশ ইসলামী ফ্রন্টের প্রার্থী মো. রুবেল হোসেন পেয়েছেন তিন হাজার ২০৬ ভোট। অর্থাৎ পাপন ১ লাখ ৯৪ হাজার ৯৪৯ বেশি ভোট পেয়ে বিজয়ী হয়েছেন।গতকাল রবিবার কুলিয়ারচর ও ভৈরব উপজেলার সহকারী রিটার্নিং কর্মকর্তার কার্যালয় থেকে পাওয়া ভোটের ফলাফলে বিষয়টি জানা যায়।এ আসনে পুরুষ, নারী ও হিজড়া মিলিয়ে মোট ভোটার তিন লাখ ৯৯ হাজার ২৪২ জন। মোট ১৪২টি ভোটকেন্দ্রে ৮৭৪টি ভোট কক্ষে ভোট গ্রহণ অনুষ্ঠিত হয়।",1,1,0,1,False
"দ্বাদশ জাতীয় সংসদ নির্বাচনে মাগুরা-১ আসনে বিপুল ভোটে নির্বাচিত হয়েছেন আওয়ামী লীগ মনোনীত প্রার্থী ও বিশ্বসেরা অলরাউন্ডার সাকিব আল হাসান। নিকটতম প্রতিদ্বন্দ্বী ডাব প্রতীকের কাজী রেজাউল ইসলামের চেয়ে প্রায় ৩৪ গুণ বেশি ভোট পেয়েছেন তিনি।আসনটির মোট ১৫২ কেন্দ্রের বেসরকারি ফলাফল অনুযায়ী, সাকিবের নৌকা পেয়েছে ১ লাখ ৮৫ হাজার ৮৩৩ ভোট। আর কাজী রেজাউল পেয়েছেন ৫ হাজার ৪৭৬ ভোট। এই আসনে মোট ভোটার ৪০০,৪৮৫ জন। এর মধ্যে পুরুষ ভোটারের সংখ্যা ২০০,৮৬২ ও নারী ভোটারের সংখ্যা ১৯৯,৬২১।জয়ী হওয়ার পর সামাজিক যোগাযোগমাধ্যমে সমর্থকদের প্রতি কৃতজ্ঞতা প্রকাশ করেছেন সাকিব। ফেসবুকে নিজের অফিসিয়াল পেজে এক পোস্টে বাংলাদেশ অধিনায়ক লিখেন, ক্রিকেট এবং এর বাইরেও আপনাদের অটুট সমর্থনের জন্য আমি কৃতজ্ঞ। আমার যাত্রায়, খেলার মাঠে এবং এখন রাজনীতিতে আমার প্রতি আস্থা রাখার জন্য সবাইকে অনেক ধন্যবাদ। আপনাদের বিশ্বাস আমাকে আমাদের মহান জাতি থেকে সেরাটা বের করে আনতে অনুপ্রাণিত করে যাবে।মাগুরা-১ আসনে সাকিবের প্রতিদ্বন্দ্বী ছিলেন চারজন। বাংলাদেশ কংগ্রেসের অ্যাডভোকেট কাজী রেজাউল হোসেন ছাড়াও নির্বাচন করেছেন বাংলাদেশ ন্যাশনালিস্ট ফ্রন্টের কে এম মোতাসিম বিল্লা, জাতীয় পার্টির মো. সিরাজুস সায়েফিন সাঈফ ও তৃণমূল বিএনপির সঞ্জয় কুমার রায়।",1,1,0,1,False
"দ্বাদশ জাতীয় সংসদ নির্বাচনে দিনাজপুর-৪ (খানসামা ও চিরিরবন্দর) আসনে ৩৪ হাজার ভোটের ব্যবধানে জয়ী হয়েছেন নৌকা প্রতীকের প্রার্থী আবুল হাসান মাহমুদ আলী। এতে চতুর্থবারের মতো বেসরকারিভাবে নির্বাচিত সাবেক পররাষ্ট্রমন্ত্রী ও বর্তমান সংসদ সদস্য আবুল হাসান মাহমুদ আলী। নির্বাচনে মাহমুদ আলী পেয়েছেন ৯৬ হাজার ৪৪৭ ভোট ও তার নিকটতম প্রতিদ্বন্দ্বী ট্রাক প্রতীকের স্বতন্ত্র প্রার্থী তারিকুল ইসলাম তারিক পেয়েছে ৬২ হাজার ৪২৪ ভোট। জানা যায়, গতকাল রবিবার সকাল ৮ থেকে বিকেল ৪টা পর্যন্ত খানসামা উপজেলার ৬টি ইউনিয়নের ৫২টি ও চিরিরবন্দর উপজেলার ৭৮টি ভোটকেন্দ্রে ভোট গ্রহণ সম্পন্ন হয়। বিচ্ছিন্ন কিছু ঘটনা ছাড়া শান্তিপূর্ণ ও উৎসবমুখর পরিবেশে ভোট অনুষ্ঠিত হয় আজ। এতে প্রার্থী ও সমর্থকেরা তেমন কোনো অভিযোগ করেননি। চিরিরবন্দর উপজেলা নির্বাহী কর্মকর্তা ও সহকারী রিটার্নিং কর্মকর্তা শরিফুল হক এবং খানসামা উপজেলা নির্বাহী কর্মকর্তা ও সহকারী রিটার্নিং কর্মকর্তা তাজ উদ্দিনের কার্যালয় সূত্রে জানা যায়, এই উপজেলার ১ লাখ ৪৪ হাজার ৭১৫ জন ভোটারের মধ্যে ৫২ হাজার ৯৭১ জন ভোটার তাঁদের ভোট প্রদান করেছেন। এর মধ্যে নৌকা প্রতীকের প্রার্থী আবুল হাসান মাহমুদ আলী পেয়েছে ৩৮ হাজার ৮৬৭ ভোট, ট্রাক প্রতীকে স্বতন্ত্র প্রার্থী তারিকুল ইসলাম তারিক পেয়েছেন ১২ হাজার ৩৯১ ভোট, লাঙ্গল প্রতীকের মোনাজাত চৌধুরী মিলন ৫৬৩ ভোট ও আম প্রতীকে আজিজা সুলতানা ২৫৯ ভোট পেয়েছে। বাতিল হয়েছে ৮৯১ ভোট। অন্যদিকে চিরিরবন্দর উপজেলার ১২টি ইউনিয়নের ২ লাখ ৫৪ হাজার ১০৭ জন ভোটারের মধ্যে ১ লাখ ১১ হাজার ১১৯ জন ভোটার ভোট প্রয়োগ করেছেন। এর মধ্যে নৌকা প্রতীকের প্রার্থী আবুল হাসান মাহমুদ আলী পেয়েছে ৫৭ হ্জার ৫৮০ ভোট, ট্রাক প্রতীকের স্বতন্ত্র প্রার্থী তারিকুল ইসলাম তারিক পেয়েছেন ৫০ হাজার ৩৩ ভোট, লাঙ্গল প্রতীকের মোনাজাত চৌধুরী মিলন পেয়েছে ৫৩১ ভোট ও আম প্রতীকে আজিজা সুলতানা পেয়েছে ৪৬৬ ভোট ও বাতিল হয়েছে ২ হাজার ৫০৯ ভোট।",1,1,0,1,False
"দ্বাদশ জাতীয় সংসদ নির্বাচনে শেরপুর- ২ (নকলা-নালিতাবাড়ী) আসনে আওয়ামী লীগের মনোনীত নৌকা প্রতিকের প্রার্থী, কেন্দ্রীয় আওয়ামী লীগের সভাপতি মন্ডলীর সদস্য ও সংসদ উপনেতা অগ্নিকন্যা বেগম মতিয়া চৌধুরী ৬ষ্ঠ বারের মতো বিপুল ভোট পেয়ে বিজয়ী হয়েছেন। উন্নয়নের ধারা অব্যাহত রাখতে তার এই বিজয়ে এলাকার সর্বস্তরের জনগণ সন্তুষ্টি প্রকাশ করেছেন।এবারের জাতীয় সংসদ নির্বাচনে ১৪৪ সংসদীয় এই আসনে বেগম মতিয়া চৌধুরীসহ মোট তিনজন প্রার্থী প্রতিদ্বন্দ্বিতা করেন। এরা হলেন জাসদের লাল মোহাম্মদ শাহজাহান কিবরিয়া ও সতন্ত্র প্রার্থী সৈয়দ সাইদ আঙ্গুর।জেলা রিটার্নিং কর্মকর্তার কার্যালয় থেকে প্রকাশিত ফলাফলে আওয়ামী লীগের মনোনীত নৌকা প্রতিকের প্রার্থী বেগম মতিয়া চৌধুরী ২ লাখ ২০ হাজার ১৪২ ভোট পেয়ে বেসরকারিভাবে নির্বাচিত হয়েছেন। তার নিকটতম প্রতিদ্বন্দ্বি হলেন জাসদের লাল মোহাম্মদ শাহজাহান কিবরিয়া। তার প্রাপ্ত ভোট সংখ্যা ৪ হাজার ৫৭৬।এদিকে এলাকাবাসী জানান, বেগম মতিয়া চৌধুরী বিগত সময়ে তার নির্বাচনী এলাকায় সর্বক্ষেত্রে ব্যাপক উন্নয়ন করেছেন। তাই সরকারের উন্নয়নের ধারা অব্যাহত রাখতে ও স্থানীয়দের কর্মসংস্থান সৃষ্টির লক্ষে নালিতাবাড়ী উপজেলার সীমান্তবর্তী পোড়াগাঁও ইউনিয়নের খলচান্দা কোচপাড়া গ্রামে বর্ডার হাটস্থাপনের জন্য প্রস্তাবনা পাঠানো হয়েছে। ওই বর্ডার হাট স্থাপন করার জন্য এলাকাবাসী প্রয়োজনীয় পদক্ষেপ গ্রহণ করতে জোর দাবি জানান।নয়াবিল ইউনিয়নের দাওধারা পাহাড়ি এলাকায় নতুন করে একটি পর্যটন কেন্দ্র ও ক্ষুদ্র নৃ-গোষ্ঠী সম্প্রদায়ের জন্য একটি কালচারাল একাডেমি স্থাপনের পরিকল্পনা গ্রহণ করা হয়েছে। এলাকাবাসী দ্রুত এসব পরিকল্পনা বাস্তবায়নের দাবি জানান। এছাড়া তার নির্বাচনী এলাকার বাকি থাকা প্রান্তীক পর্যায়ের গ্রামীণ রাস্তাঘাট উন্নয়ন, সংষ্কার ও পাকাকরণ করা হলে আগামীর স্মার্ট বাংলাদেশ গঠনের পথ অনেকটাই সহজ হবে বলে এলাকাবাসী অভিমত ব্যক্ত করেন।",1,1,0,1,False
"দ্বাদশ জাতীয় সংসদ নির্বাচনে জামালপুর-৩ (মেলান্দহ-মাদারগঞ্জ) আসনে বিপুল ভোটে টানা ৭ম বারের মতো জয়ী হলেন আওয়ামী লীগের মনোনীত প্রার্থী বাংলাদেশআওয়ামীলীগের সাংগঠনিক সম্পাদক মির্জা আজম এম.পি। দুই উপজেলার ১৫৩ টি কেন্দ্রের ফলাফলে বেসরকারী ভাবে মির্জা আজম (নৌকা) প্রতীকে ২ লাখ ৭৬ হাজার ৬৫০ ভোট পেয়ে নির্বাচিত হয়েছেন। নিকটতম প্রতিদ্বন্দ্বী জাতীয় পার্টির (লাঙ্গল) মীর সামছুল আলম লিপটন পেয়েছেন ৭ হাজার ৪৭০ ভোট। জাতীয় পার্টি জেপির (সাইকেল) প্রতীকের প্রার্থী মোঃ নজরুল ইসলাম পেয়েছেন ২ হাজার ৫৩৫ ভোট। গতকাল রবিবার প্রচন্ড শীত উপেক্ষা করে মানুষ ভোট কেন্দ্রে এসে ভোট প্রদান করে। জেলার এ আসনের দুই উপজেলার ৩ টি পৌরসভা ও ১৮ ইউনিয়নের ১৫৩ টি ভোট কেন্দ্রে কোন সংঘাত ছাড়াই নির্বাচনে ভোটগ্রহণ শেষ হলে বিকাল ৫ টার পর থেকে একে একে প্রতিটি কেন্দ্রের ভোটের ফলাফল আসতে শুরু করে। জাতীয় সংসদীয় আসন ১৪১ ও জামালপুর-৩ (মেলান্দহ-মাদারগঞ্জ) আসনে মির্জা আজম ১৯৯১ সালে প্রথমবারের মতো জাতীয় সংসদ নির্বাচনে আওয়ামী লীগের হয়ে জয়ী হন। তিনি ২৮ বছর বয়সে নির্বাচনে বিজয়ী হন। এরপর তিনি টানা ১৯৯৬, ২০০১, ২০০৮, ২০১৪ ও ও সর্বশেষ ২০১৮ সালের ৩০ ডিসেম্বর ৬ষ্ঠ বারের মতো সংসদ সদস্য নির্বাচিত হন। ২০০১ সালে বিএনপি সরকার গঠন করলে তিনি জাতীয় সংসদের বিরোধীদলীয় হুইপ ছিলেন। ২০০৮ সালে আওয়ামী লীগ সরকার গঠন করার পর তিনি সরকারদলীয় হুইপের দায়িত্ব পালন করেন। পাট ও বস্ত্র প্রতিমন্ত্রীর দায়িত্বও পালন করেছেন তিনি। এবারও দ্বাদশ সাংসদ নির্বাচনে ৭ম বারের মতো জয়ী হয়েছেন জনপ্রিয় এই রাজনীতিবীদ।উল্লেখ্য, বাংলাদেশ নির্বাচন কমিশনের হালনাগাদ তথ্য অনুযায়ী জামালপুর-৩ আসনে মোট ভোটার ৫ লাখ ১ হাজার ৮১৯ জন। এরমধ্যে নারী ভোটার ২ লাখ ৪৮ হাজার ৯৭ জন ও পুরুষ ভোটার ২ লাখ ৫৩ হাজর ৭১৭ জন।",1,1,0,1,False
"জাতীয় নির্বাচনের ভোটের মাঠে নেমেই জয়ী হয়েছেন ঢাকাই সিনেমার জনপ্রিয় চিত্রনায়ক ফেরদৌস আহমেদ। ঢাকা-১০ আসনের আওয়ামী লীগ মনোনীত এই প্রার্থী ৬৫ হাজার ৮৯৮ ভোট পেয়েছেন। অন্যদিকে তার নিকটতম প্রতিদ্বন্দী ন্যাশনাল পিপলস পার্টির প্রার্থী শামসুল আলম আম প্রতীক নিয়ে পেয়েছেন মাত্র ২ হাজার ২৫৭ ভোট।গতকাল রবিবার রাতে বেসরকারিভাবে ফল ঘোষণার পর আবেগাপ্লুত হয়ে পড়েন এই অভিনেতা। এসময় কাঁদতেও দেখা যায় তাকে। পাশে ছিলেন স্ত্রী তানিয়া রেজা। ফেরদৌস স্মরণ করেন তার প্রয়াত বাবা ও শ্বশুরকে।ফেরদৌসের কথায়, ‘বাবাকে খুব মিস করছি। আমার শ্বশুর থাকলেও খুব খুশি হতেন। তিনি একজন সংসদ সদস্য ছিলেন। যিনি আমার অনুপ্রেরণা ছিলেন। কীভাবে মানুষকে ভালোবাসা যায়, তার কাছ থেকে শিখেছি। কীভাবে সাধারণ মানুষ হয়েও অসাধারণভাবে ভালোবাসা যায়, সেটাও জেনেছি। গণমানুষের নেত্রী শেখ হাসিনাকে দেখেছি। তাদের কাছ থেকে শেখার চেষ্টা করেছি।’তিনি আরও বলেন, ‘আমার স্ত্রী, দুই মেয়ে, স্বজন ও বন্ধু-বান্ধব যারা আছেন তারা খুব খুশি হয়েছেন। এমন একটা আনন্দ যা বলে বোঝানো যাবে না। এটা একা ভাগাভাগি করা সম্ভব না। আশেপাশের মানুষ, বন্ধু-বান্ধব এসেছেন, আমার খুবই ভালো লাগছে।’সঙ্গে যোগ করে ঢাকা-১০ আসন জয়ী ফেরদৌস বলেন, ‘এই ফুলের মালা আমার দায়িত্ব আরো বাড়িয়ে দিয়েছে। আমি সেবক হতে চেয়েছিলাম, সেবা করতে চাই। মানসিকভাবে প্রস্তুত ছিলাম সেবার করার, করেছিও। জনগণ মালা পরিয়ে দিয়েছে, এখন নিশ্চিত হয়ে তাদের পাশে দাঁড়াব। আমি নেতাকর্মীদের প্রতি ভীষণ কৃতজ্ঞ। তারা ছাড়া এ জয় কোনোভাবেই সম্ভব ছিল না।’",1,1,0,1,False
"জাতির পিতা বঙ্গবন্ধু শেখ মুজিবুর রহমানের স্বদেশ প্রত্যাবর্তন দিবস উপলক্ষে আগামী বুধবার (১০ জানুয়ারি)সোহরাওয়ার্দী উদ্যানে সমাবেশ করবে আওয়ামী লীগ। সমাবেশে সভাপতিত্ব করেন আওয়ামী লীগ সভাপতি ও প্রধানমন্ত্রী শেখ হাসিনা।আজ সোমবার দুপুরে তেজগাঁওয়ে ঢাকা জেলা আওয়ামী লীগের কার্যালয়ে এক সংবাদ সম্মেলনে এ কথা জানান দলটির সম্পাদক ওবায়দুল কাদের। ওবায়দুল কাদের বলেন, ‘টানা চতুর্থবার ও পঞ্চমবারের মতো প্রধানমন্ত্রী হতে যাচ্ছেন আওয়ামী লীগ সভাপতি শেখ হাসিনা। তাকে ভারত, রাশিয়া, চীন, ভুটান, ফিলিপাইন, সিঙ্গাপুর, শ্রীলঙ্কা, নেপাল, পাকিস্তান ও ব্রাজিলসহ বিভিন্ন দেশের রাষ্ট্রদূতরা সাক্ষাৎ করে অভিনন্দন জানিয়েছেন।’জনগণের রায়ের প্রতি শ্রদ্ধাশীল থেকে আওয়ামী লীগ দেশ পরিচালনা করবে জানিয়ে তিনি বলেন, ‘আমাদের ইশতেহারে দেওয়া ওয়াদা অক্ষরে অক্ষরে বাস্তবায়ন করব। আগামী বাংলাদেশ হবে স্মার্ট ও সমৃদ্ধ। এই নির্বাচন দেশের গণতান্ত্রিক অভিযাত্রায় মাইলফলক হয়ে থাকবে।’",1,1,0,1,False
"এটা আমার বিজয় না, এটা জনগণের বিজয় উল্লেখ করে আওয়ামী লীগ সভাপতি ও প্রধানমন্ত্রী শেখ হাসিনা বলেছেন, ৮ বার নির্বাচন করেছি কিন্তু এবারের মতো এত আগ্রহ জনগণের মধ্যে দেখিনি।আজ সোমবার বিকেল পৌনে ৪টার দিকে গণভবনে নির্বাচন পরবর্তী দেশি-বিদেশি পর্যটকদের সঙ্গে মতবিনিময় সভায় তিনি এ কথা বলেন। শেখ হাসিনা বলেন, ‘আটবার নির্বাচন করেছি।, এবার আবার। এবার জনগণ স্বতঃস্ফূর্তভাবে অংশগ্রহণ করেন। বাংলাদেশের ৮০ শতাংশ মানুষ দরিদ্র ছিল। বঙ্গবন্ধুর লক্ষ্য ছিল দেশের মানুষ উন্নত জীবনের অধিকারী হবে। বাবা যে আদর্শ নিয়ে কাজ করেছেন, আমাকে সেই কাজ সম্পন্ন করতে হবে।’আওয়ামী লীগ সভাপতি বলেন, মানুষের ভোটাধিকার নিশ্চিত করাই আমার লক্ষ্য। এবারের নির্বাচনে নিজেদের প্রার্থী মনোনয়ন করার পাশাপাশি সবার জন্য উন্মুক্ত করে দিয়েছি। মানুষের স্বতঃস্ফূর্তভাবে ভোট দিয়েছেন। এ বিজয় জনগণের বিজয়।তিনি বলেন, একটি দল নির্বাচন বর্জন করেছে। মিলিটারি ডিক্টেটর থেকে যে দল সৃষ্টি তারা নির্বাচন ভয় পায়, কারণ তাদের জনসমর্থন থাকে না।বিদেশি পর্যবেক্ষক ও সাংবাদিকদের বাংলাদেশে আসার জন্য ধন্যবাদ জানিয়ে তিনি বলেন, আপনারা নিজ নিজ দেশে ফিরে যাবেন, আমাদের দেশের কথা বলবেন। আমাদের দেশটা অনেক সুন্দর।",1,1,0,1,False
"দ্বাদশ জাতীয় সংসদ নির্বাচনে দেশের ৩০০টি সংসদীয় আসনের মধ্যে ২৯৮টির বেসরকারি ফল ঘোষণা করেছে নির্বাচন কমিশন (ইসি)। আজ সোমবার দুপুরে রাজধানীর আগারগাঁওয়ে নির্বাচন কমিশন (ইসি) ভবনে আয়োজিত এক সংবাদ সম্মেলনে প্রধান নির্বাচন কমিশনার (সিইসি) কাজী হাবিবুল আউয়াল এ ফল ঘোষণা করেন।সিইসি জানান, ২৯৮ আসনের মধ্যে ক্ষমতাসীন আওয়ামী লীগ পেয়েছে ২২২টি, জাতীয় পার্টি ১১টি, বাংলাদেশের ওয়ার্কার্স পার্টি, জাসদ এবং বাংলাদেশ কল্যাণ পার্টি একটি করে আসন পেয়েছে। এ ছাড়া স্বতন্ত্র প্রার্থীরা ৬২টি আসনে বিজয়ী হয়ে কাজী হাবিবুল আউয়াল বলেন, একজন প্রার্থীর মৃত্যুর কারণে নওগাঁ-২ আসনের নির্বাচন বাতিল করা হয়েছে। এছাড়া একটি কেন্দ্রের নির্বাচন বাতিল হওয়ার কারণে ময়মনসিংহ-৩ আসনের ফল স্থগিত করা হয়েছে। ওই কেন্দ্রে ভোটগ্রহণের পরে এই আসনের ফল প্রকাশ করা হবে। আগামী ১৩ জানুয়ারি শনিবার ওই কেন্দ্রে ভোটগ্রহণ অনুষ্ঠিত হবে বলেও জানান তিনি।",1,1,0,1,False
"দ্বাদশ জাতীয় সংসদে বিরোধী দল কে হবে, তা এখনো নিশ্চিত হয়নি। এ বিষয়ে নতুন সরকারের প্রধানমন্ত্রী সিদ্ধান্ত নেবেন বলে জানিয়েছেন আওয়ামী লীগের সাধারণ সম্পাদক ওবায়দুল কাদের।  আজ সোমবার দুপুরে রাজধানীর তেজগাঁওয়ে ঢাকা জেলা আওয়ামী লীগ কার্যালয়ে জাতীয় সংসদ নির্বাচন পরবর্তী সংবাদ সম্মেলনে এ কথা বলেন ওবায়দুল কাদের।জাতীয় সংসদে বিরোধী দল কে হবে—সাংবাদিকদের এমন প্রশ্নের জবাবে ওবায়দুল কাদের বলেন, ‘লিডার অব দ্য হাউস অর্থাৎ যিনি নতুন প্রধানমন্ত্রী হবেন, তিনিই এ ব্যাপারে সিদ্ধান্ত নেবেন।’আওয়ামী লীগের সাধারণ সম্পাদক বলেন, ‘আওয়ামী লীগ সভাপতি শেখ হাসিনা জনগণের রায়ের প্রতি শ্রদ্ধাশীল। সরকার গঠন করে তিনি তার অসমাপ্ত কাজগুলো বাস্তবায়ন করবেন। আমাদের ইশতেহারে দেওয়া ওয়াদা অক্ষরে অক্ষরে বাস্তবায়ন করব। আগামী বাংলাদেশ হবে স্মার্ট ও সমৃদ্ধ। এই নির্বাচন দেশের গণতান্ত্রিক অভিযাত্রায় মাইলফলক হয়ে থাকবে।’",1,1,0,1,False
"দ্বাদশ জাতীয় সংসদ নির্বাচনে জয়লাভ করায় আওয়ামী লীগ সভাপতি ও প্রধানমন্ত্রী শেখ হাসিনাকে অভিনন্দন জানিয়েছেন ভারতের প্রধানমন্ত্রী নরেন্দ্র মোদি। আজ সোমবার সামাজিক যোগাযোগমাধ্যম এক্স-এ (সাবেক টুইটার) মোদির অ্যাকাউন্ট থেকে দেওয়া এক পোস্টেে অভিনন্দন জানানোর কথা উল্লেখ করা হয়।এক্স-এ দেওয়া সেই স্ট্যাটাসে মোদি বলেছেন, ‘শেখ হাসিনার সঙ্গে কথা বলেছি এবং সংসদ নির্বাচনে টানা চতুর্থবারের মতো ঐতিহাসিক বিজয়ের জন্য তাকে অভিনন্দন জানিয়েছি। নির্বাচন সফলভাবে পরিচালনার জন্য আমি বাংলাদেশের জনগণকেও অভিনন্দন জানাই। আমরা বাংলাদেশের সঙ্গে আমাদের স্থায়ী এবং জনকেন্দ্রিক অংশীদারত্বকে আরও জোরদার করতে প্রতিশ্রুতিবদ্ধ।’উল্লেখ্য, গতকাল রবিবার অনুষ্ঠিত হয়েছে দ্বাদশ জাতীয় সংসদ নির্বাচনের ভোট গ্রহণ। এ নির্বাচনে এখন পর্যন্ত ২৯৮টি আসনের ফল ঘোষণা করেছে আওয়ামী লীগ। নির্বাচনে ক্ষমতাসীন আওয়ামী লীগ পেয়েছে ২২২টি, জাতীয় পার্টি ১১টি, বাংলাদেশের ওয়ার্কার্স পার্টি, জাসদ এবং বাংলাদেশ কল্যাণ পার্টি একটি করে আসন পেয়েছেন। এ ছাড়া স্বতন্ত্র প্রার্থীরা ৬২টি আসনে বিজয়ী হয়েছেন।",1,1,0,1,False
"মানুষের অধিকারকে রক্ষা করতে হবে বলে জানালেন আওয়ামী লীগ সভাপতি ও প্রধানমন্ত্রী শেখ হাসিনা। দ্বাদশ জাতীয় সংসদ নির্বাচনের পরদিন আজ সোমবার দেশি-বিদেশি সাংবাদিক ও পর্যবেক্ষকদের সঙ্গে গণভবনে অনুষ্ঠিত মতবিনিময় সভায় এ কথা বলেন তিনি।ব্রিটিশ সংবাদমাধ্যম বিবিসির সাংবাদিক সামিরা হুসেইন প্রধানমন্ত্রী শেখ হাসিনাকে প্রশ্ন করেন, ‘আপনি প্রধান বিরোধীদলকে ২০১৮ সালের পর থেকে সংলাপে অন্তর্ভুক্ত করেননি। তাদের অনুপস্থিতিতে গতকালের নির্বাচনে বিজয়ী হয়েছেন। যেখানে ৬০ শতাংশ মানুষ ভোট দেননি। গণতান্ত্রিক প্রক্রিয়া সীমিত করা হয়েছে বলে মানবাধিকারকর্মীরা আপনার সরকারের সমালোচনা করছেন। আপনি কি বিশ্বাস করেন যে বাংলাদেশে একটি গতিশীল গণতন্ত্র থাকবে, যেখানে কোনো বিরোধী দল নেই?’জবাবে প্রধানমন্ত্রী বলেন,‘প্রতিটি দলের নিজেদের সিদ্ধান্ত নেওয়ার অধিকার আছে। সেখানে যদি কোনো দল নির্বাচনে অংশ না নেয়, তার মানে এই না যে গণতন্ত্র নেই। আপনাকে বিবেচনা করতে হবে মানুষ অংশ নিয়েছেন কি না।’বিবিসির সাংবাদিদের উদ্দেশে তিনি বলেন, ‘আপনি যে দলের (বিএনপি) কথা বলেছেন, তারা আগুন দেয়, মানুষ হত্যা করে। কিছুদিন আগে ট্রেনে আগুন দিয়ে মানুষ মেরেছে। এটা কি গণতন্ত্র? এটা সন্ত্রাসী কর্মকাণ্ড। মানুষ এটা গ্রহণ করে না। এ ধরনের ঘটনা এ দেশে একাধিকবার ঘটেছে। আমরা ধৈর্য দেখিয়েছি। মানুষের অধিকারকে রক্ষা করতে হবে।’বিরোধীদলবিহীন নির্বাচন এবং অর্ধেকের কম ভোট পড়া নিয়ে করা অপর প্রশ্নের জবাবে আওয়ামী লীগ সভাপতি বলেন, ‘যদি এখানে গণতন্ত্রের আর কোনো সংজ্ঞা থাকে, সেটা ভিন্ন। মানুষের অংশগ্রহণই বড় কথা।’ তিনি বলেন, ‘বিএনপি মানুষকে এ নির্বাচনে ভোট না দিতে উৎসাহিত করার চেষ্টা করেছিল। কিন্তু মানুষ তাদের কথা শোনেননি।’ ",1,1,0,1,False
"দ্বাদশ জাতীয় সংসদ নির্বাচনে গাজীপুর সিটি করপোরেশনের সাবেক মেয়র জাহাঙ্গীর আলমের সমর্থন পাওয়া দুই স্বতন্ত্র প্রার্থী হেরে গেছেন। দুটি আসনে মন্ত্রী ও প্রতিমন্ত্রীর বিরুদ্ধে অবস্থান নিয়ে দুই প্রার্থীকে নিয়ে চ্যালেঞ্জ নিয়েছিলেন তিনি।ওই দুজন হলেন গাজীপুর-১ আসনের স্বতন্ত্র প্রার্থী রেজাউল করিম রাসেল ও গাজীপুর-২ আসনের কাজী আলীম উদ্দিন।তবে গাজীপুর-৫ আসনের স্বতন্ত্র প্রার্থী জেলা পরিষদের সাবেক চেয়ারম্যান আখতারউজ্জামান প্রায় ১৫ হাজার ভোট বেশি পেয়ে জয়ী হয়েছেন।বেসরকারি ফলাফল অনুযায়ী গাজীপুর-১ আসনে নৌকা প্রতীক নিয়ে বেসরকারিভাবে বিজয়ী হয়েছেন মুক্তিযুদ্ধবিষয়ক মন্ত্রী আ ক ম মোজাম্মেল হক (নৌকা)। তিনি পেয়েছেন ১ লাখ ৯ হাজার ২১৮ ভোটতিনি। তার নিকটতম প্রতিদ্বন্ধী স্বতন্ত্র প্রার্থী রেজাউল করিম রাসেল ট্রাক প্রতীকে পেয়েছেন ৯২ হাজার ৭৮৮ ভোট।গাজীপুর-২ (গাজীপুর সিটির একাংশ ও গাজীপুর ক্যান্টনমেন্ট এলাকা) আসনে নৌকা প্রতীক নিয়ে বিজয়ী হয়েছেন যুব ও ক্রীড়া প্রতিমন্ত্রী জাহিদ আহসান রাসেল। তিনি পেয়েছেন ১ লাখ ৪ হাজার ৪৭৭ ভোট। তার নিকটতম প্রতিদ্বন্ধী স্বতন্ত্র প্রার্থী কাজী আলিম উদ্দিন ট্রাক প্রতীকে পেয়েছেন ৮৪ হাজার ১২৯ ভোট।এ বিষয়ে জাহাঙ্গীর আলম বলেন, ‘আমি হারিনি, হেরেছেন তারা (আ ক ম মোজাম্মেল হক ও জাহিদ আহসান রাসেল)। তারা আওয়ামী লীগকে দুর্বল করেছেন। দুই মন্ত্রীর বোঝা উচিত ছিল, আওয়ামী লীগের লোকজন ২ লাখ ভোট তাদের বিপক্ষে দিয়েছে।’ভোটের পরিসংখ্যান তুলে ধরে জাহাঙ্গীর আলম বলেন, ‘২০১৮ সালের ভোটে আ ক ম মোজাম্মেল পাইছিলেন প্রায় ৪ লাখ ভোট। এ বছর পাইছেন ১ লাখ ভোট। তাহলে আওয়ামী লীগের ৩ লাখ ভোট তার থেকে সরে গেছে। আর জাহিদ আহসান রাসেল পাইছিলেন পৌনে ৫ লাখ ভোট। এবার ৩ লাখ ভোট ছুইটা গেছে। তার মানে দেখেন, আওয়ামী লীগের মন্ত্রীর ভোট আওয়ামী লীগ থেকে ছুটে গেছে।’আওয়ামী লীগের স্থানীয় নেতাকর্মীরা বলেন, গত বছরের ২৫ মে গাজীপুর সিটি করপোরেশন নির্বাচন অনুষ্ঠিত হয়। সেই নির্বাচনে মেয়র প্রার্থী হয়েছিলেন জাহাঙ্গীর আলম। খেলাপি ঋণ থাকার কারণে তার মনোনয়নপত্র বাতিল করে নির্বাচন কমিশন। আপিল করেও মনোনয়ন ফিরে না পাওয়ায় মা জায়েদা খাতুনকে নিয়ে নির্বাচনী মাঠে নামেন তিনি। দলীয় সিদ্ধান্ত অমান্য করে নির্বাচনী মাঠে থাকায় তাকে স্থায়ীভাবে বহিষ্কার করে আওয়ামী লীগ। নিজের মনোনয়ন বাতিল, দলীয় পরিচয় হারানোর পরও মাকে নিয়ে নির্বাচনী মাঠে দৃঢ় অবস্থান নেন জাহাঙ্গীর আলম। ভোটে আওয়ামী লীগের প্রার্থী আজমত উল্লা খানকে হারিয়ে জয়ী হন জাহাঙ্গীর আলমের মা জায়েদা খাতুন।এর আগে বঙ্গবন্ধুকে নিয়ে একটি বিতর্কিত বক্তব্যের জেরে জাহাঙ্গীর আলমকে দলীয় পদ হারাতে হয়। সাময়িক বরখাস্ত করা হয় মেয়র পদ থেকে। তার বরখাস্তের পেছনে মুক্তিযুদ্ধবিষয়ক মন্ত্রী আ ক ম মোজাম্মেল হক এবং যুব ও ক্রীড়া প্রতিমন্ত্রী জাহিদ আহসান রাসেলের হাত ছিল বলে বিভিন্ন সময়ে দাবি করেন জাহাঙ্গীর আলম।এ কারণে এবার সংসদ নির্বাচনে নিজে প্রার্থী না হয়ে গাজীপুর-১ আসনের স্বতন্ত্র প্রার্থী রেজাউল করিম রাসেল, গাজীপুর-২ আসনের কাজী আলীম উদ্দিন ও গাজীপুর-৫ আসনের স্বতন্ত্র প্রার্থী আখতারউজ্জামানকে সমর্থন দেন জাহাঙ্গীর আলম।গত ১৮ ডিসেম্বর প্রতীক বরাদ্দের পর থেকে এই তিন প্রার্থীর পক্ষে ব্যাপক প্রচার-প্রচারণা চালান জাহাঙ্গীর আলম। নির্বাচনের ফলাফল বিশ্লেষণ করে দেখা গেছে, গাজীপুরে পাঁচটি আসনের চারটিতেই জয়লাভ করেছে ক্ষমতাসীন আওয়ামী লীগ। একটি আসনে নৌকার প্রার্থীকে পরাজিত করে স্বতন্ত্র প্রার্থী জয়লাভ করেছেন।জাহাঙ্গীর আলম বলেন, ‘আমি চারটি আসনের প্রার্থীর পক্ষে ছিলাম। সেখানে দুজন প্রার্থী হেরেছেন। কিন্তু অন্য দুজন জিতেছেন। আমি সিমিন হোসেন রিমির (গাজীপুর-৪) পক্ষেও ছিলাম। শুধু রেজাউল ও আলীম উদ্দিন হারছেন। মন্ত্রী হওয়ার পর ভোট কমছে, এর মানে হলো তারা এলাকায় সুশাসন দেননি, নেতাদের মূল্যায়ন করেননি। ক্ষমতায় থাকার পর ভোট কমে কীভাবে? এটা প্রমাণের জন্য ভোটে স্বতন্ত্রদের সাপোর্ট দিয়েছি আমি।’নির্বাচনে যে অবস্থান নিয়েছেন, সে জন্য চাপের মুখে পড়তে পারেন কি না—জানতে চাইলে জাহাঙ্গীর আলম বলেন, ‘তারা আগেও আমার ক্ষতি করেছেন, ভবিষ্যতেও করবেন; তাতে আমার কিছু যায় আসে না। আওয়ামী লীগ করে আসছি, দুঃসময়েও আওয়ামী লীগ করি।’",1,1,0,1,False
"দ্বাদশ জাতীয় সংসদ নির্বাচনে রাজশাহী-১ (তানোর-গোদাগাড়ী) আসনে ট্রাক প্রতীকের স্বতন্ত্র প্রার্থী মাহিয়া মাহি তার আসনে ভোট দিতে পারেনি। কারণ তিনি ওই এলাকার ভোটার নন। তিনি ঢাকার ভোটার।এক প্রতিক্রিয়ায় মাহি বলেন, ‘আমি এ দেশের নাগরিক এটাই সবচেয়ে বড় বিষয়।’এদিকে এ আসনের আরেক প্রার্থী আওয়ামী লীগ মনোনীত ওমর ফারুক চৌধুরীও নিজেকে ভোট দিতে পারবেন না। কারণ তিনিও সেখানকার ভোটার নন। তার আদি বাড়ি তানোর উপজেলায় কলমা ইউনিয়নের চৌরখোরে। কিন্তু তিনি রাজশাহী সিটি করপোরেশনের ২২ নম্বর ওয়ার্ডের ভোটার। সংসদ ওমর ফারুক চৌধুরী ২০০১ সাল থেকে রাজশাহী সিটি করপোরেশনের ভোটার। তিনি এখান থেকে প্রতিবার ভোট দেন।বিষয়টি নিশ্চিত করে তানোর উপজেলা নির্বাহী কর্মকর্তা ও সহকারী রিটার্নিং কর্মকর্তা বিল্লাল হোসেন বলেন, মাহিয়া মাহি তানোরের ভোটার না। এ ছাড়া ওমর ফারুক চৌধুরীও তানোরের ভোটার না। তিনি শহরের ভোটার। নির্বাচনী আসনে ভোটার হতেই হবে এমন নয়।এ বিষয়ে মাহিয়া মাহি বলেন, ভোটার হতে হবে এটা যদি বড় বিষয় হতো, তাহলে কেউ ভোট করতে পারত না। আমি এ দেশের নাগরিক এটাই সবচেয়ে বড় বিষয়।এরআগে মাহি বলেছিলেন, ‘আমি ঢাকার উত্তরার ভোটার। সাধারণত সেখানেই ভোট দেওয়া হয়। কিন্তু এবার নির্বাচনের কারণে যেতে পারছি না। তবে চাইব, আমার নির্বাচনী এলাকার মানুষেরা যেন তাদের ভোটটা দিতে পারেন।’",1,1,0,1,False
"ভোটাররা আগুন সন্ত্রাসের বিরুদ্ধে ও উন্নয়নের পক্ষে ভোট দিতে আসছে। নৌকার বিজয় হবেই হবে; এমন মন্তব্য করেছেন খাদ্যমন্ত্রী সাধন চন্দ্র মজুমদার।আজরবিবার সকাল ৮ টায় নওগাঁর নিয়ামতপুর উপজেলার শিবপুর সরকারী প্রাথমিক বিদ্যালয় কেন্দ্রে ভোট প্রদান করছেন খাদ্যমন্ত্রী। পরে সাংবাদিকদের কাছে এসব মন্তব্য বলেন মন্ত্রী।নওগাঁ-১ আসন থেকে আওয়ামী লীগের মনোনীত প্রার্থী হিসেবে নৌকা মার্কা নিয়ে প্রতিদ্বন্দ্বিতা করছেন সাধন চন্দ্র মজুমদার।মন্ত্রী বলেন, ‘ভোটের উৎসব তৈরি হয়েছে। দীর্ঘ লাইনে দাড়িয়ে ভোটাররা উৎসব মুখর পরিবেশ ও শান্তিপূর্ণ ভাবে প্রদান করছেন। আগুন সন্ত্রাস যেন চিরদিনের জন্য বন্ধ হয়ে যায়, ভোট দিয়ে এটাই প্রমান করতে চান ভোটাররা।’পরে খাদ্যমন্ত্রী নিয়ামতপুর উপজেলার চন্দননগর ইউনিয়নের বিভিন্ন ভোট কেন্দ্র পরিদর্শন করেন। এছাড়া তার নির্বাচনী এলাকার অপর দুই উপজেলা পোরশা ও সাপাহারের বিভিন্ন ভোট কেন্দ্র পরিদর্শন করেন।",1,1,0,1,False
"তৃণমূল বিএনপির চেয়ারপারসন, সিলেট-৬ আসনের প্রার্থী শমসের মবিন চৌধুরী নিজের ভোট দিয়েছেন। আজ রবিবার সকাল পৌনে ৯টায় আম্বরখানা গার্লস হাই স্কুল অ্যান্ড কলেজ কেন্দ্রে ভোট দিয়েছেন তিনি।পরে সাবেক এই বিএনপি নেতা সাংবাদিকদের বলেন, ‘ভোটারদের প্রচুর সাড়া পাচ্ছি। এবার অবাধ, সুষ্ঠু ও গ্রহণযোগ্য নির্বাচন হবে আশা রাখি। এখন পর্যন্ত সুষ্ঠু নির্বাচনের পরিবেশ রয়েছে। জয়ের ব্যাপারে আশাবাদী।’নিজের নির্বাচনি এলাকায় ভোটের শান্তিপূর্ণ পরিবেশ বিরাজ করছে বলে দাবি করেন তিনি।শমসের মবিন বলেন, ‘আমাদের এখানে প্রার্থীদের মধ্যেও সহমর্মিতা রয়েছে। ভোটারদের মধ্যে ব্যাপক উৎসাহ। গত দুই নির্বাচনে নানা কারণে ভোটাররা ভোট দিতে পারেননি। এবার সুযোগ পেয়ে তারা ভোট দেওয়ার জন্য মুখিয়ে আছে।’নিজের জয়ের ব্যাপারে আশাবাদ ব্যক্ত করে তৃণমূল বিএনপির চেয়ারপারসন আরও বলেন, ‘আমরা নতুন দল হিসেবে এবার প্রস্তুতির সময়ও কম পেয়েছি। তবু আশা করছি, তৃণমূল বিএনপি অনেক ভালো করবে।’সিলেট-৬ আসনে (গোলাপগঞ্জ-বিয়ানীবাজার) শমসের মবিন ছাড়া অন্য প্রার্থীরা হলেন- আওয়ামী লীগের নৌকা মার্কার প্রার্থী, সাবেক শিক্ষামন্ত্রী নুরুল ইসলাম নাহিদ; জাতীয় পার্টির লাঙ্গল মার্কার প্রার্থী, সাবেক এমপি সেলিম উদ্দিন; স্বতন্ত্র প্রার্থী, কানাডা আওয়ামী লীগের সাবেক সভাপতি সরোয়ার হোসেন।",1,1,0,1,False
"দ্বাদশ জাতীয় সংসদ নির্বাচনে নিজের ভোট দিয়েছেন বর্তমান সংসদ সদস্য, জাতীয় পার্টির সাবেক মহাসচিব (বর্তমানে বহিষ্কৃত) ও বিরোধী দলীয় চীফ হুইপ মসিউর রহমান রাঙ্গা। আজ রবিবার সকাল ১০টায় নির্বাচনীয় এলাকার গংগাচড়া ইউনিয়ন পরিষদের ১ নম্বর ওয়ার্ডের গার্লস স্কুল কেন্দ্রে ভোট দেন তিনি।তিনি লাঙ্গল প্রতীকে তিনবার সংসদ সদস্য নির্বাচিত হলেও এবারে স্বতন্ত্র প্রাথী হিসেবে ট্রাক প্রতীকে নির্বাচনে লড়ছেন। ভোট দিয়ে মসিউর রহমান রাঙ্গা বলেন, ‘আমি গংগাচড়াবাসীর উন্নয়নে সর্বোচ্চ চেষ্টা করেছি। প্রত্যাশিত উন্নয়ন করেছি। গংগাচড়াবাসী আজকে তাদের মূল্যবান ভোট দিয়ে পুনরায় জয়ী করবেন এই বিশ্বাস আমার আছে।’ এ সময় তিনি গংগাচড়াবাসীকে ভোটকেন্দ্রে গিয়ে ভোট দেওয়ার আহ্বান জানান। পরে তিনি অন্যান্য ভোট কেন্দ্র পরিদর্শনে যান। রংপুর-১ (গংগাচড়া ও রংপুর সিটি কর্পোরেশনের ১ থেকে ৮নং ওয়ার্ড) আসনে ৯ জন প্রার্থী প্রতিদ্বন্দ্বিতা করছেন। এর মধ্যে মশিউর রহমান রাঙ্গা ছাড়াও রয়েছে গংগাচড়া উপজেলা পরিষদের সাবেক চেয়ারম্যান ও আওয়ামী লীগের মনোনয়নবঞ্চিত স্বতন্ত্র আসাদুজ্জামান বাবলু ‘কেটলি’, জাতীয় পার্টি মনোনীত প্রার্থী ও সাবেক সংসদ সদস্য হোসেন মকবুল শাহরিয়ার আসিফ ‘লাঙ্গল’, বাংলাদেশ ওয়ার্কার্স পার্টির বখতিয়ার হোসেন ‘হাতুড়ি’, তৃণমূল বিএনপি’র বদরুদ্দোজা চৌধুরী ‘সোনালী আঁশ’ (পাট), ন্যাশনাল পিপলস পার্টির হাবিবুর রহমান ‘আম’, বাংলাদেশ কংগ্রেসের শ্যামলী রায় ‘ডাব’, স্বতন্ত্র প্রার্থী মোশারফ হোসেন ‘মোড়া’ এবং আরেক স্বতন্ত্র প্রার্থী শাহীনুর আলম ‘ঈগল’ প্রতীক।এই আসনে মোট ভোটার রয়েছে ৩ লাখ ৩২ হাজার ২১৯ জন। এর মধ্যে নারী ভোটার রয়েছে ১ লাখ ৬৫ হাজার ৩৫ জন ও পুরুষ ১ লাখ ৬৭ হাজার ১৮২ জন এবং তৃতীয় লিঙ্গের ভোটার ২ জন রয়েছে। এখানকার ১২৩টি ভোটকেন্দ্রের ৬৬৬টি ভোটকক্ষে ভোটাধিকার প্রয়োগ করবেন ভোটাররা। এই আসন থেকে আওয়ামী লীগ মনোনীত প্রার্থী এ্যাডভোকেট রেজাউল করিম রাজুকে প্রত্যাহার করে নেওয়া হয়েছে। ভোটযুদ্ধে এ আসনে ৯ জন প্রার্থী নির্বাচনী লড়াইয়ে থাকলেও মূলত ‘লাঙ্গল’ প্রতীকের প্রার্থীর সঙ্গে স্বতন্ত্র প্রার্থীর ‘কেটলি’ ও ‘ট্রাক’ প্রতীকের প্রতিদ্বন্দ্বিতা হবে। ",1,1,0,1,False
"জাতীয় সংসদের স্পিকার ও রংপুর-৬ (পীরগঞ্জ) আসনের নৌকার প্রার্থী ড. শিরীন শারমিন চৌধুরী বলেছেন, ‘নৌকার সরকার থাকায় সারাদেশের উন্নয়ন হয়েছে। ব্যাপক উন্নয়ন হয়েছে পীরগঞ্জে। উন্নয়নে বদলে যাওয়া পীরগঞ্জবাসী নৌকাকে বিপুল ভোটে জয়ী করবে।’আজ রবিবার সকালে উপজেলার লালদীঘির ফতেপুরের মকিমপুর ১ নম্বর সরকারি প্রাথমিক বিদ্যালয় কেন্দ্রে ভোট দিয়ে সাংবাদিকদের এসব কথা বলেন।ড. শিরীন শারমিন চৌধুরী বলেন, ‘ভোট সুষ্ঠু ও নিরপেক্ষভাবে অনুষ্ঠিত হচ্ছে। ভোটাররা শান্তিপূর্ণ পরিবেশে ভোট দিচ্ছেন। এ সময় ভোটারদের কেন্দ্রে এসে ভোট দেওয়ার আহ্বান জানান তিনি।’প্রধানমন্ত্রীর শ্বশুর বাড়ি ফতেপুর গ্রামের ভোটার ড. শিরীন শারমিন চৌধুরী। তিনি তৃতীয়বারের মতো আওয়ামী লীগ মনোনীত নৌকা প্রতীকে প্রতিদ্বন্দ্বিতা করছেন।উল্লেখ্য, রংপুর-৬ (পীরগঞ্জ) আসনে আওয়ামী লীগ মনোনীত প্রার্থী ও বর্তমান সংসদ সদস্য স্পিকার ড. শিরীন শারমিন চৌধুরী ‘নৌকা’ ছাড়াও জাতীয় পার্টির প্রার্থী নুর আলম যাদু মিয়া ‘লাঙ্গল’, ন্যাশনাল পিপলস পার্টির হুমায়ুন ইজাজ ‘আম’, বাংলাদেশ কল্যাণ পার্টির জাকারিয়া হোসেন ‘হাতঘড়ি’, বাংলাদেশ কংগ্রেসের মাহবুল আলম ‘ডাব’, আওয়ামী লীগের মনোনয়নবঞ্চিত স্বতন্ত্র প্রার্থী সিরাজুল ইসলাম ‘ট্রাক’ এবং স্বতন্ত্র প্রার্থী তাকিয়া জাহান চৌধুরী ‘কাঁচি’ প্রতীকে ভোটযুদ্ধে লড়ছেন। এ আসনে মোট ভোটার ৩ লাখ ২৯ হাজার ৭৫৪ জন। এর মধ্যে নারী ভোটার ১ লাখ ৬৫ হাজার ৪৯৮ জন, পুরুষ ১ লাখ ৬৪ হাজার ২৫২ এবং তৃতীয় লিঙ্গের ভোটার ৪ জন। এ আসনের ১১১টি ভোটকেন্দ্রের ৭১২টি ভোটকক্ষে ভোটগ্রহণ অনুষ্ঠিত হচ্ছে। নৌকা বিজয়ের দৌড়ে এগিয়ে থাকলে প্রতিদ্বন্দ্বিতা লাঙ্গলের পাশাাশি আলোচনায় আছে।",1,1,0,1,False
"আওয়ামী লীগের যুব ও ক্রীড়া বিষয়ক সম্পাদক এবং নড়াইল-২ আসনে আওয়ামী লীগের প্রার্থী মাশরাফি বিন মর্তুজা ভোট দিয়েছেন। আজ রবিবার সকাল পৌনে ১১ টায় নড়াইল টেকনিক্যাল স্কুল অ্যান্ড কলেজ কেন্দ্রে তিনি ভোট দেন।ভোট দানের পর উপস্থিত সাংবাদিকের মাশরাফি বলেন, ‘ভোটার উপস্থিতি নিয়ে এখন পর্যন্ত আমি সন্তুষ্ট। তবে শীতের সকালে কিছুটা কম উপস্থিত হলেও বেলা বাড়ার সঙ্গে সঙ্গে এ সংখ্যা আরও বাড়বে বলে মনে করি।’নিজের জয়ের ব্যাপারে আশাবাদী হলেও শেষ পর্যন্ত অপেক্ষা করতে হবে বলে জানান মাশরাফি।মাশরাফির আসনে (নড়াইল সদরের আংশিক ও লোহাগড়া) মোট ভোটার রয়েছে ৩ লাখ ৬৪ হাজার ৯৩৭ জন। এর মধ্যে নারী ভোটার ১ লাখ ৮৩ হাজার ৩৮৭ জন এবং পুরুষ ভোটার ১ লাখ ৮১ হাজার ৫৫০ জন। এ আসনে ১৪৭টি কেন্দ্রে ভোট গ্রহণের জন্য ৮০৪টি ভোটকক্ষ প্রস্তুত করা হয়েছে।এই আসনে মাশরাফি ছাড়াও বাংলাদেশ ওয়ার্কার্স পার্টির শেখ হাফিজুর রহমান (হাতুড়ি), এনপিপির মো. মনিরুল ইসলাম (আম), জাতীয় পার্টির ফায়েকুজ্জামান ফিরোজ (লাঙ্গল), গণফ্রন্টের মো. লতিফুর রহমান (মাছ), ইসলামী ঐক্যজোটের মো. মাহবুবুর রহমান (মিনার) ও স্বতন্ত্র প্রার্থী লায়ন মো. নূর ইসলাম (ঈগল) প্রতিদ্বন্দ্বিতা করছেন।",1,1,0,1,False
"বাবা-মা ও ভাইয়ের কবর জিয়ারতের পর ভোট দিলে নারায়ণগঞ্জ-৫ আসনের লাঙ্গল প্রতীকের প্রার্থী এ কে এম সেলিম ওসমান। আজ রবিবার সকালে নারায়ণগঞ্জ সিটি করপোরেশনের ১২ নম্বর ওয়ার্ডের হেরিটেজ স্কুলে ভোট দেন তিনি।এ সময় তার এজেন্টসহ অন্য প্রার্থীর এজেন্টদের সঙ্গেও কথা বলেন তিনি। এ ছাড়া ভোটারদের সঙ্গে কুশল বিনিময় করেন।প্রসঙ্গত, নারায়ণগঞ্জ সিটি করপোরেশনের ১১ থেকে ২৭ নম্বর ওয়ার্ড ও সদর উপজেলার ২টি ও বন্দরের ৫ ইউনিয়ন নিয়ে গঠিত নারায়ণগঞ্জ-৫ আসন। এ আসনে মোট ভোটকেন্দ্র রয়েছে ১৭৫টি। মোট ভোট কক্ষের সংখ্যা ১ হাজার ৮৮টি। এ আসনে মোট ভোটার সংখ্যা ৪ লাখ ৯৪ হাজার ৪০০ জন। এর মধ্যে পুরুষ ভোটার ২ লাখ ৪৯ হাজার ৩৬৮ জন ও নারী ভোটার ২ লাখ ৪৫ হাজার ২৬ জন। এখানে তৃতীয় লিঙ্গের ৬ জন ভোটার রয়েছেন। নির্বাচনে নারায়ণগঞ্জ-৫ আসন থেকে সংসদ সদস্য পদে প্রতিদ্বন্দ্বিতা করছেন চারজন প্রার্থী।এরা হলেন, নারায়ণগঞ্জ-৫ (সদর-বন্দর) আসনে একেএম সেলিম ওসমান (লাঙ্গল, জাতীয় পার্টি), এএমএম একরামুল হক (চেয়ার, ইসলামি ফ্রন্ট বাংলাদেশ), মো. আব্দুল হামিদ ভাষানী ভূঁইয়া (সোনালী আঁশ, তৃণমূল বিএনপি), ছামসুল ইসলাম (একতারা, বাংলাদেশ সুপ্রিম পার্টি)।",1,1,0,1,False
"দ্বাদশ জাতীয় সংসদ নির্বাচনে স্থগিত হওয়া ময়মনসিংহ-৩ (গৌরীপুর) আসনের একটি কেন্দ্রের এবং নওগাঁ-২ (পত্নীতলা ও ধামইরহাট) আসনের একজন প্রার্থীর মৃত্যুজনিত কারণে স্থগিত হওয়া ভোটগ্রহণের তারিখ নির্ধারণ করেছে নির্বাচন কমিশন (ইসি)। আজ সোমবার ইসি সচিব মো. জাহাংগীর আলম স্বাক্ষরিত প্রজ্ঞাপনে এ তথ্য জানানো হয়।প্রজ্ঞাপনে বলা হয়, গতকাল রবিবার অনুষ্ঠিত জাতীয় সংসদ নির্বাচনে স্থগিত হওয়া ময়মনসিংহ-৩ (গৌরীপুর) আসনের একটি কেন্দ্রের ভোটগ্রহণ ১৩ জানুয়ারি অনুষ্ঠিত হবে।গতকাল রবিবার ভোটগ্রহণ শেষ হওয়ার আগমুহূর্তে বিকেলে উপজেলার সহনাটি ইউনিয়নের ৪০ নম্বর ভালুকাপুর উচ্চ বিদ্যালয় কেন্দ্রটি দখল ও ভাঙচুর করে ছয়টি ব্যালট বাক্স ছিনতাইয়ের ঘটনা ঘটে। এ ঘটনার পর ওই আসনে নৌকা এগিয়ে থাকলেও একটি কেন্দ্রের ফলাফল বাতিল হওয়ায় এবং প্রতিদ্বন্দ্বী প্রার্থীদের মধ্যে ভোটের পার্থক্য এক হাজারেরও কম থাকায় এ আসনের ফলাফল স্থগিত করে নির্বাচন কমিশন।ওই একটি কেন্দ্র ছাড়া সব মিলিয়ে ময়মনসিংহ-৩ আসনে নিলুফার আনজুম পপি নৌকা প্রতীকে ৫৩ হাজার ১৯৬ ভোট পেয়েছেন। তার নিকটতম প্রতিদ্বন্দ্বী সোমনাথ সাহা ট্রাক প্রতীকে পেয়েছেন ৫২ হাজার ২১১ ভোট। ফলে ওই কেন্দ্রের ভোটের ফলের ওপর দুই প্রার্থীর জয়-পরাজয় নির্ভর করছে।আরেকটি প্রজ্ঞাপনে বলা হয়, দ্বাদশ জাতীয় সংসদ নির্বাচনে নওগাঁ-২ আসনের বৈধভাবে মনোনীত প্রার্থী মো. আমিনুল হকের মৃত্যুজনিত কারণে ভোটগ্রহণ হবে আগামী ১২ ফেব্রুয়ারি।প্রজ্ঞাপনে আরও বলা হয়, এই আসনে মনোনয়নপত্র জমা দেওয়ার শেষ তারিখ ১৭ জানুয়ারি। মনোনয়নপত্র বাছাই হবে এর পরদিন। প্রার্থিতা প্রত্যাহারের শেষ তারিখ ২৫ জানুয়ারি। প্রতীক বরাদ্দ দেওয়া হবে এর পরদিন। এরপর ১২ ফেব্রুয়ারি এই আসনে ভোটগ্রহণ হবে। তবে এই আসনে যারা আগেই মনোনয়নপত্র ও জামানত জমা দিয়েছেন তাদের নতুন করে মনোনয়নপত্র দাখিল করতে হবে না।",1,1,0,1,False
"বাংলাদেশের ‘নবনির্বাচিত সরকার’কে গণতন্ত্র ও মানবাধিকারের প্রতি দেশের প্রতিশ্রুতি পুনর্নবায়নে পদক্ষেপ নেওয়ার আহ্বান জানিয়েছেন জাতিসংঘের মানবাধিকারবিষয়ক হাইকমিশনার ভলকার তুর্ক। আজ সোমবার জাতিসংঘের মানবাধিকারবিষয়ক হাইকমিশনারের (ওএইচসিএইচআর) কার্যালয়ের ওয়েবসাইটে এ সংক্রান্ত এক বিবৃতি প্রকাশ করা হয়েছে। তাতে এ আহ্বান জানান তুর্ক।বিবৃতিতে রোববারের নির্বাচনের পরিবেশ সহিংসতা এবং বিরোধীপ্রার্থী ও সমর্থকদের দমনের মাধ্যমে ক্ষতিগ্রস্ত হয়েছে বলে উদ্বেগ প্রকাশ করেছেন জাতিসংঘের মানবাধিকারবিষয়ক হাইকমিশনার। তিনি বলেন, ‘ভোটের কয়েক মাস আগে হাজার হাজার বিরোধী সমর্থককে নির্বিচারে আটক কিংবা ভয় দেখানো হয়েছে। এ ধরনের কৌশল সত্যিই প্রকৃত প্রক্রিয়ার জন্য সহায়ক নয়।’তুর্ক বলেন, ‘আমি সরকারের প্রতি অনুরোধ করছি যাতে সব বাংলাদেশির মানবাধিকারের বিষয়টি সম্পূর্ণরূপে বিবেচনায় নেওয়া হয় এবং দেশে সত্যিকারের অন্তর্ভুক্তিমূলক গণতন্ত্রের ভিত্তিকে শক্তিশালী করার প্রয়োজনীয় পদক্ষেপ গ্রহণ করা হয়।’বিবৃতিতে তিনি বলেন, ‘ব্যালটের আগে গণগ্রেপ্তার, হুমকি, গুম, ব্ল্যাকমেইলিং এবং নজরদারির মতো সব পদ্ধতিই আইনপ্রয়োগকারী কর্মকর্তারা ব্যবহার করেছেন। আর এই ভোট প্রধান বিরোধীদল বাংলাদেশ জাতীয়তাবাদী দল (বিএনপি) বয়কট করেছে।’ জাতিসংঘের মানবাধিকারবিষয়ক হাইকমিশনার বলেছেন, ‘বাংলাদেশে গত ২৮ অক্টোবর থেকে প্রায় ২৫ হাজার বিরোধী সমর্থককে গ্রেপ্তার করা হয়েছে; যাদের মধ্যে প্রধান বিরোধীদলের নেতারা রয়েছেন। গত দুই মাসে অন্তত ১০ জন বিরোধী সমর্থক হেফাজতে মারা গেছে অথবা নিহত হয়েছে বলে অভিযোগ রয়েছে। এর ফলে আটকের পর সম্ভাব্য নির্যাতন বা কঠোর অবস্থার বিষয়ে গুরুতর উদ্বেগ তৈরি হয়েছে।’তিনি বলেন, ‘অনেক মানবাধিকারকর্মীকে আত্মগোপনে যেতে বাধ্য করা হয়েছে এবং কেউ কেউ দেশ ছেড়ে পালিয়েছেন। এছাড়া কয়েক ডজন সন্দেহভাজন জোরপূর্বক গুমের ঘটনার কথা জানা গেছে; যার বেশিরভাগই গত নভেম্বরে ঘটেছে। এসব ঘটনা অবশ্যই স্বাধীনভাবে তদন্ত করা উচিত এবং দায়ী ব্যক্তিদের অবশ্যই সুষ্ঠু ও স্বচ্ছ বিচারের আওতায় আনতে হবে।’তুর্ক বলেন, নির্বাচনী প্রচারণার সময় এবং নির্বাচনের দিন আচরণবিধি লঙ্ঘন ও অনিয়মের ঘটনাগুলো পুঙ্খানুপুঙ্খ এবং কার্যকরভাবে তদন্ত করা উচিত।তিনি বলেন, ‘কঠিন লড়াইয়ের মাধ্যমে বাংলাদেশে গণতন্ত্র জয়ী হয়েছে এবং এটাকে খেলার সামগ্রীতে পরিণত করা উচিত নয়। বাংলাদেশ উন্নয়নের একটি রোল মডেল হয়েছে এবং আমি আন্তরিকভাবে আশা করি রাজনৈতিক ও প্রাতিষ্ঠানিক ক্ষেত্রেও তা প্রতিফলিত হবে। সব বাংলাদেশির ভবিষ্যৎ হুমকিতে আছে।’",1,1,0,1,False
"গাজীপুরের কয়েকটি ভোটকেন্দ্র পরিদর্শন করেছেন মার্কিন প্রতিনিধিদল। আজ রবিবার দুপুর ১২টায় গাজীপুর-৩ আসনের মাওনা বহুমুখী উচ্চ বিদ্যালয় কেন্দ্র-১ ও মাওনা বহুমুখী উচ্চ বিদ্যালয় কেন্দ্র-২ দুটি পরিদর্শন করেন তারা।পরিদর্শনের সময় তারা দুই কেন্দ্রের প্রিজাইডিং অফিসারদের সঙ্গে নানা বিষয়ে দীর্ঘ সময় কথা বলেন। তবে এ প্রতিনিধিদলে কারা ছিলেন তাদের নাম-পরিচয় প্রকাশ করেননি।মাওনা বহুমুখী উচ্চ বিদ্যালয়-১ কেন্দ্রের প্রিজাইডিং অফিসার ওয়াহিদুল আবরার বলেন, নির্বাচন সম্পর্কে ওভারঅল সবকিছু তারা জানতে চেয়েছেন। তাদের সামগ্রিক বিষয়ে অবগত করা হয়েছে।মাওনা বহুমুখী উচ্চ বিদ্যালয়-২ কেন্দ্রের প্রিজাইডিং অফিসার মো. মাহবুবুল আলম বলেন, ‘মার্কিন যুক্তরাষ্ট্রের প্রতিনিধিদল ১৫ মিনিটের মতো আমার এখানে ছিলেন। এ সময় তারা ভোট প্রদান দেখেন এবং ভোট নিয়ে নানা বিষয়ে জানতে চান।নির্বাচনে কেউ প্রভাব বিস্তার করেছে কিনা, এসব বিষয়ে জানতে চান। তাদেরকে ভোটকেন্দ্রের সামগ্রিক বিষয়ে অবহিত করা হয়।’",1,1,0,1,False
"গ্রেপ্তার না দেখানো নাশকতার ৯টি মামলায় বিএনপির মহাসচিব মির্জা ফখরুল ইসলাম আলমগীরের জামিন আবেদনের শুনানি আজ মঙ্গলবার অনুষ্ঠিত হবে। ঢাকার চিফ মেট্রোপলিটন ম্যাজিস্ট্রেট রেজাউল করিম চৌধুরী এ শুনানি গ্রহণ করবেন।আইনজীবী সৈয়দ জয়নুল আবেদীন মেজবাহ বলেন, গত ১৩ ডিসেম্বর ফখরুলের এই ৯টি মামলায় জামিন আবেদনের শুনানি গ্রহণ করেননি ঢাকা সিএমএম আদালত। এ সংক্রান্ত রিট করলে হাইকোর্ট জামিন শুনানি গ্রহণের নির্দেশ দেন। ফখরুলের বিরুদ্ধে মোট ১১টি মামলা রয়েছে। এর মধ্যে সম্প্রতি দুটিতে গ্রেপ্তার দেখানো হয়েছে। এর আগে গত ২৮ অক্টোবর সকালে ফখরুলকে আটক করে ডিবি। সেই থেকে তিনি কারাগারে আছেন।",1,1,0,1,False
" দ্বাদশ জাতীয় সংসদ নির্বাচনে নতুন সংসদ সদস্যদের শপথগ্রহণ আগামীকাল বুধবার সকাল ১০টায় অনুষ্ঠিত হবে।আজ মঙ্গলবার আওয়ামী লীগের দপ্তর সম্পাদক ব্যারিস্টার বিপ্লব বড়ুয়া এ তথ্য জানিয়েছেন।এর আগে গত রবিবার দ্বাদশ জাতীয় সংসদ নির্বাচন অনুষ্ঠিত হয়। নির্বাচিত সংসদ সদস্যদের গেজেট আজ মঙ্গলবার হতে পারে বলে জানিয়েছে নির্বাচন কমিশন (ইসি)।সূত্র জানায়, গেজেট প্রকাশ হলে আইন অনুযায়ী তিন দিনের মধ্যে সংসদ সদস্য হিসেবে শপথগ্রহণ করতে হবে নতুন সংসদ সদস্যদের।সংসদ সচিবালয়ের এক ঊর্ধ্বতন কর্মকতা জানান, দ্বাদশ সংসদের নতুন সংসদ সদস্যদের শপথ পাঠ করাবেন স্পিকার ড. শিরীন শারমিন চৌধুরী। এমপিদের শপথের আগে নতুন সংসদ সদস্য হিসেবে প্রথমে শিরীন শারমিন নিজেই শপথ নেবেন। এরপর তিনি অন্যদের শপথ পাঠ করাবেন। ওই শপথ অনুষ্ঠানের পরই আওয়ামী লীগের সংসদীয় দলের সভা অনুষ্ঠিত হবে।",1,1,0,1,False
" বাংলাদেশ নির্বাচন কমিশনের আমন্ত্রণে ঢাকায় নির্বাচন পর্যবেক্ষক হিসাবে ভারত থেকে আসেন সাবেক আমলা অমিতাভ রায়। জার্মান সংবাদমাধ্যম ডয়চে ভ্যালেকে দেওয়া সাক্ষাতকারে তিনি জানিয়েছেন, রোববার সকাল আটটা থেকে তারা প্রধানমন্ত্রী শেখ হাসিনার কেন্দ্র থেকে শুরু করে অনেকগুলি জায়গায় ঘুরেছেন। ভোটকেন্দ্রের অবস্থা দেখেছেন। তাদের মনে হয়েছে, ভোটার অনেক কম।তিনি জানান, একটি ভোটকেন্দ্রে ভোটদাতাদের সংখ্যা ছিল দুই হাজার ৩৩৭ জন, বেলা বারোটা পর্যন্ত সেখানে ভোট পড়েছিল ২৯২টি। এজন্য অমিতাভ তিনটি কারণের কথা বলেছেন।‘প্রথমত, এবার নির্বাচনের ফলাফল আগে থেকে স্পষ্ট হয়ে যাওয়ায় মানুষের মধ্যে ভোট দেয়ার বিশেষ তাগিদ ছিল না, দ্বিতীয়ত, সকাল থেকে বেশ ঠান্ডা ছিল, তৃতীয়ত, মূলত নতুন ভোটাররা ভোট দেয়ার ক্ষেত্রে আগ্রহ দেখিয়েছে।’তিনি বলেন, বাংলাদেশে এবার এক কোটি ৫৪ লাখ নতুন ভোটারের নাম তালিকায় উঠেছে। তারাই ভোট দেয়ার ক্ষেত্রে বেশি উৎসাহী ছিল।অমিতাভ বলেছেন, ''মোট ১৫৭ জন বিদেশি পর্যবেক্ষক ছিলেন। তার মধ্যে নির্বাচন কমিশনের আমন্ত্রণে ভারত থেকে তিনজন গেছেন। অন্য কিছু সংগঠনের আমন্ত্রণেও কেউ কেউ গিয়েছিলেন। আর বিদেশ থেকে রিপোর্টার গিয়েছিলেন ৭১ জন।''অমিতাভ জানিয়েছেন, তিনি যে সব কেন্দ্রে ঘুরেছেন, সেখানে রিগিং বা ছাপ্পা ভোট নিয়ে কোনো অভিযোগ ছিল না। তিনিও সেরকম কিছু দেখেননি। ভোটকেন্দ্রের বাইরে প্রচুর ভিড় ছিল। ভিতরে ভোট কম পড়লেও বাইরে ভিড় জমিয়েছিলেন অনেক মানুষ।ডয়চে ভ্যালের প্রতিবেদনে বলা হয়, দেশে ফিরে এসে একমাসের মধ্যে বাংলাদেশের নির্বাচন কমিশনকে রিপোর্ট দেবেন পর্যবেক্ষকরা। ",1,1,0,1,False
" গণসংহতি আন্দোলনের প্রধান সমন্বয়কারী জোনায়েদ সাকি বলেছেন, ‘তামাশার নির্বাচন বর্জন করে জনগণ গণতন্ত্র ও ভোটাধিকারের পক্ষে ঐতিহাসিক রায় ঘোষণা করেছে। জনগণের আকাঙ্ক্ষা পূরণে আমাদের সংগ্রাম অব্যাহত থাকবে।’আজ মঙ্গলবার গণতন্ত্র মঞ্চের আয়োজনে ‘সরকার ও শাসনব্যবস্থা বদলে ঐক্যবদ্ধ হোন তামাশার নির্বাচন, জনগণের প্রত্যাখ্যান ও চলমান আন্দোলন’ বিষয়ে আয়োজিত এক সংবাদ সম্মেলনে তিনি এসব কথা বলেন।জোনায়েদ সাকি বলেন, ‘গত ৭ জানুয়ারি বর্তমান সরকারের ক্ষমতা নবায়ন করার যে তামাশার নির্বাচন তা জনগণ সর্বতোভাবে বর্জন করেছে। এই গণ রায় প্রদান করায় জনগণকে গণতন্ত্র আকাঙ্ক্ষিত সব রাজনৈতিক দলের পক্ষ থেকে আমরা অভিনন্দন জানাই।’ ",1,1,0,1,False
" আওয়ামী লীগের নেতাদের সঙ্গে ঢাকা মহানগর উত্তর-দক্ষিণ আওয়ামী লীগ, ঢাকা জেলা আওয়ামী লীগ এবং সব সহযোগী সংগঠনের সভাপতি-সাধারণ সম্পাদকদের যৌথসভা আজ।দলটির দপ্তর সম্পাদক বিপ্লব বড়ুয়া এক বিজ্ঞপ্তিতে জানিয়েছেন, আজ মঙ্গলবার বিকেল ৪টায় রাজধানীর তেজগাঁওস্থ ঢাকা জেলা আওয়ামী লীগ ভবনে দলের কেন্দ্রীয় নেতাদের সঙ্গে ঢাকা মহানগর উত্তর-দক্ষিণ আওয়ামী লীগ, ঢাকা জেলা আওয়ামী লীগ এবং সব সহযোগী সংগঠনের সভাপতি-সাধারণ সম্পাদকদের এক যৌথসভা অনুষ্ঠিত হবে।সভায় সভাপতিত্ব করবেন আওয়ামী লীগের সাধারণ সম্পাদক ওবায়দুল কাদের। সংশ্লিষ্ট সবাইকে যথাসময়ে সভায় উপস্থিত থাকার জন্য অনুরোধ জানানো হয়েছে।",1,1,0,1,False
" বিরোধী দল কারা হবে তা সংসদ সদস্যদের শপথ নেওয়ার পর জানা যাবে বলে জানিয়েছেন আইনমন্ত্রী আনিসুল হক। আজ মঙ্গলবার দুপুরে সচিবালয়ে নির্বাচনে জয়ী হওয়ার পর এক সংবাদ সম্মেলনে তিনি এ কথা জানান।আইনমন্ত্রী বলেন, ‘স্বতন্ত্রদের অবস্থান ঠিক হওয়ার পর জানা যাবে কারা বিরোধী দল হবে। স্বতন্ত্ররা যদি আওয়ামী লীগে আসতে চান তাহলে আসতে পারবেন।’মন্ত্রী আরও বলেন, ‘এবারও শেখ হাসিনাই সংসদ নেতা। তিনি ঠিক করবেন কে কোন মন্ত্রণালয়ের দায়িত্ব পালন করবেন। জনগণ যখন ভোট দেয় তখন নির্বাচন অংশগ্রহণমূলক হয়। জনগণ ভোটকে স্বাগত জানিয়েছে। অংশগ্রহণমূলক ভোটও হয়েছে।’কাল যারা শপথ নিতে পারবেন না, নিয়ম অনুযায়ী তারা পরে নিতে পারবেন বলেও জানান আইনমন্ত্রী।সাংবাদিকদের প্রশ্নের জবাবে তিনি বলেন, ‘আমার মনে হয় আপনাদের আরও একটু অপেক্ষা করতে হবে। কাল শপথের পরে স্বতন্ত্রদের অবস্থান কি হবে তা জানা যাবে। স্বতন্ত্রদের অবস্থা ঘোষিত হওয়ার পরে বা নির্ণয় করার পরেই আমার মনে হয় বিরোধী দল কারা থাকবেন সেটা আমরা বুঝতে পারব।’তিনি আরও বলেন, ‘স্বতন্ত্ররা যখন এমপি নির্বাচিত হয়েছেন, তারা কিন্তু আওয়ামী লীগের হয়ে নির্বাচিত হননি। তারা স্বতন্ত্র হিসেবে নির্বাচিত হয়েছেন। তাদের মার্কাও ছিল আলাদা, নৌকা মার্কায় তারা নির্বাচিত হননি। নৌকা মার্কায় শুধু নির্বাচিত হয়েছেন আওয়ামী লীগের মনোনীত প্রার্থীরা। সে ক্ষেত্রে তারা আওয়ামী লীগের, এটা মুখের কথা হতে পারে। কিন্তু আইনের কথা, বাস্তবতার কথা সেটা নয়। তার স্বতন্ত্র হিসেবে জয়ী হয়েছেন। তারা যদি মনে করেন তারা স্বতন্ত্র হিসেবেই থাকবেন, তাহলে দেখা যাবে যে কতজন স্বতন্ত্র হিসেবে থাকলেন। যদি দেখা যায় তারা একটা মোর্চা করবেন তখনই বিরোধী দল কারা হবেন সেটা পরিস্কার হবে।’",1,1,0,1,False
" পুলিশের মহাপরিদর্শক (আইজিপি) চৌধুরী আবদুল্লাহ আল-মামুন বলেছেন, ‘আপনারা নিরাপদে নির্বিঘ্নে ভোটকেন্দ্রে এসে ভোটাধিকার প্রয়োগ করতে পারবেন, পুলিশ আপনাদের পাশে আছে। আশা করছি উৎসবমুখর পরিবেশে সুন্দর একটি নির্বাচন উপহার দিতে পারব। সকল ভোটাররা ভোটাধিকার প্রয়োগের মাধ্যমে গণতান্ত্রিক প্রক্রিয়াকে অক্ষুণ্ন রাখতে ভোটকেন্দ্রে আসবেন। আমরা সবাইকে আশ্বস্ত করতে চাই, সমস্যা হলে আমাদের জানান। আমরা বাংলাদেশ পুলিশ ভোটের পরিবেশ নিশ্চিত করার প্রত্যয় ব্যক্ত করছি।’আজ শনিবার রাতে রাজধানীর বেইলি রোডে সিদ্ধেশ্বরী গার্লস কলেজ ভোটকেন্দ্র পরিদর্শন শেষে সাংবাদিকদের সঙ্গে আলাপকালে তিনি এ কথা বলেন।আইজিপি বলেন, ‘আগামীকাল দ্বাদশ জাতীয় সংসদ নির্বাচনকে ঘিরে সামগ্রিক নিরাপত্তা ব্যবস্থা চূড়ান্ত করা হয়েছে। আমাদের পুলিশ সদস্যরা আজ রাত থেকেই কেন্দ্রে কেন্দ্রে অবস্থান করছে। আগামীকাল সকল নাগরিক ভোটাধিকার প্রয়োগের জন্য কেন্দ্রে আসবেন। নির্বাচনী দায়িত্ব পালনের জন্য পুলিশ-আনসার, প্রিসাইডিং অফিসার, পুলিং অফিসাররা কেন্দ্রে চলে এসেছেন সশস্ত্র বাহিনী, বিজিবি, র‌্যাব মোতায়েন করা হয়েছে। ম্যাজিস্ট্রেট, প্রশাসন মিলে আমরা নির্বাচন কমিশনের অধীনে সকলে মিলে দায়িত্ব পালন করব। আশা করি সুষ্ঠুভাবে নির্বাচনী দায়িত্ব যথাযথভাবে পালন করতে সক্ষম হব।’তিনি বলেন, ‘মোবাইল টিম, স্ট্রাইকিং টিম, রিজার্ভ ফোর্স, কুইক রেসপন্স টিম, ডগ স্কোয়াড, র‌্যাবের হেলিকপ্টারসহ সমগ্র জনবল নিয়ে পুলিশ নির্বাচনের দায়িত্ব পালনের প্রস্তুতি গ্রহণ করেছি। আশা করি, নির্বাচন সুন্দরভাবে অনুষ্ঠিত হবে। নির্বাচন ঘিরে যেকোনো নাশকতা করলে আইনানুগ ব্যবস্থা নেওয়া হবে। নাশকতাকারীর তথ্য দিলে ২০ হাজার থেকে লাখ টাকা পুরস্কার দেওয়া হবে। তথ্যের গুরুত্বানুসারে সেই পুরস্কারের অর্থ ২-৩ লাখও হতে পারে। তবে তথ্যদাতার পরিচয় গোপন রেখে, নাশকতাকারীর বিরুদ্ধে প্রয়োজনীয় ব্যবস্থা নেওয়া হবে।’তিনি বলেন, ‘ইতোপূর্বে গাজীপুরে ট্রেনে নাশকতার ঘটনায় মামলার রহস্য উদঘাটন করা হয়েছে, কারা ঘটিয়েছে আপনাদের কাছে বিষয়টি পরিষ্কার। আমরা মাগুরাতে একজন ধরেছি, তার মোবাইল থেকে জানা গেছে, তাদের নির্দেশনা রয়েছে সারাদেশে পটকা, ককটেল ফুটিয়ে আতঙ্ক পরিবেশ সৃষ্টি করা। আমি স্পষ্টভাবে বলতে চাই, নাশকতাকারীদের সকল প্রচেষ্টা ব্যর্থ হয়েছে, কিছু প্রচেষ্টা করা হয়েছিল, সেগুলো প্রতিহত করা হয়েছে।’বেনাপোল এক্সপ্রেসে অগ্নিকাণ্ডের বিষয়ে এক প্রশ্নের জবাবে তিনি বলেন, ‘আমরা কিছু আসামি গ্রেপ্তার করেছি, তাদের জিজ্ঞাসাবাদ করছি। তদন্তের স্বার্থে এখনই কিছু বলছি না, তাদের জিজ্ঞাসাবাদে ধারণা পরিষ্কার করার চেষ্টা করব। আমরা এখনও তদন্ত করছি। আপাত দৃষ্টিতে মনে হয়েছে ট্রেনের ভেতর থেকে আগুন লাগানো হয়েছে। তবে যখন নিশ্চিত হব, তখন আমরা সকল তথ্য জানাব।’ট্রেনে সিসিটিভি ক্যামেরা স্থাপন প্রসঙ্গে জানতে চাইলে তিনি বলেন, ‘আমরা সিসিটিভি ক্যামেরা সবগুলো ট্রেনে স্থাপন করছি। বেনাপোল এক্সপ্রেসে এখনও স্থাপন করা হয়নি। এটি স্থাপন করতে সময় লাগে, আমরা এখনো সবগুলো শেষ করতে পারিনি।’তেজগাঁওয়ে ট্রেনে অগ্নিকাণ্ডের বিষয়ে জানতে চাইলে আইজিপি বলেন, ‘আমরা রহস্য উদঘাটনে কাজ করছি। যখন পূর্ণাঙ্গ তথ্য পাব আপনাদের জানাব। গাজীপুরের তথ্য যখন পেয়েছি, সবাইকে অবহিত করেছি।’অপর এক প্রশ্নের জবাবে তিনি বলেন, ‘আমাদের নিরাপত্তার ঘাটতি ছিল না। দুষ্কৃতকারীরা কাউকে জানিয়ে কিছু করে না। হঠাৎ করে ঘটনা ঘটিয়ে পালিয়ে গেছে। আমরা সবাই প্রস্তুত আছি, যখনই এমন ঘটনা সম্পর্কে তথ্য পাব, ব্যবস্থা নিব। তবে দেশব্যাপী বড় ধরনের নাশকতার কোনো সক্ষমতা নেই।’আগামীকাল কোনো নাশকতার হুমকি আছে কি না, জানতে চাইলে তিনি বলেন, ‘আমরা এখনও এমন কোনো আশঙ্কা করছি না। সারাদেশে ৪২ হাজার ২৫টি ভোটকেন্দ্র রয়েছে। দুষ্কৃতকারীরা ৮-৯টা কেন্দ্রে হয়ত নাশকতার চেষ্টা করেছে। কিন্তু তারা প্রকাশ্যে কিছু করার সাহস পায় না। দেশবাসী ভোটাধিকার প্রয়োগের জন্য প্রস্তুত। দেশবাসীর সহায়তায় সকল ভোটকেন্দ্রে নিরাপত্তা বলয় তৈরি থাকবে। জনগণ ভোটাধিকার প্রয়োগের মাধ্যমে নিরাপত্তা নিশ্চিত করবে, আমরা সহায়তা করছি মাত্র। আমরা আমাদের দায়িত্ব পেশাদারিত্বের সঙ্গে যেভাবে দরকার সেভাবে পালন করব।’",1,1,0,1,False
" লিবারেল ডেমোক্রেটিক পার্টির (এলডিপি) প্রেসিডেন্টড. কর্নেল (অব.) অলি আহমদ বলেছেন, দ্বাদশ জাতীয় সংসদ নির্বাচনকে ঘিরে সমাজে যে সমস্যা সৃষ্টি হয়েছে, এটা শুধু এককভাবে রাজনৈতিক দলগুলোর সমস্যা নয়, সমগ্র দেশ ও সমগ্র জাতির সমস্যা। সুতরাং সকলকে ঐক্যবন্ধভাবে এই সমস্যার মোকাবিলা করতে হবে। অন্যথায় এই ধরনের অন্যায়-অবিচার সমাজকে গৃহযুদ্ধের দিকে বা রক্তপাতের দিকে ঠেলে দেবে।আজ বুধবার বিকেলে এলডিপি কার্যালয়ে জরুরি সংবাদ সম্মেলনে তিনি এসব কথা বলেন। সরকারের পদত্যাগসহ এক দফা এবং তফসিল বাতিলের দাবিতে চার দিনের কর্মসূচি ঘোষণা করেন অলি। তিনি জানান, ২১, ২২ ও ২৩ ডিসেম্বর লিফলেট বিতরণ ও ২৪ ডিসেম্বর অবরোধ।এলডিপি প্রেসিডেন্ট বলেন, ‘আওয়ামী বাকশালিরা চায় তাদের অবৈধ কর্মকাণ্ড জায়েজ করার জন্য যেনতেনভাবে পুনরায় ক্ষমতা দখল নিতে। আমরা চাই জনগণের ভোট প্রদান নিশ্চিত করতে, সমাজে ন্যায় বিচার প্রতিষ্ঠা করতে।’ড. অলি আহমদ বলেন, ‘দুর্নীতি, অন্যায় ও অবিচারের হাত থেকে জনগণকে রক্ষা করতে হবে। বর্তমান পদ্ধতিতে নির্বাচন অনুষ্ঠিত হলে, জনগণ ভোটের অধিকার হারিয়ে ফেলবে। এতে দেশ ও জনগণ উপকৃত হবে না। বরং এই হটকারি ভাগাভাগির নির্বাচনের কারণে দেশ ও জনগণ এক গভীর সংকটে পড়বে। ক্ষমতা লোভীদের আশা-আকাঙ্ক্ষা পূরণ হবে। এই নির্বাচন কখনো গণতন্ত্র নিশ্চিত করবে না।’তিনি আরও বলেন, ‘সুতরাং আসুন ঐক্যবদ্ধ হই, সত্য ও ন্যায় প্রতিষ্ঠার জন্য দেশপ্রেমে উদ্বুদ্ধ হয়ে নিজনিজ দায়িত্ব সঠিকভাবে পালন করি। কোনো অবস্থাতেই অন্যায়কে প্রশ্রয় দেওয়া যাবে না। আল্লাহ প্রদত্ত এই সুযোগ কাজে লাগাতে হবে। চিরতরের জন্য দুর্নীতিবাজ, অর্থপাচারকারী, নির্যাতন ও নিপিড়নকারীদের বর্জন করতে হবে। হতাশ হলে চলবে না, নতুন উদ্যোমে সাহসের সাথে বর্তমান সরকারকে না বলতে হবে। সমাজে সত্য ও ন্যায় প্রতিষ্ঠার কাজে যুব সমাজকে অগ্রনী ভূমিকা পালন করতে হবে। ইনশাআল্লাহ সত্যের জয় প্রতিষ্ঠা হবে। এই ভাগাভাগির একদলীয় নির্বাচন বর্জন করুন। দেশ বাঁচান।’",1,1,0,1,False
" নৌপরিবহন প্রতিমন্ত্রী খালিদ মাহমুদ চৌধুরী বলেছেন, ‘সারা দেশের মতো আমার নির্বাচনী এলাকায় ব্যাপক নির্বাচনী প্রচার-প্রচারণা হচ্ছে। নির্বাচনের সাড়া পড়ে গেছে। মানুষ বিশ্বাস করে প্রধানমন্ত্রী শেখ হাসিনা দেশকে স্বপ্নের জায়গায় নিয়ে যাবেন। একটি জাগরণ তৈরি হয়েছে। মুখরিত প্রচারণা চলছে। শেখ হাসিনার নেতৃত্বাধীন সরকার সুসমন্বিত উন্নয়নে বিশ্বাসী।’আজ বৃহস্পতিবার ঢাকায় হোটেল সোনারগাঁয়ে চট্টগ্রামের সন্দ্বীপে জেটি ও টার্মিনাল ভবন নির্মাণের লক্ষ্যে বিআইডব্লিউটিএ এবং ঠিকাদারী প্রতিষ্ঠান ই-ইঞ্জিনিয়ারিং লিমিটেডের মধ্যে একটি চুক্তিপত্র স্বাক্ষর অনুষ্ঠানে প্রধান অতিথির বক্তৃতায় নৌ প্রতিমন্ত্রী এসব কথা বলেন।খালিদ মাহমুদ চৌধুরী বলেন, ‘প্রধানমন্ত্রী শেখ হাসিনার নেতৃত্বাধীন সরকারের সময় সন্দ্বীপসহ বিভিন্ন চরাঞ্চলে ক্যাবলের মাধ্যমে নদীর তলদেশে দিয়ে বিদ্যুৎ সংযোগ দেওয়া হয়েছে। প্রধানমন্ত্রীর সহায়তায় সন্দ্বীপের যোগাযোগ ব্যবস্থার উন্নয়ন করা হচ্ছে। সন্দ্বীপে অর্থনৈতিক অঞ্চল হচ্ছে। সন্দ্বীপে ৭০০ মিটার দৈর্ঘ্যের জেটি আছে। সন্দ্বীপের মানুষের চাহিদা অনুযায়ী রাতে চলাচলের জন্য বিআইডব্লিউটিএ’র পক্ষ থেকে সন্দ্বীপ চ্যানেলে ‘বয়া’ বসানো হয়েছিল।’নতুন জেটি ও টার্মিনাল ভবনের মাধ্যমে সন্দ্বীপের মানুষের দীর্ঘদিনের দুঃখ-কষ্ট ঘুচে যাবে। প্রধানমন্ত্রীর প্রতিশ্রুতি অনুযায়ী নতুন এ জেটি নির্মাণ দ্রুত বাস্তবায়ন করতে হবে। এটি বাস্তবায়িত হলে এ অঞ্চলের অভূতপূর্ব পরিবর্তন আসবে। পর্যটন ও অর্থনীতিতে ব্যাপক গতি সঞ্চারিত হবে। সন্দ্বীপ অংশে আরসিসি জেটি নির্মাণসহ আনুষঙ্গিক কাজটি করবে ই-ইঞ্জিনিয়ারিং লিমিটেড। বিআইডব্লিউটিএ এবং ঠিকাদারি প্রতিষ্ঠান ই-ইঞ্জিনিয়ারিং লিমিটেডের মধ্যে একটি চুক্তিপত্র স্বাক্ষরিত হয়। নৌপরিবহন প্রতিমন্ত্রীর উপস্থিতিতে চুক্তিপত্রে স্বাক্ষর করেন বিআইডব্লিউটিএ’র তত্ত্বাবধায়ক প্রকৌশলী ও প্রকল্প পরিচালক এ এস এম আশরাফুজ্জামান এবং ই-ইঞ্জিনিয়ারিং লিমিটেডের পরিচালক তরফদার মো. রুহুল সাইফ।এ সময় নৌপরিবহন মন্ত্রণালয়ের সিনিয়র সচিব মো. মোস্তফা কামাল, বিআইডব্লিউটিএ’র চেয়ারম্যান কমডোর আরিফ আহমেদ মোস্তফা, ই-ইঞ্জিনিয়ারিং লিমিটেডের চেয়ারম্যান তরফদার মো. রুহুল আমিন উপস্থিত ছিলেন।",1,1,0,1,False
" দ্বাদশ সংসদ নির্বাচনের ভোটগ্রহণের প্রথম সাত ঘণ্টায় সারা দেশে ২৭ দশমিক ১ শতাংশ ভোট পড়েছে বলে জানিয়েছে নির্বাচন কমিশন।আজ রবিবার সকাল ৮টা থেকে বেলা ৩টা পর্যন্ত ভোট পড়ার এই হিসাব নির্বাচন ভবনে ব্রিফিংয়ে তুলে ধরেন ইসি সচিব মো. জাহাংগীর আলম।তিনি জানান, ভোটে সকাল ৮টা থেকে বিকাল ৩টা পর্যন্ত সবচেয়ে বেশি ভোট কাস্ট হয়েছে খুলনা বিভাগে। এই বিভাগে গড়ে ৩২ শতাংশ ভোট পড়েছে। আর সবচেয়ে কম ভোট পড়েছে সিলেটে। এ বিভাগে ৩টা পর্যন্ত গড়ে ২২ শতাংশ ভোট পড়েছে।জাহাংগীর আলম জানান, ঢাকা বিভাগের ভোট পড়েছে ২৫ শতাংশ, চট্টগ্রাম বিভাগে ২৭ শতাংশ, খুলনা বিভাগে ৩২ শতাংশ, সিলেট বিভাগে ২২ শতাংশ, ময়মনসিংহ বিভাগে ২৯ শতাংশ, রাজশাহী বিভাগে ২৬ শতাংশ, রংপুর বিভাগে ২৬ শতাংশ এবং বরিশাল বিভাগে ৩১ শতাংশ ভোট পড়েছে।ইসি সচিব বলেন, ‘দুয়েকটা উপজেলার কেন্দ্রের তথ্য হালনাগাদ নাও হতে পারে, সে কারণে এই সংখ্যাটা আরও বাড়ার সম্ভাবনা রয়েছে।’তিনি আরও জানান, বিকাল ৩টা পর্যন্ত সারা দেশে বিভিন্ন অভিযোগে ৭টি কেন্দ্রের ভোট বাতিল করা হয়েছে। জাল ভোট দেওয়া ও জাল ভোট দিতে সহায়তায় করায় ১৫ জনকে বিভিন্ন মেয়াদে সাজা দেওয়া হয়েছে।এর আগে ভোটের প্রথম চার ঘণ্টায় ১৮ দশমিক ৫ শতাংশ ভোট পড়ার তথ্য দিয়েছিল নির্বাচন কমিশন।এরআগে নির্বাচন কমিশনার মো. আনিছুর রহমান অবশ্য আশা প্রকাশ করেছিলেন, শেষ পর্যন্ত ভোটের হার ৫০ শতাংশ ছাড়াতে পারে।উল্লেখ্য, কমিশনের দেওয়া তথ্য অনুযায়ী, দ্বাদশ জাতীয় সংসদ নির্বাচনে ২৯৯টি সংসদীয় আসনে এক হাজার ৯৭০ জন প্রার্থী প্রতিদ্বন্দ্বিতা করছেন। ইসিতে নিবন্ধিত ৪৪টি রাজনৈতিক দলের মধ্যে এই নির্বাচনে ২৮টি রাজনৈতিক দলের হয়ে প্রতিদ্বন্দ্বিতা করছেন এক হাজার ৫৩৪ জন প্রার্থী। আর স্বতন্ত্র প্রার্থী হিসেবে ভোটের মাঠে আছেন ৪৩৬ জন।সর্বশেষ প্রকাশিত তালিকা অনুযায়ী, এবারের নির্বাচনে মোট ভোটার ১১ কোটি ৯৬ লাখ ৮৯ হাজার ২৮৯ জন। যার মধ্যে পুরুষ ভোটারের সংখ্যা ৬ কোটি ৭ লাখ ৬৯ হাজার ৭৪১ ও নারী ভোটারের সংখ্যা ৫ কোটি ৮৯ লাখ ১৮ হাজার ৬৯৯। এ ছাড়া সারাদেশে এবার তৃতীয় লিঙ্গের ভোটার আছেন ৮৪৯ জন।দ্বাদশ জাতীয় সংসদ নির্বাচনে বিকাল ৩টা পর্যন্ত সাত ঘণ্টায় ২৭ দশমিক ১৫ শতাংশ ভোট পড়েছে বলে জানিয়েছে নির্বাচন কমিশন। রবিবার (৭ জানুয়ারি) বিকালে নির্বাচন কমিশনের সচিব মো. জাহাংগীর আলম ব্রিফিংয়ে এ তথ্য জানান।তিনি জানান, ভোটে সকাল ৮টা থেকে বিকাল ৩টা পর্যন্ত সবচেয়ে বেশি ভোট কাস্ট হয়েছে খুলনা বিভাগে। এই বিভাগে গড়ে ৩২ শতাংশ ভোট পড়েছে। আর সবচেয়ে কম ভোট পড়েছে সিলেটে। এ বিভাগে ৩টা পর্যন্ত গড়ে ২২ শতাংশ ভোট পড়েছে।দ্বাদশ জাতীয় সংসদ নির্বাচনে বিকাল ৩টা পর্যন্ত সাত ঘণ্টায় ২৭ দশমিক ১৫ শতাংশ ভোট পড়েছে বলে জানিয়েছে নির্বাচন কমিশন। রবিবার (৭ জানুয়ারি) বিকালে নির্বাচন কমিশনের সচিব মো. জাহাংগীর আলম ব্রিফিংয়ে এ তথ্য জানান।তিনি জানান, ভোটে সকাল ৮টা থেকে বিকাল ৩টা পর্যন্ত সবচেয়ে বেশি ভোট কাস্ট হয়েছে খুলনা বিভাগে। এই বিভাগে গড়ে ৩২ শতাংশ ভোট পড়েছে। আর সবচেয়ে কম ভোট পড়েছে সিলেটে। এ বিভাগে ৩টা পর্যন্ত গড়ে ২২ শতাংশ ভোট পড়েছে।এছাড়াও ঢাকা বিভাগে ২৫ শতাংশ, চট্টগ্রামে ২৭ শতাংশ, বরিশালে ৩১ শতাংশ, রাজশাহীতে ২৬ ভাগ, ময়মনসিংহতে ২৯ ভাগ ও রংপুর বিভাগে ২৬ শতাংশ।শিল্পমন্ত্রীর ছেলেকে গ্রেফতারের নির্দেশরোববার (৭ জানুয়ারি) সকালে ভোটগ্রহণ শুরু হতেই বেলাব উপজেলার সল্লাবাদ ইউনিয়নের ইব্রাহিমপুর সরকারি প্রাথমিক বিদ্যালয়ে জাল ভোট দেয়ার ঘটনা ঘটে। ১২টি ব্যালট বই ছিনিয়ে নিয়ে নৌকা প্রতীকে জাল ভোট দেয়ার অভিযোগে, পরে ওই কেন্দ্রের ভোটগ্রহণ বাতিল করা হয়।নির্বাচন কর্মকর্তারা বলেন, সকালে একদল কর্মী নিয়ে কেন্দ্রটিতে বেআইনিভাবে প্রবেশ করেন মঞ্জুরুল মজিদ মাহমুদ সাদী। তারা নির্বাচন কর্মকর্তাদের কাছ থেকে ১২টি ব্যালট বই ছিনিয়ে নিয়ে নৌকা মার্কায় সিল মারেন। এ নিয়ে স্বতন্ত্র প্রার্থীর কর্মীরা কেন্দ্রে হট্টগোল সৃষ্টি করেন। পরে ঘটনাটি রিটার্নিং কর্মকর্তা বদিউল আলমকে জানানোর পরপরই তিনি ওই কেন্দ্রের ভোটগ্রহণ বাতিল করেন।পরে আইনশৃঙ্খলা বাহিনীকে সিইসি বলেন, ‘অভিযুক্ত ওই ব্যক্তিকে গ্রেফতার করার পরপরই আমাকে জানাবেন।’নরসিংদী-৪ আসনে ১টি পৌরসভা ও ২০টি ইউনিয়নে ১৫৮টি কেন্দ্রে মোট ভোটার সংখ্যা ৪ লাখ ২ হাজার ৬১০ জন। এর মধ্যে নারী ভোটার ২ লাখ ২ হাজার ৮২৭ জন, পুরুষ ভোটার সংখ্যা ১ লাখ ৯৯ হাজার ৭৮১ জন এবং তৃতীয় লিঙ্গের ভোটার ২ জন।সারাদেশে বাতিল হলো যেসব কেন্দ্রের ভোটদ্বাদশ জাতীয় সংসদ নির্বাচনের ভোটগ্রহণ শেষে এখন চলছে গণনা। রোববার সকাল ৮টা থেকে বিকেল ৪টা পর্যন্ত চলে ভোট গ্রহণ। আওয়ামী লীগ জাতীয় পার্টিসহ ২৮টি রাজনৈতিক দল ভোটে অংশ নিয়েছে। এবারের নির্বাচনে নানা আলোচনার মধ্য অন্যতম একটি হচ্ছে এবার সংসদে বিরোধী দল হবে কোন দল। প্রার্থীর ভোট বর্জনবাইরে ব্যাপক উপস্থিতি, ভেতরে ফাঁকানিজস্ব প্রতিবেদকঢাকা দক্ষিণ সিটি করপোরেশনের ঢাকা-৫ আসনের ডেমরার এম এ ছাত্তার উচ্চ বিদ্যালয় ও সারুলিয়া প্রাথমিক বিদ্যালয়। সকাল ৮টা থেকে ভোটগ্রহণ শুরু হলেও ভোটারদের উপস্থিতি হাতেগোনা। কেন্দ্রের বাইরে ব্যাপক লোক সমাগম দেখা গেলেও ভিতর অনেকটাই ফাঁকা।ট্রাক প্রতীকের স্বতন্ত্র প্রার্থী আলহাজ্ব মশিউর রহমান সজলের অভিযোগ, ভোটারদের কেন্দ্রে ঢুকতে দিচ্ছেন না নৌকার প্রার্থীরা। একই সঙ্গে এজেন্টদের হুমকি দেওয়া হচ্ছে বলেও জানান তিনি।বেলা ১২টার দিকে গিয়ে দেখা যায়, এ দুই কেন্দ্রের বাইরে নৌকা, ট্রাক ও ঈগলের সমর্থকদের ভিড়। ভেতরে গিয়ে দেখা যায় উল্টো চিত্র। ভোটারদের অপেক্ষায় পোলিং অফিসাররা।পুরুষ ভোটারকেন্দ্র এম এ ছাত্তার উচ্চ বিদ্যালয়ে মোট ভোটার ৩ হাজার ২৫৩ জন। বেলা ১২টা পর্যন্ত চার ঘণ্টায় সাতটি বুথে পড়েছে ৩৫১ ভোট। নারী ভোটারকেন্দ্র পাশের সারুলিয়া সরকার প্রাথমিক বিদ্যালয়ে মোট ভোটার ৩ হাজার ৪৬ জন। প্রথম দুই ঘণ্টায় ৭০টি, বাকি দুই ঘণ্টায় বেড়ে ২৭২ ভোটে দাঁড়িয়েছে। ট্রাক প্রতীকের স্বতন্ত্র প্রার্থী আলহাজ্ব মশিউর রহমান সজল আমাদের সময়কে বলেন, ভোটকেন্দ্রের বাইরে বহু লোক দেখা যাচ্ছে। কিন্তু ভোটকেন্দ্র ফাঁকা। কারণ, আমার ভোটারদের ঢুকতে দেওয়া হচ্ছে না। এজেন্ট থাকলেও ভোটার ভেতরে আসতে না পারলে লাভ কী? আমার সামনেই আমার এজেন্টকে হুমকি দেওয়া হচ্ছে। এটা দুঃখজনক। অধিকাংশ কেন্দ্রে তাই হচ্ছে।তবে অভিযোগ অস্বীকার করেছেন এম এ ছাত্তার কেন্দ্রের প্রিজাইডিং অফিসার মো. মজিবুর রহমান। তিনি বলেন, কাউকে ভয়ভীতি দেখানোর কোনো অভিযোগ এখনো পাইনি। ভোটার উপস্থিতি কম হওয়ায় ভোট কম পড়ছে। মজিবুর রহমান বলেন, যারা ভোট দেওয়ার দিয়েছে। ধীরে ধীরে ভোটার উপস্থিতি বাড়ছে।  সারুলিয়া প্রাথমিক বিদ্যালয়ের প্রিজাইডিং অফিসার মো. রিয়াজুল ইসলাম বলেন, ভোটের পরিবেশ ঠিকঠাক আছে। কোনো অনাকাঙ্ক্ষিত ঘটনা ঘটেনি। তবে ভোটার উপস্থিতি কম মনে হচ্ছে।এদিকে এ আসনে ১৩ জন প্রার্থী থাকলেও পোলিং অফিসার দেখা গেছে মাত্র তিন প্রার্থীর। ট্রাক ছাড়াও নৌকা ও ঈগলের পোলিং অফিসার রয়েছে। বাকি প্রার্থীদের কাউকে দেখা যায়নি।দ্বাদশ জাতীয় সংসদ নির্বাচনের এ আসন ডেমরার পাশাপাশি যাত্রাবাড়ী নিয়ে গঠিত। এ আসনে মোট ভোটার ৪ লাখ ৯০ হাজার ৭৬৪ জন। এর মধ্যে পুরুষ ২ লাখ ৫১ হাজার ৫১৭ জন, নারী ভোটার ২ লাখ ৩৯ হাজার ২৪৪ জন। এছাড়া তৃতীয় লিঙ্গের ভোটার রয়েছেন তিনজন। তাদের ভোটগ্রহণ চলছে ১৮৭টি কেন্দ্রের ১ হাজার ৮৯টি ভোটকক্ষে।জিহাদুল ইসলাম ও আজাদুল আদনান",1,1,0,1,False
" ঢাকা-৭ আসনের ভোটার রাশিদা বেগম। বয়স পয়তাল্লিশ। একমাস আগেই কোমর এবং হাটু অপারেশন হয়েছে। এক হাতে স্ট্রেচার নিয়ে এসেছেন ঢাকা সাত আসনের ইসলামীয়া উচ্চ বিদ্যালয় কেন্দ্রে ভোট দিতে।অসুস্থ অবস্থায় ভোট দিতে এসেছেন কেন, এমন প্রশ্নের জবাবে তিনি বলেন, ‘চল্লিশ বছর থেকে কামার বাগ এলাকায় আছি। প্রতিবারই ভোট দিতে আসি। এবারে না আসলে তো একটা ভোট নষ্ট হইতো। মায়া লাগে একটা ভোট নষ্ট হইতে দিতাম না এজন্য অসুস্থ অবস্থায় ভোট দিতে চলে আসছি।’সঙ্গে আসা রাশিদা বেগমের ছেলে বলেন, ‘আম্মা অসুস্থ তারপরও জেদ ধরেছেন ভোট দিতে আসবেন। তাই নিয়ে আসলাম এখন ভোট দিয়ে আম্মা খুশি।’একই কেন্দ্রে ভোট দিতে এসেছেন দুজন নতুন ভোটার মরিয়ম এবং আশা। প্রথমবার ভোট দিতে পেরে উচ্ছ্বসিত তারা। জানতে চাইলে মরিয়ম বলেন, ‘প্রথমবার ভোট দিলাম ভালো লাগছে খুব।’",1,1,0,1,False
"আগামী বৃহস্পতিবার সন্ধ্যায় বঙ্গভবনে নতুন মন্ত্রিসভার শপথ অনুষ্ঠিত হবে। আজ মঙ্গলবার বিকেলে সচিবালয়ে সাংবাদিকদের এ তথ্য জানান মন্ত্রিপরিষদ সচিব মো. মাহবুব হোসেন।মন্ত্রিপরিষদ সচিব বলেন, বৃহস্পতিবার সন্ধ্যা ৭টায় বঙ্গভবনে মন্ত্রিপরিষদের শপথ অনুষ্ঠিত হবে। শপথ অনুষ্ঠানে রাজনীতিবিদ, ব্যবসায়ীসহ দেশের বিশিষ্টজনদের নিমন্ত্রণ দেওয়া হচ্ছে।এদিকে, দ্বাদশ জাতীয় সংসদ নির্বাচনে নতুন সংসদ সদস্যদের (এমপি) শপথগ্রহণ আগামীকাল বুধবার সকাল ১০টায় অনুষ্ঠিত হবে। আজ মঙ্গলবার আওয়ামী লীগের দপ্তর সম্পাদক ব্যারিস্টার বিপ্লব বড়ুয়া এ তথ্য জানিয়েছেন।এর আগে গত রবিবার দ্বাদশ জাতীয় সংসদ নির্বাচন অনুষ্ঠিত হয়। নির্বাচনে ২৯৮টি আসনের ফল ঘোষণা করেছে নির্বাচন কমিশন (ইসি)। এর মধ্যে ২২২টি আসন পেয়েছে আওয়ামী লীগ। জাতীয় পার্টি পেয়েছে ১১টি আসন, স্বতন্ত্র প্রার্থীরা পেয়েছেন ৬২টি আসন আর অন্যান্য দল পেয়েছে ৩টি আসন।নির্বাচিত সংসদ সদস্যদের গেজেট আজ মঙ্গলবার প্রকাশ হতে পারে বলে জানিয়েছে ইসি। গেজেট প্রকাশের তিন দিনের মধ্যে নবনির্বাচিত এমপিদের শপথ নিতে হবে।",1,1,0,1,False
" দ্বাদশ জাতীয় সংসদ নির্বাচনে রাজশাহী-১ আসন থেকে স্বতন্ত্র প্রার্থী হয়ে ভোটের মাঠে লড়েছিলেন চিত্রনায়িকা মাহিয়া মাহি। তবে আওয়ামী লীগ মনোনীত প্রতিদ্বন্দ্বী প্রার্থী ওমর ফারুক চৌধুরীর কাছে তিনি পরাজিত হয়েছেন। সদ্য সমাপ্ত হওয়া নির্বাচনী আসনে ১৫৮টি কেন্দ্রে স্বতন্ত্র প্রার্থী হিসেবে মাহি ভোট পেয়েছেন মাত্র ৯ হাজার ৯। ওমর ফারুক চৌধুরী পেয়েছেন ১ লাখ ৩৫ হাজার।নির্বাচনের ফলাফল প্রকাশের পর প্রথমবার ফেসবুক লাইভে এসে কথা বলেছেন মাহিয়া মাহি। গতকাল সোমবার দিবাগত রাতে তিনি বলেন, ‘সবাই নিশ্চয়ই ভাবছেন আমার প্রচণ্ড মন খারাপ। হ্যাঁ, কিছুটা মন খারাপ তো হবেই। কারণ নির্বাচন একটা গেইম, সেই গেইমে আমি হেরে গেছি। মন খারাপ কিছুটা, কিন্তু ওই রকম লেভেলের না। কারণ প্রত্যেকটা সিচুয়েশনেই মাথায় রাখি যে, নেগেটিভ কিছু হতে পারে। তাই প্রত্যেকটা সিচুয়েশনের জন্যই আমি আসলে মানসিকভাবে প্রস্তুত ছিলাম।’এ সময় মাহি তার ইশতেহারে বলা কিছু উন্নয়নমূলক কর্মকাণ্ডের উদ্যোগ নিতে নতুন সংসদ সদস্যকে (এমপি) আহ্বান জানান। তিনি বলেন, ‘ইশতেহারে যেমনটা বলেছিলাম, নারীদের প্রত্যেকটা ঘর হবে কর্মসংস্থান, তরুণরা হবে উদ্যোক্তা। তো এই কাজটা আমি বড় পরিসরে কতটুকু করতে পারব জানি না! কারণ এই কর্মসংস্থানের বিষয়ে সরকারিভাবে যতটা উদ্যোগ নেওয়া সম্ভব, তা ব্যক্তিগতভাবে আসলে একটু চ্যালেঞ্জিং। তারপরও ব্যক্তিগত উদ্যোগে যথেষ্ট করার চেষ্টা করব। এবং আমার ভীষণ ইচ্ছে ও প্রতিশ্রুতি ছিল- বরেন্দ্রভূমির রাস্তাঘাট নিয়ে। সারা বাংলাদেশে যেখানে রাস্তাঘাট এত উন্নত, সেখানে আমার তানোর-গোদাগাড়ীতে রাস্তাঘাটের যে বেহাল দশা, এখনও বৃষ্টি হলে হাঁটু কাদা হয়ে যায়। এখনও গরুর গাড়ি চলার মতো অবস্থা। তো এই রাস্তাঘাট ও বরেন্দ্রভূমির পানির যে সংকট, মোটর সমস্যা- যিনি নতুন এমপি হয়েছেন তাকে অনুরোধ করব এই বিষয়গুলোতে ফোকাস করতে। তিনি গত ১৫ বছরে যে উন্নয়নমূলক কাজ করেননি, এবার ৫ বছরে যেন এটা করেন। তার যে জনপ্রিয়তা একেবারে শূন্যের কোটায় চলে এসেছিল, সেটা তিনি যেন এই ৫ বছরে কাটিয়ে ওঠেন। তা না হলে আমি কিন্তু মাঠে আছি, আগামী নির্বাচনে আবারও দেখা হবে আপনার সঙ্গে।’এমনকি প্রতিপক্ষকে সতর্কও করেছেন মাহি। তিনি বলেন, ‘প্রতিপক্ষকে বলছি, আগামী ৫ বছরে যে সমস্ত কর্মীরা আমার জন্য মাঠ পর্যায়ে উন্নয়নমূলক কাজ করবে, তাদের কোনো প্রকার ডিস্টার্ব যদি আপনারা করেন, মনে রাখবেন আপনাদের সঙ্গে অন্যান্য যে সমস্ত প্রার্থীরা টক্কর দেন, আমি কিন্তু তাদের মতো দুর্বল না। আমার কর্মীদের যদি অল্প অপমানও আপনারা করেন, সেটাও প্রতিহত করার জন্য সর্বোচ্চভাবে আমি নিজেই লড়ব। আমার জন্য যারা এই নির্বাচনে কাজ করেছে, তাদের জন্য দরকার হলে আমি জানও দিয়ে দিতে পারি। তো তাদের প্রতি আপনারা সফট থাকবেন, বিশেষভাবে আমার কর্মীদের জন্য। আগামী ৫ বছরে আপনারা এমন এমন কাজ করবেন যেন, মানুষের হৃদয়ে আপনাদের জায়গা হয়ে যায়। এটা যিনি নতুন এমপি হয়েছেন তার প্রতি আমার পরামর্শ।’",1,1,0,1,False
" দ্বাদশ সংসদ নির্বাচনকে প্রহসন আখ্যা দিয়ে তা বাতিল করে জাতীয় সরকারের অধীনে নির্বাচনের দাবি জানিয়েছে ইসলামী আন্দোলন বাংলাদেশ।আজ মঙ্গলবার বিকেলে বায়তুল মোকাররমের উত্তর গেটে একতরফা প্রহসনের ডামি নির্বাচন বাতিল করে জাতীয় সরকারের অধীনে নির্বাচনের দাবিতে ইসলামী আন্দোলন বাংলাদেশ ঢাকা মহানগর উত্তর ও দক্ষিণের উদ্যোগে অনুষ্ঠিত বিক্ষোভ পূর্ব সমাবেশ করে এ দাবি জানানো হয়।ইসলামী আন্দোলন বাংলাদেশের মহাসচিব মাওলানা ইউনুছ আহমাদ বলেন, ‘৭ জানুয়ারি একতরফা প্রহসনের ডামি নির্বাচনকে বর্জন করে দেশবাসী আওয়ামী লীগকে সর্তক সংকেত দিয়েছে। এটা কোনো নির্বাচন ছিল না। এটা ছিল নির্বাচনের নামে নাটক মঞ্চায়ন। ৭ জানুয়ারির নির্বাচন স্বাধীনতা যুদ্ধে নেতৃত্বদানকারী সংগঠনের দেউলিয়াত্ব ও দৈন্যদশা প্রকাশ হয়েছে। নির্বাচন বর্জন করায় চরমোনাই পীরের পক্ষ থেকে দেশবাসী ও সাংবাদিকদেরকে ধন্যবাদ জানাই। মিডিয়ার সুবাদে বিশ্ববাসী ভোটের নামে একতরফা দলীয় কাউন্সিল দেখেছে। যেখানে বিদেশিদের ভাড়া করে ডামি পর্যবেক্ষক সাজিয়ে ডামি নির্বাচনকে বৈধতা দেওয়ার চেষ্টা করা হয়েছে।’তিনি আরও বলেন, ‘দেশের স্বাধীনতা সার্বভৌমত্ব বিরোধী যে কোনো ষড়যন্ত্র রুখে দিতে সকলের প্রতি আহ্বান জানাই। ডামি নির্বাচন বাতিল করে জাতীয় সরকারের অধীনে পুনরায় নির্বাচনের তফসিল ঘোষণা করে দেশকে ভয়াবহ গৃহযুদ্ধ থেকে রক্ষার আহ্বান জানাই।’সংগঠনের ঢাকা মহানগর দক্ষিণের সভাপতি মাওলানা মুহাম্মদ ইমতিয়াজ আলমের সভাপতিত্বে অনুষ্ঠিত সমাবেশে বক্তব্য দেন দলের যুগ্ম মহাসচিব মাওলানা গাজী আতাউর রহমান, ঢাকা মহানগর উত্তর সভাপতি প্রিন্সিপাল হাফেজ মাওলানা শেখ ফজলে বারী মাসউদ, কেএম আতিকুর রহমান, মাওলানা আহমদ আবদুল কাইয়ূম, মাওলানা নেছার উদ্দিন, মাওলানা আরিফুল ইসলাম, ডা. শহিদুল ইসলাম, ছাত্রনেতা শরিফুল ইসলাম রিয়াদ, কেএম শরয়াতুল্লাহ, মুফতী ফরিদুল ইসলাম, মুফতী মাছউদুর রহমান, হাফিজুল হক ফাইয়াজ, আল আমীন সোহাগ, মাইদুল ইসলাম সিয়ামসহ আরও অনেকে।সমাবেশ শেষে একটি বিশাল বিক্ষোভ মিছিল বায়তুল মোকাররম উত্তর গেট, পল্টন মোড়, বিজয়নগর পানির ট্যাংকি হয়ে পল্টন মোড় এসে সংক্ষিপ্ত বক্তব্যের মাধ্যমে শেষ হয়।",1,1,0,1,False
" কৌশলগত অংশীদারিত্বের অগ্রগতি অব্যাহত রাখতে বাংলাদেশের নতুন সরকারের সঙ্গে কাজ করতে চীন প্রস্তুত। আজ মঙ্গলবার নিয়মিত প্রেস কনফারেন্সে এক প্রশ্নের জবাবে এ কথা বলেছেন দেশটির পররাষ্ট্র মন্ত্রণালয়ের মুখপাত্র মাও নিং। এ তথ্য জানিয়েছে ঢাকার চীনা দূতাবাস।ব্রিফিংয়ে মুখপাত্রের কাছে বাংলাদেশের নির্বাচনের বিষয়ে চীনের অবস্থান জানতে চাওয়া হয়। জবাবে মুখপাত্র বলেন, ‘পরিকল্পনা অনুযায়ী দ্বাদশ জাতীয় সংসদ নির্বাচন সফলভাবে অনুষ্ঠিত হওয়ায় চীন বাংলাদেশকে অভিনন্দন জানিয়েছে। নির্বাচনে জয় পাওয়ায় আওয়ামী লীগকে অভিনন্দন জানিয়েছে চীন। বন্ধুত্বপূর্ণ ও ঘনিষ্ঠ প্রতিবেশী হিসেবে চীন নির্বাচনের পর দেশটির আইন অনুযায়ী রাজনৈতিক এজেন্ডা বাস্তবায়নে বাংলাদেশকে দৃঢ়ভাবে সমর্থন করে।’মাও নিং বলেন, ‘পারস্পরিক শ্রদ্ধা, সহাবস্থান, পারস্পরিক সুবিধা এবং অন্য দেশের অভ্যন্তরীণ বিষয়ে হস্তক্ষেপ না করার নীতির ওপর ভিত্তি করে চীন দীর্ঘদিন ধরে প্রতিষ্ঠিত বন্ধুত্বকে এগিয়ে নিয়ে যেতে চায়। বেল্ট অ্যান্ড ইনিশিয়েটিভের আওতায় যোগাযোগ সহযোগিতা এবং কৌশলগত অংশীদারিত্বের অগ্রগতিতে বাংলাদেশের নতুন সরকারের সঙ্গে কাজ করতে প্রস্তুত চীন।’এদিকে, বাংলাদেশের নতুন সরকার ও জনগণের সঙ্গে কাজ করতে চীন অঙ্গীকারবদ্ধ বলে জানিয়েছেন দেশটির রাষ্ট্রদূত ইয়াও ওয়েন।তিনি বলেন, ‘চ্যালেঞ্জ সত্ত্বেও বাংলাদেশ সরকার নির্বাচন করতে পেরেছে বলে আমরা অভিনন্দন জানাই। এটা গণতন্ত্র ও জনগণের বিজয়।’আজ রাজধানীর ফরেন সার্ভিস একাডেমিতে এক অনুষ্ঠানে সাংবাদিকদের মুখোমুখি হয়ে এক প্রতিক্রিয়ায় চীনা রাষ্ট্রদূত এ কথা বলেন।তিনি বলেন, ‘বাংলাদেশের বিশ্বস্ত অংশীদার হিসেবে পাশে থাকবে চীন। বাংলাদেশের নতুন সরকার ও জনগণের সঙ্গে কাজ করতে চীন অঙ্গীকারবদ্ধ।’",1,1,0,1,False
" দ্বাদশ জাতীয় সংসদ নির্বাচনের ফলের গেজেট প্রকাশের অনুমোদর দিয়েছে নির্বাচন কমিশন (ইসি)। আজ মঙ্গলবার দ্বাদশ জাতীয় সংসদে নির্বাচিতদের ফলাফল গেজেট আকারে প্রকাশ করা হয়েছে। আজ মঙ্গলবার বিকেলে নির্বাচন কমিশনার মো. আলমগীর এ তথ্য জানান।মো. আলমগীর বলেন, দ্বাদশ জাতীয় সংসদ নির্বাচনের সংসদ সদস্যদের গেজেট নির্বাচন কমিশন অনুমোদন করেছে। তা প্রকাশের জন্য সচিবকে বলা হয়েছে। কমিশনাররা স্বাক্ষর করেছেন। কিছুক্ষণের মধ্যেই দেখতে পাওয়া যাবে।তিনি বলেন, ‘ডিজিটাল যুগ। তাদের (বিজি প্রেসের) কাছে একটি সফট কপি দেওয়া থাকে। কোনো কারেকশন যদি থাকে তাহলে কারেকশনটা বলে দেওয়া, না হলে ওটাই প্রিন্ট করে দেওয়া। তারপর আজকেই হয়তো সংসদ সচিবলায়ে চলে যাবে।’সংবিধান অনুযায়ী, গেজেট প্রকাশের তিনদিনের মধ্যে সংসদ সদস্যদের শপথ পড়াতে হবে। সে অনুযায়ী আগামী বুধবার সকালে নবনির্বাচিত সংসদ সদস্যদের শপথ পড়াবেন একাদশ সংসদের স্পিকার ড. শিরীন শারমিন চৌধুরী।",1,1,0,1,False
" তথ্য ও সম্প্রচার মন্ত্রী ড. হাছান মাহমুদ বলেছেন, ‘বিশ্ব প্রেক্ষাপটে আমরা সবসময় দেখে এসেছি, চীন, রাশিয়া যা বলে, মার্কিন যুক্তরাষ্ট্র তার উল্টোটা বলে। ভারত, চীন, রাশিয়া একযোগে যখন বলেছে, আমাদের নির্বাচন সুন্দর ও সুষ্ঠু হয়েছে, তারা যদি এই অভিনন্দনটা ইতিমধ্যেই না দিত বা এই অভিমত ব্যক্ত না করত—তাহলে হয়তো মার্কিন পররাষ্ট্র দপ্তরের বিবৃতিটা অন্য রকম হতো বলে আমার ধারণা।’আজ মঙ্গলবার দুপুরে সচিবালয়ে মন্ত্রণালয় সভাকক্ষে সাংবাদিকদের সঙ্গে মতবিনিময়কালে দ্বাদশ জাতীয় সংসদ নির্বাচন নিয়ে তথ্যমন্ত্রী এসব কথা বলেন।‘নির্বাচন নিয়ে মার্কিন পররাষ্ট্র দপ্তরের বিবৃতি খানিক নেতিবাচক’, এমন প্রশ্নের জবাবে তথ্যমন্ত্রী বলেন, ‘বাংলাদেশের নির্বাচন বিষয়ে যারা সংবাদ সম্মেলন করেছে সেখানে নির্বাচন পর্যবেক্ষক হিসেবে আসা যুক্তরাষ্ট্রের হোয়াইট হাউজের সাবেক চিফ অব স্টাফ, সাবেক কংগ্রেসম্যান, সিবিএস নিউজের চিফ নিউজ এডিটর এবং অন্যান্য দেশ তথা জার্মানি, ইইউ পার্লামেন্টের সাবেক মেম্বার সবাই ছিল। তারা সবাই সংবাদ সম্মেলন করে বলেছে, নির্বাচন অত্যন্ত সুষ্ঠু, সুন্দর, অবাধ, নিরপেক্ষ এবং উৎসবমুখর পরিবেশে অনুষ্ঠিত হয়েছে। অর্থাৎ যুক্তরাষ্ট্রের পর্যবেক্ষকরাও নির্বাচনের প্রশংসা করেছে।’হাছান মাহমুদ বলেন, ‘যুক্তরাষ্ট্রের সাথে আমাদের বহুমাত্রিক সম্পর্ক। নিরাপত্তাসহ নানা বিষয়ে এবং বিশ্ব অঙ্গণেও আমরা এক সাথে কাজ করছি। যুক্তরাষ্ট্র আমাদের বড় উন্নয়ন সহযোগী। তাদের সাথে সম্পর্ক আরও উন্নয়নের লক্ষ্যে আমরা কাজ করছি। তারা আমাদের সাথে কাজ করবে সেটি এই বিবৃতিতেও বলেছে।’‘মানবাধিকার হাইকমিশনারের বিবৃতি ত্রুটিযুক্ত ও একপেশে’নির্বাচন নিয়ে জাতিসংঘের মানবাধিকার হাইকমিশনারের বিবৃতি প্রসঙ্গে তথ্যমন্ত্রী বলেন, ‘আমি বিবৃতিটি পড়েছি। বিবৃতিতে আগুনসন্ত্রাস করে, পেট্রলবোমা নিক্ষেপ করে মানুষ পোড়ানোর ব্যাপারে কোনো কথা নাই। সেখানে মানবাধিকারের কথা বলা হয়েছে, গ্রেপ্তারের কথা বলা হয়েছে, অথচ গ্রেপ্তার তো তাদেরই করা হচ্ছে যারা আগুনসন্ত্রাসের সাথে যুক্ত।’ তিনি আরও বলেন, ‘মানবাধিকার হাইকমিশনারকে বলব যে, গাজায় যেভাবে মানুষ হত্যা করা হচ্ছে সে নিয়ে কিছু বলার জন্য। মানবাধিকার কমিশনের এই বিবৃতি তখনই ঠিক ও গ্রহণযোগ্য হতো, যদি সেখানে নির্বাচনকে প্রতিহত করার লক্ষ্যে যেভাবে সন্ত্রাস ও অগ্নিসন্ত্রাস চালানো হয়েছে, মানুষ পুড়িয়ে হত্যা করা হয়েছে, সে নিয়ে বক্তব্য থাকত এবং সেগুলোর নিন্দা জানানো বা “কনডেম” করা হতো। কিন্তু তা নেই বলে এই বিবৃতিটি পক্ষপাতদৃষ্ট, অসম্পূর্ণ এবং একপেশে বলে প্রতীয়মান। তাদের আসলে মানবাধিকার নিয়ে এবং গাজায় যেভাবে মানবাধিকার লুণ্ঠিত হচ্ছে, যুদ্ধাপরাধ সংঘঠিত হচ্ছে, সে নিয়ে সোচ্চার হওয়া দরকার।’",1,1,0,1,False
" জাতীয় পার্টির (জাপা) চেয়ারম্যান জি এম কাদের বলেছেন, ‘জনগণের কথা বলতে শপথ নিয়ে আমরা সংসদে যাব।’আজ মঙ্গলবার সন্ধ্যায় নগরীর সেনপাড়ার বাসায় রংপুর বিভাগের এমপি প্রার্থীদের নিয়ে বৈঠক শেষে সাংবাদিকদের এ কথা বলেন তিনি।জি এম কাদের বলেন, ‘আমরা যেহেতু নির্বাচনে অংশগ্রহণ করেছি, তাই এ মুহূর্তে শপথ না নিয়ে পিছু হব না। জনগণের পক্ষে কথা বলার জন্য ও জনগণের প্রত্যাশা পূরণের জন্য আমরা সংসদে যাব।’নির্বাচনের সমালোচনা করে তিনি বলেন, ‘এ নির্বাচন সরকার যেখানে সুষ্ঠু ও নিরপেক্ষ করতে চেয়েছে, সেখানে সুষ্ঠু করেছে। আর যেখানে চেয়েছে তাদের লোকজনকে জেতাতে, সেখানে জোর করে সিল মেরে আমাদের লোকজনকে হারিয়ে দিয়েছে।’রংপুর বিভাগে জাতীয় পার্টির হেরে যাওয়া প্রার্থীদের অনেকেই হতাশায় ভুগছিলেন জানিয়ে জাপা চেয়ারম্যান বলেন, ‘এ জন্য সবার সঙ্গে বসে সমস্যা শুনলাম এবং লিখিত স্টেটমেন্ট নিলাম। এ তথ্যগুলো পরবর্তী ফলোআপে কাজে লাগবে আমাদের।’এ সময় জাতীয় পার্টির কো-চেয়ারম্যান ও রংপুর সিটি করপোরেশনের মেয়র মোস্তাফিজার রহমান মোস্তফা, মহানগর জাতীয় পার্টির সাধারণ সম্পাদক ও প্রেসিডিয়াম সদস্য এস এম ইয়াসির, জেলা কমিটির সাধারণ সম্পাদক আব্দুল রাজ্জাকসহ অন্য নেতারা উপস্থিত ছিলেন। ",1,1,0,1,False
" মন্ত্রী হিসেবে কতজন শপথ নেবেন তা চূড়ান্ত হয়নি বলে জানালেন মন্ত্রিপরিষদ সচিব মো. মাহবুব হোসেন। আজ মঙ্গলবার বিকেল পৌনে ৪টার দিকে সচিবালয়ে মন্ত্রিপরিষদ বিভাগে সাংবাদিকদের সঙ্গে আলাপকালে তিনি এ কথা জানান।মন্ত্রিপরিষদ সচিব বলেন, ‘আপনারা জানেন গত ৭ জানুয়ারি নির্বাচন হয়েছে। আগামী কাল (বুধবার) সংসদ সদস্যরা শপথ নেবেন। আমরা প্রস্তুতি নিচ্ছি ১১ জানুয়ারি শপথ আয়োজনের জন্য, মন্ত্রিসভার সদস্যদের।’তিনি বলেন, ‘ঐতিহ্যগতভাবে আমাদের এই শপথ অনুষ্ঠানটা বঙ্গভবনে হয়ে থাকে, এ বছরও বঙ্গভবনে হবে। সন্ধ্যা ৭টার জন্য আমরা প্রস্তুতি নিচ্ছি। ’মন্ত্রী হিসেবে কতজন শপথ নেবেন, এমন প্রশ্নের জবাবে মাহবুব হোসেন বলেন, ‘এখনো চূড়ান্ত হয়নি। আমরা শপথের অনুষ্ঠানের প্রস্তুতি নিচ্ছি।’মন্ত্রিপরিষদ বিভাগ কী কী প্রস্তুতি নিচ্ছে, জানতে চাইলে সচিব বলেন, ‘বঙ্গভবনের যেখানে শপথ হবে সেখানকার প্রস্তুতি, আমন্ত্রিতদের তালিকা তৈরি করতে হয়, বঙ্গভবনের সঙ্গে নিয়মিত যোগাযোগ রাখছি কোথায় অনুষ্ঠানটা হবে, অনুষ্ঠানের জন্য কিছু কাগজপত্র তৈরি করতে হয় সেগুলোই করছি।’যারা মন্ত্রী হবেন তাদের ফোন দেওয়া হচ্ছে কি না বা তাদের বায়োডাটা পেয়েছেন কি না- জানতে চাইলে তিনি বলেন, ‘আমরা ওই অংশটুকুর কাজ শুরু করিনি। নির্দেশনা পেলেই সে কাজ শুরু করব।’",1,1,0,1,False
" বিদেশি প্রভুদের পরামর্শে বাংলাদেশের রাজনীতিতে টিকে থাকা সম্ভব নয় বলে মন্তব্য করেছেন আওয়ামী লীগ সভাপতি ও প্রধানমন্ত্রী শেখ হাসিনা। আওয়ামী লীগের নিরঙ্কুশ বিজয়ে শেখ হাসিনাকে শুভেচ্ছা জানাতে দলটির নেতাকর্মীরা আজ গণভবনে গেলে তিনি এ কথা বলেন।আওয়ামী লীগ নেতাকর্মীরা ছাড়াও জাতির পিতা বঙ্গবন্ধু শেখ মুজিবুর রহমানের ছোট মেয়ে ও প্রধানমন্ত্রীর ছোট বোন শেখ রেহানা আজ গণভবনে তার বড় বোন শেখ হাসিনাকে ফুলের তোড়া উপহার দিয়ে শুভেচ্ছা জানান।শেখ হাসিনা বলেন, ‘বিএনপি জাতীয় নির্বাচন (বানচাল করতে নেমেছিল। তাদের কিছু (বিদেশি) প্রভু আছে। তারা বাংলাদেশের জনগণকে চেনে না। প্রভুদের পরামর্শে বাংলাদেশে টিকে থাকা সম্ভব হবে না।’তিনি বলেন, ‘জনগণই আওয়ামী লীগের শক্তি। আমাদের কোনো (বিদেশি) প্রভু নেই। বাংলাদেশের জনগণই আমাদের প্রভু ও শক্তি। জনগণের বিশ্বাস ও আস্থাই আমাদের শক্তি।’আওয়ামী লীগ সভাপতি বলেন, ‘দ্বাদশ জাতীয় সংসদ নির্বাচন বানচাল করতে বিএনপি-জামায়াত চক্রের ষড়যন্ত্র সত্ত্বেও জনগণের স্বতঃস্ফূর্ত অংশগ্রহণে একটি অবাধ, সুষ্ঠু, নিরপেক্ষ ও অংশগ্রহণমূলক নির্বাচন অনুষ্ঠিত হয়েছে।’এই নির্বাচন অনুষ্ঠানের জন্য নির্বাচন কমিশন, আইনশৃঙ্খলা রক্ষাকারী বাহিনী ও সশস্ত্র বাহিনীসহ সংশ্লিষ্টদের ধন্যবাদ জানিয়ে শেখ হাসিনা বলেন, ‘৭ জানুয়ারির নির্বাচন বাংলাদেশের ইতিহাসে স্বর্ণাক্ষরে লেখা থাকবে।’তিনি বলেন, ১৯৭৫ পরবর্তী নির্বাচনের মধ্যে সদ্য অনুষ্ঠিত এই ৭ জানুয়ারির নির্বাচন ছিল সম্পূর্ণ অবাধ, সুষ্ঠু, সুশৃঙ্খল, অংশগ্রহণমূলক ও প্রতিযোগিতামূলক।শেখ হাসিনা বলেন, ‘আমরা প্রমাণ করেছি যে আওয়ামী লীগ সরকারের অধীনে অবাধ ও সুষ্ঠু নির্বাচন অনুষ্ঠিত হতে পারে।’",1,1,0,1,False
" দ্বাদশ জাতীয় সংসদ নির্বাচনে ফরিদপুর-৩ (সদর) আসন থেকে নির্বাচিত সংসদ সদস্য (এমপি) এ কে আজাদ জানিয়েছেন, স্বতন্ত্র এমপিদের নিয়ে বিরোধীদল গঠন করতে ও তাকে বিরোধীদলীয় প্রধান হওয়ার প্রস্তাব দিয়েছেন বিদেশিরা।আজ মঙ্গলবার দুপুরে ফরিদপুর শহরের ঝিলটুলিতে নিজ বাসভবনে সাংবাদিকদের এক প্রশ্নের জবাবে এ কথা জানান তিনি।স্বতন্ত্র জোট থেকে বিরোধীদল করা নিয়ে এক প্রশ্নের জবাবে এ কে আজাদ বলেন, ‘নেত্রীর (শেখ হাসিনা) আহ্বানে আমরা স্বতন্ত্র দাঁড়িয়েছি, আমরা আওয়ামী লীগের বাইরের কেউ না। যদি নেত্রী মনে করেন আমাদের বিরোধীদল গঠন করা উচিত, তাহলে হবে। যেহেতু মাত্র ১১টি সিট পেয়েছে জাতীয় পার্টি, স্বতন্ত্র পেয়েছে ৬২টি সিট।’এফবিসিসিআই ও বিজিএমইএ’র সাবেক এ সভাপতি বলেন, ‘অলরেডি আমাকে অনেক বিদেশি ফোন করেছে যে আপনাকে নিয়ে চিন্তা করা হচ্ছে, আপনি বিরোধীদলের নেতা হতে রাজি আছেন কি না? আমি বলেছি যে, সবকিছুই প্রধানমন্ত্রীর সঙ্গে আলোচনাসাপেক্ষে সিদ্ধান্ত গ্রহণ করা হবে, ওনার আলোচনার বাইরে তো আমরা যেতে পারব না।’ফরিদপুর-৩ (সদর) আসন থেকে স্বতন্ত্র প্রার্থী হিসেবে ঈগল প্রতীকে ১ লাখ ৩৪ হাজার ৯৮ ভোট পেয়ে বিজয়ী হয়েছেন এ কে আজাদ। তার নিকটতম প্রতিদ্বন্দ্বী প্রার্থী শামীম হক নৌকা প্রতীকে পেয়েছেন ভোট ৭৫ হাজার ৮৯ ভোট। ",1,1,0,1,False
" দ্বাদশ জাতীয় সংসদ নির্বাচনে জাতীয় পার্টি (জাপা) থেকে নির্বাচিত ১১ সংসদ সদস্য (এমপি) আগামীকাল বুধবার শপথ নেবেন। আজ মঙ্গলবার এক সংবাদ বিজ্ঞপ্তিতে এ তথ্য জানিয়েছেন দলটির যুগ্ম দপ্তর সম্পাদক মাহমুদ আলম।সংবাদ বিজ্ঞপ্তিতে বলা হয়, আগামীকাল সকাল ১০টার মধ্যে জাতীয় সংসদ ভবনের বিরোধীদলীয় উপনেতার কার্যালয়ে জাতীয় পার্টির নবনির্বাচিত সব সংসদ সদস্যদের উপস্থিত থাকার জন্য অনুরোধ করা হয়েছে।এতে আরও বলা হয়, দলের পূর্ব ঘোষিত বৃহস্পতিবারের সভা বাতিল করা হয়েছে।এর আগে গুঞ্জন ছিল জাপার এমপিরা কাল শপথ নেবেন না। এ নিয়ে একাধিক সংবাদমাধ্যমে সংবাদও প্রকাশিত হয়।উল্লেখ্য, আগামীকাল বুধবার সকাল ১০টায় নবনির্বাচিত এমপিদের শপথগ্রহণ অনুষ্ঠিত হবে। আজ মঙ্গলবার আওয়ামী লীগের দপ্তর সম্পাদক ব্যারিস্টার বিপ্লব বড়ুয়া এ তথ্য জানিয়েছেন। শপথ পড়াবেন একাদশ জাতীয় সংসদের স্পিকার ড. শিরীন শারমিন চৌধুরী।",1,1,0,1,False
" সপ্তমবারের মতো নরসিংদী-৫ (রায়পুরা) আসন থেকে বিপুল ভোটে সংসদ সদস্য নির্বাচিত হওয়া সাবেক ডাক ও টেলিযোগাযোগমন্ত্রী ও বঙ্গবন্ধুর সহচর রাজিউদ্দিন আহমেদ রাজু এমপিকে ফুলেল শুভেচ্ছা জানাচ্ছে বিভিন্ন স্তরের শ্রেণি পেশার মানুষ। ভোটের ফল পাওয়ার পর থেকেই বিভিন্ন মাধ্যম, সংগঠন ব্যক্তি পর্যায়ে শুভেচ্ছা বিনিময় করছেন।গতকাল সকাল থেকেই উপজেলার শ্রীরামপুর বাজারের নৌকার প্রধান নির্বাচনী প্রচার ক্যাম্পে বিভিন্ন ব্যক্তিবর্গের সঙ্গে মতবিনিময় এবং সাক্ষাৎ করেন এমপি রাজিউদ্দিন আহমেদ রাজু। এ সময় সাংবাদিকদের সঙ্গে আলোচনায় তাকে সপ্তমবারের মতো সংসদে প্রতিনিধিত্ব করার সুযোগ করে দেওয়ায় রায়পুরার ভোটারদেরকে ধন্যবাদ এবং কৃতজ্ঞতা প্রকাশ করে বলেন, রায়পুরার ব্যাপক উন্নয়ন হয়েছে। বর্তমান সরকারের আমলে মেঘনা ব্রিজ, মেডিক্যাল কলেজ এবং একটি পাবলিক বিশ্ববিদ্যালয় স্থাপনসহ সড়ক যোগাযোগ ব্যবস্থায় বিশেষ গুরুত্ব¡ দেওয়া হবে।",1,1,0,1,False
রাজশাহী বিশ্ববিদ্যালয়ের (রাবি) সহকারী প্রক্টর পদে নতুন দুই শিক্ষককে নিয়োগ দেওয়া হয়েছে। আজ বুধবার বিশ্ববিদ্যালয়ের রেজিস্ট্রার অধ্যাপক আবদুস সালাম স্বাক্ষরিত একটি আদেশে আগামী এক বছরের জন্য তাদের নিয়োগ দেওয়া হয়।নিয়োগ পাওয়া দুই সহকারী প্রক্টর হলেন অ্যাগ্রোননি অ্যান্ড এগ্রিকালচারাল এক্সটেনশনবিভাগের সহযোগী অধ্যাপক ড. এ কে এম কনক পারভেজ ও ফলিত গণিত বিভাগের সহকারী অধ্যাপক ড. মো. হামিদুল ইসলাম। তারা মাসিক আড়াই হাজার টাকা সম্মানি এবং ভাড়ামুক্ত বাসার সুবিধা পাবেন। ,1,1,0,1,False
" বিএনপি, জামায়াত, বামজোটসহ বেশ কিছু রাজনৈতিক দলের বর্জন এবং নির্বাচন প্রতিহত করার নামে ট্রেনে আগুন লাগিয়ে মানুষ হত্যা, ভোটকেন্দ্র পুড়িয়ে দেওয়া এবং টানা ৪৮ ঘণ্টার হরতালের মধ্যে দ্বাদশ জাতীয় সংসদ নির্বাচন হয়ে গেল। যা বলা হয়েছিল সেটাই ঘটেছে। শেখ হাসিনার নেতৃত্বে আওয়ামী লীগ টানা চতুর্থবারের মতো সরকার গঠন করতে যাচ্ছে।বাংলাদেশে নির্বাচন বললে দুটি বিষয়ই বেশি আলোচিত হয়। একটি হলো উৎসব, অন্যটি সহিংসতা। ৭ জানুয়ারির নির্বাচনে সহিংসতা সে মাত্রায় ছিল না, তবে নির্বাচন বর্জনকেন্দ্রিক সহিংসতা ছিল। সেটা অবশ্য নির্বাচনের দিন পরিবেশকে সেভাবে প্রভাবিত করতে পারেনি। উৎসব কতটা হয়েছে সে নিয়ে মিশ্র বক্তব্য আছে। বিএনপি নির্বাচনে না আসায় যারা বলছে অংশগ্রহণমূলক হয়নি তারা মনে করে এই নির্বাচন উৎসবমুখর পরিবেশে অনুষ্ঠিত হয়নি। ক্ষমতাসীন দল বলছে, সহিংসতা, আগুন সন্ত্রাস করেও মানুষকে নির্বাচন থেকে বড় আকারে দূরে রাখা যায়নি, তাই এই নির্বাচন উৎসবের সঙ্গেই হয়েছে।আমরা আগে থেকেই বলে আসছিলাম যে, এই নির্বাচনটি শেখ হাসিনার কাছে কেবল আরেকটি নির্বাচন নয়। শাসনব্যবস্থা ও উন্নয়নের ধারাবাহিকতা বজায় রাখতে, নির্বাচনকে দৃশ্যমান সুষ্ঠু করতে নির্বাচনের রাজনৈতিক ব্যবস্থাপনায় যেতে হয়েছে তাকে। তাই জাতীয় পার্টি ও নিজের ১৪ দলের শরিকদের সঙ্গে যেমন আসন সমঝোতা করতে হয়েছে, তেমনি কেউ যেন ২০১৪ সালের মতো বিনা ভোটে এমপি হয়ে আসতে না পারে, নির্বাচনের মাঠে যেন প্রতিদ্বন্দ্বিতা ও প্রতিযোগিতার পরিবেশ থাকে সেজন্য নিজ দলের আগ্রহীদের তিনি স্বতন্ত্র হিসেবে নির্বাচন করার অনুমতি দিয়েছেন। বলতে গেলে একটা ঝুঁকিই নিয়েছিলেন তিনি। দলের প্রার্থীর সঙ্গে দলীয় স্বতন্ত্রদের লড়াই বিভিন্ন আসনে সংঘাত সৃষ্টি করেছে, সহিংসতা হয়েছে, একে অন্যের বিরুদ্ধে কদর্য ভাষা প্রয়োগ করে বিষোদগার করেছে। তবে একটা বিষয় নিশ্চিত হয়েছে, এই প্রার্থীরা তাদের সাধ্যমতো ভোটার নিয়ে আসতে সচেষ্ট ছিলেন নির্বাচনের দিনটিতে।নির্বাচন হয়ে গেছে। এখন দেখার পালা শাসক দলের এই দ্বন্দ্ব-সংঘাত কতটা দীর্ঘমেয়াদি প্রভাব রাখে নিজেদের ভেতর। জেলায় জেলায়, জনপদে জনপদে একই দলের নেতারা এখন নির্বাচনকেন্দ্রিক বিরোধিতা, কোন্দল আর হিংসাকে পাশ কাটিয়ে পারবেন কি আবার দলীয় কার্যালয়ে একসঙ্গে বসতে? একই সঙ্গে দলীয় কর্মসূচিতে যেতে? তবে বিপুলসংখ্যক দলীয় স্বতন্ত্রের বিজয়, মন্ত্রী-এমপিদের পরাজয়ের মধ্য দিয়ে আওয়ামী লীগের নীতিনির্ধারকরা একটা ধারণা পেলেন, কোন নেতার কোন অঞ্চলে কতটা জনভিত্তি আছে। ধারণা পেলেন, এমপি-মন্ত্রীদের প্রতি দলের নেতা, কর্মী এবং সমর্থকদের মধ্যে এত ক্ষোভ কেন?নির্বাচন-পরবর্তী ১৪ দলের শরিক দলগুলো নিয়েও বড় ভাবনার জায়গা তৈরি হয়েছে। নৌকা নিয়েও জাসদের হাসানুল হক ইনু, জেপির আনোয়ার হোসেন মঞ্জু, ওয়ার্কার্স পার্টির ফজলে হোসেন বাদশার পরাজয় বুঝিয়ে দিয়েছে তারা বড় নেতা হয়েও জনগণের মাঝে কোনো প্রভাব তৈরি করতে পারেননি। নৌকায় চড়ে, আওয়ামী লীগের সঙ্গে থেকে থেকে ব্যক্তিগত সুবিধা নিয়ে নিয়ে নিজেদের দলকে বিলীন করে দিয়েছেন?জাতীয় পার্টিকে আওয়ামী লীগ ছেড়ে দিয়েছিল ২৬টি আসন। কিন্তু তারা জিতেছে মাত্র ১১টি আসনে। খোদ ঢাকা-১৮ আসনের পার্টি চেয়ারম্যান জিএম কাদেরের স্ত্রী শেরিফা কাদের হেরেছেন স্বতন্ত্র প্রার্থীর কাছে। জাতীয় পার্টি আওয়ামী লীগ থেকে সমঝোতা করে আসন না নিলে একটিতেও জয়ী হতে পারত কিনা এমন সন্দেহ তৈরি হয়েছে। আগামীতে জাতীয় পার্টির রংপুরকেন্দ্রিক একটা আঞ্চলিক দল হিসেবেও তার অস্তিত্ব টিকিয়ে রাখতে পারাটাই একটি চ্যালেঞ্জ হয়ে দাঁড়িয়েছে।কিংস পার্টি হিসেবে পরিচিতি পাওয়া তৃণমূল বিএনপি এবং বিএনএম কোনো আবেদনই সৃষ্টি করতে পারেনি নির্বাচনে। দলের চেয়ারম্যান শমসের মবিন চৌধুরী এবং মহাসচিব তৈমুর আলম খন্দকার দুজনেই জামানত হারিয়েছেন। এতে বোঝা গেল হঠাৎ করে এসে কোনো আনুকূল্য পেয়ে রাজনীতিতে সফল হওয়া যায় না। এটা তাদের বোঝা উচিত ছিল তখনই যখন আসন ভাগাভাগিতেও তাদের কিছু দেয়নি আওয়ামী লীগ। ব্যর্থতায় শেষ হলো তাদের নির্বাচনি মিশন।প্রশ্ন হলো বিএনপি কী করবে? বছরের পর বছর আন্দোলন করে, বিদেশি দেশ ও সংস্থার কাছে ধরনা দিয়ে, নানারকম সহিংস কর্মসূচি দিয়েও নির্বাচন ঠেকাতে পারেনি দলটি। এখন বলছে, নির্বাচন বাতিল করতে হবে। সেটিও আসলে অর্জিত হবে না। তাই এখন প্রশ্ন হলো দলটি আসলে কোন রাজনীতি করবে এখন। দীর্ঘ সময় ধরে সহিংস আন্দোলন করে যাওয়া সহজ হবে না। সরকার গঠনের পর এসবের দিকে আরও বড় নজর পড়বে সরকারের।দলটি বলছে, নির্বাচনের পরও আন্দোলন অব্যাহত রাখা হবে। সেটা রাখাই যায়। এক বছর ধরে চলা আন্দোলন সফল হয়নি। তাই নির্বাচনের পরও একইভাবে চললে বিশেষ কিছু ফল হবে বলে মনে হয় না। নির্বাচনের আগে যা হয়েছে, নির্বাচন-পরবর্তী আন্দোলনের কর্মসূচিও মুখ থুবড়ে পড়বে বলেই বোঝা যাচ্ছে। সরকার নিজের পরিকল্পনা অনুযায়ী শক্ত হাতে দেশ পরিচালনা শুরু করলে কর্মসূচি সব হারিয়ে যাবে। বিএনপির আন্দোলন ডালপালা ছড়িয়ে দেশব্যাপী আলোড়ন সৃষ্টি করতে পারবে, সেই পরিস্থিতি দৃশ্যমান নয়।বিএনপিকে তাই শান্তিপূর্ণ নিয়মতান্ত্রিক আন্দোলনই করে যেতে হবে। দলের দিক থেকে আগামী সরকারের জন্য আন্দোলনের আগাম চ্যালেঞ্জ সেই অর্থে কোনো চ্যালেঞ্জই নয়। তবে শাসক দলের কাছেও প্রত্যাশা যেন তারাও সহনশীল হয়। জেল থেকে বিএনপি নেতাকর্মীদের ছেড়ে দেওয়া সম্ভব হলে সেটা করে একটা শান্তিপূর্ণ পরিবেশে রাষ্ট্রকার্য পরিচালনা করাই উত্তম কাজ। প্রতিশোধ স্পৃহা যেন বড় হয়ে দেখা না দেয়।সৈয়দ ইশতিয়াক রেজা : প্রধান সম্পাদক, গ্লোবাল টেলিভিশন",1,1,0,1,False
" দ্বাদশ সংসদ নির্বাচনে আবারও জিতেছেন যুব ও ক্রীড়া প্রতিমন্ত্রী জাহিদ আহসান রাসেল। নতুনভাবে সংসদ সদস্য নির্বাচিত হওয়ার পর গতকাল নিজ দপ্তর যুব ও ক্রীড়া মন্ত্রণালয়ে উপস্থিত হয়েছিলেন তিনি। দুপুরের পর মন্ত্রণালয়ে আসার পর তাকে ঘিরে আনন্দ-উৎসবের আমেজ তৈরি হয়। ক্রীড়া মন্ত্রণালয় অধীনস্থ প্রতিষ্ঠান যুব উন্নয়ন অধিদপ্তর, জাতীয় ক্রীড়া পরিষদ, ক্রীড়া পরিদপ্তরের কর্মকর্তারা পৃথকভাবে তাকে ফুলেল শুভেচ্ছা জানান। যদিও নির্বাচনী ব্যস্ততায় গত কয়েক সপ্তাহে মন্ত্রণালয়ে আসতে পারেননি ক্রীড়া প্রতিমন্ত্রী। এই কয়েক দিনের জমে থাকা অনেক ফাইলও দেখেছেন তিনি। ফাইল দেখার পাশাপাশি তার কক্ষে উপস্থিত ব্যক্তিদের কাছ থেকে ক্রীড়াঙ্গনের খোঁজখবর নেন ক্রীড়া প্রতিমন্ত্রী। নিজের নির্বাচনে কর্মকা-সহ নানা বিষয়ে খোশগল্পও করেন তিনি। আজ সকালে নবনির্বাচিত সংসদ সদস্যদের শপথগ্রহণের দিন। এরপর নতুন মন্ত্রীদের শপথ রয়েছে। নতুনভাবে শপথগ্রহণ করার আগ পর্যন্ত মন্ত্রীদের মেয়াদ থাকবে। সবার আগ্রহ ক্রীড়াঙ্গনে নতুন কেউ অভিভাবক হবেন নাকিরাসেলই পুনরায় অভিভাবকের দায়িত্ব পালন করবেন- তা নিয়ে আগ্রহের শেষ নেই।",1,1,0,1,False
" ঢাকা-১৯ (সাভার ও আশুলিয়া) আসনে ইউনিয়ন পরিষদের সাবেক এক চেয়ারম্যানের কাছে প্রতিমন্ত্রীর শোচনীয় পরাজয়ের ঘটনাই এখন সবার মুখে মুখে। এক স্বতন্ত্রের ট্রাকের চাপায় এবং অন্য স্বতন্ত্রের ঈগলের ঝাপটায় নৌকাডুবির ঘটনায় শুরু হয়েছে আওয়ামী লীগ প্রার্থীর পরাজয়ের ব্যবচ্ছেদ। পাশাপাশি মুহাম্মদ সাইফুল ইসলামের অভাবনীয় বিজয় নিয়েও চলছে বিস্তর আলোচনা। কোন ম্যাজিকে প্রতিমন্ত্রী ও সাবেক এমপিকে হারিয়ে একজন সাবেক ইউপি চেয়ারম্যান সংসদ সদস্য নির্বাচিত হয়ে সবাইকে চমকে দিলেন সেটারই চলছে চুলচেরা বিশ্লেষণ।এ আসনে ৮৪ হাজার ৪১২ ভোট পেয়ে সংসদ সদস্য নির্বাচিত হয়েছেন স্বতন্ত্র প্রার্থী (ট্রাক) মুহাম্মদ সাইফুল ইসলাম। তার নিকটতম প্রতিদ্বন্দ্বী অপর স্বতন্ত্র প্রার্থী (ঈগল) তালুকদার মো. তৌহিদ জং মুরাদ পেয়েছেন ৭৬ হাজার ২০২ ভোট। বিজয়ী সাইফুলের সঙ্গে তার ভোটের ব্যবধান ৮ হাজার ২১০। আর বর্তমান সংসদ সদস্য, দুর্যোগ ব্যবস্থাপনা ও ত্রাণ প্রতিমন্ত্রী ডা. মো. এনামুর রহমান ৫৬ হাজার ৩৬১ ভোট পেয়ে হয়েছেন তৃতীয়। বিজয়ী সাইফুলের সঙ্গে তার ভোটের ব্যবধান ২৮ হাজার ৫১।যেখানে সবাই ভেবেছিলেন মূলত নৌকার প্রার্থীর সঙ্গে লড়াই হবে সাবেক সংসদ সদস্য তালুকদার তৌহিদ জং মুরাদের। সেখানে আলোচনায়ই ছিলেন না সাইফুল। কিন্তু সব হিসাব পাল্টে দিয়ে কেন সাইফুল ইসলামের এ বিজয়?উত্তরে নাম প্রকাশে অনিচ্ছুক এক বিশ্লেষক জানান, রানা প্লাজা ট্র্যাজেডি নিয়ে ডা. এনামের উত্থান ও মুরাদ জংয়ের পতনের ইতিহাসের বুলি কপচিয়ে যখন দুই প্রার্থী পরস্পরকে আক্রমণ করেছেন, তখন খরগোশ আর কচ্ছপের গল্পের মতো নীরবে এগিয়ে গেছেন সাইফুল ইসলাম।তার নির্বাচনের কৌশলের কাছে হেরে গেছেন সবাই। চেয়ারম্যান হিসেবে তিনি ঠিকই ধরতে পেরেছিলেন জনগণ আসলে কী চায়। ভোটের প্রচারে যখন প্রার্থীরা ভালো-মন্দ সব ভোটারের ভোট প্রার্থনা করেন তখন সাইফুল জানান দেন- সন্ত্রাসী-চাঁদাবাজদের ভোট তার লাগবে না। এতে আশ্বস্ত হন ভোটাররা।নির্বাচনের দিন ঘনিয়ে আসতে থাকে। শুরু হয় আওয়ামী লীগের স্থানীয় জনপ্রতিনিধি ও দলের বিভিন্ন পর্যায়ের নেতাদের ডিগবাজি। ডা. এনামকে ছেড়ে তারা দলে দলে যোগ দেন মুরাদ জংয়ের শিবিরে। আকস্মিক এ ধকল কাটাতে ডা. এনামকে নির্ভর করতে হয় এমন কিছু পতিত ও বিতর্কিত নেতাদের ওপর- যারা ভোটের মাঠে এনামের সঙ্গে থাকায় সাধারণ ভোটারাই ছেড়েছেন তাকে।অন্যদিকে সাইফুল বড় কোনো নেতা নির্ভর না হয়ে পুরো ভোটের মাঠ সাজিয়েছেন ভোটার নির্ভর করে। এ কৌশলের কারণে সরাসরি ভোটারদের সঙ্গে সম্পৃক্ত হওয়ায় তিনি নিজেও নীরবে ছিলেন নির্ভার। নির্বাচনে প্রার্থী হবেন সেই প্রস্তুতি নীরবেই নিয়ে রেখেছিলেন বহু আগে। সেই লক্ষ্য পূরণে ধীরে ধীরে অগ্রসর হয়েছেন জয়যাত্রার পথে।অন্যদিকে ১০ বছর পর মুরাদ জং সাভারে ফেরায় তাকে নিয়ে বেশ অস্বস্তিতে ছিলেন আওয়ামী লীগের একাংশের নেতাকর্মীরা। ডা. এনামের পায়ের নিচের মাটি ক্রমেই সরে যাওয়ায় তারা এনামের সঙ্গে প্রকাশ্য অবস্থান নিয়ে ঘায়েল করেছেন মুরাদ জংকে। কিন্তু নিজের অস্তিত্ব রক্ষায় তারা তলে তলে সমর্থন জানিয়েছেন সাইফুলকে।পাশাপাশি শিল্পাঞ্চল আশুলিয়ার শ্রমিকদের সঙ্গে সাইফুল ইসলামের রয়েছে আন্তরিক সম্পর্ক। তাদের বিপদে-আপদে পাশে ছিলেন। প্রতিমন্ত্রীর ঘাড়ে ভর করে স্বনির্ভর ধামসোনা ইউনিয়নের উন্নয়নমূলক কাজের মাধ্যমে নিজ এলাকায় জনপ্রিয় ছিলেন। বিপরীতে ডা. এনাম নিজ কেন্দ্রসহ বিভিন্ন কেন্দ্রে পরাজিত হয়েছেন বিপুল ভোটের ব্যবধানে।",1,1,0,1,False
" দ্বাদশ সংসদ নির্বাচনে জয় পাওয়ায় আওয়ামী লীগ সভাপতি শেখ হাসিনাকে অভিননন্দন জানিয়েছে ইসলামিক সহযোগিতা সংস্থার (ওআইসি) বিভিন্ন দেশ। অভিনন্দন জানিয়েছেন জাপান ও দক্ষিণ কোরিয়াসহ বিভিন্ন দেশের দূতরা।প্রধানমন্ত্রীর প্রেস উইংয়ের এক সংবাদ বিজ্ঞপ্তিতে বলা হয়েছে, জাপান, থাইল্যান্ড, ভিয়েতনাম, আর্জেন্টিনা, ইন্দোনেশিয়া, কোরিয়া প্রজাতন্ত্রের রাষ্ট্রদূতরা গতকাল গণভবনে শেখ হাসিনার সঙ্গে সাক্ষাৎ করেন। সাক্ষাৎ করতে আসেন ওআইসির সদস্য ব্রুনাই দারুসসালাম, মালয়েশিয়া, মিশর, আলজেরিয়া, কুয়েত, লিবিয়া, ইরান, ইরাক, ওমান, কাতার, সৌদি আরব, সংযুক্ত আরব আমিরাত, ফিলিস্তিন, মরক্কো ও পাকিস্তানের রাষ্ট্রদূতরাও। তারা নিজ নিজ দেশের পক্ষ থেকে আওয়ামী লীগ সভাপতি ও প্রধানমন্ত্রী শেখ হাসিনাকে ফুলের তোড়া দিয়ে অভিনন্দন জানান।সংবাদ বিজ্ঞপ্তিতে বলা হয়, জাপান, থাইল্যান্ড, ভিয়েতনাম, আর্জেন্টিনা, ইন্দোনেশিয়া, কোরিয়া প্রজাতন্ত্র,ব্রুনাই দারুসসালাম, মালয়েশিয়া, মিশর, আলজেরিয়া, কুয়েত, লিবিয়া, ইরান, ইরাক, ওমান, কাতার, সৌদি আরব, সংযুক্ত আরব আমিরাত ও ফিলিস্তিনের রাষ্ট্রদূত ও হাইকমিশনাররা নিজ নিজ দেশের রাষ্ট্র ও সরকারপ্রধানদের অভিনন্দন বার্তা শেখ হাসিনার কাছে পৌঁছে দেন। এরপর তারা পারস্পরিক স্বার্থ ও উন্নয়নের বিভিন্ন দ্বিপাক্ষিক ও আন্তর্জাতিক ইস্যুতে মতবিনিময় করেন। রাষ্ট্রদূতরা প্রধানমন্ত্রী শেখ হাসিনার নেতৃত্বে বাংলাদেশ একটি উন্নত ও সমৃদ্ধ দেশে পরিণত হবে বলে আশাবাদ ব্যক্ত করেন। তারা বাংলাদেশের সঙ্গে নিজ নিজ দেশের সহযোগিতা অব্যাহত রাখার দৃঢ় অঙ্গীকারও ব্যক্ত করেন।এ সময় প্রধানমন্ত্রী রাষ্ট্রদূত ও হাইকমিশনারদের ধন্যবাদ জানান। তিনি বাংলাদেশের জনগণ ও সরকারকে অব্যাহত সমর্থনের জন্য বন্ধুপ্রতীম এসব দেশের রাষ্ট্র ও সরকারপ্রধানদের ধন্যবাদ জানান।কমনওয়েলথ মহাসচিবের অভিনন্দন: দ্বাদশ সংসদ নির্বাচনে আওয়ামী লীগের বিজয়ে শেখ হাসিনাকে অভিনন্দন জানিয়েছেন কমনওয়েলথের মহাসচিব প্যাট্রিসিয়া স্কটল্যান্ড। গতকাল প্যাট্রিসিয়া তার এক্স হ্যান্ডলে এ অভিনন্দন জানান। প্যাট্রিসিয়া লিখেছেন, জাতীয় অগ্রাধিকার অর্জনে বাংলাদেশের সঙ্গে অংশীদারত্বের জন্য কমনওয়েলথ প্রস্তুত। বাংলাদেশের জনগণ এবং আমাদের কমনওয়েলথ পরিবারের সদস্যদের জন্য কমনওয়েলথ আপনার সঙ্গে কাজ করতে উন্মুখ।",1,1,0,1,False
" কয়েক ঘণ্টার ব্যবধানে সিদ্ধান্ত বদলাল জাতীয় পার্টি (জাপা)। সর্বশেষ সিদ্ধান্ত হলো- দলটির নবনির্বাচিত সংসদ সদস্যরা আজ বুধবারই শপথ নেবেন। এর আগে গতকাল মঙ্গলবার দুপুরে দলটি জানিয়েছিল, তারা বুধবার শপথ নিতে যাবেন না।সন্ধ্যায় জাতীয় পার্টির কার্যালয় থেকে পাঠানো এক বিজ্ঞপ্তিতে জানানো হয়, নবনির্বাচিত সংসদ সদস্যরা আজ শপথ নেবেন। এ জন্য সকাল ১০টার মধ্যে জাতীয় সংসদ ভবনের বিরোধীদলীয় উপনেতার কার্যালয়ে জাতীয় পার্টির নবনির্বাচিত সব সংসদ সদস্যকে উপস্থিত থাকার জন্য অনুরোধ করা হয়েছে।আজ সকাল ১০টায় জাতীয় সংসদের শপথকক্ষে নতুন সংসদ সদস্যদের শপথ পড়াবেন একাদশ সংসদের স্পিকার শিরীন শারমিন চৌধুরী।গতকাল দুপুরে জাপার একটি সূত্র জানিয়েছিল, দলটির পক্ষ থেকে স্পিকারকে একটি চিঠি দিয়ে বুধবার শপথ নিতে না যাওয়ার বিষয়টি জানানো হবে।দলটির দায়িত্বশীল একজন নেতা বলেছিলেন, দলের চেয়ারম্যান জিএম কাদের ঢাকার বাইরে রয়েছেন। তিনি ঢাকায় ফিরলে দুই-একদিনের মধ্যে দলীয় বৈঠক করে শপথ নেওয়ার দিন-তারিখ ঠিক করা হবে। বিষয়টি জানিয়ে স্পিকারকে চিঠি দেওয়া হয়েছে। কিন্তু সন্ধ্যায় জাপা নতুন বিজ্ঞপ্তি দিয়ে শপথ নেওয়ার বিষয়টি জানায়।দ্বাদশ জাতীয় সংসদ নির্বাচনে ২৬ আসনে আওয়ামী লীগের কাছ থেকে ছাড় পায় জাতীয় পার্টি। এসব আসনের মধ্যে ১১টিতে জয়ী হয় তারা।",1,1,0,1,False
" জনপ্রিয়তার উত্তুঙ্গতাকে কাজে লাগিয়ে এবিএম মহিউদ্দিন চৌধুরী চট্টগ্রামে তিনবার মেয়র নির্বাচিত হন। ২০১০ সালে আওয়ামী লীগ সরকারের আমলে চট্টগ্রামের সেই প্রভাবশালী নেতা মহিউদ্দিন চৌধুরীকে এক লাখের বেশি ভোটের ব্যবধানে পরাজিত করে মেয়র হয়েছিলেন মোহাম্মদ মনজুর আলম। এবারের নির্বাচনে মনজুর আলম চট্টগ্রাম-১০ আসনে হারলেন আরেক মহিউদ্দিনের কাছে, যিনি স্বয়ং এবিএম মহিউদ্দিন চৌধুরীর কর্মী।নির্বাচনের ফলাফল থেকে দেখা যায়, নৌকার প্রার্থী মো. মহিউদ্দিন বাচ্চু পেয়েছেন ৫৯ হাজার ২৪ ভোট। আর ফুলকপি মার্কা নিয়ে স্বতন্ত্র প্রার্থী মোহাম্মদ মনজুর আলম পেয়েছেন ৩৯ হাজার ৫৩৫ ভোট। ভোটের ব্যবধান ১৯ হাজার ৪৮৯। মনজুর আলম পরাজিত হওয়ার খবরে চট্টগ্রামে নির্বাচন কমিশনের নিয়ন্ত্রণ কক্ষের ভেতরে-বাইরে আওয়ামী লীগের কয়েক হাজার নেতাকর্মী উচ্ছ্বাস প্রকাশ করে স্লোগান দেন। তাদের বেশির ভাগই চট্টগ্রাম মহানগর আওয়ামী লীগের রাজনীতিতে প্রয়াত নেতা এবিএম মহিউদ্দিন চৌধুরীর অনুসারী।উপস্থিত একাধিক নেতা বলেন, এই ফলাফলের জন্য তারা ১৪ বছর অপেক্ষা করেছেন। মনজুর আলম রাজনীতিতে দীর্ঘসময় এবিএম মহিউদ্দিন চৌধুরীর শিষ্য ছিলেন। কিন্তু ২০১০ সালে তিনিই মেয়র নির্বাচনে বিএনপির সমর্থন নিয়ে মহিউদ্দিন চৌধুরীকে হারিয়ে দেন। সেই হারের প্রতিশোধ এবার মহিউদ্দিন চৌধুরীর কর্মী মো. মহিউদ্দিন বাচ্চু নিলেন। এজন্য মহিউদ্দিন চৌধুরীর অনুসারীদের আনন্দ অন্যদের চেয়ে আলাদা।এ প্রসঙ্গে চট্টগ্রাম-১০ আসনে জয়ী নৌকার প্রার্থী ও আওয়ামী লীগ নেতা মো. মহিউদ্দিন বাচ্চু আমাদের সময়কে বলেন, এবিএম মহিউদ্দিন চৌধুরীর নেতৃত্বে আমরা চট্টগ্রামে বঙ্গবন্ধুর আদর্শ ও জননেত্রী শেখ হাসিনার রাজনৈতিক দর্শন প্রতিষ্ঠার রাজনীতি ও সংগ্রাম করেছি। জনগণ আমাদের গ্রহণ করেছেন। নির্বাচনের ফলাফলে তা প্রমাণিত হলো।বিজয়ী প্রার্থীকে অভিনন্দন জানিয়ে সাবেক মেয়র মোহাম্মদ মনজুর আলম বলেন, নির্বাচনে একজন জিতবেন, অন্যজন হারবেন- সেটাই বাস্তবতা। আমরা সহনশীল রাজনীতি চর্চার মাধ্যমে এগিয়ে যেতে চাই।মহিউদ্দিন বাচ্চু চট্টগ্রাম মহানগর যুবলীগের সাবেক আহ্বায়ক। এ ছাড়া তিনি চট্টগ্রাম মহানগর ছাত্রলীগের প্রচার ও প্রকাশনা সম্পাদক ছিলেন। চট্টগ্রাম-১০ আসনের সংসদ সদস্য ও সাবেক মন্ত্রী ডা. আফছারুল আমীন মারা গেলে উপনির্বাচনে আওয়ামী লীগের মনোনয়ন পান মহিউদ্দিন বাচ্চু। গত বছরের ৩০ জুলাই অনুষ্ঠিত ওই উপনির্বাচনে তিনি প্রথম সংসদ সদস্য নির্বাচিত হন। এ আসনে ২০০১ সালের নির্বাচনে বিএনপি নেতা আমীর খসরু মাহমুদ চৌধুরী জয়ী হয়েছিলেন।",1,1,0,1,False
" আইন, বিচার ও সংসদবিষয়কমন্ত্রী আনিসুল হক বলেছেন, দ্বাদশ জাতীয় সংসদ নির্বাচনে জয়ী স্বতন্ত্র প্রার্থীরা কোনো দলে না গিয়ে যদি আলাদা থাকেন, তবে বিরোধী দল হিসেবে জাতীয় পার্টি প্রাধান্য পাবে। তবে স্বতন্ত্রদের অবস্থান সম্পর্কে পুরোপুরি নিশ্চিত হতে আরও কিছুটা সময় অপেক্ষা করতে হবে।গতকাল মঙ্গলবার সচিবালয়ে সাংবাদিকদের সঙ্গে আলাপকালে মন্ত্রী এ অভিমত তুলে ধরেন। তিনি বলেন, ‘স্বতন্ত্ররা যদি মনে করেন তারা আলাদা আলাদা থাকবেন, তবে জাতীয় পার্টি যেহেতু ১১টি আসন পেয়েছে, সে ক্ষেত্রে তারা অবশ্যই(বিরোধী দল হিসেবে) প্রাধান্য পাবে।’এমপিদের শপথ ও নতুন মন্ত্রিসভা গঠনের বিষয়ে জানতে চাইলে আইনমন্ত্রী বলেন, ‘বুধবার নতুন সংসদ সদস্যরা শপথ নেবেন। এখন বাংলাদেশ আওয়ামী লীগ হচ্ছে সংখ্যাগরিষ্ঠ দল। আনুষ্ঠানিকভাবে বাংলাদেশ আওয়ামী লীগ শেখ হাসিনাকে সংসদ নেতা (পার্লামেন্টারি পার্টির নেতা) হিসেবে নির্বাচিত করার পর রাষ্ট্রপতি তাকে নতুন সরকার গঠনের জন্য আমন্ত্রণ জানাবেন। এ আমন্ত্রণ জানানোর পর প্রধানমন্ত্রী নতুন সরকার গঠন করবেন। নতুন সরকার যতক্ষণ পর্যন্ত না গঠিত হচ্ছে, ততক্ষণ পর্যন্ত এখন যে সরকার আছে, তারা দায়িত্বে থাকবেন। নির্ধারিত সময় না থাকলেও রীতি রয়েছে শপথ নেওয়ার ৫ থেকে ৭ দিনের মধ্যেই নতুন সরকার গঠিত হয়। আমার মনে হয়, এবারও তাই হবে।’স্বতন্ত্ররা কোনো মোর্চা করতে পারবে কিনা জানতে চাইলে মন্ত্রী বলেন, ‘কেন পারবে না? স্বতন্ত্ররা যদি মনে করেন, তারা সরকারের সঙ্গে না থেকে নিজস্ব একটা গ্রুপ করবেন, অবশ্যই তারা সেটা করতে পারেন। তখন কাকে বিরোধী দল হিসেবে স্বীকৃতি দেওয়া হবে, সেটা নির্ধারিত হবে।’স্বতন্ত্রদের অধিকাংশই আওয়ামী লীগের রাজনীতি করেন। তারা বিরোধী দলে গেলে সরকার ও বিরোধী- দুই পক্ষই আওয়ামী লীগের হয়ে যাবে কিনা জানতে চাইলে আইনমন্ত্রী বলেন, ‘তারা যখন সংসদ সদস্য নির্বাচিত হয়েছেন, তারা আওয়ামী লীগের হিসেবে নির্বাচিত হননি। তারা স্বতন্ত্র হিসেবে নির্বাচিত হয়েছেন। তাদের প্রতীকও ছিল ভিন্ন। নৌকা প্রতীক নিয়ে নির্বাচিত হয়েছেন শুধু আওয়ামী লীগের প্রার্থীরা। সে ক্ষেত্রে তারা আওয়ামী লীগার, এটা মুখের কথা হতে পারে, কিন্তু আইনের কথা, বাস্তবতার কথা সেটা নয়।’যুক্তরাষ্ট্র বলেছে নির্বাচন সুষ্ঠু ও অংশগ্রহণমূলক হয়নি। এ বিষয়ে প্রতিক্রিয়া জানতে চাইলে আইনমন্ত্রী বলেন, ‘আমরা সবসময়ই বলে আসছি নির্বাচন তখনই সুষ্ঠু ও অংশগ্রহণমূলক হয়, যখন জনগণ ভোট দেয়। আপনারা সবাই দেখেছেন এই নির্বাচনে জনগণ ভোট দিয়েছে এবং নির্বাচনকে স্বাগত জানিয়ে তারা নির্বাচনে অংশগ্রহণ করেছে।’",1,1,0,1,False
"দ্বাদশ জাতীয় সংসদ নির্বাচনে হবিগঞ্জের চারটি আসনের তিনটিতে এক প্রতিমন্ত্রী, এক এমপি ও এক হেভিওয়েট নেতাকে হারিয়ে এবার এমপি নির্বাচিত হয়েছেন তিন তরুণ। তারা হলেন- হবিগঞ্জ-১ (বাহুবল-নবীগঞ্জ) আসনে আমাতুল কিবরিয়া কেয়া চৌধুরী, হবিগঞ্জ-৪ (চুনারুঘাট-মাধবপুর) আসনে ব্যারিস্টার সৈয়দ সায়েদুল হক সুমন এবং হবিগঞ্জ-২ (বানিয়াচং-আজমিরীগঞ্জ) আসনে ময়েজ উদ্দিন শরীফ। নির্বাচনের ফলাফল প্রকাশের পর তারা ঘুরেফিরে আসছেন ভোটের আলোচনায়। ব্যারিস্টার সৈয়দ সায়েদুল হক সুমন। তার মূল পরিচয় ফেসবুক সেলিব্রেটি হিসেবে। যুবলীগের কেন্দ্রীয় কমিটির আইনবিষয়ক সম্পাদকের পদ থেকে অব্যাহতি পাওয়ার পর অনেকেই ভেবেছিলেন সুমন রাজনীতি থেকে ছিটকে পড়বেন, ক্যারিয়ার ধ্বংস হয়ে গেছে। কিন্তু সামাজিক যোগাযোগমাধ্যমের কল্যাণে নিজেকে তিনি সক্রিয় রেখেছেন। সর্বশেষ সংসদ নির্বাচেন ক্ষমতাসীন দলের প্রার্থী একজন প্রতিমন্ত্রীকে বড় ব্যবধানে পরাজিত করে নির্বাচিত হয়েছেন। ব্যারিস্টার সৈয়দ সায়েদুল হক সুমন ছিলেন স্বতন্ত্র প্রার্থী। তিনি ঈগল প্রতীকে ১ লাখ ৬৯ হাজার ৯৯ ভোট পেয়েছেন। তার নিকটতম প্রতিদ্বন্দ্বী বেসামরিক বিমান পরিবহন ও পর্যটন প্রতিমন্ত্রী মো. মাহবুব আলী। তিনি নৌকা প্রতীকে পেয়েছেন ৬৯ হাজার ৫শ ৪৩ ভোট।ব্যারিস্টার সুমন আওয়ামী লীগের একজন সাধারণ কর্মী। স্থানীয় আওয়ামী লীগের নির্বাহী কমিটিতে তার নাম নেই। কিন্তু বিভিন্ন সামাজিক কর্মকাণ্ডের মাধ্যমে জনপ্রিয় হয়ে ওঠেন তিনি। দীর্ঘদিন উন্নয়নবঞ্চিত এলাকাবাসী এবার নির্বাচনে নতুন মুখ হিসেবে তাকে বেছে নিয়েছে।আমাতুল কিবরিয়া কেয়া চৌধুরীও জেলা আওয়ামী লীগ কিংবা উপজেলা আওয়ামী লীগের কোনো পদে নেই। তার বাবা মুক্তিযুদ্ধের সংগঠক প্রয়াত মানিক চৌধুরী ওরফে কমান্ড্যান্ট মানিক চৌধুরী। কেয়া চৌধুরী ২০০৭ সালে চেতনা ৭১ নামে একটি সংগঠন করে রাজনীতিতে সক্রিয় হন। হবিগঞ্জের বীরাঙ্গনাদের মুক্তিযোদ্ধার স্বীকৃতি আদায়ে ভূমিকা রাখেন। তাদের আর্থিক, সামাজিক ও স্বাস্থ্যসেবার উন্নয়নেও কাজ করেন। মুক্তিযুদ্ধে অবদানের স্বীকৃতিস্বরূপ মানিক চৌধুরী সর্বোচ্চ রাষ্ট্রীয় সম্মান মরণোত্তর স্বাধীনতা পুরস্কারে ভূষিত হন। কেয়ার নানা সামাজিক ও উন্নয়ন কর্মকা-ে খুশি হয়ে ২০১৪ সালে তাকে জাতীয় সংসদের সংরক্ষিত এমপি নির্বাচন করা হয়। এই পদে আসার পরও তিনি নির্বাচনী এলাকায় বিভিন্ন উন্নয়ন কর্মকাণ্ডে ভূমিকা রাখেন। দ্বাদশ সংসদ নির্বাচনে হবিগঞ্জ-১ আসনে আওয়ামী লীগের মনোনয়ন চান কেয়া চৌধুরী। না পেয়ে স্বতন্ত্র প্রার্থী হন। নির্বাচনে ৭৫ হাজার ৫২ ভোট পেয়ে নির্বাচিত হন। তার নিকটতম প্রতিদ্বন্দ্বী জাতীয় পার্টির মোহম্মদ আব্দুল মুনিম চৌধুরী পেয়েছেন ৩০ হাজার ৭০৩ ভোট। কেয়া এ আসনে এবার সরাসরি ভোটে নির্বাচিত নতুন মুখ।এদিকে হবিগঞ্জ-২ (বানিয়াচং-আজমিরীগঞ্জ) আসনের সাবেক এমপি শরীফ উদ্দিনের পুত্র ময়েজ উদ্দিন শরীফ। পিতার সুনামকে কাজে লাগিয়ে তিনি এবার এমপি নির্বাচিত হয়েছেন। ৭ জানুয়ারির নির্বাচনে তিনি পেয়েছেন ৯৯ হাজার ৯৪৩ ভোট। তার নিকটতম প্রতিদ্বন্দ্বী বর্তমান সংসদ সদস্য আব্দুল মজিদ খান পেয়েছেন ৪৯ হাজার ৬০৬ ভোট। দ্বাদশ জাতীয় সংসদে ময়েজও একজন তরুণ ও নতুন মুখ।",1,1,0,1,False
 টাঙ্গাইল-৪ (কালিহাতী) আসনের নির্বাচনী সহিংসতার মামলায় গ্রেপ্তার নেতাকর্মীর মুক্তির দাবিতে গতকাল মঙ্গলবার টাঙ্গাইল-ময়মনসিংহ মহাসড়কের কালিহাতী থানার সামনে অবরোধ করেন সদ্য নির্বাচিত স্বতন্ত্র প্রার্থী আবদুল লতিফ সিদ্দিকী ও তার সমর্থকরা। আড়াই ঘণ্টা পর লতিফ সিদ্দিকীর ছোট ভাই কৃষক শ্রমিক জনতা লীগের সভাপতি বঙ্গবীর কাদের সিদ্দিকীর অনুরোধে তারা এই অবরোধ প্রত্যাহার করেন। গতকাল বেলা ১টায় লতিফ সিদ্দিকী ও তার সমর্থকরা ওই মহাসড়কে কালিহাতী থানার সামনে অবস্থান ধর্মঘট শুরু করেন। ফলে মহাসড়কটিতে যানবাহন চলাচল বন্ধ হয়ে যায়। দুপুর আড়াইটার দিকে কাদের সিদ্দিকী ঘটনাস্থলে যান। তিনি লতিফ সিদ্দিকীর সঙ্গে কথা বলেন। পরে থানায় প্রবেশ করে পুলিশ কর্মকর্তাদের সঙ্গে কথা বলেন। পুলিশ আটক ছয়জনের মধ্য থেকে এজাহারে নাম না থাকা চারজনকে ছেড়ে দেয়। তবে এজাহারভুক্ত দুজনকে আদালতে পাঠানো হয়।পরে কাদের সিদ্দিকীর বড় ভাই লতিফ সিদ্দিকীকে অবরোধ তুলে নেওয়ার অনুরোধ জানান। বেলা সাড়ে ৩টার দিকে লতিফ সিদ্দিকী ও তার অনুসারীরা মহাসড়ক ছেড়ে চলে যান। পরে মহাসড়কটিতে যানবাহন চলাচল শুরু হয়।দ্বাদশ জাতীয় সংসদ নির্বাচনে টাঙ্গাইল-৪ আসনে স্বতন্ত্র প্রার্থী (ট্রাক প্রতীক) হিসেবে ৭০ হাজার ৯৪০ ভোট পেয়ে বিজয়ী হয়েছেন প্রবীণ রাজনীতিক লতিফ সিদ্দিকী।,1,1,0,1,False
" দ্বাদশ জাতীয় সংসদ নির্বাচনে বরগুনা-১ আসনের ১৮টি কেন্দ্রে বেআইনিভাবে ভোট গণনা, ফলাফল বিবরণী প্রস্তুত ও একত্রীকরণ প্রক্রিয়া এবং এজেন্টদের স্বাক্ষরবিহীন রেজাল্ট শিট প্রদানসহ নানা অভিযোগ করেছেন নৌকার প্রার্থী ধীরেন্দ্র দেবনাথ শম্ভু। গতকাল জেলা রিটার্নিং কর্মকর্তা বরাবর এ অভিযোগ করেন তিনি।অভিযোগ দাখিলের সময় শম্ভুর সঙ্গে ছিলেন বরগুনা জেলা আইনজীবী সমিতির সভাপতিসহ ডজনখানেক জেলা আওয়ামী লীগের নেতা।নৌকার প্রার্থীর পক্ষে অ্যাডভোকেট সোহরাব হোসেন মামুন বলেন, জেলা রিটার্নিং কর্মকর্তার কাছে অভিযোগ দিয়েছি। অভিযোগপত্রে সুনির্দিষ্ট করে বলা হয়েছে, ফলাফল শিটে নৌকার এজেন্টদের স্বাক্ষর নেই। এজেন্টদের জোর আপত্তি উপেক্ষা করে আইনসঙ্গতভাবে প্রস্তুত না করায় ফলাফলে ব্যাপক কারচুপি হয়েছে বলে মনে করা হচ্ছে।জেলা প্রশাসক ও জেলা রিটার্নিং কর্মকর্তা বলেন, অভিযোগ খতিয়ে দেখা হবে।এ আসনে এবার প্রার্থী ছিলেন আওয়ামী লীগ মনোনীত পাঁচবারের এমপি ধীরেন্দ্র দেবনাথ শম্ভু, স্বতন্ত্র প্রার্থী জেলা আওয়ামী লীগের যুগ্ম সাধারণ সম্পাদক গোলাম সরোয়ার টুকু (ঈগল), আরেক স্বতন্ত্র প্রার্থী কেন্দ্রীয় আওয়ামী লীগ নেতা খলিলুর রহমান (ট্রাক) এবং স্বতন্ত্র প্রার্থী আমতলী উপজেলা আওয়ামী লীগের সাবেক সভাপতি গোলাম সরোয়ার ফোরকান (কাঁচি) প্রতীক নিয়ে নির্বাচনী মাঠে ছিলেন।",1,1,0,1,False
" সাতক্ষীরার শ্যামনগরে নির্বাচনপরবর্তী সহিংসতায় ১৩ জন আহত হয়েছেন। অন্যদিকে রাজবাড়ীতে এক যুবলীগ নেতাকে কুপিয়ে জখম করেছে প্রতিপক্ষ। জামালপুরের সরিষাবাড়ীতে যমুনা সারকারখানার শ্রমিক-কর্মচারী ইউনিয়নের সভাপতিকে মারধরের অভিযোগ উঠেছে স্বতন্ত্র প্রার্থীর কর্মী-সমর্থকদের বিরুদ্ধে। এ ছাড়া নেতাকর্মীদের ওপর হামলা, বাড়িঘর ও ব্যবসা প্রতিষ্ঠানে ভাঙচুর, লুটপাট ও অগ্নিসংযোগের প্রতিবাদে বিভিন্ন এলাকায় সংবাদ সম্মেলন করেছেন দলীয় ও স্বতন্ত্র প্রার্থীরা। আমাদের প্রতিনিধিরা আরও জানান-শ্যামনগর (সাতক্ষীরা) : নির্বাচনপরবর্তী সহিংসতায় ১৩ জন আহত ও বসতঘর ভাঙচুর হয়েছে। সোমবার সন্ধ্যায় শ্যামনগরের গাবুরা ইউনিয়নের পূর্ব চাঁদনীমুখা গ্রামে সাবেক ইউপি সদস্য মাস্টার আব্দুর রহিম ও ইউনিয়ন ছাত্রলীগের সভাপতি মিজানুর রহমান মিজানের সমর্থকদের মধ্যে এ সংঘর্ষ হয়। এতে ১৩ জন আহত ও ৩-৪টি বসতঘর ভাঙচুর হয়েছে।নির্বাচনে আওয়ামী লীগ প্রার্থী এসএম আতাউল হক দোলন নির্বাচিত হলে সোমবার সকালে তাকে শুভেচ্ছা জানাতে মিজানুর রহমান শ্যামনগরের বঙ্গবন্ধু সুপার মার্কেটে উপস্থিত হলে রহিম মাস্টারের সমর্থকরা তাকে উদ্দেশ্য করে বলেন- ‘ভোট দিস নাই, এখন আসছিস কেন?’ প্রতিবাদ করতে গেলে তার ওপর হামলা করে বলে জানান মিজান। পরে উপজেলা ছাত্রলীগের সাবেক সাধারণ সম্পাদক মোস্তাফিজুর রহমান রনি মিজানকে উদ্ধার করে শ্যামনগর উপজেলা স্বাস্থ্য কমপ্লেক্সে ভর্তি করেন। উন্নত চিকিৎসার জন্য তাকে সাতক্ষীরা মেডিক্যাল কলেজ হাসপাতালে পাঠানো হয়।এদিকে মিজানকে মারধরের ঘটনায় তার কর্মী-সমর্থকরা উত্তেজিত হয়ে রহিম মাস্টারের বাড়িতে হামলা চালিয়ে ভাঙচুর করে। এ সময় সংঘর্ষে উভয় পক্ষের বেশ কয়েকজন আহত হন।শ্যামনগর থানার ভারপ্রাপ্ত কর্মকর্তা (ওসি) আবুল কালাম আজাদ জানান, পুলিশের হস্তক্ষেপে বর্তমানে পরিস্থিতি শান্ত আছে।রাজবাড়ী : আসিফুর রহমান আলমগীর (৩৫) নামে এক যুবলীগ নেতাকে কুপিয়ে জখম করেছে প্রতিপক্ষ। তিনি রাজবাড়ী সদর উপজেলার আলীপুর ইউনিয়ন যুবলীগের সাধারণ সম্পাদক এবং বারবাকপুর গ্রামের সানাউল্লাহ গাজীর ছেলে। আসিফুর নৌকা প্রার্থীর ওই ইউনিয়নের ২নং ওয়ার্ড নির্বাচন পরিচালনা কমিটির আহ্বায়কের দায়িত্বে ছিলেন।আসিফুর রহমান আলমগীর বলেন, সোমবার রাতে মোবাইল ফোনে এরশাদ নামে একজনের সঙ্গে তার বাগ্বিত-া হয়। মঙ্গলবার সকাল সাড়ে ১০টায় বারবাকপুর বাজারে সোহাগ, রিপন, এরশাদ, সাজিদসহ একদল যুবক মোটরসাইকেলে তার কাছে এসে হেলমেট দিয়ে পিটিয়ে ফেলে দেয় ও পিঠের নিচের দিকে কুপিয়ে জখম করে পালিয়ে যায়। স্থানীয়রা উদ্ধার করে তাকে রাজবাড়ী সদর হাসপাতালে ভর্তি করেন।রাজবাড়ী সদর থানার ওসি ইফতেখারুল আলম প্রধান বলেন, বিষয়টি নিয়ে তদন্ত চলছে।সরিষাবাড়ী (জামালপুর) : নৌকার পক্ষে কাজ করায় যমুনা সারকারখানার শ্রমিক-কর্মচারী ইউনিয়নের সভাপতি ও জাতীয় শ্রমিক লীগ সরিষাবাড়ী আঞ্চলিক শাখার সভাপতি মোয়াজ্জেম হোসেনকে মারধর করেছে ট্রাক প্রতীকের স্বতন্ত্র প্রার্থীর সমর্থকরা। গতকাল সকালে রূপালী ব্যাংক মোড় বিজয় ভবন এলাকায় এ ঘটনা ঘটে। পরে স্থানীয়রা তাকে উদ্ধার করে উপজেলা স্বাস্থ্য কমপ্লেক্সে ভর্তি করেন। মোয়াজ্জেম নৌকা প্রতীকের প্রার্থী প্রকৌশলী মাহবুবুর রহমান হেলালের সমর্থক।মাদারীপুর : মাদারীপুর-৩ আসনে বিজয়ী স্বতন্ত্র প্রার্থী কালকিনি উপজেলা আওয়ামী লীগের সভাপতি ও সংরক্ষিত নারী আসনের এমপি তাহমিনা বেগমের সমর্থকদের বসতবাড়ি ভাঙচুর, লুটপাট ও তার নেতাকর্মীদের ওপর হামলার প্রতিবাদে সংবাদ সম্মেলন অনুষ্ঠিত হয়েছে। মঙ্গলবার দুপুরে স্থানীয় আওয়ামী লীগের দলীয় কার্যালয়ে তাহমিনা বলেন, তফসিল ঘোষণার পর থেকেই বিভিন্ন ধরনের হুমকি, কর্মী হত্যা, হামলা, মিথ্যা মামলায় ফাঁসানো, ঘরবাড়ি ভাঙচুর, লুটপাটসহ বিভিন্নভাবে ভয়ভীতি প্রদর্শন করে আসছিল। তা নির্বাচনের দিন ও ফলাফল ঘোষণার পরও চালিয়ে যাচ্ছে। নৌকার প্রার্থী পরাজিত হওয়ার পর তাদের সন্ত্রাসী কর্মকা-ের মাত্রা আরও বৃদ্ধি করে।খুলনা : নির্বাচনপরবর্তী ব্যাপক সহিংসতার অভিযোগ করেছেন খুলনা ৪ ও ৫ আসনের দুই স্বতন্ত্র প্রার্থী। মঙ্গলবার দুপুরে খুলনা প্রেসক্লাবে পৃথক দুটি সংবাদ সম্মেলনে খুলনা-৫ আসনের প্রার্থী ও ফুলতলা উপজেলা আওয়ামী লীগের সভাপতি শেখ আকরাম হোসেন এবং খুলনা-৪ আসনের প্রার্থী সাবেক ছাত্রলীগ নেতা এসএম মোর্ত্তজা রশিদী দারা এ অভিযোগ করেন। এর জন্য আওয়ামী লীগের নির্বাচিত সংসদ সদস্য নারায়ণচন্দ্র চন্দ ও আব্দুস সালাম মুর্শেদীকে দায়ী করেছেন তারা।টাঙ্গাইল : নৌকা প্রতীকের পরাজিত প্রার্থী অধ্যাপক ডা. কামরুল হাসান খান মঙ্গলবার দুপুরে টাঙ্গাইল প্রেসক্লাবে সংবাদ সম্মেলন করেন। লিখিত বক্তব্যে তিনি বলেন, ঈগল প্রতীকের স্বতন্ত্র প্রার্থী আমানুর রহমান খান রানার সন্ত্রাসী বাহিনী নৌকা প্রতীকের কর্মীদের মারধর, বাড়িঘর-দোকানপাট ভাঙচুর, অগ্নিসংযোগ করেছে। নির্বাচনের ফল ঘোষণার পরপরই তার সমর্থকরা গোটা ঘাটাইলে সন্ত্রাসী কর্মকা- চালায়।চাঁপাইনবাবগঞ্জ : সংবাদ সম্মেলন করেন চাঁপাইনবাবগঞ্জ-১ আসনের স্বতন্ত্র প্রার্থী আওয়ামী লীগ নেতা সৈয়দ নজরুল ইসলাম (ট্রাক)। মঙ্গলবার দুপুরে শিবগঞ্জ ডাকবাংলো প্রাঙ্গণে তার নির্বাচন পরিচালনা কমিটির সদস্য সচিব ও উপজেলা আওয়ামী লীগের সাধারণ সম্পাদক আতিকুল ইসলাম টুটুল খান লিখিত বক্তব্যে বলেন, নৌকার প্রার্থী ডা. সামিল উদ্দিন আহম্মেদ শিমুলের লোকজন আমাদের কর্মী-সমর্থকদের বাড়িতে হামলা, ভাঙচুর ও ককটেল নিক্ষেপ করে এলাকায় ত্রাস সৃষ্টি করে চলেছে।এমপিকে শুভেচ্ছা জানাতে গিয়ে লাঞ্ছিত ইউপি চেয়ারম্যানএদিকে আমাদের রাজশাহী ব্যুরো জানায়, রাজশাহী-১ (গোদাগাড়ী-তানোর) আসনের পুনঃনির্বাচিত এমপি ওমর ফারুক চৌধুরীকে শুভেচ্ছা জানাতে গিয়ে পিটুনি খেয়েছেন মাসুদুল গনি নামে এক ইউপি চেয়ারম্যান। সোমবার রাতে এমপির মালিকানাধীন মহানগরীর নিউ মার্কেট এলাকার থিম ওমর প্লাজার নিচতলায় তার রাজনৈতিক কার্যালয়ে এ ঘটনা ঘটে। নিজের ও পরিবারের জানমালের নিরাপত্তা চেয়ে বোয়ালিয়া মডেল থানায় একটি সাধারণ ডায়েরি করেছেন গোদাগাড়ী সদর ইউপি চেয়ারম্যান মাসুদুল গনি। এ আসনে স্বতন্ত্র প্রার্থী আওয়ামী লীগ নেতা গোলাম রাব্বানীর কাঁচি প্রতীকের সমর্থক ছিলেন।",1,1,0,0,False
" ৭ জানুয়ারি অনুষ্ঠিত দ্বাদশ জাতীয় সংসদ নির্বাচনে ৩০০ আসনের মধ্যে শেষ পর্যন্ত ২৯৮টি আসনে ভোটগ্রহণ অনুষ্ঠিত হয়েছে। এসব আসনে মোট ভোটার ছিল ১১ কোটি ৮৯ লাখ ৮৯ হাজার ২৪১ জন। তাদের মধ্যে ৪ কোটি ৯৯ লাখ ৬৫ হাজার ৪৬৭ জন ভোটাধিকার প্রয়োগ করেছেন। ভোটাধিকার প্রয়োগের গড় হার ৪১ দশমিক ৮ শতাংশ। নির্বাচন কমিশন (ইসি) ঘোষিত ফল বিশ্লেষণে দেখা গেছে- শহরের তুলনায় গ্রামে ভোট পড়েছে বেশি।উদাহরণস্বরূপ, বরিশাল-৫নং (সদর) আসনে ভোট পড়েছে ২৯ দশমিক ২ শতাংশ। একই জেলার ১নং (গৌরনদী-আগৈলঝাড়া) আসনে ভোট পড়েছে ৬০ দশমিক ৪৮ শতাংশ। সাতক্ষীরা ২নং (সদরে) আসনে ভোট পড়েছে ৩২ দশমিক ৬১ শতাংশ। একই জেলার ৩ নম্বর আসনে ভোট পড়েছে ৪৬ দশমিক ৮৯ শতাংশ। কুমিল্লা-৬ নং (সদর) আসনে ভোট পড়েছে ৩৯ শতাংশ। একই জেলার ১১নং আসনে ভোট পড়েছে ৫৬ দশমিক ৮১ শতাংশ। কিশোরগঞ্জ-১নং (সদর) আসনে ভোট পড়েছে ৩১ দশমিক ৪১ শতাংশ। একই জেলার ৪নং আসনে ভোট পড়েছে ৫৭ দশমিক ৩৬ শতাংশ। সিলেট ১নং (সদর) আসনে ভোট পড়েছে ১৯ দশমিক ৩০ শতাংশ। একই জেলার ৪নং আসনে ভোট পড়েছে ৪৫ দশমিক ৭০ শতাংশ। রাজশাহী ২নং (সদর) আসনে ভোট পড়েছে ২৬ দশমিক ৫৬ শতাংশ। একই জেলার ৪নং আসনে ভোট পড়েছে ৫৫ শতাংশ। এক্ষেত্রে সবচেয়ে বড় নজির হচ্ছে- ঢাকার ২০টি আসনে ভোট পড়েছে ১৪ দশমিক ৩৩ শতাংশ। গোপালগঞ্জের ৩টি আসনে ভোট পড়েছে গড়ে ৭৭ দশমিক ৩ শতাংশ।এর কারণ বিশ্লেষণ করতে গিয়ে সংশ্লিষ্টরা বলছেন, ভোটের দিন সরকারি ছুটি ঘোষণা করা হয়। এর সঙ্গে আগের দুই দিনের সাপ্তাহিক ছুটি (শুক্র ও শনিবার) যোগ হওয়ায় টানা তিন দিনের ছুটিতে অনেকেই গ্রামের উদ্দেশে শহর ছেড়েছিলেন। এ কারণে শহরে ভোট কম পড়েছে। দ্বিতীয়ত, শহরে বসবাসকারীদের একটি বিরাট অংশই ভাড়াটিয়া। তাদের মধ্যে যারা বাসা বদল করে অন্য এলাকায় চলে যান, তারা পুরনো ঠিকানার ভোটকেন্দ্রে গিয়ে ভোট দেওয়ার আগ্রহ হারিয়ে ফেলেন।উপরন্তু, বিএনপি ও সমমনা দলগুলোর ভোট বর্জনের কর্মসূচি ছিল শহরকেন্দ্রিক। এটিও শহরে কম ভোট পড়ার পরোক্ষ কারণ হতে পারে বলে মনে করছেন সংশ্লিষ্টরা।প্রসঙ্গত, নওগাঁ-২ আসনে একজন প্রার্থীর মৃত্যুর কারণে আগেই ভোট স্থগিত করা হয়। ময়মনসিংহ-৩ আসনে একটি কেন্দ্রের ফলাফল বাতিল হওয়ায় পুরো আসনের ফলই স্থগিত করা হয়েছে।বিভাগীয় শহরের ফলাফল বিশ্লেষণে দেখা গেছে, চট্টগ্রাম জেলার ১৬ আসনে ভোট পড়েছে ৩৯ দশমিক শূন্য ২ শতাংশ। রংপুর জেলার ৬টি আসনে গড়ে ভোট পড়েছে ৩৩ দশমিক ১৬ শতাংশ। খুলনা জেলার ৬টি আসনে ৪৫ দশমিক ৪৫ শতাংশ। বরিশাল জেলার ৬ আসনে ৪১ দশমিক ১০ শতাংশ। ময়মনসিংহ জেলায় ১১ আসনের মধ্যে ১০ আসনে গড়ে ভোট পড়েছে ৩৯ দশমিক ৩৯ শতাংশ। এছাড়া সিলেট জেলার ৬ আসনে ভোট পড়েছে ২৯ দশমিক ৭১ শতাংশ এবং রাজশাহী জেলায় ৬ আসনে ভোট পড়েছে ৩৭ দশমিক ৭২ শতাংশ। এছাড়া পার্বত্য এলাকার ২১টি ভোটকেন্দ্রে একটি ভোটও পড়েনি।ভোটের দিন দুপুর সাড়ে ১২টায় ইসি সচিব মো. জাহাংগীর আলম জানান, সকাল ৮টা থেকে ১২টা পর্যন্ত ১৮ দশমিক ৫০ শতাংশ ভোট পড়েছে। অর্থাৎ প্রথম চার ঘণ্টায় ভোট পড়ে ২ কোটি ২০ লাখ ১৩ হাজার ৯টি। সেদিনই বেলা সাড়ে ৩টায় ইসি সচিব জানান, বিকাল ৩টা পর্যন্ত ২৭ দশমিক ১৫ শতাংশ ভোট পড়েছে। হিসাব অনুযায়ী, তখন ভোট পড়ে ৩ কোটি ২৩ লাখ ৫ হাজার ৫৭৮টি। ভোটানুষ্ঠান শেষে ইসি জানায়, মোট ভোট পড়েছে ৪১ দশমিক ৮০ শতাংশ। ভোটের হিসাবে ৪ কোটি ৯৯ লাখ ৬৫ হাজার ৪৬৭টি। দেখা যায়, শেষ ঘণ্টায় ১৪ দশমিক ৮৪ শতাংশ ভোট পড়েছে। অর্থাৎ ১ কোটি ৭৬ লাখ ৫৯ হাজার ৮৮৮ জন ভোটার শেষ ঘণ্টায় ভোটাধিকার প্রয়োগ করেছেন।শেষ ঘণ্টায় ভোটের এ উচ্চহারের বিষয়ে জানতে চাইলে সিইসি বলেন, বিকাল ৩টা নয়, সেটা ছিল ২টা পর্যন্ত প্রাপ্ত তথ্য। ইসি সচিব তিনটার রেজাল্ট জানিয়েছেন, এমন দৃষ্টি আকর্ষণ করলে তিনি বলেন, ৯৮ সংসদীয় আসনের একজন, দুইজন, তিনজন, চারজন এভাবে সবার ভোট যোগ করে এক্সেলে ফেলে দিয়ে পার্সেন্টেজটা নিজেরাই দেখে নিন।তিনি আরও বলেন, যখন আমি ২টার সময়ে বলি তখন কোনোভাবেই এটা পুরোপুরি সঠিক হওয়ার কথা নয়। যখন চারটার সময়ে বলি এটা কোনোভাবেই সঠিক হওয়ার কথা নয়। সব চলে আসার পর যখন রাত ১০টায় বলি, তখন সঠিকটা বলা যাবে।জানা গেছে, নির্বাচনে অংশগ্রহণকারী ১ হাজার ৯৬৯ প্রার্থীর মধ্যে প্রায় দেড় হাজার প্রার্থী জামানত হারিয়েছেন। গণপ্রতিনিধিত্ব আদেশ অনুযায়ী, প্রদত্ত যে পরিমাণ ভোট পড়েছে, তার আট ভাগের এক ভাগ ভোটের চেয়ে কম ভোট পেলে সেই প্রার্থী জামানত হারান।",1,1,0,1,False
" নাগরিক ঐক্যের সভাপতি মাহমুদুর রহমান মান্না বলেছেন, আমরা আন্দোলনে আছি। ২৮ অক্টোবর সরকারের সেই (মহাসমাবেশ) বর্বর আক্রমণের পর থেকে ধারাবাহিকভাবে কর্মসূচি আমরা পালন করেছি। এখন পর্যন্ত আমরা যে ধারায় আন্দোলন করছি, তাতে আমরা বিজয় অর্জন করেছি।গতকাল মঙ্গলবার দুপুরে ঢাকা রিপোর্টার্স ইউনিটি কার্যালয়ে এক সংবাদ সম্মেলনে তিনি এসব কথা বলেন।মাহমুদুর রহমান মান্না আরও বলেন, আমরা লাগাতারভাবে এই আন্দোলন চালিয়ে যাব। একটি কমন দাবি নিয়ে আমরা যুগপৎ আন্দোলনে আছি। আমরা যুগপৎ আন্দোলন চালিয়ে যেতে চাই। সেটিকে পারলে আরও সম্প্রসারিত করব।বাংলাদেশের বিপ্লবী ওয়ার্কার্স পার্টির সাইফুল হক বলেন, ভারত, রাশিয়া ও চীন যে প্রতিক্রিয়া দিয়েছে, বাংলাদেশে জিও পলিটিক্যাল ইন্টারেস্ট বিবেচনায় প্রধানমন্ত্রী শেখ হাসিনার সরকারের প্রতি তাদের যে সমর্থন, সেই বিবেচনায় তাদের এই প্রতিক্রিয়া যুক্ত হয়েছে। আমরা ভেবেছিলাম, ভারত ২০১৪ বা ২০১৮ সালের মতো একটা ফ্যাসিস্ট সরকারের সহযোগী হবে না। এ দেশের মানুষের গণতন্ত্রের আকাক্সক্ষা, তাদের অধিকার এবং বিশ্বাসযোগ্য নির্বাচন তার পক্ষে ভারতসহ আমাদের যে আন্তর্জাতিক শরিক তারা অবস্থান গ্রহণ করবে। দুঃখজনক হলো সেই অবস্থান তারা গ্রহণ করতে পারেনি।",1,1,0,1,False
" নতুন সরকারের মূল চ্যালেঞ্জ হবে অর্থনীতি ঠিক রাখা। এ জন্য অর্থনীতির সম্ভাবনাময় খাতগুলো উন্মোচন করাসহ রাজস্ব সংগ্রহে সবচেয়ে বেশি জোর দিতে হবে। গতকাল সচিবালয়ে নিজ দপ্তরে সাংবাদিকদের সঙ্গে নির্বাচনপরবর্তী শুভেচ্ছা বিনিময়ের সময় অর্থমন্ত্রী আ হ ম মুস্তফা কামাল এসব কথা বলেন।বাংলাদেশের অর্থনীতিতে নিষেধাজ্ঞা প্রসঙ্গে তিনি বলেন, বাংলাদেশ কোনো অন্যায় করেনি। ফলে বাংলাদেশের ওপর কোনো ধরনের নিষেধাজ্ঞা আরোপের কারণও নেই। সে রকম কেউ কিছু করলে সেটি হবে জোর করে করা। কেউ জোর করে করলে করতেই পারে। বাংলাদেশও সে রকম করতে পারে।অর্থমন্ত্রী বলেন, দেশের অর্থনীতি এগিয়ে নেওয়ার অনেক এলাকা আছে, যা এখনো পূর্ণ মাত্রায় উন্মোচন করা হয়নি। রিজার্ভ ভালো অবস্থানে রয়েছে। এ বছর সবসময় রিজার্ভ ৩০ বিলিয়ন ডলার রাখব। দেশের বার্ষিক বৈদেশিক ঋণ বৈদেশিক রেমিট্যান্সের সমান নয়। ফলে এটা নিয়ে চিন্তার কিছু নেই। তিনি বলেন, ব্যাংক খাত অনেক ভালো আছে। দু-একটি বিচ্ছিন্ন ঘটনা ঘটেছে, যেগুলো আগামীতে দেখা হবে। খেলাপি ঋণ এখন কম। মূল্যস্ফীতি না হলে অর্থনীতি এগোবে না। যারা অর্থনীতি নিয়ে গভীরভাবে ভাবে না, তারাই মূল্যস্ফীতি নিয়ে কথা বলেন। কিন্তু মূল্যস্ফীতি অসহনীয় পর্যায়ে চলে গেছে- এমন প্রশ্নে তিনি বলেন, গত ১৫ বছরের মধ্যে ৮-১০ বছর ৬ শতাংশের নিচে ছিল। এর থেকে ভালো অবস্থা হতে পারে না।",1,1,0,1,False
" দ্বাদশ সংসদ নির্বাচনে যশোর-৬ (কেশবপুর) আসনে নির্বাচিত স্বতন্ত্র প্রার্থী খন্দকার আজিজুল ইসলাম আজিজ (২৮) ৩শ আসনের মধ্যে সর্বকনিষ্ঠ বলে জানা গেছে। নৌকার হ্যাভিওয়েট প্রার্থী জেলা আওয়ামী লীগের সাধারণ সম্পাদক শাহিন চাকলাদারকে হারিয়ে তিনি নির্বাচিত হন। সাবেক জনপ্রশাসন প্রতিমন্ত্রী ইসমাত আরা সাদেকের মৃত্যুতে আসনটি শূন্য হলে শাহিন চাকলাদার ২০১৭ সালে উপনির্বাচনে এমপি হন। এরপর তার হুমকিতে আড়াই বছর কেশবপুর ছেড়ে থাকতে বাধ্য হন আজিজ। এবার শাহিনের হুমকি-ধমকিকে উপেক্ষা করে নীরব ভোট বিপ্লবের মাধ্যমে এমপি নির্বাচিত হন তিনি।কেশবপুর পৌরসভার ৮নং ওয়ার্ডের ব্রহ্মকাটি গ্রামের মৃত খন্দকার রফিকুজ্জামান ও ফরিদা বেগমের ৪ ছেলে ও ৫ মেয়ের মধ্যে আজিজ ছোট ছেলে। ছাত্রজীবন থেকে তিনি আওয়ামী লীগের রাজনীতির সঙ্গে সক্রিয় ছিলেন। আজিজ বলেন, আমি সব ভেদাভেদ ভুলে সবাইকে নিয়ে উন্নয়নের ধারা অব্যাহত রাখতে চাই।",1,1,0,1,False
" দ্বাদশ জাতীয় সংসদ নির্বাচনের পর বিদেশি কূটনীতিক, পর্যবেক্ষক এবং গণমাধ্যমকর্মীদের সঙ্গে প্রথমবারের মতো সাক্ষাৎ ও কুশল বিনিময় করেছেন পররাষ্ট্রমন্ত্রী ড. একে আবদুল মোমেন। গতকাল মঙ্গলবার বিকালে রাজধানীর ফরেন সার্ভিস একাডেমিতে তিনি সবার উদ্দেশে নির্বাচন নিয়ে ব্রিফ করেন। পরে পররাষ্ট্রমন্ত্রী জানান, নির্বাচন নিয়ে যুক্তরাষ্ট্র ও যুক্তরাজ্যের দেওয়া বিবৃতির বিষয়ে চিন্তা করছে না সরকার।বিদেশি কূটনীতিকদের সঙ্গে বৈঠকের বিষয়ে পররাষ্ট্রমন্ত্রী মোমেন বলেন, আজকের এই অনুষ্ঠানটা হচ্ছে জাস্ট মিটিংয়ে বসা। অনেকের সঙ্গে সাক্ষাৎ। আর দেশে কী হচ্ছে না হচ্ছে- এটা আপনারা (সাংবাদিকরা) ভালো জানেন।দ্বাদশ জাতীয় সংসদ নির্বাচন নিয়ে পররাষ্ট্রমন্ত্রী বলেন, আমরা খুশি যে, একটা অবাধ, সুষ্ঠু, গ্রহণযোগ্য ও সংঘাতহীন নির্বাচন করেছি। জনগণ রায় দিয়েছে, দ্যাটস এনাফ। আমাদের আর কিছু দরকার নেই।যুক্তরাষ্ট্র ও যুক্তরাজ্য বলেছে গ্রহণযোগ্য নির্বাচন... এক সাংবাদিকের এমন প্রশ্ন শেষ হওয়ার আগেই মোমেন বলেন, ওগুলো নিয়ে আমাদের চিন্তা নেই, আমাদের জনগণ রায় দিয়েছে এবং অন্যান্য দেশ আমাদের সপক্ষেই এসেছে। সবাই বলেছে, দেশে ফ্রি, ফেয়ার, ট্রান্সপারেন্ট ও নন ভায়োলেন্ট ইলেকশন হয়েছে। ইলেকশন কমিশনকে সবাই ধন্যবাদও দিয়েছে। দ্যাটস ইট, অ্যান্ড উই আর ভেরি হ্যাপি উইথ ইট।উল্লেখ্য, মার্কিন পররাষ্ট্র দপ্তর এক বিবৃতিতে বাংলাদেশের দ্বাদশ জাতীয় সংসদ নির্বাচন অবাধ বা সুষ্ঠু হয়নি উল্লেখ করে নির্বাচনে সব দল অংশগ্রহণ না করায় হতাশা প্রকাশ করেছে। অন্যদিকে, যুক্তরাজ্য এক বিবৃতিতে জানিয়েছে, নির্বাচনে সব দল অংশ নেয়নি, সে কারণে বাংলাদেশের মানুষের ভোট দেওয়ার যথেষ্ট বিকল্প ছিল না।এদিকে, বাংলাদেশের দ্বাদশ সংসদ নির্বাচন নিয়ে প্রতিক্রিয়া জানিয়ে নিজেদের অবস্থান তুলে ধরেন জার্মানির রাষ্ট্রদূত আখিম ট্র্যোস্টার, চীনা রাষ্ট্রদূত ইয়াও ওয়েন ও ইউরোপীয় ইউনিয়নের (ইইউ) রাষ্ট্রদূত চার্লস হোয়াইটলি। সাক্ষাৎ ও কুশল বিনিময় অনুষ্ঠানের ফাঁকে নির্বাচন নিয়ে সাংবাদিকদের প্রশ্নের জবাবে নিজেদের অবস্থান তুলে ধরেন এ তিন রাষ্ট্রদূত।জার্মানির রাষ্ট্রদূত বলেন, নির্বাচন শান্তিপূর্ণ হয়েছে বলে আমরা খুশি। বিশ্বস্ত অংশীদার হিসেবে নতুন বছরে বাংলাদেশের জনগণের পাশে থাকবে জার্মানি। বাংলাদেশের সঙ্গে আগামী দিনের উন্নয়ন সহযোগিতা আরও বাড়বে বলে প্রত্যাশা করছি। চীনের রাষ্ট্রদূত বলেন, চ্যালেঞ্জ সত্ত্বেও বাংলাদেশ সরকার নির্বাচন করতে পেরেছে বলে আমরা অভিনন্দন জানাই। এটা গণতন্ত্র ও জনগণের বিজয়। চীন বাংলাদেশের বিশ্বস্ত অংশীদার হিসেবে পাশে থাকবে।অন্যদিকে, ইইউ রাষ্ট্রদূত বলেন, এখনই নির্বাচন নিয়ে কোনো মন্তব্য করতে চাই না। এ বিষয়ে সপ্তাহখানেকের মধ্যে ইউরোপীয় ইউনিয়ন থেকে একটি বিবৃতি ইস্যু করা হবে।সাক্ষাৎ ও কুশল বিনিময় অনুষ্ঠানে বাংলাদেশে নিযুক্ত মার্কিন রাষ্ট্রদূত পিটার হাস, ব্রিটিশ হাইকমিশনার সারাহ কুকসহ প্রায় ৫০ দেশের রাষ্ট্রদূত বা হাইকমিশনার উপস্থিত ছিলেন।",1,1,0,1,False
" বাংলাদেশের নতুন সরকারের রাজনৈতিক এজেন্ডা বাস্তবায়নে আইন অনুযায়ী চীন সমর্থন দেবে। দেশটির পররাষ্ট্র মন্ত্রণালয়ের মুখপাত্র মাও নিং বেইজিংয়ে এক ব্রিফিংয়ে এ কথা জানান। গতকাল ঢাকাস্থ চীনা দূতাবাস নিজেদের ওয়েবসাইটে মাওয়ের বাংলাদেশ ইস্যুতে বিভিন্ন প্রশ্ন ও উত্তর প্রকাশ করেছে। সেখানে বলা হয়, পরিকল্পনা অনুযায়ী দ্বাদশ সংসদ নির্বাচন সফলভাবে অনুষ্ঠিত হওয়ায় চীন বাংলাদেশকে এবং নির্বাচনে জয়ী হওয়ায় আওয়ামী লীগকে অভিনন্দন জানিয়েছে। বাংলাদেশের বন্ধু ও ঘনিষ্ঠ প্রতিবেশী হিসেবে চীন বাংলাদেশের আইন অনুযায়ী রাজনৈতিক এজেন্ডা বাস্তবায়নে দৃঢ়ভাবে সমর্থন দেবে। উন্নত মানের বেল্ট অ্যান্ড রোড ইনিশিয়েটিভকে আরও এগিয়ে নিতে নতুন সরকারের সঙ্গে কাজ করতে প্রস্তুত।",1,1,0,1,False
" নতুন মন্ত্রিসভায় কারা থাকছেন আর কারা বাদ পড়ছেন, তা নিয়ে জল্পনা-কল্পনা শুরু হয়ে গেছে। ইতোমধ্যে অনেককে ‘নিশ্চিত মন্ত্রী’ ধরে সামাজিক যোগাযোগ মাধ্যমে অভিনন্দনও জানানো হচ্ছে। তবে আওয়ামী লীগের নীতিনির্ধারণী পর্যায়ের নেতারা বলছেন, নতুন মন্ত্রিসভায় কারা জায়গা পাবেন, সেটা শুধু দলের সভাপতি ও সরকারপ্রধান শেখ হাসিনাই জানেন। নীতিনির্ধারণী পর্যায়ের একাধিক নেতা শুধু এতটুকু নিশ্চিত করেছেন যে, নতুন মন্ত্রিসভায় একঝাঁক নতুন মুখ আসতে যাচ্ছে। আর আওয়ামী লীগ সভাপতি শেখ হাসিনা যে পঞ্চমবারের মতো প্রধানমন্ত্রী হতে যাচ্ছেন, এ নিয়েও কোনো সংশয় নেই।সূত্র জানায়, আওয়ামী লীগ সভাপতি ও প্রধানমন্ত্রী শেখ হাসিনা মন্ত্রিপরিষদ সচিব মহোদয়কে একাধিকবার ডেকে নিয়ে বৈঠক করেছেন। অনেকে অনুমান করছেন, নতুন মন্ত্রিসভাসংক্রান্ত বিষয় নিয়ে তিনি কথা বলেছেন। ইতোমধ্যে সদস্যদের নামও চূড়ান্ত হয়ে গেছে। কোনো কোনো এমপিকে ডেকে নিয়ে মন্ত্রিসভায় নেওয়ার বিষয়ও জানিয়ে দিয়েছেন শেখ হাসিনা।নতুন মন্ত্রিসভার বিষয়ে গতকাল সাংবাদিকরা মন্ত্রিপরিষদ সচিব মো. মাহবুব হোসেনকে প্রশ্ন করেন। তিনি বলেন, ‘বুধবার (আজ) নির্বাচিত সংসদ সদস্যরা শপথ নেবেন। সেই হিসেবে আমরা প্রস্তুতি নিচ্ছি। আর ১১ জানুয়ারি বৃহস্পতিবার সন্ধ্যা ৭টায় মন্ত্রিসভার শপথগ্রহণ অনুষ্ঠান আয়োজনের প্রস্তুতি নিচ্ছি আমরা।’মন্ত্রিপরিষদ সচিব জানান, ‘ঐতিহ্যগতভাবে শপথ অনুষ্ঠান বঙ্গভবনে হয়; এ বছরও তাই হবে।’ নতুন মন্ত্রিসভার শপথ অনুষ্ঠানে ১৩০০ থেকে ১৪০০ জনকে দাওয়াত দেওয়া হচ্ছে বলেও জানান মন্ত্রিপরিষদ সচিব।বঙ্গভবনে রাষ্ট্রপতি প্রথমে প্রধানমন্ত্রীকে শপথ বাক্য পাঠ করাবেন। এরপর মন্ত্রী, প্রতিমন্ত্রী ও উপমন্ত্রীদের শপথ বাক্য পাঠ করাবেন। শপথের পর মন্ত্রিপরিষদ বিভাগ থেকে দপ্তর বণ্টন করে প্রজ্ঞাপন জারি করা হবে। নতুন মন্ত্রিসভা শপথ নিলে তারাই হবে দেশের নতুন সরকার। শপথ নেওয়া পর্যন্ত আগের মন্ত্রিসভা বহাল থাকবে।মন্ত্রিসভা গঠন প্রসঙ্গে সংবিধানের ৫৬ অনুচ্ছেদে বলা হয়েছে, মন্ত্রিসভায় একজন প্রধানমন্ত্রী থাকবেন, যিনি সংসদ সদস্য, সংসদের সংখ্যাগরিষ্ঠ সদস্যের আস্থাভাজন বলে রাষ্ট্রপতির কাছে প্রতীয়মান হবেন, রাষ্ট্রপতি তাকে প্রধানমন্ত্রী নিয়োগ দেবেন। প্রধানমন্ত্রী যেভাবে নির্ধারণ করবেন, সেভাবে অন্যান্য মন্ত্রী, প্রতিমন্ত্রী ও উপমন্ত্রী থাকবেন। প্রধানমন্ত্রী, অন্যান্য মন্ত্রী, প্রতিমন্ত্রী ও উপমন্ত্রীকে রাষ্ট্রপতি নিয়োগ দিয়ে থাকেন।এদিকে নতুন মন্ত্রিসভার সদস্য হিসেবে যেসব নাম ভেসে বেড়াচ্ছে এর মধ্যে রয়েছেন- ১৪ দলের অন্যতম সমন্বয়ক আমির হোসেন আমু, সভাপতিমণ্ডলীর সদস্য জাহাঙ্গীর কবির নানক, যুগ্ম সাধারণ সম্পাদক আ ফ ম বাহাউদ্দিন নাছিম, বিজ্ঞান ও প্রযুক্তিবিষয়ক সম্পাদক ইঞ্জিনিয়ার আবদুস সবুর, দলের কেন্দ্রীয় কমিটির সদস্য মোহাম্মদ এ আরাফাত এবং দলের যুব ও ক্রীড়া বিষয়ক সম্পাদক মাশরাফি বিন মোর্ত্তজা। নতুন মন্ত্রিসভার সদস্য হিসেবে প্রধানমন্ত্রীর কার্যালয়ের সাবেক এসডিজি বিষয়ক মুখ্য সমন্বয়ক আবুল কালাম আজাদ, পিএসসির সাবেক চেয়ারম্যান ড. মোহাম্মদ সাদিক ও সাবেক সিনিয়র সচিব সাজ্জাদুল হাসানের নামও শোনা যাচ্ছে।আওয়ামী লীগের সাধারণ সম্পাদক ওবায়দুল কাদের, পরিকল্পনামন্ত্রী এমএ মান্নান, স্বরাষ্ট্রমন্ত্রী আসাদুজ্জামান খাঁন কামাল, আইনমন্ত্রী আনিসুল হক, যুগ্ম সাধারণ সম্পাদক ও তথ্যমন্ত্রী ড. হাছান মাহমুদ, শিক্ষামন্ত্রী ডা. দীপু মনি, পরিকল্পনা প্রতিমন্ত্রী শামসুল আলম, বিদ্যুৎ, জ্বালানি ও খনিজ সম্পদ প্রতিমন্ত্রী নসরুল হামিদ, নৌপরিবহন প্রতিমন্ত্রী খালিদ মাহমুদ চৌধুরী, জনপ্রশাসন প্রতিমন্ত্রী ফরহাদ হোসেন, শিক্ষা উপমন্ত্রী মহিবুল হাসান চৌধুরী নওফেল এবং পানিসম্পদ উপমন্ত্রী একেএম এনামুল হক শামীম নতুন মন্ত্রিসভায় যুক্ত হতে পারেন। অন্যদিকে বিভিন্ন সময়ে নানা ইস্যুতে বিতর্কিত কর্মকাণ্ড করে এবং বক্তব্য দিয়ে যারা দলকে বিব্রত অবস্থায় ফেলেছেন, তারা মন্ত্রিসভা থেকে বাদ পড়তে পারেন। সে সংখ্যাটিও একেবারে কম নয় বলে জানা গেছে।গতকাল বিকালে দ্বাদশ জাতীয় সংসদে নির্বাচিতদের ফল গেজেট আকারে প্রকাশ করেছে নির্বাচন কমিশন। নির্বাচন কমিশনের পরিচালক (জনসংযোগ) মো. শরিফুল ইসলাম গণমাধ্যমের কাছে এ তথ্য নিশ্চিত করেছেন।গেজেট প্রকাশ নিয়ে ইসি আলমগীর বলেন, ৩০০ সংসদীয় আসনের মধ্যে নওগাঁ-২ আসনের প্রার্থী মৃত্যুবরণ করায় নির্বাচন বাতিল করা হয়েছে। ওই আসনে ১৩ ফেব্রুয়ারি নির্বাচন হবে। আর ময়মনসিংহের একটি কেন্দ্রে ফলাফল স্থগিত রাখা হয়েছে। সেই নির্বাচনও হবে ১৩ জানুয়ারি।",1,1,0,1,False
" নাগরিক ঐক্যের সভাপতি মাহমুদুর রহমান মান্না বলেছেন, আমরা আন্দোলনে আছি। ২৮ অক্টোবর সরকারের সেই (মহাসমাবেশ) বর্বর আক্রমণের পর থেকে ধারাবাহিকভাবে কর্মসূচি আমরা পালন করেছি। এখন পর্যন্ত আমরা যে ধারায় আন্দোলন করছি, তাতে আমরা বিজয় অর্জন করেছি।গতকাল মঙ্গলবার দুপুরে ঢাকা রিপোর্টার্স ইউনিটি কার্যালয়ে এক সংবাদ সম্মেলনে তিনি এসব কথা বলেন।মাহমুদুর রহমান মান্না আরও বলেন, আমরা লাগাতারভাবে এই আন্দোলন চালিয়ে যাব। একটি কমন দাবি নিয়ে আমরা যুগপৎ আন্দোলনে আছি। আমরা যুগপৎ আন্দোলন চালিয়ে যেতে চাই। সেটিকে পারলে আরও সম্প্রসারিত করব।বাংলাদেশের বিপ্লবী ওয়ার্কার্স পার্টির সাইফুল হক বলেন, ভারত, রাশিয়া ও চীন যে প্রতিক্রিয়া দিয়েছে, বাংলাদেশে জিও পলিটিক্যাল ইন্টারেস্ট বিবেচনায় প্রধানমন্ত্রী শেখ হাসিনার সরকারের প্রতি তাদের যে সমর্থন, সেই বিবেচনায় তাদের এই প্রতিক্রিয়া যুক্ত হয়েছে। আমরা ভেবেছিলাম, ভারত ২০১৪ বা ২০১৮ সালের মতো একটা ফ্যাসিস্ট সরকারের সহযোগী হবে না। এ দেশের মানুষের গণতন্ত্রের আকাক্সক্ষা, তাদের অধিকার এবং বিশ্বাসযোগ্য নির্বাচন তার পক্ষে ভারতসহ আমাদের যে আন্তর্জাতিক শরিক তারা অবস্থান গ্রহণ করবে। দুঃখজনক হলো সেই অবস্থান তারা গ্রহণ করতে পারেনি।",1,1,0,1,False
" দ্বাদশ জাতীয় সংসদ নির্বাচনে হবিগঞ্জের চারটি আসনের তিনটিতে এক প্রতিমন্ত্রী, এক এমপি ও এক হেভিওয়েট নেতাকে হারিয়ে এবার এমপি নির্বাচিত হয়েছেন তিন তরুণ। তারা হলেন- হবিগঞ্জ-১ (বাহুবল-নবীগঞ্জ) আসনে আমাতুল কিবরিয়া কেয়া চৌধুরী, হবিগঞ্জ-৪ (চুনারুঘাট-মাধবপুর) আসনে ব্যারিস্টার সৈয়দ সায়েদুল হক সুমন এবং হবিগঞ্জ-২ (বানিয়াচং-আজমিরীগঞ্জ) আসনে ময়েজ উদ্দিন শরীফ। নির্বাচনের ফলাফল প্রকাশের পর তারা ঘুরেফিরে আসছেন ভোটের আলোচনায়। ব্যারিস্টার সৈয়দ সায়েদুল হক সুমন। তার মূল পরিচয় ফেসবুক সেলিব্রেটি হিসেবে। যুবলীগের কেন্দ্রীয় কমিটির আইনবিষয়ক সম্পাদকের পদ থেকে অব্যাহতি পাওয়ার পর অনেকেই ভেবেছিলেন সুমন রাজনীতি থেকে ছিটকে পড়বেন, ক্যারিয়ার ধ্বংস হয়ে গেছে। কিন্তু সামাজিক যোগাযোগমাধ্যমের কল্যাণে নিজেকে তিনি সক্রিয় রেখেছেন। সর্বশেষ সংসদ নির্বাচেন ক্ষমতাসীন দলের প্রার্থী একজন প্রতিমন্ত্রীকে বড় ব্যবধানে পরাজিত করে নির্বাচিত হয়েছেন। ব্যারিস্টার সৈয়দ সায়েদুল হক সুমন ছিলেন স্বতন্ত্র প্রার্থী। তিনি ঈগল প্রতীকে ১ লাখ ৬৯ হাজার ৯৯ ভোট পেয়েছেন। তার নিকটতম প্রতিদ্বন্দ্বী বেসামরিক বিমান পরিবহন ও পর্যটন প্রতিমন্ত্রী মো. মাহবুব আলী। তিনি নৌকা প্রতীকে পেয়েছেন ৬৯ হাজার ৫শ ৪৩ ভোট।ব্যারিস্টার সুমন আওয়ামী লীগের একজন সাধারণ কর্মী। স্থানীয় আওয়ামী লীগের নির্বাহী কমিটিতে তার নাম নেই। কিন্তু বিভিন্ন সামাজিক কর্মকাণ্ডের মাধ্যমে জনপ্রিয় হয়ে ওঠেন তিনি। দীর্ঘদিন উন্নয়নবঞ্চিত এলাকাবাসী এবার নির্বাচনে নতুন মুখ হিসেবে তাকে বেছে নিয়েছে।আমাতুল কিবরিয়া কেয়া চৌধুরীও জেলা আওয়ামী লীগ কিংবা উপজেলা আওয়ামী লীগের কোনো পদে নেই। তার বাবা মুক্তিযুদ্ধের সংগঠক প্রয়াত মানিক চৌধুরী ওরফে কমান্ড্যান্ট মানিক চৌধুরী। কেয়া চৌধুরী ২০০৭ সালে চেতনা ৭১ নামে একটি সংগঠন করে রাজনীতিতে সক্রিয় হন। হবিগঞ্জের বীরাঙ্গনাদের মুক্তিযোদ্ধার স্বীকৃতি আদায়ে ভূমিকা রাখেন। তাদের আর্থিক, সামাজিক ও স্বাস্থ্যসেবার উন্নয়নেও কাজ করেন। মুক্তিযুদ্ধে অবদানের স্বীকৃতিস্বরূপ মানিক চৌধুরী সর্বোচ্চ রাষ্ট্রীয় সম্মান মরণোত্তর স্বাধীনতা পুরস্কারে ভূষিত হন। কেয়ার নানা সামাজিক ও উন্নয়ন কর্মকা-ে খুশি হয়ে ২০১৪ সালে তাকে জাতীয় সংসদের সংরক্ষিত এমপি নির্বাচন করা হয়। এই পদে আসার পরও তিনি নির্বাচনী এলাকায় বিভিন্ন উন্নয়ন কর্মকাণ্ডে ভূমিকা রাখেন। দ্বাদশ সংসদ নির্বাচনে হবিগঞ্জ-১ আসনে আওয়ামী লীগের মনোনয়ন চান কেয়া চৌধুরী। না পেয়ে স্বতন্ত্র প্রার্থী হন। নির্বাচনে ৭৫ হাজার ৫২ ভোট পেয়ে নির্বাচিত হন। তার নিকটতম প্রতিদ্বন্দ্বী জাতীয় পার্টির মোহম্মদ আব্দুল মুনিম চৌধুরী পেয়েছেন ৩০ হাজার ৭০৩ ভোট। কেয়া এ আসনে এবার সরাসরি ভোটে নির্বাচিত নতুন মুখ।এদিকে হবিগঞ্জ-২ (বানিয়াচং-আজমিরীগঞ্জ) আসনের সাবেক এমপি শরীফ উদ্দিনের পুত্র ময়েজ উদ্দিন শরীফ। পিতার সুনামকে কাজে লাগিয়ে তিনি এবার এমপি নির্বাচিত হয়েছেন। ৭ জানুয়ারির নির্বাচনে তিনি পেয়েছেন ৯৯ হাজার ৯৪৩ ভোট। তার নিকটতম প্রতিদ্বন্দ্বী বর্তমান সংসদ সদস্য আব্দুল মজিদ খান পেয়েছেন ৪৯ হাজার ৬০৬ ভোট। দ্বাদশ জাতীয় সংসদে ময়েজও একজন তরুণ ও নতুন মুখ।",1,1,0,1,False
" শপথ নিতে জাতীয় সংসদ ভবনে প্রবেশ করছেন নবনির্বাচিত সংসদ সদস্যরা। যোগ দিয়েছেন জাতীয় পার্টির সংসদ সদস্যরাও। কিছুক্ষণ পর শপথ নেবেন দ্বাদশ জাতীয় সংসদ নির্বাচনে নির্বাচিত এমপিরা।আজ বুধবার সকাল ১০টায় জাতীয় সংসদ ভবনের শপথ কক্ষে শপথগ্রহণ অনুষ্ঠিত হবে।শপথ বাক্য পাঠ করাবেন চলতি একাদশ জাতীয় সংসদের স্পিকার ড. শিরীন শারমিন চৌধুরী। এজন্য সব প্রস্তুতি শেষ করেছে সংসদ কর্তৃপক্ষ।নিয়মানুযায়ী গেজেট প্রকাশের তিন দিনের মধ্যে সংসদ সদস্য হিসেবে শপথ গ্রহণ করতে হয়। শপথগ্রহণের পরই নবনির্বাচিত সংসদ সদস্যরা কার্যভার গ্রহণ করবেন।গত ৭ জানুয়ারি অনুষ্ঠিত হয় দ্বাদশ জাতীয় সংসদ নির্বাচনের ভোটগ্রহণ। ২৯৮ আসনের ফলাফলে, বেসরকারিভাবে নির্বাচিত হয়েছেন বাংলাদেশ আওয়ামী লীগের ২২২ জন, জাতীয় পার্টির ১১ জন, স্বতন্ত্র ৬২ জন, জাসদের ১, কল্যাণ পার্টির ১ ও ওয়ার্কার্স পার্টির ১ জন।",1,1,0,1,False
" আনুষ্ঠানিকভাবে বাংলাদেশ আওয়ামী লীগে যোগ দিলেন সাবেক মন্ত্রিপরিষদ সচিব কবির বিন আনোয়ার। আজ বুধবার প্রধানমন্ত্রীর উপ-প্রেস সচিব শাখাওয়াত মুন বিষয়টি নিশ্চিত করেছেন।তিনি জানান, প্রধানমন্ত্রীর সরকারি বাসভবন গণভবনে আজ সকালে শেখ হাসিনাকে ফুলের তোড়া দিয়ে আওয়ামী লীগে যোগ দেন কবির বিন আনোয়ার। এ সময় প্রধানমন্ত্রী দলের প্রাথমিক সদস্য পদের ফরম তার হাতে তুলে দেন। বঙ্গবন্ধুর ছোট মেয়ে শেখ রেহানাও সেখানে উপস্থিত ছিলেন। এর আগে সদ্যঃসমাপ্ত জাতীয় নির্বাচনে আওয়ামী লীগের নির্বাচনী কাজে সম্পৃক্ত হয়েছিলেন কবির বিন আনোয়ার। আওয়ামী লীগ সভাপতি শেখ হাসিনা তাকে দলের নির্বাচন পরিচালনা কমিটির কাজ তত্ত্বাবধানের দায়িত্ব দিয়েছিলেন বলে জানা গেছে।কবির বিন আনোয়ার দীর্ঘদিন সরকারের বিভিন্ন গুরুত্বপূর্ণ পদে ছিলেন।এলপিআর (লিভ প্রিপারেশন ফর রিটায়ারমেন্ট বা অবসর প্রস্তুতিমূলক ছুটি) এর মেয়াদ শেষে বাংলাদেশ আওয়ামী লীগে যোগ দিলেন তিনি।সিরাজগঞ্জের সন্তান কবির বিন আনোয়ার ১৯৮৫ ব্যাচে বিসিএস প্রশাসন ক্যাডারে যোগদান করেন। তিনি কর্মজীবনে তিনবার জনপ্রশাসন পদক ও দুবার বঙ্গবন্ধু ডিজিটাল অ্যাওয়ার্ড অর্জন করেন। ছাত্রজীবনে তিনি ঢাকা বিশ্ববিদ্যালয়ের ফজলুল হক হলের ছাত্রলীগ থেকে নির্বাচিত সভাপতি ছিলেন। তার মা ও বাবা দুজনই মুক্তিযোদ্ধা।কবির বিন আনোয়ার একজন অবসরপ্রাপ্ত বাংলাদেশি সরকারি কর্মকর্তা, যিনি ২৩তম মন্ত্রিপরিষদ সচিব হিসেবে দায়িত্ব পালন করেছেন। এর আগে তিনি পানি সম্পদ মন্ত্রণালয়ের সিনিয়র সচিব হিসেবে দায়িত্ব পালন করেন। কবির বিন আনোয়ার সেন্টার ফর এনভায়রনমেন্টাল অ্যান্ড জিওগ্রাফিক ইনফরমেশন সার্ভিসেস-এর পরিচালনা পর্ষদের চেয়ারপারসন। তিনি বাংলাদেশ অ্যাডমিনিস্ট্রেটিভ সার্ভিস অ্যাসোসিয়েশনের সভাপতি ছিলেন। তিনি মন্ত্রিপরিষদ সচিব হিসেবে মাত্র ১৯ দিন দায়িত্ব পালন করেন।",1,1,0,1,False
" দ্বাদশ জাতীয় সংসদ নির্বাচনে আওয়ামী লীগ থেকে নির্বাচিত সংসদ সদস্যরা শপথ নিয়েছেন। আজ বুধবার সকাল ১০টায় জাতীয় সংসদ ভবনের শপথকক্ষে নবনির্বাচিত সংসদ সদস্যদের শপথবাক্য পাঠ করান একাদশ জাতীয় সংসদের স্পিকার শিরীন শারমিন চৌধুরী।দ্বাদশ জাতীয় সংসদ নির্বাচনে রংপুর–৬ আসন থেকে সংসদ সদস্য নির্বাচিত হন বিদায়ী স্পিকার শিরীন শারমিন চৌধুরী। প্রথমে তিনি নিজেই সংসদ সদস্য হিসেবে নিজের শপথ নেন। এরপর আওয়ামী লীগ সভাপতি ও প্রধানমন্ত্রী শেখ হাসিনাসহ দলটি থেকে নির্বাচিত সংসদ সদস্যদের শপথবাক্য পাঠ করান স্পিকার। পরে সবাই শপথপত্রে সই করেনএরপর বেলা ১১টায় স্বতন্ত্র সংসদ সদস্যদের শপথবাক্য পাঠ করান স্পিকার।এছাড়া দুপুর ১২টায় জাতীয় পার্টি ও অন্য দল থেকে নির্বাচিত সংসদ সদস্যরা শপথ নেবেন।এর আগে গতকাল মঙ্গলবার দ্বাদশ জাতীয় সংসদে নির্বাচিত সংসদ সদস্যদের ফলাফল গেজেট আকারে প্রকাশ হয়।সংবিধান অনুযায়ী, গেজেট প্রকাশের তিন দিনের মধ্যে সংসদ সদস্যদের শপথ পড়াতে হয়। সে অনুযায়ী, আজ সকালে নবনির্বাচিত সংসদ সদস্যদের শপথ পড়ান একাদশ জাতীয় সংসদের স্পিকার শিরীন শারমিন চৌধুরী।এমপিদের শপথের আগে প্রথম দফায় স্পিকার ড. শিরীন শারমিন চৌধুরী সংবিধান ও কার্যপ্রণালি বিধি অনুযায়ী এমপি হিসেবে নিজে শপথগ্রহণ করেন এবং শপথ বইয়ে স্বাক্ষর করেন।দ্বাদশ সংসদের এমপিরা নিজ নিজ নাম উচ্চরণ করে স্পিকারের সঙ্গে সঙ্গে পড়তে থাকেন- ‘সশ্রদ্ধচিত্তে শপথ (বা দৃঢ়ভাবে ঘোষণা) করিতেছি যে, আমি যে কর্তব্যভার গ্রহণ করিতে যাইতেছি, তাহা আইন-অনুযায়ী ও বিশ্বস্ততার সহিত পালন করিব; আমি বাংলাদেশের প্রতি অকৃত্রিম বিশ্বাস ও আনুগত্য পোষণ করিব; এবং সংসদ-সদস্যরূপে আমার কর্তব্য পালনকে ব্যক্তিগত স্বার্থের দ্বারা প্রভাবিত হইতে দেব না।’এরপর সবাই শপথপত্রে নিজেদের আসনের নাম লিখে সই করেন। শপথ অনুষ্ঠান পরিচালনা করেন সংসদ সচিব এ কে এম আবদুস সালাম।উল্লেখ্য, ৩০০ সংসদীয় আসনের মধ্যে নওগাঁ-২ আসনের প্রার্থী মৃত্যুবরণ করায় নির্বাচন বাতিল করা হয়েছে। ওই আসনের নির্বাচনের জন্য নতুন করে শিডিউল দেওয়া হয়েছে। আগামী ১৩ ফেব্রুয়ারি নির্বাচন হবে।আর ময়মনসিংহের একটি কেন্দ্রে ফলাফল স্থগিত রাখা হয়েছে। সেই নির্বাচনও অনুষ্ঠিত হবে ১৩ ফেব্রুয়ারি।এ দুটি বাদে বাকি ২৯৮টি আসনের নির্বাচনী ফলাফলের গেজেট প্রকাশ হয়েছে মঙ্গলবার।জানা গেছে, সংসদে সংখ্যাগরিষ্ঠ দল আওয়ামী লীগ আলোচনা করে তাদের নেতা নির্বাচিত করবে। এরপর রাষ্ট্রপতি সংখ্যাগরিষ্ঠ দলের নেতাকে সরকার গঠনের আহ্বান জানাবেন। দ্বিতীয় সর্বোচ্চ সংখ্যাগরিষ্ঠ দল বসে তাদের নেতা নির্বাচিত করে সংসদের বিরোধীদলীয় নেতার স্বীকৃতির জন্য স্পিকারের কাছে লিখিতভাবে অনুরোধ জানাবে।নিয়মানুযায়ী, সংসদ নেতা নির্বাচন ও প্রধানমন্ত্রীর শপথের পর তার সঙ্গে আলোচনা সাপেক্ষে নতুন সংসদের প্রথম অধিবেশন আহ্বানের জন্য রাষ্ট্রপতির কাছে প্রস্তাব পাঠাবেন স্পিকার। এরপর রাষ্ট্রপতি সংসদ অধিবেশন আহ্বান করবেন।",1,1,0,1,False
" দ্বাদশ জাতীয় সংসদ নির্বাচনে এমপি নির্বাচিত হওয়ায় নিজেই নিজের শপথবাক্য পাঠ করলেন জাতীয় সংসদের স্পিকার ড. শিরীন শারমিন চৌধুরী। আজ বুধবার সকাল ১০টায় জাতীয় সংসদ ভবনের শপথ কক্ষে রংপুর-৬ আসন থেকে নির্বাচিত এই জনপ্রতিনিধি শপথগ্রহণ করেন।সংবিধান অনুযায়ী, গেজেট প্রকাশের তিনদিনের মধ্যে সংসদ সদস্যদের শপথ পড়াতে হয়। সে অনুযায়ী আজ বুধবার সকালে নবনির্বাচিত সংসদ সদস্যদের শপথ পড়ান একাদশ সংসদের স্পিকার ড. শিরীন শারমিন চৌধুরী।তবে এমপিদের শপথের আগে প্রথম দফায় স্পিকার ড. শিরীন শারমিন চৌধুরী সংবিধান ও কার্যপ্রণালি বিধি অনুযায়ী এমপি হিসেবে নিজে শপথগ্রহণ করেন এবং শপথ বইয়ে স্বাক্ষর করেন।",1,1,0,1,False
" আজকের এই দিনে জাতির পিতার স্বদেশ প্রত্যাবর্তনের মধ্য দিয়ে মহান মুক্তিযুদ্ধের বিজয় পূর্ণতা পেয়েছিল বলে জানিয়েছেন আওয়ামী লীগের সাধারণ সম্পাদক এবং সড়ক পরিবহন ও সেতুমন্ত্রী ওবায়দুল কাদের। পাশাপাশি সাম্প্রদায়িক অপশক্তি দেশে যে বিষবৃক্ষ ছড়িয়েছে, তা সমূলে উৎপাটন করার শপথ নেওয়ার কথাও জানান তিনি।আজ বুধবার সকালে ধানমন্ডি-৩২ নম্বরে জাতির পিতা বঙ্গবন্ধু শেখ মুজিবুর রহমানের প্রতিকৃতিতে শ্রদ্ধা নিবেদন শেষে তিনি এসব কথা বলেন। ওবায়দুল কাদের বলেন, ‌‘আমরা দ্বাদশ জাতীয় সংসদ নির্বাচনে বিপুলভাবে বিজয়ী হয়েছি। আমাদের নেত্রী শেখ হাসিনা পঞ্চমবারের মতো এবং টানা চতুর্থবার প্রধানমন্ত্রী হয়েছেন।’আওয়ামী লীগের সাধারণ সম্পাদক বলেন, ‘বঙ্গবন্ধুর ডাকে স্বাধীনতা-পাগল, মুক্তিকামী বাঙালি মরণপণ মুক্তিযুদ্ধে ঝাঁপিয়ে পড়ে। নয় মাস রক্তক্ষয়ী যুদ্ধের পর পাক হানাদার বাহিনীকে পরাজিত করে আমরা বিজয় ছিনিয়ে আনি। কিন্তু বঙ্গবন্ধুর অনুপস্থিতে আমাদের বিজয় ছিল অসম্পূর্ণ। বিজয়ের ঘরে ছিল শূন্যতা। বঙ্গবন্ধু নেই, বিজয়ের মহানায়ক নেই, বিজয় যেন অনুপস্থিত। ১০ জানুয়ারি বঙ্গবন্ধু যখন এলেন তখনই আমাদের ১৬ ডিসেম্বরের বিজয়।’তিনি আরও বলেন, ৭৫ সালে সপরিবারে বঙ্গবন্ধুর হত্যার মধ্য দিয়ে আবার উল্টোপথে যাত্রা শুরু হয় দেশের। চিরাচরিত পাকিস্তানি ধারায় বাংলাদেশ ফিরে যায়। মুক্তিযুদ্ধের মূল্যবোধ স্বাধীনতার আদর্শ লুণ্ঠিত হয়। জয় বাংলা নির্বাসিত হয়। দীর্ঘ ২১ বছর দেশ আবারও পাকিস্তানি সাম্প্রদায়িক ধারায় চলে যায়।সেতুমন্ত্রী বলেন, ‘আজকের দিন আমাদের অঙ্গীকার, আমাদের দেশে এখন সম্প্রদায়িক অশুভ শক্তির যে বীজবৃক্ষ ডালপালা বিস্তার করেছে, এই সাম্প্রদায়িক বীজবৃক্ষকে উৎপাটন করে শেখ হাসিনার নেতৃত্বে বিজয়কে সংহত করে, বঙ্গবন্ধুর স্বপ্ন সোনার বাংলা অভিমুখে আমাদের অধিকার অব্যাহত থাকবে।’এর আগে জাতির পিতা বঙ্গবন্ধু শেখ মুজিবুর রহমানের স্বদেশ প্রত্যাবর্তন দিবস উপলক্ষে তার প্রতিকৃতিতে পুষ্পস্তবক অর্পণ করে শ্রদ্ধা জানিয়েছেন প্রধানমন্ত্রী শেখ হাসিনা। বুধবার সকালে ধানমন্ডি-৩২ নম্বরে বঙ্গবন্ধু স্মৃতি জাদুঘরের সামনে জাতির জনকের প্রতিকৃতিতে ফুল দিয়ে শ্রদ্ধা জানান তিনি। এরপর সেখানে কিছুক্ষণ নীরবে দাঁড়িয়ে থেকে মহান নেতার প্রতি গভীর শ্রদ্ধা জ্ঞাপন করেন প্রধানমন্ত্রী। পরে কেন্দ্রীয় নেতাদের সঙ্গে নিয়ে দলের পক্ষে বঙ্গবন্ধুর প্রতিকৃতিতে পুষ্পস্তবক অর্পণ করেন বাংলাদেশ আওয়ামী লীগের সভাপতি শেখ হাসিনা।",1,1,0,1,False
 ঢাকা-৪ আসনের দ্বাদশ জাতীয় সংসদ নির্বাচনের ফল স্থগিত করে হাইকোর্টের দেওয়া আদেশ স্থগিত করেছেন চেম্বার আদালত। পাশাপাশি নির্বাচনে বিজয়ী স্বতন্ত্র প্রার্থী আওলাদ হোসেনকে অবিলম্বে শপথ দেওয়ার নির্দেশ দিয়েছেন আদালত।আজ বুধবার আপিল বিভাগের চেম্বার বিচারপতি এম ইনায়েতুর রহিম এ আদেশ দেন।গতকাল মঙ্গলবার ঢাকা-৪ আসনের জাতীয় সংসদ নির্বাচনের ফল স্থগিত করে হাইকোর্টের দেওয়া আদেশের বিরুদ্ধে আবেদন করেন বিজয়ী স্বতন্ত্র প্রার্থী আওলাদ হোসেন। আপিল বিভাগের চেম্বার জজ আদালতে এ আবেদন করা হয়।এর আগে ঢাকা-৪ আসনের ফলাফলের গেজেট প্রকাশ স্থগিত রাখতে নির্বাচন কমিশনকে (ইসি) নির্দেশ দেন হাইকোর্ট। একই সঙ্গে এ আসনের ১৮টি কেন্দ্রে ভোটে অনিয়মের অভিযোগ ১০ দিনের মধ্যে তদন্তের নির্দেশ দেন।আসনটির নৌকার প্রার্থী অ্যাডভোকেট সানজিদা খানমের করা এক রিট আবেদনের প্রাথমিক শুনানি করে বিচারপতি আবু তাহের মো. সাইফুর রহমান ও বিচারপতি মো. বশির উল্লাহর বেঞ্চ গতকাল মঙ্গলবার এ আদেশ দেন।,1,1,0,1,False
 দ্বাদশ জাতীয় সংসদ নির্বাচনে স্বতন্ত্র হিসেবে বিজয়ী সংসদ সদস্যরা শপথ নিয়েছেন। আজ বুধবার বেলা সোয়া ১১টায় সংসদ ভবনের নিচতলার শপথকক্ষে তাদের শপথগ্রহণ অনুষ্ঠিত হয়।শপথ অনুষ্ঠানে উপস্থিত সংসদ সদস্যের শপথবাক্য পাঠ করান স্পিকার ড. শিরীন শারমিন চৌধুরী। নতুন এমপিরা একসঙ্গে সমস্বরে স্পিকারের সঙ্গে শপথবাক্য পাঠ করেন।পরে তাদের শপথের কাগজে স্বাক্ষর করতে বলেন। পরবর্তী কার্যক্রম হিসেবে সাংসদদের রেজিস্ট্রারে স্বাক্ষর করতে বলা হয়। শপথের পর নবাগত এমপিরা স্পিকারের সামনে শপথ ফরমে স্বাক্ষর করেন।এর আগে সকাল সোয়া ১০টায় আওয়ামী লীগের নবনির্বাচিত এমপিরা শপথ নেন।এমপিদের শপথের আগে প্রথম দফায় একাদশ জাতীয় সংসদের স্পিকার ড. শিরীন শারমিন চৌধুরী সংবিধান ও কার্যপ্রণালি বিধি অনুযায়ী এমপি হিসেবে নিজে শপথগ্রহণ করেন এবং শপথ বইয়ে স্বাক্ষর করেন।,1,1,0,1,False
 দ্বাদশ জাতীয় সংসদ নির্বাচনে আওয়ামী লীগের জয়ের পর রাষ্ট্রপতি মো. সাহাবুদ্দিনের সঙ্গে সৌজন্য সাক্ষাৎ করতে যাচ্ছেন প্রধানমন্ত্রী শেখ হাসিনা। আজ বুধবার বিকেল ৫টায় বঙ্গভবনে এই সাক্ষাৎ অনুষ্ঠিত হবে।এদিন বঙ্গভবন থেকে গণমাধ্যমে পাঠানো এক বিজ্ঞপ্তিতে এ তথ্য জানানো হয়েছে।এদিকে দ্বাদশ জাতীয় সংসদ নির্বাচনে নবনির্বাচিত সংসদ সদস্যদের শপথগ্রহণ আজ বুধবার অনুষ্ঠিত হয়েছে। সকাল ১০টায় সংসদ ভবনের নিচতলার শপথ কক্ষে নবনির্বাচিত এমপিদের এই শপথ অনুষ্ঠিত হয়। এর আগে গতকাল মঙ্গলবার দ্বাদশ জাতীয় সংসদে নির্বাচিত সংসদ সদস্যদের ফলাফল গেজেট আকারে প্রকাশ হয়।এমপিদের শপথের আগে প্রথম দফায় স্পিকার ড. শিরীন শারমিন চৌধুরী সংবিধান ও কার্যপ্রণালি বিধি অনুযায়ী এমপি হিসেবে নিজে শপথগ্রহণ করেন এবং শপথ বইয়ে স্বাক্ষর করেন। এর পর নবনির্বাচিত সংসদ সদস্যদের শপথ পড়ান স্পিকার। ,1,1,0,1,False
" অষ্টমবারের মতো জাতীয় সংসদ সদস্য হিসেবে শপথ নিয়েছেন আওয়ামী লীগ সভাপতি ও প্রধানমন্ত্রী শেখ হাসিনা। দ্বাদশ জাতীয় সংসদ নির্বাচনে তিনি গোপালগঞ্জ-৩ আসন থেকে নির্বাচিত হন।আজ বুধবার সকাল সোয়া ১০টায় জাতীয় সংসদ ভবনের শপথ কক্ষে আওয়ামী লীগের অন্যান্য সংসদ সদস্যদের সঙ্গে শেখ হাসিনাকে শপথ বাক্য পাঠ করান একাদশ জাতীয় সংসদের স্পিকার ড. শিরীন শারমিন চৌধুরী।আওয়ামী লীগ সভাপতি শেখ হাসিনা প্রথম ১৯৮৬ সালে সংসদ সদস্য নির্বাচিত হন। এরপর ১৯৯১, ১৯৯৬, ২০০১, ২০০৮, ২০১৪ ও ২০১৮ নির্বাচনে সংসদ সদস্য নির্বাচিত হন।৭ জানুয়ারির নির্বাচনে গঠিত হতে যাওয়া সরকারে টানা চতুর্থবার প্রধানমন্ত্রী হতে যাচ্ছেন শেখ হাসিনা। সব মিলিয়ে বাংলাদেশের ইতিহাসে পঞ্চমবার প্রধানমন্ত্রী হতে যাচ্ছেন তিনি।",1,1,0,1,False
 দ্বাদশ জাতীয় সংসদের নেতা নির্বাচিত হয়েছেন আওয়ামী লীগ সভাপতি শেখ হাসিনা। আজ বুধবার আওয়ামী লীগের এমপিদের শপথ শেষে অনুষ্ঠিত দলের সংসদীয় দলের সভায় শেখ হাসিনাকে সংসদ নেতা নির্বাচিত করা হয়।আওয়ামী লীগের সাধারণ সম্পাদক ওবায়দুল কাদের তার নাম প্রস্তাব করেন এবং নূর-ই-আলম চৌধুরী লিটন ওই প্রস্তাবের সমর্থন জানান। পরে সর্বসম্মতিক্রমে তা গৃহীত হয়।সংসদ নিতা নির্বাচনের পাশাপাশি বৈঠকে সংসদ উপনেতাও নির্বাচিত করা হয়। একাদশে জাতীয় সংসদের উপনেতা বেগম মতিয়া চৌধুরীকেই দ্বাদশ জাতীয় সংসদের উপনেতা নির্বাচিত করা হয়। এদিকে সংসদীয় দলের সভায় বর্তমান স্পিকার ড. শিরীন শারমিন চৌধুরীকে আবারও স্পিকার হিসেবে নির্বাচনের সিদ্ধান্ত হয়। আর ডেপুটি স্পিকার হিসেবে শামসুল হক টুকুকে মনোনীত করা হয়েছে।এর আগে একাদশ জাতীয় সংসদের ডেপুটি স্পিকার ছিলেন তিনি।এ ছাড়া বর্তমান নূর-ই-আলম চৌধুরী লিটনকে দ্বাদশ জাতীয় সংসদে চিফ হুইপ হিসেবে নির্বাচনের সিদ্ধান্ত হয়েছে।,1,1,0,1,False
 দ্বাদশ জাতীয় সংসদ নির্বাচনে জয়ী জাতীয় পার্টির (জাপা) ১১ জন সংসদ সদস্য শপথ নিয়েছেন।আজ বুধবার দুপুর ১২টায় সংসদ ভবনের শপথ কক্ষে তাদের শপথবাক্য পাঠ করান স্পিকার ড. শিরীন শারমিন চৌধুরী। এ সময় নতুন এমপিরা একসঙ্গে সমস্বরে স্পিকারের সঙ্গে শপথবাক্য পাঠ করেন।পার্টির চেয়ারম্যান গোলাম মোহাম্মদ (জি এম) কাদেরের নেতৃত্বে নির্বাচিতরা এই শপথ নেন।শেরেবাংলা নগরে সংসদ ভবনের পূর্ব ব্লকের প্রথম লেভেলের শপথ কক্ষে এ শপথ অনুষ্ঠিত হয়। সংসদ সচিবালয়ের সিনিয়র সচিব এ কে এম আব্দুস সালাম শপথ পরিচালনা করেন। পরবর্তী কার্যক্রম হিসেবে নতুন সংসদ সদস্যদের রেজিস্ট্রারে স্বাক্ষর করতে বলা হয়। শপথের পর তারা স্পিকারের সামনে শপথ ফরমে স্বাক্ষর করেন।এর আগে সকাল সোয়া ১০টায় আওয়ামী লীগের নবনির্বাচিত এমপিরা শপথ নেন। এর পর বেলা ১১টায় ৬২ জন স্বতন্ত্র সংসদ সদস্যকে শপথ পড়ান স্পিকার ড. শিরীন শারমিন চৌধুরী।তবে এমপিদের শপথের আগে স্পিকার ড. শিরীন শারমিন চৌধুরী সংবিধান ও কার্যপ্রণালি বিধি অনুযায়ী এমপি হিসেবে নিজেই নিজের শপথগ্রহণ করেন এবং শপথ বইয়ে স্বাক্ষর করেন।,1,1,0,1,False
" নব নির্বাচিত সংসদ সদস্য চিত্রনায়ক ফেরদৌস আহমেদ বলেছেন, ‘জনগণ আমার ওপর আস্থা রেখেছেন। আমি তাদের আস্থার প্রতিদান দেব। কোনো কাজ বিঘ্নিত না হয় সে চেষ্টাই করে যাব।'আজ বুধবার সকালে সংসদ ভবনে শপথ নিতে গিয়ে তিনি এ সব কথা বলেন।শপথ গ্রহণের আগে নায়ক ফেরদৌস বলেন, ‘আমি যেন সততার সঙ্গে দেশের প্রতি, জনগণের প্রতি বিশেষ করে আমার ঢাকা-১০ আসনের সম্মানিত নাগরিকদের জন্য অর্পিত দায়িত্ব পালন করতে পারি।’তিনি ঢাকা দক্ষিণ সিটি করপোরেশনের (ডিএসসিসি) মেয়র ব্যারিস্টার শেখ ফজলে নূর তাপসের প্রতি কৃতজ্ঞতা প্রকাশ করেন। ঢাকা-১০ কে উন্নয়নে দশে দশ রাখার প্রতিশ্রুতি পুনর্ব্যক্ত করেন তিনি।",1,1,0,1,False
" তথ্য ও সম্প্রচারমন্ত্রী এবং আওয়ামী লীগের যুগ্ম সাধারণ সম্পাদক ড. হাছান মাহমুদ বলেছেন, ‘আমাদের দল নতুন সরকার গঠনের পর প্রথম চ্যালেঞ্জ হবে অগ্নিসন্ত্রাস সমূলে উৎপাটন এবং স্মার্ট বাংলাদেশ গঠন।’আজ বুধবার সকালে জাতির পিতা বঙ্গবন্ধু শেখ মুজিবুর রহমানের স্বদেশ প্রত্যাবর্তন দিবস উপলক্ষে রাজধানীর ধানমন্ডি ৩২ নম্বরে বঙ্গবন্ধুর প্রতিকৃতিতে দলীয় নেতাদের সঙ্গে পুষ্পস্তবক অর্পণ শেষে সাংবাদিকদের তিনি এ কথা বলেন।তথ্যমন্ত্রী বলেন, ‘১৯৭১ সালে ১৬ ডিসেম্বর বাংলাদেশ মুক্তিযুদ্ধে বিজয় অর্জন করলেও স্বাধীনতার মহানায়ক জাতির পিতা বঙ্গবন্ধু শেখ মুজিবুর রহমান পাকিস্তানের কারাগার থেকে মুক্ত হয়ে, মুক্ত স্বাধীন বাংলাদেশে পদার্পণ না করা পর্যন্ত আমাদের স্বাধীনতা পূর্ণতা পায়নি। আমাদের স্বাধীনতা পূর্ণতা পেয়েছিল ১৯৭২ সালের ১০ জানুয়ারি যখন জাতির পিতা স্বাধীন দেশের মাটিতে পদার্পণ করেছিলেন। ঐতিহাসিক এই দিনে আমি জাতির পিতার প্রতি গভীর শ্রদ্ধা জানাই, গভীর শ্রদ্ধা জানাই ১৯৭৫ সালে ১৫ আগস্টের কালো রাত্রিতে শহীদ বঙ্গমাতা শেখ ফজিলাতুননেছা মুজিবসহ সব শহীদ, জাতীয় চার নেতা এবং যারা জীবন দিয়ে আমাদের এই দেশমাতৃকা রচনা করে গেছেন সেই মুক্তিযোদ্ধাদের প্রতি।’সদ্য অনুষ্ঠিত জাতীয় সংসদ নির্বাচন নিয়ে হাছান মাহমুদ বলেন, ‘আপনারা জানেন যে, গত ৭ জানুয়ারি বাংলাদেশে অত্যন্ত সুন্দর, অবাধ, নিরপেক্ষ এবং সন্ত্রাসমুক্ত একটিনির্বাচন অনুষ্ঠিত হয়েছে যেখানে জনগণের ব্যাপক অংশগ্রহণ ছিল। কোনো কোনো নির্বাচনী এলাকায় ৭০ শতাংশের ওপরে মানুষ ভোট দিয়েছে। তিন দিন ছুটি পাওয়ায় অনেকেই শহর থেকে গ্রামে চলে গিয়েছিল, সে কারণে কিছু বড় শহরে ভোটের হার কিছুটা কম হয়েছে। কিন্তু এরপরও আমাদের ভোট প্রদানের হার ৪২ শতাংশ।’‘পাশাপাশি এটিও উৎসাহব্যঞ্জক যে, মার্কিন পর্যবেক্ষক থেকে শুরু করে ইউরোপীয় ইউনিয়নভুক্ত দেশগুলো, অন্যান্য দেশ এবং বিভিন্ন জোটভুক্ত দেশের পর্যবেক্ষক যারা এসেছিল, তারা সবাই এ নির্বাচনকে অত্যন্ত সুন্দর, অবাধ, নিরপেক্ষ এবং নির্বাচনের সময় নানাবিধ গণ্ডগোলের মাত্রা অন্যবারের চেয়ে অনেক কম হয়েছে মর্মে অভিমত ব্যক্ত করেছে’, যোগ করেন আওয়ামী লীগের এই নেতা। তিনি বলেন, ‘ইউরোপীয় ইউনিয়ন, মার্কিন যুক্তরাষ্ট্র এবং যুক্তরাজ্য তারা তাদের বিবৃতিতে প্রকৃতপক্ষে বাংলাদেশের সঙ্গে অর্থাৎ বাংলাদেশ সরকারের সঙ্গে কাজ করার কথা বলেছে। জাপান থেকে শুরু করে প্রায় ৩১টির বেশি দেশের রাষ্ট্রদূতরা প্রধানমন্ত্রীর সঙ্গে দেখা করেছেন ও অভিনন্দন জানিয়েছেন। ভারত, চীন, রাশিয়া অভিনন্দন জানিয়েছে এবং ভারতের প্রধানমন্ত্রী নরেন্দ্র মোদি টেলিফোন করে আমাদের প্রধানমন্ত্রীকে অভিনন্দন জানিয়েছেন।’‘আর যারা ভোট বর্জনের কথা বলেছিল এবং অগ্নিসন্ত্রাস চালিয়ে ভোট বাধাগ্রস্ত করার চেষ্টা করেছিল, সেই বিএনপি-জামায়াতের প্রতি মানুষ বৃদ্ধাঙ্গুলি প্রদর্শন করেছে। উৎসাহের সঙ্গে ভোট দিয়ে তাদেরকে প্রত্যাখ্যান করেছে’, বলেন হাছান মাহমুদ। দেশের ইতিহাসে একটি ভালো সুন্দর নির্বাচন হয়েছে উল্লেখ করে তথ্যমন্ত্রী বলেন, ‘নতুন সরকার গঠিত হতে যাচ্ছে। আমাদের সরকার নতুন যাত্রা শুরু করবে এবং সরকার গঠনের পর আমাদের প্রথম চ্যালেঞ্জ হবে দেশ থেকে অগ্নিসন্ত্রাসকে সমূলে উৎপাটন করা এবং স্মার্ট বাংলাদেশ গড়ে তোলা।’",1,1,0,1,False
" বাংলাদেশের দ্বাদশ জাতীয় সংসদ নির্বাচন নিয়ে নিজেদের বক্তব্য দিয়েছে অস্ট্রেলিয়া। আজ বুধবার অস্ট্রেলিয়া সরকারের ডিপার্টমেন্ট অফ ফরেন অ্যাফেয়ার্স এন্ড ট্রেড এক সংবাদ বিজ্ঞপ্তিতে নিজেদের অবস্থান জানায় দেশটি।বিজ্ঞপ্তিতে বলা হয়, অস্ট্রেলিয়া ৭ জানুয়ারি অনুষ্ঠিত বাংলাদেশের সংসদ নির্বাচনের ফলাফল নোট করেছে। যদিও লাখ লাখ বাংলাদেশি ভোটার নির্বাচনের দিন নিজেদের ভোটাধিকার প্রয়োগ করেছেন এই বিষয়টিকে আমরা স্বাগত জানাই, কিন্তু এটি দুঃখজনক যে এই নির্বাচন এমন এক পরিবেশে হয়েছিল যেখানে সকল অংশীজন অর্থপূর্ণ এবং প্রকৃতভাবে অংশগ্রহণ করতে পারেনি।বিজ্ঞপ্তিতে আরও বলা হয়, বাংলাদেশের দীর্ঘদিনের বন্ধু হিসেবে নির্বাচনের আগে ঘটে যাওয়া সহিংসতা এবং রাজনৈতিক বিরোধী (দলের) সদস্যদের গ্রেপ্তারের বিষয়ে অস্ট্রেলিয়া উদ্বিগ্ন। বাংলাদেশের কাছে ধারাবাহিকভাবে অবাধ ও সুষ্ঠু নির্বাচনের গুরুত্ব তুলে ধরেছে অস্ট্রেলিয়া।অস্ট্রেলিয়ান সরকার বাংলাদেশ সরকারকে তার গণতান্ত্রিক প্রতিষ্ঠানগুলোকে শক্তিশালী করার জন্য অগ্রাধিকার দিতে জোর দিচ্ছে যেগুলো মানবাধিকারের সুরক্ষা, আইনের শাসন এবং উন্নয়নের প্রচারের উপর ভিত্তি করে।ঘনিষ্ঠ অংশীদার হিসেবে অস্ট্রেলিয়া একটি উন্মুক্ত, স্থিতিশীল, সমৃদ্ধ এবং অন্তর্ভুক্তিমূলক অঞ্চলের জন্য অভিন্ন লক্ষ্য অর্জনে বাংলাদেশের সাথে কাজ করতে প্রতিশ্রুতিবদ্ধ বলেও জানানো হয়।",1,1,0,1,False
" হবিগঞ্জ-৪ আসনের নবনির্বাচিত সংসদ সদস্য হিসেবে শপথ নিয়েছেন ব্যারিস্টার সৈয়দ সায়েদুল হক সুমন।আজ বুধবার দুপুরে জাতীয় সংসদ ভবনে স্বতন্ত্র সংসদ সদস্য হিসেবে শপথগ্রহণের পর উপস্থিত সাংবাদিকদের কাছে তিনি অনুভূতির কথা প্রকাশ করেন। ব্যারিস্টার সুমন বলেন, ‌‘জীবনে প্রথম সংসদ ভবনে ঢুকলাম। এর আগে একদিন অতিথি হিসেবে সংসদে ঢুকেছিলাম। সংসদে ঢুকে আমার কাছে যেটা মনে হয়েছে সেটা হচ্ছে, সংসদে এত লোকের প্রয়োজন নেই। ৩০০ জন সংসদ সদস্যের জন্য যত মানুষ দেখলাম, তাতে আরও কম হলেও সমস্যা নেই। আমার ব্যক্তিগতভাবে মনে হয়েছে, সংসদে এত মানুষের প্রয়োজন নেই।’ তিনি বলেন, সংসদে আইন তৈরি করতে হবে আর এলাকায় গিয়ে কাজ করতে হবে। দুই লাখ ভোটারের ভোট দেওয়ার বিনিময়ে স্বতন্ত্র সংসদ সদস্য হিসেবে একটি আইডি কার্ড পেয়েছি। আজকে আমরা যে শপথ গ্রহণ করলাম সেটা তো জন্মগতভাবেই বলা হয়েছে আমরা যেন ব্যক্তিস্বার্থ না দেখি, এটা আমি আমার মায়ের কাছ থেকেই শিখেছি। যে প্রত্যাশা নিয়ে আমাদেরকে জনগণ সংসদে পাঠিয়েছে, স্বতন্ত্র সংসদ সদস্য হিসেবে আশা করি সেটা পূরণ করতে পারব।’তিনি আরও বলেন, ‘স্বতন্ত্র সংসদ সদস্য হিসেবে আমি আমার এলাকার জন্য এবং সারা দেশের ফুটবলের জন্য, সারা দেশের দুর্নীতির বিরুদ্ধে প্রতিবাদ করার জন্য সামাজিক যোগাযোগমাধ্যমের পাশাপাশি সংসদে ভূমিকা রাখতে পারব।’হবিগঞ্জ-৪ আসনের এই এমপি বলেন, ‘আমার ভূমিকা আগের মতোই থাকবে। দুর্নীতির বিরুদ্ধে প্রতিবাদ, নিপীড়িত মানুষের পক্ষে কথা বলা এবং নিজের এলাকাকে যতটুকু পারা যায় বঙ্গবন্ধুর সোনার বাংলাকে বাস্তবিক অর্থে রূপ দেওয়া।’এসব কাজে কী চ্যালেঞ্জ থাকবে জানতে চাইলে ব্যারিস্টার সুমন বলেন, ‘এসব কাজে অসংখ্য চ্যালেঞ্জ থাকবে। একটা দুইটা না। বাংলাদেশে কাজ তো কেউই করতে চায় না। তারপরও যদি প্রধানমন্ত্রী শেখ হাসিনার সুনজর থাকে তাহলে আমি অনেকটা পাড়ি দিতে পারব।’",1,1,0,1,False
" বাংলাদেশের ইতিহাসে সেরা নির্বাচনগুলোর মধ্যে একটি দ্বাদশ জাতীয় সংসদ নির্বাচন বলে মন্তব্য করেছেন শাহজালাল বিজ্ঞান ও প্রযুক্তি বিশ্ববিদ্যালয়ের (শাবিপ্রবি) উপাচার্য অধ্যাপক ফরিদ উদ্দিন আহমেদ।আজ বুধবার সকালে বঙ্গবন্ধু শেখ মুজিবুর রহমানের ৫৩তম স্বদেশ প্রত্যাবর্তন দিবস উদযাপনকালে এ মন্তব্য করেন উপাচার্য। এর আগে বিশ্ববিদ্যালয়ের গোলচত্বরে অবস্থিত বঙ্গবন্ধুর প্রতিকৃতিতে পুষ্পস্তবক অর্পণ করে শ্রদ্ধা জানান তিনি। দ্বাদশ জাতীয় সংসদ নির্বাচনের কথা উল্লেখ করে উপাচার্য বলেন, গত ৭ই জানুয়ারি অনুষ্ঠিত দ্বাদশ জাতীয় সংসদ নির্বাচন বাংলাদেশের সেরা নির্বাচনগুলোর মধ্যে অন্যতম। এ নির্বাচন বিশ্বব্যাপী প্রশংসিত হওয়ার পাশাপাশি গ্রহণযোগ্যতা পাচ্ছে। দেশি-বিদেশী পর্যবেক্ষকরাও তা জানিয়েছে। ফলে বাংলাদেশ যেভাবে এগিয়ে যাচ্ছে, ইনশাআল্লাহ এগিয়ে যাবে। যত ষড়যন্ত্রই আসুক, আমরা ঐক্যবদ্ধ হয়ে প্রতিহত করে দেশকে এগিয়ে নিয়ে যাব। নববর্ষের শুভেচ্ছা জানিয়ে উপাচার্য বলেন, এই বিশ্ববিদ্যালয়ের উন্নয়ন চলমান রয়েছে, শিক্ষা ও গবেষণা ভালোভাবে চলছে। আমি সকলের সহযোগিতা চাই, সবাই মিলে এ বিশ্ববিদ্যালয়কে একটা জায়গায় নিয়ে যেতে হবে। আমিও তো এখানে থাকব না, আমার সময় শেষ হয়ে আসছে, তবে সবকিছুর ধারাবাহিকতা চলবে, উন্নয়ন কর্মকান্ডে যেনো ছেদ না পড়ে। আমাদের কোন ভুল ত্রুটি হলে আপনারা এসে বলবেন, আমরা সংশোধন করে নিব। এখানে বসে থাকার কোন সুযোগ নেই। তিনি বলেন, কেউ কোন সমালোচনার উর্ধ্বে না, সমালোচনা অবশ্যই করবেন, তবে তা গঠনমূলক হতে হবে। মিথ্যার আশ্রয় কেউ নিয়েন না, সত্যি কথা সামনাসামনি এসে বলেন, আমরা তা সংশোধন করে নিব। এখন আমাদের যত উন্নয়ন কর্মকান্ড রয়েছে, তা দৃশ্যমান। বিশ্ববিদ্যালয়কে এগিয়ে নিতে এবং এর অগ্রযাত্রা অব্যাহত রাখতে সকলকে ঐক্যবদ্ধ হয়ে কাজ করার আহ্বান জানান উপাচার্য। এ সময় বিশ্ববিদ্যালয়ের উপ-উপাচার্য অধ্যাপক ড. কবির হোসেন, কোষাধ্যক্ষ অধ্যাপক আমিনা পারভীন, বাংলাদেশ বিশ্ববিদ্যালয় শিক্ষক সমিতি ফেডারেশনের সভাপতি অধ্যাপক ড. মো. আখতারুল ইসলাম, শাবি শিক্ষক সমিতির নেতৃবৃন্দ, বিভিন্ন অনুষদের ডিন, রেজিস্ট্রার, ছাত্র উপদেশ ও নির্দেশনা পরিচালক, প্রক্টর, হল প্রভোস্ট, বিভাগীয় প্রধান ও কর্মকর্তা-কর্মচারীরা উপস্থিত ছিলেন।",1,1,0,1,False
" দ্বাদশ জাতীয় সংসদ নির্বাচনে মাগুরা-১ আসনে বিপুল ভোটে নির্বাচিত হয়েছেন আওয়ামী লীগ মনোনীত প্রার্থী ও বিশ্বসেরা অলরাউন্ডার সাকিব আল হাসান। তিনি তার নিকটতম প্রতিদ্বন্দ্বীর চেয়ে প্রায় ৩৪ গুণ বেশি ভোট পেয়ে বিজয়ী হয়েছেন।এমপি নির্বাচিত হয়ে এবার শপথ নিতে এসে সাকিব জানান, ব্যাপারটা নতুন, তবে অভ্যাস হয়ে যাবে।আজ বুধবার সকাল ১০টায় জাতীয় সংসদ ভবনের শপথকক্ষে নবনির্বাচিত সংসদ সদস্যদের শপথবাক্য পাঠ করান একাদশ জাতীয় সংসদের স্পিকার শিরীন শারমিন চৌধুরী।শপথ পাঠ করতে এসে সাকিব সাংবাদিকদের বলেন, ‘আল্লাহর অশেষ রহমত, প্রধানমন্ত্রীকে ধন্যবাদ দিতে হয় যে, তিনি আমাকে এই সুযোগ করে দিয়েছেন। আর যারা আমাকে সমর্থন দিয়েছেন, তাদের এখন প্রতিদান দেওয়ার সময়। আমি চেষ্টা করবো আমার জায়গা থেকে সর্বোচ্চ করার।’এরপর সাকিবের কাছে জানতে চাওয়া হয়, রাজনীতির মাঠে খেলতে আপনি কেমন বোধ করবেন? জবাবে সাকিব বলেন, ‘টেস্ট ম্যাচের মতো খেলতে হবে। দীর্ঘমেয়াদী সময় নিয়ে কাজ করার যদি ‍সুযোগ হয় সেটা ইনশাল্লাহ করবো। দীর্ঘসময়ের ব্যাপার, টেস্ট ম্যাচের মতো মনে করে খেলতে হবে এবং সে জন্য আমি প্রস্তুত আছি।’",1,1,0,1,False
" বিরোধী দলে ছিলেন এবং বিরোধী দলেই থাকতে চান বলে জানিয়েছেন জাতীয় পার্টির চেয়ারম্যান ও রংপুর সদর-৩ আসনে নবনির্বাচিত সংসদ সদস্য গোলাম মোহাম্মদ কাদের (জি এম কাদের)।আজ বুধবার দুপুরে জাতীয় সংসদ ভবনে শপথগ্রহণের পর তিনি এ কথা বলেন।তিনি বলেন, সংসদে আসার অনুভূতি সব সময়ই ভালো। সেদিক দিয়ে বলতে গেলে আবার সংসদে এলাম, সেটি আনন্দের বিষয়।দ্বাদশ সংসদের বিরোধী দল প্রসঙ্গে সাংবাদিকদের প্রশ্নের জবাবে তিনি বলেন, ‘আমি ঠিক জানি না নিয়মটা কী। তবে আমরা বিরোধী দলে ছিলাম এবং বিরোধী দলে থাকতে চাই। আমরা জনকল্যাণমুখী, যেটা জনগণের ভালো হয় সেটিই আমরা করতে চাই।’পার্টি অফিসে নেতৃত্বের ব্যর্থতা নিয়ে বিক্ষোভ প্রসঙ্গে তিনি বলেন, ‘কিছু লোক আমাদের পার্টিকে প্রশ্নবিদ্ধ করার অথবা ভাবমূর্তি নষ্ট করার চেষ্টা করছে।’এবারের সংসদ নির্বাচনে এত কম আসনে নির্বাচিত হওয়া প্রসঙ্গে তিনি বলেন, ‘সব সময় সবকিছু এক রকম হয় না। এবারের নির্বাচনটা কিছু কিছু ক্ষেত্রে সঠিক হয়েছে। তবে বেশিরভাগ ক্ষেত্রেই আমাদের নেতাকর্মীদের বিভিন্নভাবে হয়রানি ও বুথ দখল করা হয়েছে। নির্বাচন দিয়ে সত্যিকার অর্থে আমাদের জনপ্রিয়তা বা জনগণের সঙ্গে আমাদের যে ভিত্তি সেটি সঠিকভাবে আসেনি।’",1,1,0,1,False
 টাঙ্গাইল-৪ (কালিহাতী) আসনের নির্বাচনী সহিংসতার মামলায় গ্রেপ্তার নেতাকর্মীর মুক্তির দাবিতে গতকাল মঙ্গলবার টাঙ্গাইল-ময়মনসিংহ মহাসড়কের কালিহাতী থানার সামনে অবরোধ করেন সদ্য নির্বাচিত স্বতন্ত্র প্রার্থী আবদুল লতিফ সিদ্দিকী ও তার সমর্থকরা। আড়াই ঘণ্টা পর লতিফ সিদ্দিকীর ছোট ভাই কৃষক শ্রমিক জনতা লীগের সভাপতি বঙ্গবীর কাদের সিদ্দিকীর অনুরোধে তারা এই অবরোধ প্রত্যাহার করেন। গতকাল বেলা ১টায় লতিফ সিদ্দিকী ও তার সমর্থকরা ওই মহাসড়কে কালিহাতী থানার সামনে অবস্থান ধর্মঘট শুরু করেন। ফলে মহাসড়কটিতে যানবাহন চলাচল বন্ধ হয়ে যায়। দুপুর আড়াইটার দিকে কাদের সিদ্দিকী ঘটনাস্থলে যান। তিনি লতিফ সিদ্দিকীর সঙ্গে কথা বলেন। পরে থানায় প্রবেশ করে পুলিশ কর্মকর্তাদের সঙ্গে কথা বলেন। পুলিশ আটক ছয়জনের মধ্য থেকে এজাহারে নাম না থাকা চারজনকে ছেড়ে দেয়। তবে এজাহারভুক্ত দুজনকে আদালতে পাঠানো হয়।পরে কাদের সিদ্দিকীর বড় ভাই লতিফ সিদ্দিকীকে অবরোধ তুলে নেওয়ার অনুরোধ জানান। বেলা সাড়ে ৩টার দিকে লতিফ সিদ্দিকী ও তার অনুসারীরা মহাসড়ক ছেড়ে চলে যান। পরে মহাসড়কটিতে যানবাহন চলাচল শুরু হয়।দ্বাদশ জাতীয় সংসদ নির্বাচনে টাঙ্গাইল-৪ আসনে স্বতন্ত্র প্রার্থী (ট্রাক প্রতীক) হিসেবে ৭০ হাজার ৯৪০ ভোট পেয়ে বিজয়ী হয়েছেন প্রবীণ রাজনীতিক লতিফ সিদ্দিকী।,1,1,0,1,False
" জাতির পিতা বঙ্গবন্ধু শেখ মুজিবুর রহমানের ঐতিহাসিক স্বদেশ প্রত্যাবর্তন দিবসে রাজধানীর সোহরাওয়ার্দী উদ্যানে আজ বুধবার জনসভা করছে আওয়ামী লীগ। এতে যোগ দিতে খণ্ড খণ্ড মিছিল নিয়ে জনসভাস্থলে আসছেন দলের নেতাকর্মীরা। জনসভায় সভাপতির বক্তব্য দেবেন আওয়ামী লীগ সভাপতি ও প্রধানমন্ত্রী শেখ হাসিনা।আজ দুপুর থেকে বিভিন্ন গেট দিয়ে সোহরাওয়ার্দী উদ্যানের ভেতরে প্রবেশ করছেন আওয়ামী লীগ নেতাকর্মীরা। এ সময় আওয়ামী লীগের নেতাকর্মীদের নানা ধরনের স্লোগান দিতে দেখা যায়।আওয়ামী লীগ ছাড়াও যুবলীগ, স্বেচ্ছাসেবক লীগ, শ্রমিক লীগ, ছাত্রলীগসহ দলটির বিভিন্ন অঙ্গ-সহযোগী সংগঠনের নেতাকর্মীরা ব্যানার, প্ল্যাকার্ড নিয়ে আসছেন সোহরাওয়ার্দী উদ্যানের জনসভায়। ঢাকা মহানগরের বিভিন্ন থানা, ওয়ার্ড ও ইউনিটের নেতারাও ব্যানার-প্ল্যাকার্ড ও পতাকা নিয়ে আসছেন।জাতির পিতা বঙ্গবন্ধু শেখ মুজিবুর রহমান ১৯৭২ সালের ১০ জানুয়ারি স্বাধীন বাংলাদেশে ফেরেন। দিনটিকে ঐতিহাসিক স্বদেশ প্রত্যাবর্তন দিবস হিসেবে পালন করা হয়।",1,1,0,1,False
" বিরোধীদের উদ্দেশ করে আওয়ামী লীগ সভাপতি শেখ হাসিনা বলেছেন, ‘নির্বাচন নিয়ে তারা বড় খেলা খেলতে চেয়েছিল, কিন্তু সম্পূর্ণভাবে ব্যর্থ হয়েছে। আর ব্যর্থ যারা হয়, তাদের মধ্যে প্রতিহিংসা জাগ্রত হয়। আপনারা কোথাও যদি এতটুকু গোলমাল করেন, তা হলে ওই সুযোগটা চক্রান্তকারীরা নেওয়ার চেষ্টা করবে।’গতকাল মঙ্গলবার গণভবনে বিভিন্ন শ্রেণিপেশার মানুষের সঙ্গে শুভেচ্ছা বিনিময়কালে আওয়ামী লীগ সভাপতি এসব কথা বলেন। অনুষ্ঠানে শেখ হাসিনার ছোট বোন শেখ রেহানাও উপস্থিত ছিলেন।নেতাকর্মীদের দ্বন্দ্বে না জড়ানোর নির্দেশ দিয়ে শেখ হাসিনা বলেন, ‘এর পর যেন কোথাও কোনো রকম, কারও সঙ্গে কোনো দ্বন্দ্ব, কোনো কিছু না হয়। যারা জয়ী হয়েছে, সবাইকে আন্তরিক অভিনন্দন, সেটা অন্য দল বা স্বতন্ত্র, সবাই মিলে এখন কাঁধে কাঁধ মিলিয়ে চলতে হবে।’শেখ হাসিনা বলেন, ‘এটা মনে রাখতে হবে- পেছনে কিন্তু শত্রু লেগে আছে। মানুষ পোড়ানো থেকে শুরু করে এমন কোনো জঘন্য কাজ নেই, তারা করে না। কাজেই শিক্ষা নিয়ে ঐক্যবদ্ধ হয়ে দেশের সাধারণ মানুষ যে মেন্ডেট দিয়েছে, তা মেনে নিয়ে আগামীর প্রস্তুতি নিতে হবে।’শেখ হাসিনা বলেন, ‘অনেককে নমিনেশন দিয়েছিলাম। আশা করেছিলাম তারা জয়ী হবে, কিন্তু জয়ীহতে পারেননি। জনগণ যেহেতু ভোট দিয়েছে, সেহেতু কোনো ক্ষোভ নেই। ক্ষোভ যেন না থাকে। সবাইকে শান্তিপূর্ণভাবে অবস্থাটা ধরে রাখতে হবে। কোনো প্রকার সংঘাত দেখতে চাই না, যা কিছু হয়েছে নির্বাচনের দিন পর্যন্ত। জনগণের ওপর আস্থা-বিশ্বাস রাখতে হবে। ভোট না দিলেও তার কাছে যেতে হবে, বলতে হবে এবং তাদের জন্যই আমাদের কাজ করতে হবে; এই কথাটি মনে রাখতে হবে।’বিএনপি-জামায়াতকে উদ্দেশ করে শেখ হাসিনা বলেন, ‘ওদের হাত থেকে কিন্তু কেউ রেহাই পায়নি। আইনশৃঙ্খলা বাহিনীর সদস্য, প্রধান বিচারপতি ও বিচারপতিদের কোয়ার্টার আর আওয়ামী লীগের নেতাকর্মীরা তো সব সময় তাদের শিকার।’আওয়ামী লীগ সভাপতি বলেন, ‘ওরা চক্রান্ত করছিল, এই নির্বাচন কিছুতেই হতে দেবে না। আমরা কিন্তু বিকল্প পথ নিয়েছিলাম। আমরা নির্বাচন উন্মুক্ত করে দিয়েছিলাম। জনগণ স্বতঃস্ফূর্তভাবে ভোট দিয়েছে। আর বলতে পারবে না যে রাতে সিল মেরেছে। কারণ ব্যালট পেপার কেন্দ্রে গেছে সকালে। যে কথাটা তারা সারা দিন বলে বেড়াত, সেই কথাটা বলার আর সুযোগ নেই।’শেখ হাসিনা বলেন, ‘ভোটের অধিকার জনগণের হাতে তুলে দিতে পেরেছি, সেটিই আমাদের সবচেয়ে আনন্দের। আগে ভোটের অধিকার জনগণের হাতে ছিল না, বন্দি ছিল ক্যান্টনমেন্টে।’শীতের সকাল অপেক্ষা করে ভোটকেন্দ্রগুলোতে বিপুলসংখ্যক ভোটের উপস্থিতির বিষয়টি উল্লেখ করে শেখ হাসিনা বলেন, ‘বিশেষ করে নারী যারা তাদের আমরা ধন্যবাদ জানাই যে, এবারে নির্বাচনে নারী ভোটারদের উপস্থিতি ছিল অত্যন্ত স্বতঃস্ফূর্ত। আমরা যে নারীর ক্ষমতায়নে অনেক কিছু করেছি, এটিই তার প্রমাণ।’দেশজ উৎপাদন বাড়ানোর গুরুত্বারোপ করে তিনি বলেন, ‘আমাদের উৎপাদন বাড়াতে হবে। নিজেদের পায়ে নিজেদের দাঁড়াতে হবে। নিজেদের উৎপাদন নিজেরা করতে হবে। অনেকেরই চক্রান্ত-ষড়যন্ত্র আছে যে, দুর্ভিক্ষ ঘটাবে, অমুক করবে, তমুক করবে। সেটি যাতে কোনোভাবে করতে না পারে, সে জন্য আমাদের এখন থেকেই সচেতন থাকতে হবে।’ তিনি বলেন, ‘আমাদের কোনো মাস্টার নেই। বাংলাদেশের জনগণই আমাদের মাস্টার। বাংলাদেশের জনগণই আমাদের শক্তি। আর বাংলাদেশের জনগণ আমাদের আস্থা ও বিশ্বাস। এই বিশ্বাস নিয়েই আমাদের সামনের দিকে এগিয়ে যেতে হবে।’শেখ হাসিনা বলেন, ‘নানা ধরনের ষড়যন্ত্র হয়েছে, নির্বাচন হতে দেবে না। মুরব্বিদের (বিদেশি) পরামর্শে চললে বাংলাদেশের আর চলা লাগবে না। যদি সৎ পরামর্শ হয়, সেটি ভালো কথা।’আওয়ামী লীগ সভাপতি বলেন, ‘তারা নির্বাচন হতে দেবে না, তাদের কিছু মুরব্বি আছে, বাংলাদেশের মানুষকে তারা চেনে না। জাতির পিতা বঙ্গবন্ধু বলেছিলেন- বাংলাদেশের মানুষকে দাবায় রাখতে পারবে না, ৭ জানুয়ারি বাংলাদেশের মানুষ সেটি প্রমাণ করে দিয়েছে। তিনি বলেন, আমাদের কোনো প্রভু নেই। বাংলাদেশের জনগণই আমাদের শক্তি।’শেখ হাসিনা বলেন, ’৭৫-এর পর বাংলাদেশে যত নির্বাচন হয়েছে, তার মধ্যে এ নির্বাচন সবচেয়ে সুশৃঙ্খল, সুষ্ঠু, অবাধ, নিরপেক্ষ, প্রতিযোগিতামূলক ও অংশগ্রহণমূলক। বাংলাদেশের ইতিহাসে এ নির্বাচন স্বর্ণাক্ষরে লেখা থাকবে।’নির্বাচনে জয় পাওয়ায় শেখ হাসিনাকে শুভেচ্ছা জানিয়েছেন তার ছোট বোন শেখ রেহানা। শেখ হাসিনা তাকে বুকে নিয়ে কপালে চুম্বন দেন। এ সময় নেতাকর্মীরা আবেগাপ্লুত হয়ে পড়েন।অনুষ্ঠানের শেষ দিকে শেখ হাসিনা ও শেখ রেহানা একসঙ্গে ‘জয় বাংলা’, ‘জয় বঙ্গবন্ধু’ সেøাগান ধরেন। তাদের সঙ্গে নেতাকর্মীরাও সেøাগানে তোলেন।",1,1,0,1,False
" তথ্যমন্ত্রী ও আওয়ামী লীগের যুগ্ম সাধারণ সম্পাদক ড. হাছান মাহমুদ বলেছেন, সারাদেশের মানুষ উৎসাহ-উদ্দীপনা নিয়ে ভোট প্রদান করেছে। বিএনপিসহ যারা ভোট বর্জনের আহ্বান জানিয়েছিল, তাদের জনগণ প্রত্যাখ্যান করেছে। তিনি বলেন, ভারতসহ সার্কভুক্ত এবং ওআইসিভুক্ত দেশগুলোর পর্যবেক্ষকরা সংবাদ সম্মেলন করে বলেছেন- নির্বাচন সুষ্ঠু ও নিরপেক্ষ হয়েছে। নির্বাচন নিয়ে জাতিসংঘের মানবাধিকার হাইকমিশনারের বিবৃতিকে একপেশে উল্লেখ করে তথ্যমন্ত্রী বলেন, এই বিবৃতি তখনই গ্রহণযোগ্য হতো, যদি সেখানে নির্বাচনকে প্রতিহত করতে মানুষ পুড়িয়ে হত্যার নিন্দা জানানো হতো।‘নির্বাচন নিয়ে যুক্তরাষ্ট্রের বিবৃতি খানিক নেতিবাচক’- এমন প্রশ্নের জবাবে তথ্যমন্ত্রী বলেন, যুক্তরাষ্ট্রের পর্যবেক্ষকরাও নির্বাচনের প্রশংসা করেছেন। বিশ্ব প্রেক্ষাপটে দেখেছি- চীন ও রাশিয়া যা বলে, যুক্তরাষ্ট্র তার উল্টোটা বলে। ভারত, চীন ও রাশিয়া একযোগে বলেছে- নির্বাচন সুষ্ঠু হয়েছে। তারা যদি না বলত, তা হলে হয়তো যুক্তরাষ্ট্রের বিবৃতিটা অন্যরকম হতো। ভোটের হার প্রসঙ্গে তিনি বলেন, তিন দিন ছুটি পাওয়ায় অনেকেই গ্রামে চলে গেছে। তাই শহরাঞ্চলে ভোটের হার কম ছিল।",1,1,0,1,False
" দ্বাদশ সংসদ নির্বাচনে যশোর-৬ (কেশবপুর) আসনে নির্বাচিত স্বতন্ত্র প্রার্থী খন্দকার আজিজুল ইসলাম আজিজ (২৮) ৩শ আসনের মধ্যে সর্বকনিষ্ঠ বলে জানা গেছে। নৌকার হ্যাভিওয়েট প্রার্থী জেলা আওয়ামী লীগের সাধারণ সম্পাদক শাহিন চাকলাদারকে হারিয়ে তিনি নির্বাচিত হন। সাবেক জনপ্রশাসন প্রতিমন্ত্রী ইসমাত আরা সাদেকের মৃত্যুতে আসনটি শূন্য হলে শাহিন চাকলাদার ২০১৭ সালে উপনির্বাচনে এমপি হন। এরপর তার হুমকিতে আড়াই বছর কেশবপুর ছেড়ে থাকতে বাধ্য হন আজিজ। এবার শাহিনের হুমকি-ধমকিকে উপেক্ষা করে নীরব ভোট বিপ্লবের মাধ্যমে এমপি নির্বাচিত হন তিনি।কেশবপুর পৌরসভার ৮নং ওয়ার্ডের ব্রহ্মকাটি গ্রামের মৃত খন্দকার রফিকুজ্জামান ও ফরিদা বেগমের ৪ ছেলে ও ৫ মেয়ের মধ্যে আজিজ ছোট ছেলে। ছাত্রজীবন থেকে তিনি আওয়ামী লীগের রাজনীতির সঙ্গে সক্রিয় ছিলেন। আজিজ বলেন, আমি সব ভেদাভেদ ভুলে সবাইকে নিয়ে উন্নয়নের ধারা অব্যাহত রাখতে চাই।",1,1,0,1,False
" দ্বাদশ জাতীয় সংসদ নির্বাচনের পর বিদেশি কূটনীতিক, পর্যবেক্ষক এবং গণমাধ্যমকর্মীদের সঙ্গে প্রথমবারের মতো সাক্ষাৎ ও কুশল বিনিময় করেছেন পররাষ্ট্রমন্ত্রী ড. একে আবদুল মোমেন। গতকাল মঙ্গলবার বিকালে রাজধানীর ফরেন সার্ভিস একাডেমিতে তিনি সবার উদ্দেশে নির্বাচন নিয়ে ব্রিফ করেন। পরে পররাষ্ট্রমন্ত্রী জানান, নির্বাচন নিয়ে যুক্তরাষ্ট্র ও যুক্তরাজ্যের দেওয়া বিবৃতির বিষয়ে চিন্তা করছে না সরকার।বিদেশি কূটনীতিকদের সঙ্গে বৈঠকের বিষয়ে পররাষ্ট্রমন্ত্রী মোমেন বলেন, আজকের এই অনুষ্ঠানটা হচ্ছে জাস্ট মিটিংয়ে বসা। অনেকের সঙ্গে সাক্ষাৎ। আর দেশে কী হচ্ছে না হচ্ছে- এটা আপনারা (সাংবাদিকরা) ভালো জানেন।দ্বাদশ জাতীয় সংসদ নির্বাচন নিয়ে পররাষ্ট্রমন্ত্রী বলেন, আমরা খুশি যে, একটা অবাধ, সুষ্ঠু, গ্রহণযোগ্য ও সংঘাতহীন নির্বাচন করেছি। জনগণ রায় দিয়েছে, দ্যাটস এনাফ। আমাদের আর কিছু দরকার নেই।যুক্তরাষ্ট্র ও যুক্তরাজ্য বলেছে গ্রহণযোগ্য নির্বাচন... এক সাংবাদিকের এমন প্রশ্ন শেষ হওয়ার আগেই মোমেন বলেন, ওগুলো নিয়ে আমাদের চিন্তা নেই, আমাদের জনগণ রায় দিয়েছে এবং অন্যান্য দেশ আমাদের সপক্ষেই এসেছে। সবাই বলেছে, দেশে ফ্রি, ফেয়ার, ট্রান্সপারেন্ট ও নন ভায়োলেন্ট ইলেকশন হয়েছে। ইলেকশন কমিশনকে সবাই ধন্যবাদও দিয়েছে। দ্যাটস ইট, অ্যান্ড উই আর ভেরি হ্যাপি উইথ ইট।উল্লেখ্য, মার্কিন পররাষ্ট্র দপ্তর এক বিবৃতিতে বাংলাদেশের দ্বাদশ জাতীয় সংসদ নির্বাচন অবাধ বা সুষ্ঠু হয়নি উল্লেখ করে নির্বাচনে সব দল অংশগ্রহণ না করায় হতাশা প্রকাশ করেছে। অন্যদিকে, যুক্তরাজ্য এক বিবৃতিতে জানিয়েছে, নির্বাচনে সব দল অংশ নেয়নি, সে কারণে বাংলাদেশের মানুষের ভোট দেওয়ার যথেষ্ট বিকল্প ছিল না।এদিকে, বাংলাদেশের দ্বাদশ সংসদ নির্বাচন নিয়ে প্রতিক্রিয়া জানিয়ে নিজেদের অবস্থান তুলে ধরেন জার্মানির রাষ্ট্রদূত আখিম ট্র্যোস্টার, চীনা রাষ্ট্রদূত ইয়াও ওয়েন ও ইউরোপীয় ইউনিয়নের (ইইউ) রাষ্ট্রদূত চার্লস হোয়াইটলি। সাক্ষাৎ ও কুশল বিনিময় অনুষ্ঠানের ফাঁকে নির্বাচন নিয়ে সাংবাদিকদের প্রশ্নের জবাবে নিজেদের অবস্থান তুলে ধরেন এ তিন রাষ্ট্রদূত।জার্মানির রাষ্ট্রদূত বলেন, নির্বাচন শান্তিপূর্ণ হয়েছে বলে আমরা খুশি। বিশ্বস্ত অংশীদার হিসেবে নতুন বছরে বাংলাদেশের জনগণের পাশে থাকবে জার্মানি। বাংলাদেশের সঙ্গে আগামী দিনের উন্নয়ন সহযোগিতা আরও বাড়বে বলে প্রত্যাশা করছি। চীনের রাষ্ট্রদূত বলেন, চ্যালেঞ্জ সত্ত্বেও বাংলাদেশ সরকার নির্বাচন করতে পেরেছে বলে আমরা অভিনন্দন জানাই। এটা গণতন্ত্র ও জনগণের বিজয়। চীন বাংলাদেশের বিশ্বস্ত অংশীদার হিসেবে পাশে থাকবে।অন্যদিকে, ইইউ রাষ্ট্রদূত বলেন, এখনই নির্বাচন নিয়ে কোনো মন্তব্য করতে চাই না। এ বিষয়ে সপ্তাহখানেকের মধ্যে ইউরোপীয় ইউনিয়ন থেকে একটি বিবৃতি ইস্যু করা হবে।সাক্ষাৎ ও কুশল বিনিময় অনুষ্ঠানে বাংলাদেশে নিযুক্ত মার্কিন রাষ্ট্রদূত পিটার হাস, ব্রিটিশ হাইকমিশনার সারাহ কুকসহ প্রায় ৫০ দেশের রাষ্ট্রদূত বা হাইকমিশনার উপস্থিত ছিলেন।",1,1,0,1,False
" দ্বাদশ জাতীয় সংসদ নির্বাচনে বাংলাদেশের ওয়ার্কার্স পার্টি শুধুমাত্র জিতেছেন দলীয় সভাপতি সভাপতি রাশেদ খান মেনন। নিজেকে ‘হারাধনের একটি ছেলে’ ও দ্বাদশ জাতীয় সংসদ নির্বাচনে নিজের বিজয়কে বিস্ময়কর বলছেন এ বাম নেতা।আজ বুধবার বিজয়ী সংসদ সদস্যদের (এমপি) শপথগ্রহণ অনুষ্ঠানে সাংবাদিকদের সঙ্গে আলাপকালে এ কথা বলেন তিনি।নিজেকে ‘হারাধনের একটি ছেলে’ সম্বোধন করে রাশেদ খান মেনন বলেন, ‘হারাধনের একটি ছেলে। টেকাটাই গুরুত্বপূর্ণ। সংগ্রাম করে টিকে থাকাটা বড় ব্যাপার! বিশেষ করে আমরা যারা সাধারণ মানুষের সঙ্গে মিশি-চলি, যাদের অর্থবিত্ত নেই, তাদের এ ধরনের নির্বাচনে বেরিয়ে আসা কঠিন কাজ।’ওয়ার্কার্স পার্টির শীর্ষ নেতা বলেন, ‘আমার বিজয়টা এবার বিস্ময়কর লেগেছে! কারণ আমি ৭৩ সাল থেকে এ পর্যন্ত নির্বাচন করে এবারই সর্ববৃহৎ ব্যবধানে জিতেছি। প্রায় ৯০ হাজার ভোটে আমি জিতেছি। ভোটে মানুষের স্বতঃস্ফূর্ততা আমার ভালো লেগেছে।’ঢাকা-৮ আসন ছেড়ে নিজের এলাকায় অর্থাৎ বরিশাল-২ (উজিরপুর-বানারীপাড়া) আসনে নির্বাচন করার বিষয়ে জানতে চাইলে মেনন বলেন, ‘এই আসনে ১৯৯১ সালেও আমি এমপি ছিলাম। সেখানে পিছিয়ে থাকা লোকজন রয়েছে। তার পরও আমি মনে করেছি যে, মানুষ আমাকে পুরোনোভাবেই গ্রহণ করেছে আর সেভাবেই তারা আমাকে দেখতে চায়।’বরিশাল-২ আসনে ১৪ দলীয় জোটের প্রার্থী হিসেবে নৌকা প্রতীক নিয়ে নির্বাচন করে ১ লাখ ২২ হাজার ১৭৫টি ভোট পান মনেন। তার নিকটতম প্রতিদ্বন্দ্বী স্বতন্ত্র প্রার্থী এ কে ফাইয়াজুল হক ঈগল প্রতীক নিয়ে পেয়েছেন ৩১ হাজার ৩৯৭ ভোট।",1,1,0,1,False
" সাবেক পানিসম্পদ প্রতিমন্ত্রী ও জেলা আওয়ামী লীগের সাবেক সভাপতি ও টানা চারবারের সংসদ সদস্য লে. কর্নেল (অব) মোহাম্মদ নজরুল ইসলাম হিরু বীরপ্রতীককে এবার মন্ত্রী হিসেবে দেখতে চান নরসিংদীবাসী। দ্বাদশ জাতীয় সংসদ নির্বাচনে নরসিংদী-১ (সদর) আসন থেকে টানা চতুর্থবারের মতো বিপুল ভোটে এমপি নির্বাচিত হন তিনি।দশম জাতীয় সংসদ নির্বাচনের পর প্রধানমন্ত্রী শেখ হাসিনা পানিসম্পদ মন্ত্রণালয়ের প্রতিমন্ত্রী হিসেবে দায়িত্বে দেন নজরুল ইসলামকে। তিনি প্রতিমন্ত্রী থাকার সময় গত পাঁচ বছরে নরসিংদী সদরসহ জেলাব্যাপী, এমনকি দেশব্যাপী পানিসম্পদ মন্ত্রণালয় থেকে ব্যাপক কাজ করে প্রধানমন্ত্রী শেখ হাসিনার আস্থা অর্জন করেছেন বলে মনে করেন দলীয় নেতাকর্মীরা।নেতাকর্মীরা জানান, নজরুল ইসলাম শহীদ পরিবারের সন্তান। মহান মুক্তিযুদ্ধে বীরত্বপূর্ণ ভূমিকা রাখায় তাকে বীরপ্রতীক খেতাবে ভূষিত করে সরকার। নতুন মন্ত্রিসভায় প্রধানমন্ত্রী শেখ হাসিনার গুডবুকে রয়েছে মোহাম্মদ নজরুল ইসলামের নাম। এ জন্য তিনি মন্ত্রিত্ব পেতে পারেন।সদর উপজেলার নজরপুর ইউনিয়নের চেয়ারম্যান বাদল সরকার বলেন, চরাঞ্চলে প্রায় ১০০ কোটি টাকা দিয়ে মেঘনা নদীর ওপর শেখ হাসিনা সেতু স্থাপন করা হয়েছে। এটা শুধু পানিসম্পদ প্রতিমন্ত্রীর কারণেই হয়েছে। তাই প্রধানমন্ত্রীর কাছে নরসিংদীবাসীর দাবি- এবার হিরু ভাইকে পূর্ণমন্ত্রী করুন। নরসিংদী বাসি অনেক উপকৃত হবেন। সেই সাথে নরসিংদী সহ দেশের বিভিন্ন উন্নয়নে অংশীদার হতে পারবেন তিনি।এছাড়া নরসিংদী জেলা আওয়ামী লীগের নেতাকর্মী থেকে শুরু করে সর্বসাধারণ মানুষ সৎ এবং গ্রহণযোগ্য হীরুকে মন্ত্রী হিসেবে দেখতে চায়।",1,1,0,1,False
" দ্বাদশ জাতীয় সংসদ নির্বাচন নিয়ে বিবৃতি দিয়েছেন মার্কিন সিনেটের হুইপ ডিক ডারবিন, সিনেটর জেফ মার্কলি, টিম কেইন ও পিটার ওয়াচ। গণতন্ত্র সমুন্নত রাখার অঙ্গীকার পূরণে প্রধানমন্ত্রী শেখ হাসিনাকে আহ্বান জানিয়েছেন তারা।আজ বুধবার নিজের অফিসিয়াল এক্স একাউন্টে এক পোস্টে এই বিবৃতি শেয়ার করেন সিনেটর ডিক ডারবিন।বিবৃতিতে সিনেটররা বলেন, ‘আমরা প্রধানমন্ত্রী শেখ হাসিনাকে তার গণতন্ত্র সমুন্নত রাখার অঙ্গীকার বাস্তবায়নের আহ্বান জানাই। গণতান্ত্রিক প্রতিষ্ঠানগুলো অপব্যবহার রোধ ও বাকস্বাধীনতা নিশ্চিত করতে হবে। আমরা সব দলকে সহিংসতার বিরুদ্ধে অবস্থান নিয়ে কার্যকর সংলাপের আহ্বান জানাই।’গত ৭ জানুয়ারির ভোট নিয়ে সিনেটররা আরও বলেন, ‘এদিন শান্তিপূর্ণভাবে কোটি কোটি বাংলাদেশি তাদের ভোটাধিকার প্রয়োগ করেন। কিন্তু এই নির্বাচন ও নির্বাচন পূর্ববর্তী প্রক্রিয়ায় বিরোধী দলের সহিংসতা শিকার হয়। মূল বিরোধী দলের নির্বাচনে অংশ না নেওয়াও হতাশাজনক। নির্বাচনকে ঘিরে বিরোধীদলীয় নেতা ও সুশীল সমাজের কর্মীরা হয়রানি ও গণগ্রেপ্তারের শিকার হয়েছেন।’  সহিংসতাকারীদের শাস্তির আওতায় আনার আহ্বান জানিয়ে সিনেটররা বলেন, ‘নির্বাচনের পর বাকস্বাধীনতা ও সুশীল সমাজের অধিকার চর্চাকে অবশ্যই সুরক্ষিত রাখতে হবে।",1,1,0,1,False
" জাতির পিতা বঙ্গবন্ধু শেখ মুজিবুর রহমানের ঐতিহাসিক স্বদেশ প্রত্যাবর্তন দিবসে রাজধানীর সোহরাওয়ার্দী উদ্যানে আওয়ামী লীগ আয়োজিত জনসভায় যোগ দিয়েছেন দলটির সভাপতি ও প্রধানমন্ত্রী শেখ হাসিনা। আজ বুধবার বিকেল ৪টার দিকে সভাস্থলে উপস্থিত হন তিনি। দ্বাদশ জাতীয় সংসদ নির্বাচনে জয়ের পর এটিই তার প্রথম জনসভা।আজ দুপুর থেকে বিভিন্ন গেট দিয়ে সোহরাওয়ার্দী উদ্যানের ভেতরে প্রবেশ করেন আওয়ামী লীগ নেতাকর্মীরা। এ সময় আওয়ামী লীগের নেতাকর্মীদের নানা ধরনের স্লোগান দিতে দেখা যায়।আওয়ামী লীগ ছাড়াও যুবলীগ, স্বেচ্ছাসেবক লীগ, শ্রমিক লীগ, ছাত্রলীগসহ দলটির বিভিন্ন অঙ্গ-সহযোগী সংগঠনের নেতাকর্মীরা ব্যানার, প্ল্যাকার্ড নিয়ে এসেছেন সোহরাওয়ার্দী উদ্যানের জনসভায়। ঢাকা মহানগরের বিভিন্ন থানা, ওয়ার্ড ও ইউনিটের নেতারাও ব্যানার-প্ল্যাকার্ড ও পতাকা নিয়ে এসেছেন।জাতির পিতা বঙ্গবন্ধু শেখ মুজিবুর রহমান ১৯৭২ সালের ১০ জানুয়ারি স্বাধীন বাংলাদেশে ফেরেন। দিনটিকে ঐতিহাসিক স্বদেশ প্রত্যাবর্তন দিবস হিসেবে পালন করা হয়।উল্লেখ্য, দ্বাদশ জাতীয় সংসদ নির্বাচনে দুই তৃতীয়াংশ সংখ্যাগরিষ্ঠতা নিয়ে টানা চতুর্থবারের মতো সরকার গঠন করতে যাচ্ছে আওয়ামী লীগ। ২৯৮টি আসনের ঘোষিত ফলে দেখা গেছে ২২২টি আসন পেয়েছে দলটি। সংসদ সদস্য হিসেবে আজ আওয়ামী লীগ, অন্যান্য দলীয় ও স্বতন্ত্রভাবে নির্বাচিতরা শপথগ্রহণ করেছেন।",1,1,0,1,False
" পঞ্চমবারের মত নরসিংদী ৪ (মনোহদী-বেলাব) আসনে সংসদ সদস্য নির্বাচিত হয়েছেন সফল শিল্পমন্ত্রী অ্যাডভোকেট নূরুল মজিদ মাহমুদ হুমায়ূন। এলাকায় ব্যাপক উন্নয়ন, আইনশৃঙ্খলা পরিস্থিতি নিয়ন্ত্রণ, গরীব দুঃখী ও মেহনতি মানুষের কল্যাণে কাজ করে যাওয়ার প্রতিদান দিয়েছে নরসিংদী-৪ মনোহরদী-বেলাবো আসনের ভোটাররা। তাই উন্নয়নের ধারাবাহিকতা বজায় রাখার জন্য নারী পুরুষ-বৃদ্ধ বনিতা সকলেই একযোগে নৌকা মার্কায় ভোট দিয়ে শিল্পমন্ত্রী অ্যাডভোকেট নূরুল মজিদ মাহমুদ হুমায়ূনকে বিজয়ী করেছেন।এরপর থেকেই বর্ণাঢ্য রাজনীতি জীবনের অধিকারী দুঃসময়ে দলকে নেতৃত্ব দেওয়া সফল শিল্পমন্ত্রী হুমায়ূনকে নরসিংদী জেলা আওয়ামীলীগসহ বিভিন্ন মহল থেকে আবারও মন্ত্রীসভায় স্থান দেওয়ার দাবি উঠেছে। শিল্প মন্ত্রণালয়ের দায়িত্ব সফলতার সাথে পালন ও মেগা প্রকল্পগুলো সুন্দরভাবে সম্পাদন করে প্রধানমন্ত্রী শেখ হাসিনার গুডবুকে নাম থাকায় সম্ভাব্য মন্ত্রীসভার তালিকায় আলোচিত হচ্ছে বর্ষিয়ান এ রাজনীতিবিদের নাম।আজীবন এলাকার মানুষদের কল্যাণে নিবেদিত প্রাণ হিসেবে কাজ করে যাওয়া আওয়ামী লীগের পোড়খাওয়া প্রবীণ এই নেতা ১৯৮৬ সালে প্রথম নরসিংদী-৪ আসনের এমপি নির্বাচিত হন। পরে তিনি কেন্দ্রীয় আওয়ামী যুবলীগের ভারপ্রাপ্ত চেয়ারম্যানের দায়িত্ব পালন করেন। তার পর ২০০৮ সাল থেকে টানা ২০২৪ সাল পর্যন্ত পরপর ৪ বার এই আসনের ভোটাররা জনগণের প্রতিনিধি হিসেবে তাকে নির্বাচিত করেন। ২০০৪ সালের ২১ আগস্ট প্রধানমন্ত্রী শেখ হাসিনার সভাস্থলে গ্রেনেড হামলায় গুরুতর আহত হন শিল্পমন্ত্রী হুমায়ূন।দীর্ঘ ১৯ বছর ধরে স্প্রিন্টারের গুলি শরীরে বহন করে জীবনযাপন করে যাচ্ছেন। ২০১৮ সালে মাননীয় প্রধানমন্ত্রী শেখ হাসিনা এমপি হুমযূনকে শিল্প মন্ত্রণালয়ের দায়িত্ব প্রদান করেন। ৫ বছরে তিনি সফলভাবে শিল্প মন্ত্রণালয়ের দায়িত্ব পালন করেছেন। কৃষকদের কল্যাণে এই মন্ত্রণালয়ে থেকে সাড়ে ১৫ হাজার কোটি টাকা ব্যয়ে দক্ষিণ এশিয়ার বৃহৎ পলাশ ঘোড়াশাল ইউরিয়া সারকারখানা নির্মাণ করেছেন। নরসিংদীতে সম্প্রসারিত বিসিক শিল্পনগরী উদ্বোধন, পুরাতন ঢাকার ঝুকিঁপূর্ণ ক্যামিকেল গোডাউন সরিয়ে ঢাকার বাইরে নেওয়া, মুন্সিগঞ্জে বিসিক ক্যামিক্যাল ইন্ডাস্টিয়াল পার্ক প্রকল্প বাস্তবায়ন, গজারিয়াতে ঔষধ শিল্পের বিকাশে ইপিআই পার্ক স্থাপন, ১০ জেলায় বিএসটিআই অফিস স্থাপন ও ২৬ জেলায় অফিসের কাজ চলমান, সার বিতরণে দেশের বিভিন্ন জায়গায় বাফার গোডাউন নির্মাণসহ বিভিন্ন প্রকল্পের কাজ সফল ভাবে বাস্তবায়ন করেছেন। গত ১৫ বছরে মনোহরদী ও বেলাব উপজেলায় কয়েক হাজার কোটি টাকার উন্নয়ন করেছেন। জানতে চাইলে নরসিংদী জেলা আওয়ামী লীগের সভাপতি জি এম তালেব হোসেন বলেন, শিল্পমন্ত্রী এ্যাডভোকেট নুরুল মজিদ মাহমুদ হুমায়ূন নরসিংদী জেলা আওয়ামী পরিবারের অভিভাবক। তাঁর নেতৃত্বে আমরা জেলার ৫টি আসনের মধ্যে ৪টিতে নৌকার বিজয় পেয়েছি। এলাকায় উন্নয়নে ভূমিকা রেখেছেন বিধায় জনগণ বিপুল ভোটে তাঁকে পুণরায় বিজয়ী করেছেন। বর্তমান সরকারের ন্যায় দ্বাদশ সংসদের মন্ত্রীসভায়ও নরসিংদী জেলায় মন্ত্রিত্ব থাকবে এটাই আমাদের প্রত্যাশা। অ্যাডভোকেট নুরুল মজিদ মাহমুদ হুমায়ূন বলেন, প্রধানমন্ত্রীর নেতৃত্বে চতুর্থ শিল্প বিল্পবের বাংলাদেশকে আমি কাঙ্ক্ষিত জায়গায় পৌঁছে দিতে চাই। আমার বিশ্বাস, আমি সফলতার সঙ্গে শিল্প মন্ত্রণালয় পরিচালনা করেছি। এবং বাকি যে কাজটুকু রয়েছে সেগুলো সমাপ্ত করতে এবং নরসিংদীবাসীর যে কাজগুলো বাকি আছে সেগুলো করার জন্য প্রধানমন্ত্রী আমাকে তার পাশে রাখবেন।",1,1,0,1,False
" প্রথমবারের মতো এমপি হয়ে নিজের অনুভূতি প্রকাশ করেছেন কল্যাণ পার্টির চেয়ারম্যান মেজর জেনারেল (অব.) সৈয়দ মুহাম্মদ ইবরাহিম। তিনি বলেন, প্রথমবারের মতো এমপি হলে ভালোই লাগে, প্রথমবার পিতা হওয়ার মতো।আজ বুধবার নতুন সংসদ সদস্য হিসেবে শপথ নিতে জাতীয় সংসদে গিয়ে সেখানে সাংবাদিকদের সঙ্গে তিনি এমন মন্তব্য করেন।ভবিষ্যৎ কর্মপরিকল্পনা সম্পর্কে সাংবাদিকরা জানতে চাইলে সৈয়দ মুহাম্মদ ইবরাহিম বলেন, এত সংক্ষেপে তাড়াহুড়ো করে বলার প্রয়োজন নেই। পরে বলবো ইনশাআল্লাহ।উল্লেখ্য, দ্বাদশ জাতীয় সংসদ নির্বাচনে কক্সবাজার-১ (চকরিয়া-পেকুয়া) আসনে ৮১ হাজার ৯৫৫ ভোট পেয়ে জয়ী হয়েছেন বাংলাদেশ কল্যাণ পার্টির চেয়ারম্যান মেজর জেনারেল (অব.) সৈয়দ মুহাম্মদ ইবরাহিম। তার নিকটতম স্বতন্ত্র প্রার্থী সাবেক সংসদ সদস্য জাফর আলম (ট্রাক গাড়ি) পেয়েছেন ৫২ হাজার ৯৮৬ ভোট।",1,1,0,1,False
" দ্বাদশ জাতীয় সংসদ নির্বাচনে সহিংসতার সুষ্ঠু তদন্তের আহ্বান জানিয়েছেন মার্কিন প্রতিনিধি পরিষদের ডেমোক্রেট সদস্য ও হাউস অব ফরেন কমিটির র্যাংকিং গ্রেগরি মিকস।আজ বুধবার নিজের এক্স (সাবেক টুইটার) অ্যাকাউন্টে পররাষ্ট্র দপ্তরের মুখপাত্র ম্যাথু মিলারের বিবৃতি শেয়ার করে তিনি এই আহ্বান জানান।গ্রেগরি মিকস বলেন, ‘সহিংসতার জন্য দায়ী ও ভোটের পরিবেশ বিনষ্টকারীদের শাস্তির আওতায় আনার যে আহ্বান পররাষ্ট্র দপ্তর জানিয়েছে, আমি তা সমর্থন করি।’ মার্কিন প্রতিনিধি পরিষদের ডেমোক্রেট সদস্য আরও বলেন, ‘বাংলাদেশ যুক্তরাষ্ট্রের গুরুত্বপূর্ণ সহযোগী। বাংলাদেশের জনগণের গণতান্ত্রিক আকাঙ্ক্ষাকে সমর্থন অব্যাহত রাখবে যুক্তরাষ্ট্র।’",1,1,0,1,False
" দ্বাদশ জাতীয় সংসদ নির্বাচনে জামালপুর-২ আসন থেকে নির্বাচিত সংসদ সদস্য (এমপি) ও নতুন মন্ত্রিসভায় জায়গা পাওয়া ফরিদুল হক খানকে প্রকাশ্যে ভোট প্রদানের অভিযোগে তলব করেছে নির্বাচন কমিশন (ইসি)। আজ বৃহস্পতিবার নির্বাচন কমিশনের পরিচালক (জনসংযোগ) মো. শরিফুল আলমের স্বাক্ষরিত এক নোটিশে তাকে তলব করা হয়।ইসির নোটিশে ফরিদুল হক খানকে বলা হয়েছে, ‘৭ জানুয়ারি অনুষ্ঠিত দ্বাদশ জাতীয় সংসদ নির্বাচনের ভোট গ্রহণের দিন আপনি জামালপুর-২ আসনের ইসলামপুর উপজেলার পলবান্ধা ইউনিয়নের সিরাজাবাদ উচ্চ বিদ্যালয় ভোটকেন্দ্রে প্রকাশ্যে ভোট দিয়েছেন। যা বিভিন্ন গণমাধ্যমে ছবিসহ প্রতিবেদন আকারে প্রকাশিত হয়েছে। প্রকাশ্যে ভোট দিয়ে ভোটের গোপনীয়তা রক্ষা না করা গণপ্রতিনিধিত্ব আদেশ ১৯৭২-এর ৮৩ অনুচ্ছেদের বিধান অনুসারে শাস্তিযোগ্য নির্বাচনী অপরাধ।’এতে বলা হয়, ‘উল্লিখিত অপরাধ সংঘটনের দায়ে আপনার বিরুদ্ধে কেন আইনি ব্যবস্থা নেওয়া হবে না, সে বিষয়ে আগামী সোমবার বিকেল ৩টায় নির্বাচন কমিশন সচিবালয়ে (নির্বাচন ভবন, কক্ষ নম্বর-৩১৪) ব্যক্তিগতভাবে হাজির হয়ে ব্যাখ্যা দেওয়ার জন্য নির্বাচন কমিশন সিদ্ধান্ত প্রদান করেছেন।’নোটিশে আরও বলা হয়, ‘বর্ণিতাবস্থায় নির্বাচন কমিশনের সিদ্ধান্ত অনুযায়ী উল্লিখিত তারিখে যথাসময় বর্ণিত স্থানে উপস্থিত হয়ে ব্যাখ্যা দেওয়ার জন্য নির্দেশক্রমে বিনীত অনুরোধ করা হলো।’",1,1,0,1,False
" টানা চতুর্থবারের মতো প্রধানমন্ত্রী হওয়ার পর আগামীকাল শনিবার প্রথমবারের মতো গোপালগঞ্জ সফরে যাচ্ছেন আওয়ামী লীগ সভাপতি শেখ হাসিনা। তিনি রবিবার ঢাকায় ফিরবেন। প্রধানমন্ত্রীর কার্যালয় থেকে পাঠানো প্রধানমন্ত্রীর দৈনিক কর্মসূচি থেকে এ তথ্য জানা গেছে।প্রধানমন্ত্রী শেখ হাসিনা তার দুই দিনের সফরের প্রথম দিন শনিবার সকাল ৯টায় রাজধানীর গণভবন থেকে সড়ক পথে গোপালগঞ্জের টুঙ্গিপাড়ার উদ্দেশে রওনা দেবেন। বেলা ১২টা নাগাদ টুঙ্গিপাড়া পৌঁছে প্রথমে তিনি তার বাবা, জাতির পিতা বঙ্গবন্ধু শেখ মুজিবুর রহমানের সমাধিসৌধের বেদিতে ফুল দিয়ে শ্রদ্ধা নিবেদন করবেন। পরে ফাতেহা পাঠ করে মোনাজাত করবেন।নামাজ ও মধ্যাহ্নভোজের বিরতি শেষ টুঙ্গিপাড়া উপজেলা আওয়ামী লীগের নেতাকর্মীদের সঙ্গে সাক্ষাৎ করবেন প্রধানমন্ত্রী। তিনি টুঙ্গিপাড়ায় রাত্রিযাপন করবেন।সফরের দ্বিতীয় দিন রবিবার দুপুর ২টায় কোটালীপাড়ার উদ্দেশে রওনা দেবেন প্রধানমন্ত্রী। দুপুর আড়াইটায় তিনি কোটালীপাড়া উপজেলা আওয়ামী লীগের নেতাকর্মীদের সঙ্গে সাক্ষাৎ করবেন। সাক্ষাৎ শেষে বিকেল সাড়ে ৪টায় তিনি সড়ক পথে ঢাকার উদ্দেশে রওনা দেবেন। সন্ধ্যা ৭টা নাগাদ তিনি ঢাকায় পৌঁছাবেন।গত ৭ জানুয়ারি অনুষ্ঠিত দ্বাদশ জাতীয় সংসদ নির্বাচনে সংখ্যাঘরিষ্ঠতা পায় আওয়ামী লীগ। দলের সভাপতি শেখ হাসিনাকে গত বুধবার প্রধানমন্ত্রী হিসেবে নিয়োগ দেন রাষ্ট্রপতি মো. সাহাবুদ্দিন। গতকাল বৃহস্পতিবার রাষ্ট্রপতি তাকে প্রধানমন্ত্রীর শপথবাক্য পাঠ করান। ",1,1,0,1,False
" আগামী সোমবার আওয়ামী লীগের যৌথ সভা অনুষ্ঠিত হবে। সোমবার বিকেল ৩টায় রাজধানীর বঙ্গবন্ধু এভিনিউস্থ দলের কেন্দ্রীয় কার্যালয়ে সভাটি অনুষ্ঠিত হবে। সভায় সভাপতিত্ব করবেন আওয়ামী লীগ সভাপতি ও প্রধানমন্ত্রী শেখ হাসিনা।আজ শনিবার আওয়ামী লীড়ের দপ্তর সম্পাদক বিপ্লব বড়ুয়া স্বাক্ষরিত সংবাদ বিজ্ঞপ্তিতে এই তথ্য জানানো হয়েছে।বিজ্ঞপ্তিতে বলা হয়, দলের কেন্দ্রীয় কার্যনির্বাহী সংসদ, উপদেষ্টা পরিষদ, ঢাকা মহানগর উত্তর-দক্ষিণ আওয়ামী লীগ এবং সব সহযোগী ও ভাতৃপ্রতীম সংগঠনসমূহের সভাপতি ও সাধারণ সম্পাদকরা এই যৌথসভায় অংশ গ্রহণ করবেন। সংশ্লিষ্ট সবাইকে যথাসময়ে সভায় উপস্থিত থাকার জন্য অনুরোধ জানানো হয়েছে।উল্লেখ্য, দ্বাদশ জাতীয় সংসদ নির্বাচনের পর এটিই আওয়ামী লীগের প্রথম যৌথসভা হবে। নির্বাচনে সংখ্যাঘরিষ্ঠতা পেয়ে সরকার গঠন করেছে আওয়ামী লীগ। দলের সভাপতি শেখ হাসিনা টানা চতুর্থবারের মতো প্রধানমন্ত্রী হয়েছেন।",1,1,0,1,False
" জনপ্রিয় চিত্রনায়ক ফেরদৌস আহমেদ। অভিনয় করে পেয়েছেন চারবার জাতীয় চলচিত্র পুরস্কার। প্রথমবার প্রার্থী হয়েই দ্বাদশ জাতীয় সংসদ নির্বচনে হয়েছেন জয়ী। এখন তিনি চিত্রনায়ক থেকে জননায়ক। বিভিন্ন বিষয়ে কথা হয় তার সঙ্গে। সাক্ষাৎকার নিয়েছেন- ফয়সাল আহমেদচিত্রনায়ক থেকে জননায়ক হলেন। অনুভূতিটা নিশ্চয়ই একমদই আলাদা?নির্বাচনে যখন প্রার্থী হওয়ার ফরম পূরণ করলাম তখন অনুভূতিটা ছিল, পাবলিক বিশ্ববিদ্যালয়ের কোনো ভর্তি পরীক্ষায় অংশ নেওয়ার মতো। যখন প্রার্থী হিসেবে আমার নাম ঘোষণা করা হলো তখন মনে পড়ছে ভর্তি পরীক্ষায় উত্তীর্ণ হওয়ার পরের অনুভূতির কথা। আসলে জীবনের অনুভূতিগুলো ফিরে ফিরে আসে। একটার সঙ্গে অন্যটার যোগসূত্র থাকে ঠিকই কিন্তু অনুভূতিটা উদযাপন হয় আলাদাভাবে।যেমন সিনেমার সঙ্গে বাস্তবতার একটা যোগসূত্র থাকলেও এদের কখনো এক করা যায় না, এমন কিছু?হুম। সে রকমই কিছু। মানুষ আমাকে চেনেন একজন নায়ক হিসেবে। আমার অভিনয় তাদের ভালো লেগেছে বলেই তারা আমাকে আপন করে নিয়েছেন। কিন্তু বাস্তবতাটা আরও অনেক আবেগপ্রবণ ছিল।কী রকম?মাননীয় প্রধানমন্ত্রী আমার ওপর আস্থা রেখেছেন, বিশ্বাস রেখেছেন, আমার বিশ্বাস ছিল এ দেশের মানুষও আমার প্রতি আস্থা রাখবেন। কিন্তু সাধরাণ মানুষ যে আমাকে এতটা ভালোবাসেন, এটা তাদের সঙ্গে দেখা না হলে বুঝতাম না। দেখলাম তারা আমার সব খবর রাখেন। একেকজন আমাকে কথা দিয়েছেন যে তারা ভোট দিতে যাবেন। হুইলচেয়ারে করে বেশ কয়েকজন ভোট দিতে গেছেন। দেখে আমার চোখে পানি চলে এসেছে। আমি একজনকে বলেছিলাম, আপনি চলে যান। তিনি বলেছেন, ‘না, আমি জীবনের শেষ ভোটটা তোমাকে দিয়ে যাব।’ মুক্তিযোদ্ধারা আমাকে বুকে জড়িয়ে ধরে বলেছেন, ‘আপনাকে ভোট দেব।’ নতুন ভোটাররা বলছেন, ‘আমি নায়ককে ভোট দেব।’ এক ভদ্রমহিলা অনেক ভিড়ের মধ্যে এসে আমাকে বলছিলেন, ‘আমি আপনাকে ভোট দিতে চাই, কিন্তু আমি তো চুয়াডাঙ্গার ভোটার। আমাকে একটু বদলাইয়ে এখানে নিয়ে আসেন।’ তবে এটা বলতে দ্বিধা নেই যে, নভেম্বর মাসের শেষ থেকে খুবই অল্প সময়ের মধ্যে পুরো বিষয়টা ঘটল। এখনো বিশ্বাস করতে পারছি না। আমার কাছে পুরো জার্নিটাই নতুন।এত দিন আপনার বলা সংলাপগুলো সাধারণ মানুষ বলেছেন, এবার তাদের কথাগুলো নিশ্চয়ই আপনি বলবেন?অবশ্যই বলব। শুনব আগে। বলব পরে। আমি আমার কথা বলতে নির্বাচন করিনি। নির্বাচন করেছি সাধারণ মানুষের কথা বলতে। আমার নির্বাচনী আসনের (ঢাকা-১০) মানুষের যে অবস্থা আমি দেখেছি, যা যা আমাকে তারা বলেছেন, সবই সংসদে তুলে ধরার চেষ্টা করব। অনেক বড় সমস্যা হচ্ছে ট্রাফিক জ্যাম। ধানমন্ডি লেকের সংস্কারের একটা ব্যাপার আছে। মাঠগুলো আরও আধুনিক করা, স্মার্ট মাঠ করে তোলা সম্ভব। প্রচুর রেস্টুরেন্ট ও দোকানপাট আছে, এগুলোর সঠিক ব্যবহার দরকার। আবার হাজারীবাগের ওদিকের কিছু কাজ, রাস্তাঘাটের সমস্যা, পানির সমস্যা, জলাবদ্ধতা ইত্যাদি থেকে আপাতত যেগুলো সমাধান করা সম্ভব, তা করব। সুদূরপ্রসারী কাজের পরিকল্পনাও করতে হবে। নায়ক হিসেবে আমি সবার। কিন্তু জননায়ক হিসেবে আমি ২০ লাখ পরিবারের দায়িত্ব নিয়েছি। তাদের সবার কথাবার্তা শুনে, তারপর সামনের দিকে যেতে হবে। ব্যারিস্টার ফজলে নূর তাপস আছেন, যেকোনো ভিড়ের মধ্যেও তিনি আমার হাতটা ধরে থাকতেন। আমি সব সময় চাই, তার এই হাত যেন সব সময় আমার সঙ্গে থাকে। আমার ওখানে এমনও নেতা আছেন, যারা ৪৫ বছর ধরে রাজনীতি করছেন, কেউ কেউ মনোনয়নপ্রাপ্য। তাদের সবাইকে বড় আপা (মাননীয় প্রধানমন্ত্রী শেখ হাসিনা) যখন বলেছেন আমার জন্য কাজ করতে, তারা ঝাঁপিয়ে পড়েছেন।এখন আপনার মূল কাজটি তা হলে কী?আমি নির্বাচনী এলাকার মানুষের পাশে থাকতে চাই। তাদের সুখে-দুঃখে পাশে থেকে ভালো কিছু করার স্বপ্ন দেখি। আশা করছি আমি পারব। জনগণ ভোট দিয়ে আমাকে পাস করিয়েছেন। তাদের জন্য কাজ করাই এখন আমার মূল কাজ। এখন আমার সব ভাবনা জনগণকে নিয়ে। রাজনীতিতে পথচলা যেন সুন্দর হয়, সেজন্য সবার দোয়া প্রত্যাশা করছি। সবার জন্য কাজ করে সুন্দর একটা উদাহরণ সৃষ্টি করব আশা করছি। আমি মানুষের জন্য কাজ করতে চাই। এটা নতুন জীবন। আমি যতদিন বাঁচব, সাধারণ মানুষের কথা আগে ভাবব, তাদের জন্য আগে কাজ করব। সাধারণ মানুষ বিশ্বাস করে আমাকে ভোট দিয়েছেন, তাদের সম্মান ও বিশ্বাস রাখব।এই কাজ করতে নিশ্চয়ই শিল্পীবন্ধুদের পাশে পাবেন?শুরু থেকেই শিল্পীবন্ধুরা আমাকে যথেষ্ট সহযোগিতা করেছেন। অরুণা বিশ্বাস, রিয়াজ, তারিন, অপু বিশ্বাস, নিপুণ, সুইটি, সাবা, ভাবনা, সজল থেকে শুরু করে অনেকেই। ফেরদৌসী মজুমদার, রামেন্দু মজুমদার, আবদুল্লাহ আবু সায়ীদ, হানিফ সংকেত, আফজাল হোসেন, সুবর্ণা মুস্তাফা, তুষার খান, আহসানুল হক মিনুসহ অনেকেই সহযোগিতা করেছেন। ভোটের সময় তাদের এই সমর্থন আমাকে সাহস ও প্রেরণা জুগিয়েছে। আগামীর পথটাও সবাই মিলে চলব ইনশাল্লাহ।চারবার জাতীয় চলচ্চিত্র পুরস্কারপ্রাপ্ত নায়ক আপনি। এখন কি অভিনয় করবেন?কেন্দ্রীয় চরিত্র ছাড়া অভিনয় করব না। আমার ক্যারিয়ারে নেগেটিভ কিছু হবে, তেমন চরিত্রে অভিনয় করব না। অভিনয় করে অনেক মানুষের ভালোবাসা পেয়েছি। অভিনয়ের জন্যই আমি নেতা হতে পেরেছি।",1,1,0,1,False
" এক বছরের বেশি সময় ধরে নেই কুমিল্লা বিশ্ববিদ্যালয় (কুবি) শিক্ষক সমিতির কোনো কার্যনির্বাহী পরিষদ। গত বছরের ১ ডিসেম্বর অধ্যাপক ড. দুলাল চন্দ্র নন্দী ও সহযোগী অধ্যাপক ড. মো. মোকাদ্দেস-উল-ইসলামের কমিটি নির্বাচন দিলেও শিক্ষকদের দ্বন্দ্বে সেই নির্বাচন স্থগিত হয়। এরপর আর আলোর মুখ দেখেনি বিশ্ববিদ্যালয়ের শিক্ষক সমিতি।শিক্ষক সমিতির গঠনতন্ত্রের ১০ ধারার ‘ক’ তে বলা হয়েছে, কার্যনিবাহী পরিষদের নির্বাচন প্রতি বছরের ১ থেকে ১৫ ডিসেম্বরের মধ্যে সম্পন্ন করতে হবে। অনিবার্য কারণবশত যদি এই সময়ের মধ্যে নির্বাচন করা সম্ভব না হয় তবে কর্মরত কার্যনির্বাহী পরিষদ ১৬ থেকে ৩১ ডিসেম্বরের মধ্যে সমিতির সাধারণ সভা আহ্বান করবে। সেই সভায় গৃহীত সিদ্ধান্ত মোতাবেক পরবর্তী ব্যবস্থা গ্রহণ করবে। তবে পূর্বের কার্যনির্বাহীর মেয়াদ না থাকায় তারা সাধারণ সভা আহ্বান করার অধিকারও হারিয়েছেন। ফলে প্রশ্ন দাঁড়িয়েছে নির্বাচন আয়োজনের উদ্যোগ গ্রহণ করবে কে?এ ব্যাপারে বিশ্ববিদ্যালয়ের বেশ কয়েকজন শিক্ষকের সঙ্গে কথা হয়। তারা নির্বাচনের ব্যাপারে আগ্রহ প্রকাশ করেন। তবে নির্দিষ্ট কোনো পন্থা বলতে পারেননি। কেউ বলছেন বিশ্ববিদ্যালয়ের জ্যেষ্ঠ শিক্ষকদের এগিয়ে আসতে।বিশ্ববিদ্যালয়ের অন্যতম জ্যেষ্ঠ শিক্ষক অধ্যাপক ড. মোহাম্মদ সৈয়দুর রহমান বলেন, ‘আমি চাই শিক্ষক সমিতির নির্বাচন ও কমিটি গঠন হোক। আমার একার কথা তো কেউ শুনবে না। কমপক্ষে দুই তৃতীয়াংশ একমত হলে একটি সাধারণ সভা ডেকে এই ব্যাপারে ব্যবস্থা নেওয়া যেত।’সামাজিক অনুষদের ডিন ও নৃবিজ্ঞান বিভাগের সহযোগী অধ্যাপক এন এম রবিউল আউয়াল চৌধুরী বলেন, ‘এ বিষয়ে সিনিয়র শিক্ষকদের এগিয়ে আসতে হবে। নির্বাচন করার উদ্যোগ নিলে এ বিষয়ে আমি সঙ্গে থাকব।’এ ব্যাপারে কেন্দ্রীয় বঙ্গবন্ধু পরিষদ একাংশের সভাপতি কাজী মোহাম্মদ কামাল উদ্দিন বলেন, ‘প্রত্যেক বছর নিয়মের মধ্যে থেকেই এটা হয়ে আসছে। আমি মনে করি, যাদের কারণে নির্বাচন ভণ্ডুল হয়েছে তাদের উচিত খুব শিগগিরই নির্বাচনের ব্যাপারে উদ্যোগ নেওয়া। অন্য কেউ উদ্যোগ নিলে আগের মতো এবারও তারা নির্বাচন বাধাগ্রস্ত করবে বলে আমার মনে হয়।’এ ব্যাপারে ড. কাজী ওমর সিদ্দিকী বলেন, ‘আমরা সেই বার আবেদন করেছিলাম, কিন্তু কিছু হয়নি। আর আমরা উদ্যোগ নেওয়ার মতো কেউ না, তবে আমরা চাই নির্বাচন হোক।’কমিটি ও নির্বাচনের ব্যাপারে বিশ্ববিদ্যালয়ের শিক্ষক সমিতির সর্বশেষ কমিটির সাধারণ সম্পাদক সহযোগী অধ্যাপক ড. মো. মোকাদ্দেস-উল-ইসলাম বলেন, ‘আমরা চেষ্টা করছি, এতদিন জাতীয় নির্বাচন ছিল। এখন অনেকেরই মতামত দেখলাম হয়তো খুব শিগগিরই কিছু একটা হবে।’",1,1,0,1,False
" বাংলাদেশে মানবাধিকার নিশ্চিতের আহ্বান জানিয়েছেন জাতিসংঘ। আজ বুধবার সংস্থাটির নিয়মিত ব্রিফিংয়ে এক প্রশ্নের জবাবে এই অবস্থানের কথা জানান সংস্থাটির মহাসচিব অ্যান্থনিও গুতেরেসের মুখপাত্র স্টিফেন দুজারিক।ব্রিফিংয়ে দুজারিককে প্রশ্ন করা হয়, ‘নির্বাচনের নামে বাংলাদেশে যেসব মানুষ নিপীড়িন ও বঞ্চিনার শিকার হচ্ছেন তাদের ব্যাপারে জাতিসংঘে মহাসচিবের অবস্থান কী? আমরা জালভোট সম্বলিত একপক্ষীয় ডামি নির্বাচন দেখেছি যা বড় রাজনৈতিক দলগুলো বর্জন করেছে। এই ব্যাপারে মহাসচিবের অবস্থান কী?’জবাবে দুজারিক বলেন, ‘আমরা আগেও বলেছি, আবারও বলছি। জাতিসংঘ মহাসচিবসব পক্ষকে সহিংসতা পরিহার করার এবং মানবাধিকার নিশ্চিত করার আহ্বান জানায়। প্রত্যেকের আইনি অধিকারকে সম্মান দিতে হবে। বাংলাদেশের অর্থনৈতিক ও গণতান্ত্রিক উন্নয়নের জন্য এটা খুবই প্রয়োজন।’বাংলাদেশের সহিংসতা নিয়ে মহাসচিব উদ্বিগ্ন বলেও জানান দুজারিক।",1,1,0,1,False
" দ্বাদশ জাতীয় সংসদ নির্বাচন নিয়ে নিজেদের পর্যবেক্ষণ তুলে ধরবেন আন্তর্জাতিক পর্যবেক্ষকরা। আজ সোমবার জাতীয় প্রেসক্লাবের ভিআইপি লাউঞ্জে সংবাদ সম্মেলনে নির্বাচন নিয়ে তারা অভিমত জানাবেন।সংবাদ সম্মেলনে উপস্থিত থাকবেন মার্কিন যুক্তরাষ্ট্র, যুক্তরাজ্য, জাপান, ইরাক, থাইল্যান্ড, শ্রীলংকা, মালদ্বীপ, নেপাল ও ভারতের পর্যবেক্ষকরা।এদিকে রবিবার সন্ধ্যায় রাজধানীর রাজধানীর সোনারগাঁও হোটেলে নির্বাচনের পরিবেশের প্রশংসা করেছেন ইসলামিক সহযোগিতা সংস্থাসহ (ওআইসি) বিভিন্ন আন্তর্জাতিক সংস্থা এবং বেশ কয়েকটি দেশের পর্যবেক্ষকেরা।ভোট পর্যবেক্ষণ শেষে রাশিয়ার কেন্দ্রীয় নির্বাচন কমিশনার আন্দ্রে ওয়াই শুটব বলেছেন, বাংলাদেশের দ্বাদশ জাতীয় সংসদ নির্বাচন অবাধ, স্বচ্ছ ও বিশ্বাসযোগ্য উপায়ে সম্পন্ন হয়েছে। নির্বাচনের আয়োজনও চমৎকার ছিল।",1,1,0,1,False
" জাতীয় পার্টির (জাপা) চেয়ারম্যান জি এম কাদের বলেছেন, ‘জনগণের কথা বলতে শপথ নিয়ে আমরা সংসদে যাব।’আজ মঙ্গলবার সন্ধ্যায় নগরীর সেনপাড়ার বাসায় রংপুর বিভাগের এমপি প্রার্থীদের নিয়ে বৈঠক শেষে সাংবাদিকদের এ কথা বলেন তিনি।জি এম কাদের বলেন, ‘আমরা যেহেতু নির্বাচনে অংশগ্রহণ করেছি, তাই এ মুহূর্তে শপথ না নিয়ে পিছু হব না। জনগণের পক্ষে কথা বলার জন্য ও জনগণের প্রত্যাশা পূরণের জন্য আমরা সংসদে যাব।’নির্বাচনের সমালোচনা করে তিনি বলেন, ‘এ নির্বাচন সরকার যেখানে সুষ্ঠু ও নিরপেক্ষ করতে চেয়েছে, সেখানে সুষ্ঠু করেছে। আর যেখানে চেয়েছে তাদের লোকজনকে জেতাতে, সেখানে জোর করে সিল মেরে আমাদের লোকজনকে হারিয়ে দিয়েছে।’রংপুর বিভাগে জাতীয় পার্টির হেরে যাওয়া প্রার্থীদের অনেকেই হতাশায় ভুগছিলেন জানিয়ে জাপা চেয়ারম্যান বলেন, ‘এ জন্য সবার সঙ্গে বসে সমস্যা শুনলাম এবং লিখিত স্টেটমেন্ট নিলাম। এ তথ্যগুলো পরবর্তী ফলোআপে কাজে লাগবে আমাদের।’এ সময় জাতীয় পার্টির কো-চেয়ারম্যান ও রংপুর সিটি করপোরেশনের মেয়র মোস্তাফিজার রহমান মোস্তফা, মহানগর জাতীয় পার্টির সাধারণ সম্পাদক ও প্রেসিডিয়াম সদস্য এস এম ইয়াসির, জেলা কমিটির সাধারণ সম্পাদক আব্দুল রাজ্জাকসহ অন্য নেতারা উপস্থিত ছিলেন। ",1,1,0,1,False
" দ্বাদশ জাতীয় সংসদ নির্বাচন নিয়ে এখনই কোনো মন্তব্য করতে চান না বলে জানালেন ঢাকায় নিযুক্ত ইউরোপীয় ইউনিয়নের (ইইউ) রাষ্ট্রদূত চার্লস হোয়াইটলি। আজ মঙ্গলবার বিকেলে রাজধানীর ফরেন সার্ভিস অ্যাকাডেমিতে নির্বাচন নিয়ে পররাষ্ট্রমন্ত্রী ড. এ কে আব্দুল মোমেনের ব্রিফিং শেষে সাংবাদিকদের প্রশ্নের জবোবে এ তথ্য জানান তিনি।দ্বাদশ জাতীয় সংসদ নির্বাচন নিয়ে প্রতিক্রিয়া জানতে চাইলে চার্লস হোয়াইটলি বলেন, ‘এখনই নির্বাচন নিয়ে কোনো মন্তব্য করতে চাই না। এ বিষয়ে সপ্তাহখানেকের মধ্যে ইউরোপীয় ইউনিয়ন থেকে একটি বিবৃতি ইস্যু করা হবে।’পররাষ্ট্রমন্ত্রীর ব্রিফিংয়ে আরও অংশ নেন ঢাকায় নিযুক্ত মার্কিন রাষ্ট্রদূত পিটার হাস, যুক্তরাজ্যের হাইকমিশনার সারাহ ক্যাথেরিন কুক। এ ছাড়া বিভিন্ন দূতাবাসের রাষ্ট্রদূত, ঢাকা বিশ্ববিদ্যালয়ের উপাচার্য এ এস এম মাকসুদ কামালসহ বিশিষ্টজন ও গণমামাধ্যম ব্যক্তিত্বরা উপস্থিত ছিলেন। আগত অতিথিদের সঙ্গে শুভেচ্ছা বিনিময় করেন পররাষ্ট্র সচিব মাসুদ বিন মোমেন।উল্লেখ্য, বাংলাদেশের জাতীয় নির্বাচন নিয়ে ইতোমধ্যে বিবৃতি দিয়েছে মার্কিন পররাষ্ট্র দপ্তর। বিবৃতিতে বাংলাদেশের দ্বাদশ জাতীয় সংসদ নির্বাচন অবাধ বা সুষ্ঠু হয়নি উল্লেখ করে নির্বাচনে সব দল অংশগ্রহণ না করায় হতাশা প্রকাশ করে।অন্যদিকে, যুক্তরাজ্যও এ বিষয়ে বিবৃতি দিয়েছে। বিবৃতিতে যুক্তরাজ্য জানিয়েছে, নির্বাচনে সব দল নির্বাচনে অংশ নেয়নি, সে কারণে বাংলাদেশের মানুষের ভোট দেওয়ার যথেষ্ট বিকল্প ছিল না।",1,1,0,1,False
" শেখ হাসিনার অসামান্য অবদানের স্বীকৃতি হিসেবে আমরা নিশ্চয়ই বিপুল ভোটে বিজয়ী হব বলে মন্তব্য করেছেন আওয়ামী লীগের যুগ্ম সাধারণ সম্পাদক ও ঢাকা-৮ আসনের নৌকা প্রতীকের প্রার্থী আ ফ ম বাহাউদ্দিন নাছিম।‌আজ রবিবার সকাল সাড়ে ৮টার দিকে আবুজরগিফারী কলেজে ভোট কেন্দ্র পরিদর্শনে এসে এ মন্তব্য করেন তিনি। এ সময় তিনি সবার সঙ্গে কুশল বিনিময় করেন।‌ এরপর বুথকেন্দ্রগুলো পরিদর্শন করেন। সহকারি প্রিজাইডিং অফিসার, পোলিং এজেন্টদের সঙ্গে কথা বলে ভোটের পরিবেশ সম্পর্কে জানতে চান।‌পরে সাংবাদিকদের প্রশ্নের জবাবে বাহাউদ্দিন নাছিম বলেন, ‘সকাল থেকেই বিভিন্ন কেন্দ্রে ঘুরছি। অনেক বয়স্করা এসেছেন। তরুণদের আগ্রহ বেশি। তারা বলছেন, জীবনের প্রথম ভোট দিলাম। মানুষের আগ্রহ সন্ত্রাস নৈরাজ্যের বিরুদ্ধে। দুর্নীতিকে না বলাই তাদের এই ভোট। আওয়ামী লীগ ঐতিহ্যবাহী দল। গত ১৫ বছরের উপহার উন্নয়ন ও সমৃদ্ধি। শেখ হাসিনার অসামান্য অবদানের স্বীকৃতি হিসেবে আমরা নিশ্চয়ই বিপুল ভোটে বিজয়ী হব।’তিনি বলেন, ‘বিএনপি গণতন্ত্রে বিশ্বাসী নয়। ১৫ বছরের আন্দোলন সন্ত্রাস নৈরাজ্যের। তাদের আন্দোলনে জনগণ নেই। এজন্য তারা জনগণকে ভয় পায়। তাই নির্বাচনে অংশ নেয় না। বাংলাদেশের মানুষ শান্তিতে থাকতে চায়। তারা বিশ্বাস করে শেখ হাসিনার নেতৃত্বেই উন্নয়ন হয়েছে এবং হবে।’",1,1,0,1,False
" দ্বাদশ জাতীয় সংসদ নির্বাচনে ঢাকা-৩ আসনে আওয়ামী লীগ মনোনীত নৌকা মার্কার প্রার্থী নসরুল হামিদ ভোট প্রদান করেছেন।আজ রবিবার দোলেশ্বর সরকারি প্রাথমিক বিদ্যালয়ে অবস্থিত ভোটকেন্দ্রে সকাল ১১টায় তিনি ভোট দিয়ে ভোট উৎসবে যোগ দেন। এ সময় তিনি বলেন, সারাদেশের মতো কেরানীগঞ্জেও আজ ভোট উৎসব হচ্ছে। সকলের মতো তরুণ ভোটার, বিশেষ করে যারা এবারই নতুন ভোটার হয়েছে তারা তাদের ভোটাধিকার প্রয়োগ করে উচ্ছ্বাস প্রকাশ করছে। আমি সকাল থেকেই আমার আসনের বিভিন্ন কেন্দ্র ঘুরে দেখছি। দীর্ঘলাইনে দাঁড়িয়ে সকলে তাদের পছন্দের প্রার্থীকে ভোট দিচ্ছে। আমি নিজেও এখন আমার ভোট দিলাম। নির্বাচনটা যে উৎসব আর অগ্নি সন্ত্রাসীদের সাধারণ মানুষ প্রত্যাখ্যান করেছে ভোটারদের এই উপস্থিতি তা আবারও প্রমাণ করলো।বেলা বাড়ার সঙ্গে সঙ্গে এই ভোটার উপস্থিতি আরও বাড়বে বলে আশাবাদ ব্যক্ত করেন তিনি।সকাল ৮টায় ভোটগ্রহণ শুরুর পর থেকে ঢাকা-৩ আসনের বিভিন্ন কেন্দ্র ঘুরে ভোটারদের উল্লেখযোগ্য পরিমাণ উপস্থিতি লক্ষ্য করা গেছে। তাদের সঙ্গে কথা বলে জানা গেছে, সম্প্রতি দেশেজুড়ে বিএনপি-জামায়াতের চালানো অগ্নি সন্ত্রাসের জবাব হিসেবে শীতকে উপেক্ষা করে তারা সকাল সকাল ভোট প্রদানের জন্য লাইনে দাঁড়িয়েছে। এছাড়া নিজেদের ভোটাধিকার প্রয়োগের বিষয়টিও এসেছে ঘুরে ফিরে তাদের কথায়। এবারের দ্বাদশ জাতীয় নির্বাচনে ঢাকা-৩ আসনের পাঁচটি ইউনিয়নের ৪৫টি ওয়ার্ডে প্রায় সাড়ে তিন লাখ ভোটার তাদের ভোটাধিকার প্রয়োগ করছেন।",1,1,0,1,False
" ঢাকা দক্ষিণ সিটি করপোরেশনের ঢাকা-৫ আসনের ডেমরার এম এ ছাত্তার উচ্চ বিদ্যালয় ও সারুলিয়া প্রাথমিক বিদ্যালয়। সকাল ৮টা থেকে ভোটগ্রহণ শুরু হলেও ভোটারদের উপস্থিতি হাতেগোনা। কেন্দ্রের বাইরে ব্যাপক লোক সমাগম দেখা গেলেও ভিতর অনেকটাই ফাঁকা।ট্রাক প্রতীকের স্বতন্ত্র প্রার্থী আলহাজ্ব মশিউর রহমান সজলের অভিযোগ, ভোটারদের কেন্দ্রে ঢুকতে দিচ্ছেন না নৌকার প্রার্থীরা। একই সঙ্গে এজেন্টদের হুমকি দেওয়া হচ্ছে বলেও জানান তিনি।বেলা ১২টার দিকে গিয়ে দেখা যায়, এ দুই কেন্দ্রের বাইরে নৌকা, ট্রাক ও ঈগলের সমর্থকদের ভিড়। ভেতরে গিয়ে দেখা যায় উল্টো চিত্র। ভোটারদের অপেক্ষায় পোলিং অফিসাররা।পুরুষ ভোটারকেন্দ্র এম এ ছাত্তার উচ্চ বিদ্যালয়ে মোট ভোটার ৩ হাজার ২৫৩ জন। বেলা ১২টা পর্যন্ত চার ঘণ্টায় সাতটি বুথে পড়েছে ৩৫১ ভোট।নারী ভোটারকেন্দ্র পাশের সারুলিয়া সরকার প্রাথমিক বিদ্যালয়ে মোট ভোটার ৩ হাজার ৪৬ জন। প্রথম দুই ঘণ্টায় ৭০টি, বাকি দুই ঘণ্টায় বেড়ে ২৭২ ভোটে দাঁড়িয়েছে। ট্রাক প্রতীকের স্বতন্ত্র প্রার্থী আলহাজ্ব মশিউর রহমান সজল আমাদের সময়কে বলেন, ভোটকেন্দ্রের বাইরে বহু লোক দেখা যাচ্ছে। কিন্তু ভোটকেন্দ্র ফাঁকা। কারণ, আমার ভোটারদের ঢুকতে দেওয়া হচ্ছে না। এজেন্ট থাকলেও ভোটার ভেতরে আসতে না পারলে লাভ কী? আমার সামনেই আমার এজেন্টকে হুমকি দেওয়া হচ্ছে। এটা দুঃখজনক। অধিকাংশ কেন্দ্রে তাই হচ্ছে।তবে অভিযোগ অস্বীকার করেছেন এম এ ছাত্তার কেন্দ্রের প্রিজাইডিং অফিসার মো. মজিবুর রহমান। তিনি বলেন, কাউকে ভয়ভীতি দেখানোর কোনো অভিযোগ এখনো পাইনি। ভোটার উপস্থিতি কম হওয়ায় ভোট কম পড়ছে। মজিবুর রহমান বলেন, যারা ভোট দেওয়ার দিয়েছে। ধীরে ধীরে ভোটার উপস্থিতি বাড়ছে।  সারুলিয়া প্রাথমিক বিদ্যালয়ের প্রিজাইডিং অফিসার মো. রিয়াজুল ইসলাম বলেন, ভোটের পরিবেশ ঠিকঠাক আছে। কোনো অনাকাঙ্ক্ষিত ঘটনা ঘটেনি। তবে ভোটার উপস্থিতি কম মনে হচ্ছে।এদিকে এ আসনে ১৩ জন প্রার্থী থাকলেও পোলিং অফিসার দেখা গেছে মাত্র তিন প্রার্থীর। ট্রাক ছাড়াও নৌকা ও ঈগলের পোলিং অফিসার রয়েছে। বাকি প্রার্থীদের কাউকে দেখা যায়নি।দ্বাদশ জাতীয় সংসদ নির্বাচনের এ আসন ডেমরার পাশাপাশি যাত্রাবাড়ী নিয়ে গঠিত। এ আসনে মোট ভোটার ৪ লাখ ৯০ হাজার ৭৬৪ জন। এর মধ্যে পুরুষ ২ লাখ ৫১ হাজার ৫১৭ জন, নারী ভোটার ২ লাখ ৩৯ হাজার ২৪৪ জন। এছাড়া তৃতীয় লিঙ্গের ভোটার রয়েছেন তিনজন। তাদের ভোটগ্রহণ চলছে ১৮৭টি কেন্দ্রের ১ হাজার ৮৯টি ভোটকক্ষে।",1,1,0,1,False
" আওয়ামী লীগ সভাপতি ও প্রধানমন্ত্রী শেখ হাসিনা আজ বৃহস্পতিবার আরও ছয় জেলার নির্বাচনী জনসভায় অংশ নেবেন।বিকেল ৩টায় রাজধানীর তেজগাঁওয়ের ঢাকা জেলা আওয়ামী লীগ ভবন প্রান্ত থেকে এসব জনসভায় ভার্চুয়ালি যুক্ত হয়ে বক্তব্য দেবেন তিনি।আওয়ামী লীগের দপ্তর সম্পাদক ব্যারিস্টার বিপ্লব বড়ুয়া স্বাক্ষরিত এক বিজ্ঞপ্তিতে এ তথ্য জানানো হয়েছে। বিজ্ঞপ্তিতে বলা হয়েছে, বিকেল ৩টায় আওয়ামী লীগ সভাপতি শেখ হাসিনা জনসভায় অংশ নেবেন। তিনি পর্যায়ক্রমে ময়মনসিংহ বিভাগের জামালপুর ও শেরপুর, ঢাকা বিভাগের কিশোরগঞ্জ ও নরসিংদী এবং চট্টগ্রাম বিভাগের চাঁদপুর ও বান্দরবান জেলার নির্বাচনী জনসভায় বক্তব্য দেবেন।কর্মসূচিতে আওয়ামী লীগের কেন্দ্রীয়, সংশ্লিষ্ট জেলা, উপজেলা, থানা, পৌর ও ইউনিয়ন, ওয়ার্ড আওয়ামী লীগ এবং সংশ্লিষ্ট জেলাগুলোর নির্বাচনী এলাকার দলীয় প্রার্থীরা উপস্থিত থাকবেন।আওয়ামী লীগের সাধারণ সম্পাদক ওবায়দুল কাদের এক বিবৃতিতে ভার্চুয়াল জনসভা সফলভাবে শেষ করার জন্য সংশ্লিষ্ট সবার প্রতি আহ্বান জানিয়েছেন।এর আগে গত ২১ ডিসেম্বর পাঁচ জেলায় এবং ২৩ ডিসেম্বর ছয জেলায় নির্বাচনী জনসভায় ভার্চুয়ালি অংশ নিয়ে গুরুত্বপূর্ণ বক্তব্য রাখেন শেখ হাসিনা। ",1,1,0,1,False
" আগামী ৭ জানুয়ারি দ্বাদশ জাতীয় সংসদ নির্বাচনে ভোট বিপ্লবের মাধ্যমে বিএনপির সন্ত্রাস এবং নৈরাজ্যের চূড়ান্ত পরাজয় ঘটবে বলে মন্তব্য করেছেন ঢাকা-৩ আসনের আওয়ামী লীগ মনোনীত প্রার্থী নসরুল হামিদ।আজ বুধবার কেরানীগঞ্জ উপজেলার তেঘরিয়া ইউনিয়নের ৯ নম্বর ওয়ার্ডে আব্দুল্লাহপুর সানরাইজ কিন্ডারগার্টেন স্কুলে ময়দানে আয়োজিত নির্বাচনী সুধী সমাবেশে তিনি এ মন্তব্য করেন।নসরুল হামিদ বলেন, আওয়ামী লীগ কখনও রাজনৈতিকভাবে সন্ত্রাসকে প্রশ্রয় দেয় না। আমরা যখন থেকে এই কেরানীগঞ্জ এলাকায় রাজনীতি শুরু করেছি, আওয়ামী লীগ থেকে এই এলাকায় সন্ত্রাসকে প্রশ্রয় দেওয়া হয়নি। বিএনপি-জামায়াত জোট সরকারের সময় এই এলাকায় এমন কোনো অলিগলি ছিল না, যেখানে সন্ত্রাসের রাজত্ব ছিল না। কেরানীগঞ্জের ‘অন্ধকার সময়’ মনে করে নৌকার এ প্রার্থী বলেন, মানুষ সন্ধ্যার পর বাসা থেকে বের হতে পারতেন না। কারণ, সন্ত্রাস-চাঁদাবাজি ছিল এই এলাকার নৈমিত্তিক ঘটনা। এই অঞ্চলে উন্নয়ন বলে কিছু ছিল না। ঢাকার খুব কাছে হওয়ার পরও এ অঞ্চল এতটাই অবহেলিত ছিল যে, মানুষ ‘বাতির নিচে অন্ধকার’ বলে কেরানীগঞ্জকে অভিহিত করতো। ‘অন্ধকার সময়’ উত্তরণের গল্পও ওঠে আসে ঢাকা-৩ এর এ নৌকার কান্ডারির কণ্ঠে। তিনি বলেন, কেরানীগঞ্জের অন্ধকারের সেই অবস্থার উত্তরণ আমরা করেছি। মানুষের মনে এখন এটা প্রতিষ্ঠিত যে- কেরানীগঞ্জ এখন আর সন্ত্রাসের জনপদ না। কেরানীগঞ্জ এখন বসবাস উপযোগী ভালো উপ-শহর। এখানে উন্নয়ন হয়েছে, রাস্তা-ঘাট, শিক্ষাপ্রতিষ্ঠান যেমন হয়েছে, ঠিক তেমনই মানুষের নিরাপত্তা আছে। ২৪ ঘণ্টা এখন বিদ্যুৎ থাকে। ব্যবসা-বাণিজ্যের সুযোগ তৈরি হয়েছে। দিনে দিনে এই সুযোগ-সুবিধা গুলো আরও বাড়ছে। এসময় বিএনপি-জামায়াতের সন্ত্রাস-নৈরাজ্য প্রতিহতের ডাক দিয়ে নসরুল হামিদ বলেন, যদি উন্নয়ন চান, বিএনপি-জামায়াতে সন্ত্রাস-নৈরাজ্যকে প্রতিহত করতে চান; তাহলে নৌকা মার্কায় ভোট দিন। নৌকা মার্কায় ভোট দিলে দেশের উন্নয়ন হয়। মানুষের ভাগ্যের উন্নয়ন হয়। আওয়ামী লীগ পুনরায় সরকার গঠন করলে কেরানীগঞ্জে আরও উন্নয়ন হবে। এ সময় ৭ জানুয়ারি সকাল-সকাল ভোটারদের ভোটকেন্দ্রে গিয়ে ভোটাধিকার প্রয়োগের আহ্বান জানানোর পাশাপাশি ভোট বিপ্লবের মধ্যদিয়ে বিএনপি-জামায়াতের সন্ত্রাস-নৈরাজ্যের চূড়ান্ত পরাজয় ঘটবে বলে মন্তব্য করেন তিনি। তেঘরিয়া ইউনিয়ন আওয়ামী লীগের সভাপতি মহর চাঁন মোল্লার সভাপতিত্বে অন্যান্যের মধ্যে উপস্থিত ছিলেন কেরানীগঞ্জ উপজেলা চেয়ারম্যান ও দক্ষিণ কেরানীগঞ্জ আওয়ামী লীগের সভাপতি শাহীন আহমেদ, সাধারণ সম্পাদক ম.ই মামুন, তেঘরিয়া ইউনিয়ন চেয়ারম্যান লাট মিয়াসহ স্থানীয় গণ্যমান্য ব্যক্তিরা।",1,1,0,1,False
" জাতীয় পার্টি চেয়ারম্যান গোলাম মোহাম্মদ (জিএম) কাদের বলেছেন, আমাদের শাসন পদ্ধতিতে সকল ক্ষমতা কেন্দ্রীভূত থাকে প্রধানমন্ত্রীর হাতে। প্রধানমন্ত্রীকে তার জায়গায় রেখে কোনো পরিবর্তনকে আমরা পরিবর্তন মনে করি না। বর্তমান পদ্ধতির পরিবর্তন হলেই সুষ্ঠু নির্বাচন হতে পারে। গতকাল রবিবার দুপুরে জাতীয় পার্টি চেয়ারম্যানের বনানী কার্যালয়ের মিলনায়তনে গণমাধ্যমকর্মীদের প্রশ্নের জবাবে জিএম কাদের এ কথা বলেন। এ সময় জাতীয় পার্টি চেয়ারম্যানের প্রেস সচিব খন্দকার দেলোয়ার জালালী উপস্থিত ছিলেন।জিএম কাদের আরও বলেন, আমরা ৩০০ আসনে নির্বাচনের জন্য প্রস্তুতি নিচ্ছি। তাই দলকে শক্তিশালী করতে তৃণমূল পর্যায়ে কাজ শুরু করা হয়েছে। তবে নির্বাচনের সময় এ বিষয়ে আমরা সিদ্ধান্ত নেব। আমাদের দেশে নির্বাচনগুলোতে কোনো দলেরই সব আসনে যোগ্য প্রার্থী দেওয়া সম্ভব না। তাই কোনো না কোনো দলের সঙ্গে জোটবদ্ধ হয়ে নির্বাচন করতে হয়। প্রধান দুই দলের নেতৃত্বে শেষ পর্যন্ত দুটি জোটের প্রতিদ্বন্দ্বিতা হয়। একপর্যায়ে সব দল নিজস্বতা হারিয়ে দুটি দলে বিলীন হয়।",1,1,0,1,False
" প্রধান নির্বাচন কমিশনার (সিইসি) কাজী হাবিবুল আউয়াল বলেছেন, ‘ভোট দেওয়া নাগরিক-অধিকার। কাউকে সেই ভোটদান থেকে বিরত রাখা অপরাধ। এটা বলা কঠিন, কত ভোট পড়লে আমি খুশি হব। তবে দুই শতাংশ ভোট পড়লেই নির্বাচন হয়ে যাবে। কত শতাংশ পড়লে একটা নির্বাচন গ্রহণযোগ্য হবে, সেটা নিয়ে অনেক বিতর্ক আছে।’আজ শনিবার দুপুরে রাজধানীর বঙ্গবন্ধু আন্তর্জাতিক সম্মেলন কেন্দ্রে দ্বাদশ জাতীয় সংসদ নির্বাচন উপলক্ষে আয়োজিত সংবাদ সম্মেলনে তিনি এ কথা বলেন।সিইসি কাজী হাবিবুল আউয়াল বলেন, ‘গণতান্ত্রিক নির্বাচনের জন্য মানদণ্ড অনুসারে আমাদের আইন রয়েছে। বাংলাদেশের মানুষের আকাঙ্ক্ষা, ভোটাররা শান্তিপূর্ণভাবে ভোট দিতে পারবে। কিন্তু আমরা যেভাবে বলি, সেভাবে নির্বাচন সবসময় শান্তিপূর্ণ হয় না।’আমাদের নির্বাচন কেবল দেশীয়ভাবেই নয়, আন্তর্জাতিকভাবে পর্যবেক্ষণ করা হবে উল্লেখ করে সিইসি বলেন, ‘আইনশৃঙ্খলা রক্ষার জন্য আমাদের আইনশৃঙ্খলা বাহিনী রয়েছে। ভোট শুরু হবে সকাল ৮টায়, শেষ হবে বিকেল ৪টায়। তবে কেন্দ্রের বাইরে ভোটারদের লাইন থাকলে ভোট শেষ হতে আরও দেরি হতে পারে। অর্থাৎ যারা ভোট দিতে আসবেন, তাদের ভোট দেওয়া শেষ হলেই ভোট বন্ধ হবে।’হাবিবুল আউয়াল বলেন, ‘সুষ্ঠু নির্বাচনের জন্য স্বচ্ছ ব্যালট বাক্সে ভোট হবে। প্রত্যেক প্রার্থীকে ভোটকেন্দ্রে পোলিং এজেন্ট রাখার অনুরোধ করছি, যেন ভোটাররা ভোটদানে বাধাগ্রস্ত না হন।’এসময় নির্বাচন কমিশনারদের মধ্যে ব্রিগেডিয়ার জেনারেল (অব.) মো. আহসান হাবিব খান, বেগম রাশেদা সুলতানা, মো. আলমগীর, আনিছুর রহমান, ইসি সচিব মো. জাহাংগীর আলম ও পররাষ্ট্র সচিব মাসুদ বিন মোমেন উপস্থিত ছিলেন।কমিশনের দেওয়া তথ্য অনুযায়ী, দ্বাদশ জাতীয় সংসদ নির্বাচনে ২৯৯টি সংসদীয় আসনে ১ হাজার ৯৭০ জন প্রার্থী প্রতিদ্বন্দ্বিতা করছেন। ইসিতে নিবন্ধিত ৪৪টি রাজনৈতিক দলের মধ্যে এই নির্বাচনে ২৮টি রাজনৈতিক দলের হয়ে প্রতিদ্বন্দ্বিতা করছেন ১ হাজার ৫৩৪ জন প্রার্থী। আর স্বতন্ত্র প্রার্থী হিসেবে ভোটের মাঠে আছেন ৪৩৬ জন। রাজনৈতিক দলগুলোর মধ্যে বাংলাদেশ আওয়ামী লীগের প্রার্থী ২৬৬ জন, জাতীয় পার্টির ২৬৫, তৃণমূল বিএনপির প্রার্থী ১৩৫ জন, জাতীয় সমাজতান্ত্রিক দল (জাসদ) ৬৬ জন, ন্যাশনাল পিপলস পার্টির ১২২ জন, জাতীয় পার্টির (জেপি) ১৩ জন, বিকল্পধারা বাংলাদেশের ১০ জন প্রার্থী রয়েছেন। নির্বাচনে নারী প্রার্থী হিসেবে রাজনৈতিক দল ও স্বতন্ত্র মিলে প্রতিদ্বন্দ্বিতা করছেন ৯০ জন। আর ক্ষুদ্র নৃ-গোষ্ঠী অন্যান্য মিলে ৭৯ জন প্রতিদ্বন্দ্বিতা করছেন।২৯৯ সংসদীয় আসনে মোট ভোট কেন্দ্রের সংখ্যা ৪২ হাজার ২৪টি। এসব কেন্দ্রে ভোটকক্ষ ২ লাখ ৬১ হাজার ৯১২টি। সর্বশেষ প্রকাশিত তালিকা অনুযায়ী, এবারের নির্বাচনে মোট ভোটার ১১ কোটি ৯৬ লাখ ৮৯ হাজার ২৮৯ জন। যার মধ্যে পুরুষ ভোটারের সংখ্যা ৬ কোটি ৭ লাখ ৬৯ হাজার ৭৪১ ও নারী ভোটারের সংখ্যা ৫ কোটি ৮৯ লাখ ১৮ হাজার ৬৯৯। এছাড়া সারাদেশে এবার তৃতীয় লিঙ্গের ভোটার আছেন ৮৪৯ জন। আগামীকাল রবিবার ৭ জানুয়ারি সকাল ৮টা থেকে ভোট গ্রহণ শুরু হয়ে শেষ হবে বিকেল ৪টা পর্যন্ত।",1,1,0,1,False
" আওয়ামী লীগ সভাপতি ও প্রধানমন্ত্রী শেখ হাসিনার নির্দেশনা অনুযায়ী পুরান ঢাকাকে নতুন করে ‘স্মার্ট ঢাকা’ বিনির্মাণে কাজ করবেরন বলে জানিয়েছেন দ্বাদশ জাতীয় সংসদ নির্বাচনে ঢাকা-৬ আসনে নৌকা প্রতীকের প্রার্থী মোহাম্মদ সাঈদ খোকন। আজ বুধবার পুরান ঢাকার ওয়ারীতে নির্বাচনী পোলিং এজেন্টদের সঙ্গে এক মতবিনিময় সভায় সাংবাদিকদের প্রশ্নের জবাবে তিনি এ কথা বলেন।পুরান ঢাকা বিশ্বের অন্যতম ঘনবসতিপূর্ণ এলাকা জানিয়ে বাংলাদেশ আওয়ামী লীগের কেন্দ্রীয় কার্যনির্বাহী সংসদের সদস্য ও ঢাকা দক্ষিণ সিটি করপোরেশনের সাবেক মেয়রমোহাম্মদ সাঈদ খোকন বলেন, ‘ঢাকা-৬ আসনে নির্বাচিত হতে পারলে প্রিয় নেত্রী শেখ হাসিনার নির্দেশনায় পুরান ঢাকাকে রি-ডেভেলপমেন্টের উদ্যোগ নেব। প্রধানমন্ত্রী এবার স্মার্ট বাংলাদেশ উপহার দেওয়ার অঙ্গীকার করেছেন। আমি পুরান ঢাকার সমস্যা দূর করে একটি স্মার্ট ঢাকা বিনির্মাণের জন্য কাজ করব।’তিনি বলেন, ‘আমি মেয়র থাকা অবস্থার শেষের দিকে প্রধানমন্ত্রী শেখ হাসিনা আমাকে এই নির্দেশনা দিয়েছিলেন। এবার আমাকে জনগণ নির্বাচিত করলে আমি পুরান ঢাকাকে নতুনভাবে গড়ার জন্য কাজ করব। এটা অনেক বড় একটা উদ্যোগ হবে। এক সময় টোকিও বা সিঙ্গাপুর সিটি পুরান ঢাকার মতো ঘনবসতিপূর্ণ ছিল। প্ল্যান করে এটাকে উন্নয়ন করা হয়েছে। আমরাও এরকম একটা স্বপ্ন নিয়ে কাজ করছি।’জনগণ ভোট দিতে যাবে কিনা এবং জনগণের কি রকম সাড়া পাচ্ছেন, সাংবাদিকদের এমন এক প্রশ্নের জবাবে সাঈদ খোকন বলেন, ‘যখন থেকে প্রচরণার কাজ শুরু হয়েছে আমি মানুষের দ্বারে দ্বারে যাচ্ছি। প্রায় এক মাস যাবত আমি মানুষের বাড়ি বাড়ি গিয়ে আমার নেত্রীর সালাম পৌঁছে দিয়েছি এবং ভোট প্রার্থনা করছি। মানুষের মধ্যে ব্যাপক উৎসাহ বিরাজ করছে। প্রচারণায় গিয়ে ব্যাপক সাড়া পাচ্ছি। আগামী ৭ জানুয়ারি এই এলাকার মানুষ ভোট দিতে আসবে এবং নৌকা মার্কা বিপুল ভোটে বিজয়ী হবে। স্মার্ট বাংলাদেশ গড়ে তোলার লক্ষে আমরা নৌকায় ভোট প্রার্থনা করছি।’ ",1,1,0,1,False
" দ্বাদশ জাতীয় সংসদ নির্বাচনের ভোটগ্রহণের দিন ভোটকেন্দ্রে কোনো ধরনের জঙ্গি হামলার ঝুঁকি দেখছেন না বলে জানালেন ঢাকা মহানগর পুলিশের (ডিএমপি) কাউন্টার টেরোরিজম অ্যান্ড ট্রান্সন্যাশনাল ক্রাইম (সিটিটিসি) ইউনিটের প্রধান, অতিরিক্ত পুলিশ কমিশনার মো. আসাদুজ্জামান। আজ বুধবার দুপুরে বাংলাদেশ ক্রাইম রিপোর্টার্স অ্যাসোসিয়েশনের (ক্র্যাব) সদস্য ও পরিবারের জন্য ফ্রি মেডিকেল অ্যান্ড ডেন্টাল ক্যাম্প উদ্বোধন শেষে সাংবাদিকদের প্রশ্নের জবাবে তিনি এ কথা বলেন।সিটিটিসিপ্রধান বলেন, ‘আমাদের জঙ্গিবাদবিরোধী অভিযান অব্যাহত রয়েছে। দুদিন আগেও আমরা একটি সংগঠনের মূল ব্যক্তিসহ অপারেশনাল কমান্ডারকে গ্রেপ্তার করেছি, যারা নতুন করে সংঘটিত হওয়ার চেষ্টা করছিল। এই মুহূর্তে জঙ্গি হামলার কোনো ঝুঁকি নেই, জঙ্গিদের সেই সক্ষমতাও নেই।’মো. আসাদুজ্জান বলেন, ‘আগামী ৭ জানুয়ারি দ্বাদশ জাতীয় সংসদ নির্বাচন অনুষ্ঠিত হচ্ছে। এই নির্বাচন যাতে অবাধ, সুষ্ঠু, নিরপেক্ষ ও শান্তিপূর্ণভাবে অনুষ্ঠিত হয় সে লক্ষ্যে ঢাকা মেট্রোপলিটন পুলিশ কাজ করছে। ঢাকা মেট্রোপলিটন এলাকায় যেসব সংসদীয় আসন রয়েছে, কোথাও কিন্তু এখন পর্যন্ত কোনো ধরনের আইনশৃঙ্খলাজনিত সমস্যার সৃষ্টি হয়নি। প্রার্থীরা নির্বিঘ্নে ও নিরাপদে তাদের প্রচার-প্রচারণা চালাচ্ছেন। উৎসবমুখর পরিবেশে বিরাজ করছে।’তিনি বলেন, ‘আমরা আশাবাদী কিছু ঘটবে না এবং ঢাকা মেট্রোপলিটন পুলিশের সেরকম প্রস্তুতিও রয়েছে। যে কোনো ধরনের অরাজকতা, নাশকতা ঠেকাতে ও প্রতিরোধে সক্ষমতা রয়েছে ঢাকা মেট্রোপলিটন পুলিশের।’নির্বাচন কেন্দ্রে কোনো ধরনের জঙ্গি হামলার শঙ্কা রয়েছে কি না- জানতে চাইলে সিটিটিসিপ্রধান বলেন, ‘জঙ্গিদের মাথাচাড়া বা তাদের তৎপরতা কিংবা কোনো ঝুঁকি আমরা দেখছি না। এই মুহূর্তে জঙ্গি হামলার কোনো ঝুঁকি নেই। আমরা প্রস্তুত, কাজ করছি, যাতে এ ধরনের কোনো অপরাধপ্রবণতা পরিলক্ষিত হলে আগেভাগেই ব্যবস্থা নিতে পারি।’",1,1,0,1,False
" বিএনপির স্থায়ী কমিটির সদস্য ড. আবদুল মঈন খান বলেছেন, ৭ জানুয়ারি দ্বাদশ জাতীয় সংসদ নির্বাচন বর্জন ও অসহযোগ আন্দোলনের ঘোষণার মধ্য দিয়ে পুনরায় প্রমাণ হয়েছে বিএনপি শান্তিপূর্ণ গণতান্ত্রিক রাজনীতিতে বিশ্বাসী। আজ বুধবার সাংবাদিকদের প্রশ্নের জবাবে এ মন্তব্য করেন তিনি।ড. আবদুল মঈন খান বলেন, ‘বাংলাদেশে গণতন্ত্র পুনঃপ্রতিষ্ঠার চলমান আন্দোলনে বিএনপির আজকের ঘোষণা নতুন করে এই সত্য প্রতিষ্ঠা করেছে যে, বিএনপি একটি উদারপন্থী রাজনৈতিক দল, যারা ভিন্ন মতের প্রতি শ্রদ্ধাশীল হয়ে এবং সম্পূর্ণ শান্তিপূর্ণ প্রক্রিয়ায় আস্থাশীল হয়ে তাদের প্রতিবাদ ও আন্দোলন পরিচালনা করে থাকে।’তিনি আরও বলেন, ‘এই একদলীয় সরকারের দীর্ঘ ১৫ বছরের অপশাসন, মামলা-হামলা, জুলুম-নির্যাতন, দুর্নীতি-লুটপাট, আর্থিক অব্যবস্থাপনা ও বিদেশে টাকা পাচারের মাধ্যমে দেশকে নৈতিক, সামাজিক ও অর্থনৈতিকভাবে দেউলিয়া করে ধ্বংসের পথে ঠেলে দেওয়া হয়েছে। গত এক বছরেরও বেশি সময় ধরে দেশের জনগণকে সম্পৃক্ত করে শান্তিপূর্ণ আন্দোলনের ধারাবাহিকতায় বিএনপি সরকারের ডামি নির্বাচন বর্জন ও অসহযোগ কর্মসূচি (সিভিল ডিজওবিডিয়েপ্স) ঘোষণা করেছে।’বিএনপির এই প্রভাবশালী নেতা বলেন, ‘আমরা স্পষ্ট ভাষায় বলে দিতে চাই যে, লক্ষ লক্ষ মানুষের রক্তের বিনিময়ে মহান মুক্তিযুদ্ধের মাধ্যমে অর্জিত এই স্বাধীন বাংলাদেশকে এই বাকশালী সরকার দেশের ভবিষ্যৎ প্রজন্মকে এক গভীর অমানিশার অন্ধকারে নিমজ্জিত করে দিয়েছে। এ অবস্থা থেকে পরিত্রাণের একমাত্র উপায় হচ্ছে দেশকে গণতন্ত্রের পথে ফিরিয়ে আনা। সেই উদ্দেশ্যেই আজ বিএনপি অসহযোগের মন্ত্রে সরকারকে দীক্ষিত করে দেশের আঠার কোটি মানুষের ভবিষ্যৎ নিশ্চিত করার প্রয়াসে সরকারকে সংঘাতের পথ থেকে বেরিয়ে এসে একটি শান্তিপূর্ণ সহাবস্থানের পথ উন্মুক্ত করতেদেশবাসীর প্রতি এই আবেদন সহায়ক ভূমিকা পালন করবে বলে বিশ্বাস করে।’ড. মঈন খান বলেন, ‘আমরা প্রতিজ্ঞাবদ্ধ, একটি সুষ্ঠু ও নিরপেক্ষ অংশগ্রহণমূলক নির্বাচনের মাধ্যমেই কেবল এ দেশে গণতন্ত্র ফিরে আসতে পারে, যা অর্জন করার উদ্দেশ্যে বিএনপির প্রতিটি নেতাকর্মী আজ রাজপথে নেমেছে। বিএনপির জন্যে নয়, কোনো ব্যক্তির জন্যে নয়, বরঞ্চ এ দেশের সকল মানুষের মৌলিক ভোটের অধিকার তথা সুবিধাবঞ্চিত মানুষের অর্থনৈতিক অধিকার প্রতিষ্ঠার এই সংগ্রাম অর্জন না হওয়া পর্যন্ত আমাদের রাজপথের আন্দোলন চলতেই থাকবে।’ ",1,1,0,1,False
" নৌপরিবহন প্রতিমন্ত্রী খালিদ মাহমুদ চৌধুরী বলেছেন, ‘সারা দেশের মতো আমার নির্বাচনী এলাকায় ব্যাপক নির্বাচনী প্রচার-প্রচারণা হচ্ছে। নির্বাচনের সাড়া পড়ে গেছে। মানুষ বিশ্বাস করে প্রধানমন্ত্রী শেখ হাসিনা দেশকে স্বপ্নের জায়গায় নিয়ে যাবেন। একটি জাগরণ তৈরি হয়েছে। মুখরিত প্রচারণা চলছে। শেখ হাসিনার নেতৃত্বাধীন সরকার সুসমন্বিত উন্নয়নে বিশ্বাসী।’আজ বৃহস্পতিবার ঢাকায় হোটেল সোনারগাঁয়ে চট্টগ্রামের সন্দ্বীপে জেটি ও টার্মিনাল ভবন নির্মাণের লক্ষ্যে বিআইডব্লিউটিএ এবং ঠিকাদারী প্রতিষ্ঠান ই-ইঞ্জিনিয়ারিং লিমিটেডের মধ্যে একটি চুক্তিপত্র স্বাক্ষর অনুষ্ঠানে প্রধান অতিথির বক্তৃতায় নৌ প্রতিমন্ত্রী এসব কথা বলেন।খালিদ মাহমুদ চৌধুরী বলেন, ‘প্রধানমন্ত্রী শেখ হাসিনার নেতৃত্বাধীন সরকারের সময় সন্দ্বীপসহ বিভিন্ন চরাঞ্চলে ক্যাবলের মাধ্যমে নদীর তলদেশে দিয়ে বিদ্যুৎ সংযোগ দেওয়া হয়েছে। প্রধানমন্ত্রীর সহায়তায় সন্দ্বীপের যোগাযোগ ব্যবস্থার উন্নয়ন করা হচ্ছে। সন্দ্বীপে অর্থনৈতিক অঞ্চল হচ্ছে। সন্দ্বীপে ৭০০ মিটার দৈর্ঘ্যের জেটি আছে। সন্দ্বীপের মানুষের চাহিদা অনুযায়ী রাতে চলাচলের জন্য বিআইডব্লিউটিএ’র পক্ষ থেকে সন্দ্বীপ চ্যানেলে ‘বয়া’ বসানো হয়েছিল।’নতুন জেটি ও টার্মিনাল ভবনের মাধ্যমে সন্দ্বীপের মানুষের দীর্ঘদিনের দুঃখ-কষ্ট ঘুচে যাবে। প্রধানমন্ত্রীর প্রতিশ্রুতি অনুযায়ী নতুন এ জেটি নির্মাণ দ্রুত বাস্তবায়ন করতে হবে। এটি বাস্তবায়িত হলে এ অঞ্চলের অভূতপূর্ব পরিবর্তন আসবে। পর্যটন ও অর্থনীতিতে ব্যাপক গতি সঞ্চারিত হবে। সন্দ্বীপ অংশে আরসিসি জেটি নির্মাণসহ আনুষঙ্গিক কাজটি করবে ই-ইঞ্জিনিয়ারিং লিমিটেড। বিআইডব্লিউটিএ এবং ঠিকাদারি প্রতিষ্ঠান ই-ইঞ্জিনিয়ারিং লিমিটেডের মধ্যে একটি চুক্তিপত্র স্বাক্ষরিত হয়। নৌপরিবহন প্রতিমন্ত্রীর উপস্থিতিতে চুক্তিপত্রে স্বাক্ষর করেন বিআইডব্লিউটিএ’র তত্ত্বাবধায়ক প্রকৌশলী ও প্রকল্প পরিচালক এ এস এম আশরাফুজ্জামান এবং ই-ইঞ্জিনিয়ারিং লিমিটেডের পরিচালক তরফদার মো. রুহুল সাইফ।এ সময় নৌপরিবহন মন্ত্রণালয়ের সিনিয়র সচিব মো. মোস্তফা কামাল, বিআইডব্লিউটিএ’র চেয়ারম্যান কমডোর আরিফ আহমেদ মোস্তফা, ই-ইঞ্জিনিয়ারিং লিমিটেডের চেয়ারম্যান তরফদার মো. রুহুল আমিন উপস্থিত ছিলেন। ",1,1,0,1,False
" মোহাম্মদ সাঈদ খোকন বলেছেন, ‘দ্বাদশ জাতীয় সংসদ নির্বাচনে ঢাকা-৬ আসনে সংসদ সদস্য নির্বাচিত হলে পুরান ঢাকাকে বাসযোগ্য করে তোলাই হবে আমার প্রথম কাজ।’আজ শুক্রবার পুরান ঢাকার নাসির উদ্দিন সরদার লেনের বায়তুল ইজ্জত জামে মসজিদে জুমার নামাজ আদায় শেষে গণসংযোগ করার সময় সাংবাদিকদের এ প্রতিশ্রুতির কথা জানান তিনি।মোহাম্মদ সাঈদ খোকন বলেন, ‘আমি পুরান ঢাকার সন্তান, এটাই আমার বড় পরিচয়। ঢাকা দক্ষিণ সিটি করপোরেশনের মেয়র থাকা অবস্থায় এবং এরপরে আমি যে কাজ করেছি তাতে বিশ্বাস করি এই এলাকার মানুষ তাদের ভালোবাসার উপহার স্বরূপ আমাকে একটি করে ভোট দিবে। সে হিসেবে আমি বিশ্বাস করি অন্যান্য আসন থেকে এখানে ভোটার উপস্থিতি বেশি হবে। এই এলাকার ভোটারদের কেউ আটকাতে পারবে না। তাই অন্য এলাকার থেকে এখানে ভোট বেশি হবে।’পুরান ঢাকা বিশ্বের অন্যতম ঘনবসতিপূর্ণ এলাকা জানিয়ে মোহাম্মদ সাঈদ খোকন বলেন, ‘পরিকল্পনা করে পুরান ঢাকাকে নতুনভাবে সাজানোর উদ্যোগ নিব। আমার মেয়র থাকা অবস্থার শেষের দিকে প্রধানমন্ত্রী আমাকে এই নির্দেশনা দিয়েছিলেন, এবার আমাকে জনগণ নির্বাচিত করলে আমি পুরান ঢাকাকে নতুনভাবে গড়ার জন্য কাজ করব। এটা অনেক বড় একটা উদ্যোগ হবে। টোকিও বা সিঙ্গাপুর সিটি এক সময় পুরান ঢাকার মতো ঘনবসতিপূর্ণ ছিল। প্লান করে এটাকে উন্নয়ন করা হয়েছে। আমরাও এরকম একটা স্বপ্ন নিয়ে কাজ করছি। আমি নির্বাচিত হতে পারলে নেত্রীর নির্দেশনায় পুরান ঢাকাকে রি-ডেভেলপমেন্টের উদ্যোগ নিব।’মোহাম্মদ সাঈদ খোকন বলেন, ‘প্রধানমন্ত্রী এবার স্মার্ট বাংলাদেশ উপহার দেওয়ার অঙ্গীকার করেছেন। আমরা পুরান ঢাকার সমস্যা দূর করে একটি স্মার্ট ঢাকা বিনির্মাণের জন্য কাজ করব।’এ সময় সাংবাদিকদের এক প্রশ্নের জবাবে মোহাম্মদ সাঈদ খোকন বলেন, ‘আমি পুরান ঢাকার সন্তান। এই মানুষের সঙ্গে বেড়ে উঠেছি, আমার জীবন এই এলাকার মানুষকে কেন্দ্র করেই। তাই আমি যখন মেয়র ছিলাম তখন পরিবর্তনের একটা সূচনা করেছিলাম। বর্তমান যে কর্তৃপক্ষ রয়েছে পরিবর্তনের ধারাটা চলমান রাখা তাদের দায়িত্ব। আমরা তাদের উৎসাহিত করব, সহযোগিতা করব। আশা করি সিটি করপোরেশন আমাদের সঙ্গে হাতে হাত মিলিয়ে, কাঁধে কাঁধ মিলিয়ে উন্নয়নের জন্য কাজ করে যাবে।’",1,1,0,1,False
" আগামী ১০ ডিসেম্বর আন্তর্জাতিক মানবাধিকার দিবস উপলক্ষে সমাবেশ করার অনুমতি চেয়ে নির্বাচন কমিশনে (ইসি) চিঠি দিয়েছে ঢাকা মহানগর দক্ষিণ আওয়ামী লীগ।  আজ রবিবার ঢাকা মহানগর দক্ষিণ আওয়ামী লীগের দপ্তর সম্পাদক রিয়াজ উদ্দিন রিয়াজের পাঠানো চিঠিতে এ তথ্য জানানো হয়।ঢাকা বিভাগীয় কমিশনার ও রিটার্নিং অফিসার বরাবর পাঠানো চিঠিতে বলা হয়, ‘আগামী ১০ ডিসেম্বর জাতীয় মসজিদ বায়তুল মোকাররম দক্ষিণ গেট সংলগ্ন রাস্তায় ঢাকা মহানগর দক্ষিণ আওয়ামী লীগ আয়োজিত আন্তর্জাতিক মানবাধিকার দিবস উপলক্ষে সমাবেশ অনুষ্ঠিত হবে। সমাবেশে প্রধান অতিথির বক্তব্য রাখবেন আওয়ামী লীগের সাধারণ সম্পাদক ওবায়দুল কাদের। সমাবেশে আওয়ামী লীগের কেন্দ্রীয় নেতারা অংশগ্রহণ করবেন। উক্ত সমাবেশের অনুমতি দেওয়ার জন্য অনুরোধ করছি।’ এর আগে নির্বাচন কমিশনের অতিরিক্ত সচিব অশোক কুমার দেবনাথ জানান, সমাবেশ করতে হলে আওয়ামী লীগকে নির্বাচন কমিশনের (ইসি) অনুমতি নিতে হবে।",1,1,0,1,False
" শাহজাহান ওমর অনুপ্রবেশকারী নয় উল্লেখ করে আওয়ামী লীগের সাধারণ সম্পাদক ওবায়দুল কাদের বলেছেন, ‘কেউ বিএনপি ত্যাগ করে আওয়ামী লীগে আসা অপরাধ নয় বরং এটাই গণতন্ত্রের সৌন্দর্য। অনেক অপচেষ্টার পরও বাংলাদেশের জনগণ শেখ হাসিনার নেতৃত্বে ঐক্যবদ্ধ। কাউকে ব্ল্যাকমেইল করে নির্বাচনে আনা হচ্ছে না’আজ শনিবার দুপুরে রাজধানীর ধানমন্ডিতে সভাপতির কার্যালয়ে সাংবাদিকের তিনি এ কথা বলেন।ওবায়দুল কাদের বলেন, ‘নির্বাচনে অনেক বাধা বিপত্তি আন্দোলনের নামে ষড়যন্ত্র, সন্ত্রাস, হরতাল দিয়েও বাংলাদেশের মানুষকে নির্বাচনকে বাধা দেওয়া যায়নি। কিছু কিছু দল নির্বাচন থেকে দূরে থাকলেও জনগণ নির্বাচনমুখী। অনেক অপচেষ্টার পরও বাংলাদেশের জনগণ শেখ হাসিনার নেতৃত্বে ঐক্যবদ্ধ।’তিনি বলেন, ‘বিএনপির এক দফা গভীর গর্তে পড়েছে, তাদের আন্দোলন ভুলের চোরাবালিতে আটকে গেছে, এতে বিএনপির নেতাকর্মীরাও হতাশ। বিএনপির ডাকে নেতাকর্মীরা ভবিষ্যতে আন্দোলনের মাঠে নামবে কি না এটা সন্দেহ। বিএনপির সর্বনাশা ভুল নীতির জন্য দলে বিভেদ সৃষ্টি হয়েছে। বিএনপির নেতৃত্বের ওপর হতাশ হয়ে অনেকেই নির্বাচন করেছেন। তৃণমূল বিএনপির সবাই বিএনপির লোক।’তিনি আরও বলেন, ‘২৯টি দল নির্বাচনমুখী, বিএনপিসহ ১৪/১৫টি দল নির্বাচনের বাইরে। নির্বাচনে জনগণের উৎসব উদ্দীপনা দেখে মনে হচ্ছে বিপুল সংখ্যক ভোটার উপস্থিতি আসবে। বিএনপির ষড়যন্ত্রের কালো হাত জনগণই ভোটাধিকার প্রয়োগের মাধ্যমে ভেঙে দেবে।’স্বতন্ত্র প্রার্থী নিয়ে কাদের বলেন, ‘স্বতন্ত্র প্রার্থী হেভিওয়েট প্রার্থীকে ফেলে জনপ্রিয়তায় এগিয়ে গেলে সেটাকে বাধা দেওয়া গণতন্ত্র নয়। স্বতন্ত্র হোক আর যে কোনো প্রার্থী নির্বাচন করুক, জনগণের নির্বাচনে ভোট দিয়ে যাচাই হবে।’আওয়ামী লীগের সাধারণ সম্পাদক বলেন, ‘আওয়ামী লীগের সঙ্গে ভারতকে জড়িয়ে প্রোপাগাণ্ডা পাকিস্তান আমল থেকে শুরু হয়েছে। নির্বাচনের আসলে ভারত আওয়ামী লীগকে জড়িয়ে প্রোপাগাণ্ডা হয় এটা নিয়ে আওয়ামী লীগ চিন্তিত নয়। নির্বাচন কমিশন আইনগত সম্পূর্ণ স্বাধীন। স্বাধীনভাবে সব ব্যবস্থা তারা নিতে পারে। আইআরআই এর সমীক্ষা বলেছে ৭০ শতাংশ লোক শেখ হাসিনার পক্ষ। বিএনপির ভুল রাজনীতির কারণে তারা জনসমর্থন হারিয়েছে। শেখ হাসিনার সব সিদ্ধান্তের প্রতি দলের নেতাকর্মীরা আস্থাশীল।’ওবায়দুল কাদের বলেন, ‘পুলিশ হত্যাসহ সন্ত্রাসী কার্যকলাপে বিএনপির যেসব নেতা জেলে রয়েছে তারা দায় এড়াতে পারবে না। তাদের বিচার হচ্ছে। একইভাবে সামনের দিনগুলোতে নির্বাচন সংক্রান্ত কোথাও কোনো সংঘাত বা বিশৃঙ্খলা হলে, সবকিছুই সিদ্ধান্ত নেবে নির্বাচন কমিশন।’",1,1,0,1,False
" নির্বাচন কমিশন (ইসি) সচিবালয়ের অতিরিক্ত সচিব অশোক কুমার দেবনাথ বলেছেন, ‘মাঠ পর্যায়ের তথ্য নিয়েউপজেলা নির্বাহী কর্মকর্তা (ইউএনও) ও থানার ভারপ্রাপ্ত কর্মকর্তাদের (ওসি) বদলি করার সিদ্ধান্ত নেওয়া হয়েছে। এ বদলির কারণে কোনো ধরনের বিশৃঙ্খলা সৃষ্টি হবে না।’আজ শনিবার দুপুরে আগারগাঁওয়ের নির্বাচন ভবনে সাংবাদিকদের এক প্রশ্নের জবাবে তিনি এ কথা বলেন।অশোক কুমার দেবনাথ বলেন, ‘নির্বাচনে মনোনয়নপত্র জমা দেওয়া স্বতন্ত্রসহ সব প্রার্থীর নিরাপত্তায় ব্যবস্থা নিচ্ছে ইসি।’তিনি বলেন, ‘নির্বাচনে মনোনয়নপত্র জমা দেওয়া স্বতন্ত্রসহ সব প্রার্থীর নিরাপত্তায় ব্যবস্থা নিচ্ছে ইসি।’কতগুলো দল নির্বাচনে অংশ নিচ্ছে এমন প্রশ্নের জবাবে ইসির অতিরিক্ত সচিব অশোক কুমার দেবনাথ বলেন, ‘আমাদের নিবন্ধিত যে ৪৪টি রাজনৈতিক দল আছে, তার মধ্যে ২৯টি দল নির্বাচনে অংশ নিচ্ছে। জেডি পিপলস নামে একটি দল নির্বাচনে অংশ নিয়েছে, যেটি আমাদের নিবন্ধিত দল নয়। আমাদের কাছে যে তথ্য আছে, তাতে দেখা গেছে ২ হাজার ৭১২ জন প্রার্থী মনোনয়নপত্র দাখিল করেছেন।’পাঁচটি আসনে আওয়ামী লীগের কোনো প্রার্থী মনোনয়নপত্র জমা দেননি এবং একটি স্থানে দুইবার জমার দেওয়ার খবর পাওয়া গেছে, এ বিষয়ে দৃষ্টি আকর্ষণ করলে তিনি বলেন, ‘আমাদের কাছে যে তথ্য আছে, আওয়ামী লীগ থেকে ৩০৪ জন মনোনয়ন ফরম নিয়েছেন।’যে ৫টি আসনে আওয়ামী লীগের কোনো প্রার্থী মনোনয়নপত্র জমা দেননি, সেখানে কী হবে? এমন প্রশ্নের জবাবে ইসির অতিরিক্ত সচিব বলেন, ‘সেটা বাছাইয়ের সময় দেখা যাবে।’ওসি ও ইউএনওদের বদলি সরকার চেয়েছে নাকি আপনারা চেয়েছেন, এমন প্রশ্নের জবাবে তিনি বলেন, ‘এটা নির্বাচন কমিশন চেয়েছে। আমাদের কমিশনাররা গত এক সপ্তাহ ধরে দেশের বিভিন্ন জেলায় এবং অঞ্চল পর্যায়ে সফর করেছেন, তাদের যে ফাইন্ডিংস, তার ভিত্তিতে নির্বাচন কমিশন বসে গত ৩০ নভেম্বর এ সিদ্ধান্ত নিয়েছে। কমিশন অনুভব করেছে, এ বদলি দরকার। সব তথ্য তো ওপেনলি বলা হয় না। নির্বাচন কমিশনাররা মাঠ পর্যায় থেকে যেসব তথ্য পেয়েছেন, বিভিন্ন প্রার্থী কিংবা বিভিন্ন কোয়াটার থেকে যে তথ্য এসেছে, তার ভিত্তিতেই এ সিদ্ধান্ত।’কোনো এক নির্বাচন কমিশনার বলেছিলেন, ‘বড় আকারে রদ বদল করা হলে পুলিশ-প্রশাসনে একটা বিশৃঙ্খলার সৃষ্টি হতে পারে, এর দায়ভার ইসি কেন নেবে? আর একটা কথা বলেছিলেন, ১০০ কোটি টাকা ব্যয় হবে, এ প্রশ্নে তিনি বলেন, ১০০ কোটি টাকা কেন ব্যয় হবে, তাহলে ওই কমিশনারের কাছে জানতে চাইতে হবে। কমিশনে কী সিদ্ধান্ত হয়েছে, আমি সেটা বলতে পারব না।’ডিসি-এসপিদের বদলির কোনো সিদ্ধান্ত হয়েছে কিনা, এমন প্রশ্নের জবাবে তিনি বলেন, ‘এখন পর্যন্ত এমন কোনো সিদ্ধান্ত আমার জানা নেই। পরবর্তীতে যদি কোনো সিদ্ধান্ত হয়, তখন বলতে পারব। যদি নির্বাচন কমিশন বসে কোনো সিদ্ধান্ত নেয়, সেক্ষেত্রে এটা হতে পারে। এটা অস্বাভাবিক কিছু নয়।’রদবদলের ক্ষেত্রে কোনো বিশৃঙ্খলা তৈরির সুযোগ আছে কিনা এমন প্রশ্নের জবাবে তিনি বলেন, ‘আমি মনে করি নেই। একজন কর্মচারী যে উপজেলা বা জেলায় দায়িত্ব পালন করুক না কেন, তিনি সুষ্ঠুভাবেই দায়িত্ব পালন করবেন।’স্বতন্ত্র প্রার্থীর নিরাপত্তার বিষয়ে তিনি বলেন, ‘স্বতন্ত্র প্রার্থীদের নিরাপত্তা নিশ্চিত করার জন্য আমরা ইতোমধ্যে মাঠ পর্যায়ে মেসেজ দিয়েছি। এটা পুলিশের ঊর্ধ্বতনদের ও আমাদের রিটার্নিং অফিসারদের বলেছি। জননিরাপত্তা বিভাগের সচিব এসেছিলেন, সব বিষয়ে তাদের মেসেজ দেওয়া হয়েছে। কেউ যেন নিরাপত্তার ঘাটতিতে না ভোগে। এরপরও যদি কারও গাফিলতিতে কিছু হয়, তার বিরুদ্ধে ইসি খুব স্ট্রং ব্যবস্থা নেবে।’সব প্রার্থীদের বডিগার্ড দেওয়া হবে কিনা, এমন প্রশ্নের জবাবে তিনি বলেন, ‘এটা তো সম্ভব হবে না। এতো বডিগার্ড দেওয়া যাবে না। তবে, নিরাপত্তার দায়িত্ব তো আইনশৃঙ্খলা বাহিনীর। তারা যেন তা নিশ্চিত করতে পারে, সেটাই আমাদের কাম্য।’সেনা মোতায়েন প্রসঙ্গে এক প্রশ্নের জবাবে অতিরিক্ত সচিব অশোক কুমার দেবনাথ বলেন, ‘যদি কমিশন মনে করে, সেটার প্রয়োজনীয়তা আছে তাহলে সে অনুযায়ী সিদ্ধান্ত নেওয়া হবে। তবে এ মুহূর্তে এমন কোনো সিদ্ধান্ত আমার জানা নেই।’",1,1,0,1,False
" দ্বাদশ জাতীয় সংসদ নির্বাচন সামনে রেখে ১৪ দলীয় জোটের আসন ভাগের বিষয় নিয়ে চলছে বেশ আলোচনা। জোটের সবচেয়ে বড় শরিক আওয়ামী লীগ কোন কৌশলে অন্য শরিকদের তুষ্ট করবে, সে বিষয়ে এখনো কোনো চূড়ান্ত সিদ্ধান্ত হয়নি। এ অবস্থায় আওয়ামী লীগের সাধারণ সম্পাদক ওবায়দুল কাদের বলেছেন, ‘যা হওয়ার ১৭ তারিখের আগে হবে। এরপর আর এই সমস্যা থাকবে না।’আজ শুক্রবার রাজধানীর ধানমন্ডিতে আওয়ামী লীগের সভাপতি শেখ হাসিনার রাজনৈতিক কার্যালয়ে সংবাদ সম্মেলনে ওবায়দুল কাদের এ কথা বলেন।এর আগে, গত ৫ ডিসেম্বর দ্বাদশ জাতীয় সংসদ নির্বাচনে ‘সম্মানজনক’ আসন ভাগাভাগি হবে—এমন প্রত্যাশা ব্যক্ত করেন ১৪ দলীয় জোটের অন্যতম শরিক ওয়ার্কার্স পার্টির সভাপতি রাশেদ খান মেনন এবং জাতীয় সমাজতান্ত্রিক দলের (জাসদ) সভাপতি হাসানুল হক ইনু। সেদিন বিকেলে আওয়ামী লীগের উপদেষ্টা পরিষদের সদস্য এবং ১৪ দলীয় জোটের মুখপাত্র ও সমন্বয়ক আমির হোসেন আমুর ইস্কাটনের বাসায় বৈঠক শেষে তারা সাংবাদিকদের কাছে এই প্রত্যাশার কথা জানান। তার আগে ৪ ডিসেম্বর ১৪ দলীয় জোটের নেতাদের নিয়ে জোটনেত্রী ও আওয়ামী লীগ সভাপতি শেখ হাসিনা গত সোমবার বৈঠক করেন। সেখানে জোটের দলগুলোর মধ্যে আসন ভাগাভাগির বিষয়ে সিদ্ধান্ত নিতে জোটের মুখপাত্র আমির হোসেন আমুকে দায়িত্ব দেওয়া হয়। এরপরই জোটের দুই দল ওয়ার্কার্স পার্টি ও জাসদের সঙ্গে বৈঠক করেন তিনি। বৈঠক শেষে রাশেদ খান মেনন বলেন, ‘জোটের পক্ষ থেকে একটা তালিকা দেওয়া হয়েছে, আগের চেয়ে কিছু আসন বেশি চেয়েছে ১৪ দল। জোটের সম্মান রক্ষা করে যেন আসন ভাগাভাগির বিষয়টি চূড়ান্ত হয়, সেটা নিয়ে আলোচনা হয়েছে।’হাসানুল হক ইনু বলেন, ‘আসন ভাগাভাগি যেন জোটের জন্য সম্মানজনক হয়, সেটাই প্রত্যাশা। আমাদের এখন ১০ জন সংসদ সদস্য আছেন, প্রত্যাশা ২০ জনের।’",1,1,0,1,False
" নারীর অগ্রযাত্রা অব্যাহত রাখতে সামাজিক দৃষ্টিভঙ্গির আমূল পরিবর্তন করতে হবে বলে জানিয়েছে নারী অধিকার ফোরাম বাংলাদেশ (অরফবি)। সংগঠনটি বলছে, পরিবার থেকে প্রতিষ্ঠান আর সমাজ থেকে শুরু করে রাষ্ট্রীয় নীতিনির্ধারণী পর্যায় পর্যন্ত সর্বস্তরে নারীদের অধিকারের বিষয়ে সচেতনতা বৃদ্ধি করা প্রয়োজন। আর এখানেই রাজনৈতিক দলগুলো গুরুত্বপূর্ণ ভূমিকা পালন করবে, যা তাদের নির্বাচনী ইশতেহারে উল্লেখ করা অতি জরুরি।গতকাল সোমবার জাতীয় প্রেসক্লাবের তফাজ্জল হোসেন মানিক মিয়া হলে ‘নির্বাচনী ইশতেহার ও নারী অধিকার’ শীর্ষক আলোচনা সভায় সংগঠনটির সভাপতি মাহমুদা খানম মিলি এসব কথা বলেন।আলোচনা সভায় সমাজকর্মী ও নারীবাদী খুশি কবীর বলেন, ‘প্রত্যেকটা দল যারা নির্বাচনে অংশগ্রহণ করছে, তাদের বলব নারী অধিকারের বিষয়টা যেন তারা নির্বাচনী ইশতেহারে সামনে নিয়ে আসেন। যারা নির্বাচনে আসবেন না, তারাও যেন এ বিষয়গুলো তুলে ধরেন। বাংলাদেশ দক্ষিণ এশিয়াতে নারীর অগ্রাধিকারের ব্যাপারে বেশ নাম করেছে, এটা অস্বীকারের কোনো উপায় নেই। কিন্তু তারপরও আমরা সন্তুষ্ট নই। আমরা চাই সমঅধিকার।’তিনি বলেন, ‘আমাদের সব রাজনৈতিক দলের অঙ্গীকার ছিল এবং আমাদের নির্বাচন কমিশনেরও অঙ্গীকার ছিল, এক তৃতীয়াংশ আসনে নারীদের নমিনেশন দিতে হবে। একটা সময়সীমাও দেওয়া ছিল। কিন্তু আমরা সেটা পারিনি। এখনো আমরা দেখছি, ৩০০ আসনের মধ্যে সবচেয়ে বেশি আসন দিয়েছে আওয়ামী লীগ। সেটাও মাত্র ৮ শতাংশ। এটা আমাদের আরও বাড়াতে হবে।’খুশি কবীর বলেন, ‘আরেকটি বিষয় হলো, নারীদের জন্য সংরক্ষিত আসন যেটা আছে, অন্য সংসদ সদস্যরা যারা ভোটে নির্বাচিত হয়ে আসছে তারা সমান দৃষ্টিতে দেখছে না। এই যে সংরক্ষিত আসন এবং সরাসরি নির্বাচিত আসনের মধ্যে যে পার্থক্যটা আছে, সেটা আমরা বারবার বলে আসছি- আমরা নারীদের কোটা সিস্টেম চাই অথবা কোনো ব্যবস্থা চাই। এখানে যেন কোনো ব্যবধান না থাকে।’এসময় তিনি নির্বাচনী ইশতেহারে অন্তর্ভুক্ত করার জন্য পাঁচটি দাবি তুলে ধরেন- ১. উত্তরাধিকার ও অভিভাবকত্বের ক্ষেত্রে অভিন্ন পারিবারিক আইন করা। ২. শিক্ষার্থী বিশেষ করে মেয়ে শিক্ষার্থীদের আনা-নেওয়ায় যানবাহন চালু ও উচ্চশিক্ষায় বাজেট বাড়ানো। ৩. স্বাস্থ্যক্ষেত্রে মেয়ে ও কন্যাশিশুদের জন্য দেশের সব প্রান্তে বিশেষজ্ঞ চিকিৎসক নিয়োগ। ৪. কর্মক্ষেত্রে নারী নিয়োগ বাড়ানো। ৫. নারীবান্ধব বিচারব্যবস্থানারী নেত্রী মমতাজ লতিফ বলেন, নারী নির্যাতন প্রতিহত করতে স্থানীয় রাজনৈতিক নেতাদের সঙ্গে নিয়ে কমিটি গঠন করে প্রচার-প্রচারণা চালাতে হবে। বইপত্রের চেয়েও প্রচারণা বেশি কার্যকরী।সাবেক সংসদ সদস্য ও খালেদ মোশাররফ ট্রাস্টের চেয়ারম্যান মাহজাবিন খালেদ বলেন, সমাজ ও রাজনীতিতে নারীদের সমান অধিকার নিশ্চিত করতে হলে পুরুষের চিন্তাধারা বদলাতে হবে। ৩৩ শতাংশ নারী নেতৃত্ব কোনো দলই নিশ্চিত করতে পারেনি। পুরুষ রাজনীতিবিদরা নারী রাজনীতিবিদদের মর্যাদা দেন না। নারী রাজনীতিবিদদের অন্য নারীদের এগিয়ে নিতে সাহায্য করতে হবে।‘আমাদের অর্থনীতি’র সম্পাদক নাসিমা খান মন্টি বলেন, নারীরা শিক্ষায় এগিয়ে গেলেও সিদ্ধান্ত গ্রহণ পর্যায়ে নারীর অংশগ্রহণ অনেক কম। উচ্চ পর্যায়ে নারীর অংশগ্রহণ ছাড়া পরিবর্তন আসবে না।সভায় অরফবি’র সভাপতি মাহমুদা খানম মিলি বলেন, শুধু বাংলাদেশে নয়, বিশ্বজুড়েই ধর্ম, বিশ্বাস, ঐতিহ্য, মূল্যবোধ, চিন্তা ও আদর্শগত পার্থক্যের কারণে নারী অধিকার নিয়ে ভিন্ন ভিন্ন অবস্থান এবং মতপার্থক্য রয়েছে। একপক্ষের কাছে যা অধিকার, অপরপক্ষের কাছে তা অনধিকার বলে বিবেচিত হয়। অনেকে আবার পুরুষের সমকক্ষতার অর্জনকেই নারীর প্রকৃত অধিকার বলে মনে করেন। এ ব্যাপারে রাজনৈতিক দৃষ্টিভঙ্গি ও রাজনৈতিক সচেতনতার সঙ্গে রাজনৈতিক নেতৃবৃন্দের আন্তরিকতা অতি জরুরি।তিনি বলেন, নির্বাচন কমিশনের ওয়েবসাইটের তথ্য অনুযায়ী দেশে নিবন্ধনকৃত রাজনৈতিক দল ৪৪টি হলেও আসন্ন নির্বাচনে প্রার্থী দিয়েছে আওয়ামী লীগ ও জাতীয় পার্টিসহ ৩০টি নিবন্ধিত রাজনৈতিক দল। ইতোমধ্যেই আওয়ামী লীগ-সহ অন্যান্য রাজনৈতিক দল তাদের নির্বাচনী ইশতেহার প্রণয়ন কমিটি গঠন করেছে। খুব শিগগির দেশ ও জাতির কাছে আগামীর বাংলাদেশ কিভাবে নির্মাণ করবে, নাগরিক সুযোগ- সুবিধা কতটা নিশ্চিত করবে কিংবা উন্নয়নশীল বাংলাদেশ বিনির্মাণে রাজনৈতিক দলগুলো তাদের পরিকল্পনা ইশতেহারের মাধ্যমে তুলে ধরবে।মাহমুদা খানম মিলি বলেন, ‘আমরা মনে করি, নারীর অধিকার, নারীর শিক্ষা, চিকিৎসা, সুরক্ষা-সহ সমঅধিকারের বিষয়গুলো রাজনৈতিক দলগুলো তাদের নির্বাচনী ইশতেহারে প্রতিশ্রুতিবন্ধভাবে লিপিবদ্ধ করে দ্বাদশ জাতীয় সংসদ নির্বাচনের মোট ভোটারের অর্ধেক নারীদের সামনে তুলে ধরা প্রয়োজন।’তিনি বলেন, ‘দাবি আদায় ছাড়া আমরা পিছিয়ে যাব না। সমাজে খালি পুরুষ নেতৃত্ব দেবে, তা হবে না। ডিজিটাল বাংলাদেশ থেকে বর্তমানে স্মার্ট বাংলাদেশের দিকে যাচ্ছি। এখন আর পেশিশক্তি নয়, যোগ্যতা ও মেধাকে গুরুত্ব দিতে হবে। আওয়ামী লীগ ও প্রধানমন্ত্রী শেখ হাসিনার কাছে এটিই আমাদের দাবি।’সভায় আরও উপস্থিত ছিলেন নারী অধিকার ফোরাম বাংলাদেশের সিনিয়র সহ-সভাপতি রোকসানা বিলকিস, সহসভাপতি সাবিহা সুলতানা লাবনী, সাধারণ সম্পাদক কোহিনূর আজাদ মলি, সিনিয়র যুগ্ম সাধারণ সম্পাদক নূরজাহান শামসসহ অনেকে।",1,1,0,1,False
" দ্বাদশ জাতীয় সংসদ নির্বাচনে ঢাকা-৬ আসনে আওয়ামী লীগের মনোনীত প্রার্থী মোহাম্মদ সাঈদ খোকনের মনোনয়ন বৈধ ঘোষণা করেছেন ঢাকা বিভাগীয় কমিশনার ও রিটার্নিং অফিসার সাবিরুল আলম।আজ সোমবার সাড়ে ১০টায় সেগুনবাগিচায় ঢাকা বিভাগীয় কমিশনার ও রিটার্নিং অফিসারের কার্যালয়ে মনোনয়নপত্র যাচাই-বাছাই শেষে এ সিদ্ধান্তের কথা জানান তিনি।মনোনয়নপত্র যাচাই-বাছাইয়ের সময় আওয়ামী লীগের কেন্দ্রীয় কার্যনির্বাহী সংসদের সদস্য ও ঢাকা দক্ষিণ সিটি করপোরেশনের সাবেক মেয়র মোহাম্মদ সাঈদ খোকন উপস্থিত ছিলেন। মনোনয়ন বৈধ ঘোষণা করায় রিটার্নিং অফিসারকে ধন্যবাদ জানান তিনি।এ প্রসঙ্গে সাঈদ খোকন বলেন, ‘আমাদের নেত্রী সব সময় বলে থাকেন, আমরা সব সময়ই প্রতিশ্রুতিবদ্ধ একটি অবাধ সুষ্ঠু গ্রহণযোগ্য নির্বাচন জাতিকে উপহার দিতে চাই। দেশের সব আসনে একাধিক প্রার্থিতার মধ্য দিয়ে আমরা একটি অংশগ্রহণমূলক অবাধ সুষ্ঠু নির্বাচনের দিকে যাচ্ছি। প্রধানমন্ত্রী জাতির কাছে যে প্রতিশ্রুতি দিয়েছেন সেটা পূরণের লক্ষ্যে আমরা কাজ করে যাচ্ছি। আমরা খুবই খুশি আমরা একটি উৎসবমুখর নির্বাচন জাতির কাছে উপহার দিতে যাচ্ছি, ইনশাআল্লাহ।’শরিকদের সঙ্গে ঢাকা-৬ আসন সমঝোতা হলে সমস্যা হবে কী না সাংবাদিকদের এমন প্রশ্নের জবাবে মোহাম্মদ সাইদ খোকন বলেন, ‘আমি আশা করি এই ধরনের কিছু হবে না। ইনশাআল্লাহ ঢাকা-৬ আসনে আমি নৌকা মার্কা নিয়ে প্রতিদ্বন্দ্বিতা করব। সেই লক্ষ্যে নগরবাসী এবং দেশবাসীর কাছে আমি দোয়া কামনা করছি।’ সাংবাদিকদের আরেক প্রশ্নের জবাবে ঢাকা দক্ষিণের সাবেক এই মেয়র বলেন, ‘আল্লাহর অশেষ রহমতে আমার প্রয়াত বাবা মোহাম্মদ হানিফ তার নিজের জীবন দিয়ে নেত্রীকে রক্ষা করেছিলেন। যা স্মৃতির পাতায় স্মরণীয় হয়ে রয়েছে। আমি তার সন্তান। আমার নেত্রীর যেকোনো সিদ্ধান্ত আমি মাথা পেতে নিতে প্রস্তত।’সাঈদ খোকন অবিভক্ত ঢাকা মহানগর আওয়ামী লীগের সভাপতি ও ঢাকা সিটি করপোরেশনের প্রয়াত মেয়র মোহাম্মদ হানিফের সন্তান। ২০০৪ সালে অবিভক্ত ঢাকা মহানগর আওয়ামী লীগের সাবেক সাংগঠনিক সম্পাদক এবং ২০১৬ সালে ঢাকা মহানগর দক্ষিণ আওয়ামী লীগের সাবেক কার্যনির্বাহী সদস্য-১ ছিলেন মোহাম্মদ সাঈদ খোকন। এছাড়া ১৯৮৭ সালে অবিভক্ত ঢাকা মহানগর আওয়ামী লীগের ৩৩ নম্বর ওয়ার্ডের সাবেক আইন বিষয়ক সম্পাদকের দায়িত্ব পালন করেছেন তিনি।",1,1,0,1,False
" দ্বাদশ জাতীয় সংসদ নির্বাচনে প্রার্থিতা ফিরে পেতে নির্বাচন কমিশনে (ইসি) আরও ১৩০ জন আপিল আবেদন করেছেন। এ নিয়ে পাঁচদিনে মোট ৫৬১ জন প্রার্থী প্রার্থিতা ফিরে পেতে ও বাতিল চেয়ে ইসিতে আপিল আবেদন করেন।আজ শনিবার আগারগাঁও নির্বাচন ভবনে এক সংবাদ সম্মেলনে ইসি সচিব জাহাংগীর আলম এ তথ্য জানান।রাজধানীর আগারগাঁওয়ের নির্বাচন ভবন চত্বরে এ আপিল আবেদন করেন তারা।ইসি কর্মকর্তারা বলেন, প্রার্থিতা ফিরে পেতে ও বাতিল চেয়ে প্রথম দিন ৪২ জন, দ্বিতীয় দিন ১৪১ জন, তৃতীয় দিন ১৫৫ জন, চতুর্থ দিন ৯৩ জন এবং আজ ১৩০ জন আপিল আবেদন করেছেন। পাঁচদিনে মোট ৫৬১ জন প্রার্থী ইসিতে আপিল করেছেন। এরমধ্যে বেশ কিছু বৈধ প্রার্থীর প্রার্থিতা বাতিল চেয়ে আবেদনও করা হয়েছে।ইসির ঘোষিত তফসিল অনুযায়ী, আগামী ৭ জানুয়ারি দ্বাদশ জাতীয় সংসদ নির্বাচনের ভোটগ্রহণ অনুষ্ঠিত হবে। নির্বাচনে মনোনয়নপত্র জমা দেওয়ার শেষ তারিখ ছিল ৩০ নভেম্বর। ১ ডিসেম্বর থেকে বাছাই শুরু হয়, শেষ হয় ৪ ডিসেম্বর সন্ধ্যা পর্যন্ত। রিটার্নিং কর্মকর্তার সিদ্ধান্তের বিরুদ্ধে আপিল ও শুনানি ১৫ ডিসেম্বর পর্যন্ত এবং ১৭ ডিসেম্বরের মধ্যে মনোনয়নপত্র প্রত্যাহার করা যাবে। প্রতীক বরাদ্দ দেওয়া হবে ১৮ ডিসেম্বর।",1,1,0,1,False
" জাতীয় পার্টির চেয়ারম্যান জি এম কাদের ও মহাসচিব মুজিবুল হক চুন্নুর আহ্বান ছাড়া অন্য কারো আহ্বানে দল সংশ্লিষ্ট ঢাকায় কোনো সভা, সমাবেশ কিংবা রাজনৈতিক কর্মসূচিতে অংশগ্রহণ না করতে কেন্দ্রীয়, জেলা, মহানগর ও দ্বাদশ জাতীয় সংসদ নির্বাচনে অংশ নেয়া প্রার্থীদের প্রতি অনুরোধ জানিয়ে এক জরুরি বিজ্ঞপ্তি জারি করেছে জাতীয় পার্টি।শুক্রবার (১২ জানুয়ারি) সন্ধ্যায় দলের পক্ষ থেকে যুগ্ম দপ্তর সম্পাদক মাহমুদ আলম স্বাক্ষরিত জরুরি বিজ্ঞপ্তিতে এ অনুরোধ জানানো হয়। জরুরি বিজ্ঞপ্তিতে বলা হয়, জাতীয় পার্টির সকল স্তরের নেতাকে কোনো কুচক্রী মহলের অবৈধ ও অসাংগঠনিক প্ররোচণায় বিভ্রান্ত না হওয়ার অনুরোধ করা হয়েছে।",1,1,0,1,False
" পররাষ্ট্র মন্ত্রণালয়ের দায়িত্ব পাওয়ায় ড. হাছান মাহমুদকে শুভেচ্ছা জানিয়েছেন ভারতের পররাষ্ট্রমন্ত্রী ড. এস জয়শঙ্কর। রবিবার (১৪ জানুয়ারি) সামাজিক যোগাযোগমাধ্যম এক্সের এক বার্তায় তিনি এ শুভেচ্ছা জানান।এক্স বার্তায় তিনি জানান, বাংলাদেশের পররাষ্ট্রমন্ত্রী হিসেবে নিয়োগ পাওয়ায় ড. মোহাম্মদ হাছান মাহমুদকে অভিনন্দন। ভারত এবং বাংলাদেশ মৈত্রীর সম্পর্ক একসঙ্গে আরো গভীর করতে উন্মুখ।এর আগে গত ১১ জানুয়ারি পররাষ্ট্রমন্ত্রী হিসেবে মন্ত্রিপরিষদের শপথগ্রহণ করেন আওয়ামী লীগের যুগ্ম সাধারণ সম্পাদক ড. হাছান মাহমুদ।উল্লেখ্য, ড. হাছান মাহমুদ ২০০১ সালে আওয়ামী লীগের সভাপতি শেখ হাসিনার বিশেষ সহকারী এবং ২০০২ থেকে ২০১২ সাল পর্যন্ত দলটির পরিবেশ ও বনবিষয়ক সম্পাদক ছিলেন। ২০১৯ সাল পর্যন্ত তিনি দলের প্রচার ও প্রকাশনা সম্পাদক ছিলেন। ২০০৮ সালে নবম জাতীয় সংসদ নির্বাচনে প্রথমবারের মতো আওয়ামী লীগের মনোনয়নে চট্টগ্রাম-৬ আসন থেকে সালাউদ্দিন কাদের চৌধুরীকে পরাজিত করে ১ লাখ ১ হাজার ৩৪০ ভোট পেয়ে সংসদ সদস্য নির্বাচিত হন। ওই সময় শেখ হাসিনার তৃতীয় মন্ত্রিসভায় তিনি ২০০৯ সালের ৮ জানুয়ারি থেকে ৩১ জুলাই পর্যন্ত প্রথমে পররাষ্ট্র প্রতিমন্ত্রী, একই বছরের ১ আগস্ট থেকে ২০১১ সালের ২৮ নভেম্বর পর্যন্ত বন ও পরিবেশ মন্ত্রণালয়ের প্রতিমন্ত্রী এবং পরে একই মন্ত্রণালয়ের মন্ত্রীর দায়িত্ব পালন করেন।২০১৪ সালে দশম জাতীয় সংসদ নির্বাচনে এবং ২০১৮ সালে একাদশ জাতীয় সংসদ নির্বাচনে তিনি চট্টগ্রাম-৭ আসন থেকে নির্বাচিত হন। দশম জাতীয় সংসদে তিনি পরিবেশ ও বন মন্ত্রণালয় সম্পর্কিত সংসদীয় স্থায়ী কমিটির চেয়ারম্যান হিসেবে দায়িত্ব পালন করেন। ক্ষমতাসীন আওয়ামী লীগের তৃতীয় মেয়াদে গত পাঁচ বছর তথ্যমন্ত্রী হিসেবে দায়িত্ব পালন করেছেন হাছান মাহমুদ। এরপর চতুর্থ মেয়াদে পররাষ্ট্র মন্ত্রণালয়ের দায়িত্ব পান তিনি। ",1,1,0,1,False
" বিরোধী দল কারা হবে এ নিয়ে নানা প্রশ্নআইনে কী বলা আছেসংবিধান বিশেষজ্ঞরা কী বলছেন ইতিহাস কী বলেযা বলছেন আ.লীগের স্বতন্ত্ররা ও জাতীয় পার্টিদ্বাদশ জাতীয় সংসদ নির্বাচনে সংখ্যাগরিষ্ঠ আসনে বিজয় পেয়ে টানা চতুর্থ মেয়াদে সরকার গঠন করেছে আওয়ামী লীগ। গত ৭ জানুয়ারি সারাদেশে ২৯৯ আসনে ভোটগ্রহণ অনুষ্ঠিত হয়। বেসরকারি ফলাফলে আওয়ামী লীগ ২২৩টি, জাতীয় পার্টি ১১টি, বাংলাদেশের ওয়ার্কার্স পার্টি, জাসদ ও বাংলাদেশ কল্যাণ পার্টি একটি করে এবং স্বতন্ত্র প্রার্থীরা ৬২টি আসনে বিজয়ী হয়েছেন। স্বতন্ত্র প্রার্থীরা সংখ্যায় দ্বিতীয় সর্বোচ্চ হলেও দল হিসেবে দ্বিতীয় সর্বোচ্চ আসন পাওয়ায় জাতীয় সংসদের কার্যপ্রণালি বিধি অনুযায়ী জাতীয় পার্টিই বিরোধী দল হবে। সে হিসেবে জি এম কাদের হচ্ছেন বিরোধীদলীয় নেতা এবং সিনিয়র কো-চেয়ারম্যান আনিসুল ইসলাম মাহমুদ হচ্ছেন বিরোধীদলীয় উপনেতা। তবে সংসদে বিরোধী দল কারা হবে এ নিয়ে নানা প্রশ্ন উঠছে।বিরোধী দল নিয়ে আইনে কী বলা আছেদ্বাদশ জাতীয় সংসদ নির্বাচনে জাপার পাঁচ গুণের বেশি আসনে জয়ী হয়েছেন স্বতন্ত্র প্রার্থীরা। দল না হলেও স্বতন্ত্র এমপিরা জোট বেঁধে সংখ্যায় বেশি হলে বিরোধী দল হতে পারবেন কিনা– এ বিষয়ে স্পষ্ট করে বলা নেই সংবিধান, আইন ও সংসদের কার্যপ্রণালি বিধিতে। আইন ও বিধিতে বলা হয়েছে, ‘বিরোধী দলের নেতা অর্থ স্পিকারের বিবেচনা মতে যে সংসদ সদস্য সংসদে সরকারি দলের বিরোধিতাকারী সর্বোচ্চ সংখ্যক সদস্য লইয়া গঠিত ক্ষেত্রমত দল বা অধিসংঘের নেতা।’ সেই হিসেবে জাতীয় পার্টি বিরোধী দল হলেও বিরোধী দলের স্বীকৃতি প্রদানের বিষয়টি স্পিকারের একক এখতিয়ারের বিষয়।সংবিধান বিশেষজ্ঞরা যা বলছেন সংবিধান বিশেষজ্ঞরা বলছেন, সরকার গঠন করতে হলে সংখ্যাগরিষ্ঠতা থাকতে হবে, এটা সংবিধানে বলা আছে। তবে বিরোধী দলের বিষয়ে বলার কিছু নেই। প্রথা বা রেওয়াজ হচ্ছে, সরকারি দলের পর যে দল সংখ্যাগরিষ্ঠ, সেই দলই বিরোধী দল হবে এবং সেই দলের নেতা বিরোধী দলের নেতা হবেন। সেখানে তাদের কতটি আসন থাকতে হবে, এ রকম কোনো বিষয় নেই। সে কারণে স্বতন্ত্র প্রার্থীরা বিরোধী দল হবেন, কোনো কোনো স্বতন্ত্র এমপি এমনটা বলে আসছিলেন। কিন্তু শেষ পর্যন্ত তা হবে না। জাতীয় পার্টিই বিরোধী দলের আসনে বসতে যাচ্ছে। চলতি মাসের শেষের দিকে জাতীয় সংসদের প্রথম অধিবেশন অনুষ্ঠিত হবে। সেই অধিবেশনের আগে চূড়ান্ত করা হবে বিরোধী দল কারা হচ্ছে।সংবিধান বিশেষজ্ঞরা আরো জানিয়েছেন, স্পিকার স্বীকৃতি না দিলে বিরোধী দল ছাড়াই সংসদ চলতে পারে। এর আগে স্বাধীনতা-পরবর্তী প্রথম ও ষষ্ঠ সংসদে কোনো বিরোধী দল ছিল না। আর আওয়ামী লীগ ও বিএনপির বর্জনের মধ্য দিয়ে অনুষ্ঠিত নির্বাচনের পর গঠিত চতুর্থ সংসদে বিশেষ বিবেচনায় বিরোধী দল করা হয়। ১৯৮৮ সালে বিশেষ বিবেচনায় কয়েকটি দলের সদস্যদের নিয়ে গঠিত সম্মিলিত বিরোধী দলকে বিরোধী দল এবং তাদের নেতা আ স ম আবদুর রবকে বিরোধীদলীয় নেতার স্বীকৃতি দেয়া হয়। এখানে বিরোধী দলের নির্বাচনের ক্ষেত্রে সরকারি দল জাতীয় পার্টির আগ্রহের বিষয়টি প্রাধান্য পেয়েছিল।বিরোধী দল নিয়ে ইতিহাস কী বলে১৯৭৩ সালের ৭ মার্চ প্রথম সংসদ নির্বাচনের সঙ্গে এই পরিস্থিতির মিল পাওয়া যায়। আওয়ামী লীগ সেসময় ৩০০ আসনের মধ্যে ২৯৩টিতে জিতেছিল এবং বিরোধী দল ও স্বতন্ত্ররা সাতটি আসন পায়। সেসময় সাতজন সংসদ সদস্য বিরোধী দল গঠনের দাবি করলেও বঙ্গবন্ধু শেখ মুজিবুর রহমান তা প্রত্যাখ্যান করেন। প্রথম সংসদে কোনো বিরোধী দল না থাকলেও সাতজনের জন্য সংসদে একটি কক্ষ বরাদ্দ ছিল। ১৯৮৮ সালের চতুর্থ জাতীয় সংসদ নির্বাচনের আগে, আ স ম আবদুর রবের নেতৃত্বে প্রায় ছয় ডজন দলের সমন্বয়ে সম্মিলিত বিরোধী দল গঠিত হয়। জোটটি তৎকালীন ক্ষমতাসীন জাতীয় পার্টির বিরুদ্ধে নির্বাচনে প্রতিদ্বন্দ্বিতা করে ১৯টি আসন পেয়ে সংসদে প্রধান বিরোধী দল হিসেবে আত্মপ্রকাশ করে। আওয়ামী লীগ, বিএনপি এবং অন্যান্য কয়েকটি দল ওই নির্বাচন বয়কট করেছিল।১৯৯৬ সালের বিতর্কিত ফেব্রুয়ারির নির্বাচন, যা আওয়ামী লীগসহ বেশিরভাগ দল বর্জন করেছিল, সেবারও সংসদে কোনো বিরোধী দল ছিল না। সেই সংসদ মাত্র ১১ দিন স্থায়ী হয়েছিল। ওই নির্বাচনে তিনটি দল অংশ নেয় এবং বিএনপি ২৭৮টি আসনে জয়লাভ করে। ফ্রিডম পার্টি পেয়েছিল একটি আসন এবং স্বতন্ত্ররা পেয়েছিল ১০টি আসন। এছাড়া ১০টি আসনে ফলাফল স্থগিত করা হয় এবং একটিতে ভোটগ্রহণ স্থগিত করা হয়। ২০০৮ সালের নির্বাচনে ৩০টি আসন পাওয়া বিএনপি সংসদে বিরোধী দল হিসেবে ছিল। ২০১৪ সালের নির্বাচনে ৩৪টি আসন পেয়ে বিরোধী দল গঠন করে জাতীয় পার্টি। এসময় স্বতন্ত্র হিসেবে নির্বাচিত আওয়ামী লীগ নেতা হাজী সেলিম স্বতন্ত্র সংসদ সদস্যদের নিয়ে ১৬ সদস্যের জোট গঠন করেন। রাজনৈতিক বিশ্লেষকরা বলছেন, স্বতন্ত্ররা সংসদে বিরোধী দল গঠন করতে চাইলে এবারও এ ধরনের জোট হওয়ার সম্ভাবনা রয়েছে।বিরোধী দল নিয়ে যা বলছেন আ.লীগের স্বতন্ত্ররা বরগুনা-১ (সদর-আমতলী-তালতলী) আসনে স্বতন্ত্র প্রার্থী হয়ে জয়ী হয়েছেন জেলা আওয়ামী লীগের যুগ্ম সাধারণ সম্পাদক গোলাম সরোয়ার টুকু। স্বতন্ত্র এমপিরা বিরোধী দলে থাকতে পারেন বলে মনে করছেন এই নেতা। তিনি বলেন, ‘সরকারের যে কোনো ভালো কাজের সমর্থন করব। জনস্বার্থবিরোধী হলে সর্বোচ্চ বিরোধিতা করা হবে। যেহেতু সংসদে আওয়ামী লীগের এমপি হিসেবে স্বীকৃতি দেয়া হবে না, তাই বিরোধী দলের এমপির মতো সংসদে থাকতে চাই। বাইরে আওয়ামী লীগ নেতা পরিচয়ে থাকবে।’সরকারে থাকতে আগ্রহী বরিশাল-৪ (মেহেন্দীগঞ্জ-হিজলা) আসনের টানা তিনবারের এমপি পঙ্কজ নাথ। তিনি বলেন, ‘আমরা আওয়ামী লীগ অনুমোদিত স্বতন্ত্র এমপি। আওয়ামী লীগের উন্নয়নের সহযোগী হিসেবে সংসদে কাজ করব।’ সরকারের কোনো সিদ্ধান্ত জনস্বার্থবিরোধী হলে কী করবেন– প্রশ্নে তিনি বলেন, ‘অবস্থা বুঝে তখন সিদ্ধান্ত হবে। যতটুকু পারমিট করে, ততটুকু বিরোধিতা করব।’যশোর-৫ (মনিরামপুর) আসনের স্বতন্ত্র এমপি ইয়াকুব আলী বলেন, ‘জোট গঠনের ব্যাপারে এখনও কেউ যোগাযোগ করেনি। শপথ নিয়ে এলাকায় ফিরেছি। বঙ্গভবনে মন্ত্রিসভার শপথে ছিলাম। সেখানেও কারো সঙ্গে জোট গঠনের কথা হয়নি। স্বতন্ত্রদের নিয়ে জোট গঠনের ব্যাপারে ভাবছি না। প্রস্তাব এলে চিন্তাভাবনা করা যাবে।’জাসদ সভাপতি হাসানুল হক ইনুকে হারিয়ে আলোচনায় আসা কুষ্টিয়া-২ আসনের স্বতন্ত্র এমপি কামারুল আরেফিন বলেন, ‘স্বতন্ত্র এমপিদের নিয়ে জোট গঠনের সংবাদ পত্রিকায় পড়েছি। তবে কেউ আলোচনা করেনি।’ মিরপুর উপজেলা আওয়ামী লীগের এই সাধারণ সম্পাদক বলেন, ‘স্বতন্ত্র হিসেবে জিতলেও আওয়ামী লীগের বাইরে নই। তাই কেন্দ্রীয় নেতারা যেভাবে চাইবেন, সেভাবেই সিদ্ধান্ত নেব।’ময়মনসিংহ-৭ (ত্রিশাল) আসনের স্বতন্ত্র এমপি এ বি এম আনিছুজ্জামান বলেন, ‘আমি এখনো জেলা আওয়ামী লীগের সদস্য। প্রধানমন্ত্রী শেখ হাসিনার সিদ্ধান্তের দিকে তাকিয়ে আছি। নেত্রী যেভাবে বলবেন, সেভাবেই এগিয়ে যাব।’ ময়মনসিংহ-৮ (ঈশ্বরগঞ্জ) আসনের স্বতন্ত্র এমপি মাহমুদ হাসান সুমনও সরকারে থাকতে চান জানিয়ে বলেন, ‘আওয়ামী লীগের কারো সঙ্গে প্রতিদ্বন্দ্বিতা করিনি। জাপার প্রার্থী ছিল প্রতিদ্বন্দ্বী। আওয়ামী লীগের সঙ্গে থেকে উন্নয়নে কাজ করে যাব।’সরকারে থাকতে চান রাজশাহী-২ আসনে ওয়ার্কার্স পার্টির সাধারণ সম্পাদক ফজলে হোসেন বাদশাকে হারানো স্বতন্ত্র এমপি শফিকুর রহমান বাদশা। তিনি বলেন, ‘বিশেষ প্রেক্ষাপটে নির্বাচন করতে হয়েছে কাঁচি প্রতীকে। বুকে বঙ্গবন্ধুকে ধারণা করি। নেত্রী যে নির্দেশনা দেবেন, তা-ই করব। নেত্রীর নির্দেশের বাইরে নই। সংবিধান বা কোথাও বলা নেই, আওয়ামী লীগ করা যাবে না।’স্বতন্ত্র এমপি হিসেবে শক্তিশালী বিরোধী দলের ভূমিকায় থাকতে চান নাটোর-১ (লালপুর-বাগাতিপাড়া) আসনের এমপি আবুল কালাম আজাদ। তিনি বলেন, ‘স্বতন্ত্র এমপিরা যাঁর যাঁর পদ-পদবি অনুযায়ী নিজ নিজ এলাকায় আওয়ামী লীগের কর্মকাণ্ডে অংশ নেবেন।’ নওগাঁ-৬ (আত্রাই-রানীনগর) আসনের স্বতন্ত্র এমপি অ্যাডভোকেট ওমর ফারুক জেলা আওয়ামী লীগের ত্রাণবিষয়ক সম্পাদক। তিনি বলেন, ‘আপাতত কোনো জোটে যাওয়ার সম্ভাবনা নেই। প্রধানমন্ত্রী যে সিদ্ধান্ত দেবেন, তা মেনে চলব।’রংপুর-৫ আসনে জয়ী স্বতন্ত্র এমপি জাকির হোসেন সরকার বলেন, ‘৩৭ বছর উপজেলা আওয়ামী লীগের সাধারণ সম্পাদক ছিলাম। অন্য কোনো জোট নয়, প্রধানমন্ত্রী শেখ হাসিনার নেতৃত্বে আওয়ামী লীগে থাকতে চাই।’ নীলফামারী-৩ আসনে বিজয়ী স্বতন্ত্র এমপি সাদ্দাম হোসেন পাভেলও স্বতন্ত্র জোটে নয়, আওয়ামী লীগে থাকতে চান। হবিগঞ্জ-১ (নবীগঞ্জ-বাহুবল) আসনের স্বতন্ত্র এমপি আমাতুল কিবরিয়া চৌধুরী কেয়া বলেন, ‘স্বতন্ত্র জোট আমার কাছে একটি অসহ্য ব্যাপার। আমি তা চাই না। আমি আওয়ামী লীগের। স্বতন্ত্র এমপি হয়েছি বলে বিরোধী দল, এটি মেনে নিতে পারছি না।’ চট্টগ্রাম-৮ (বোয়ালখালী-চান্দগাঁও) আসনের স্বতন্ত্র এমপি আবদুচ ছালাম বলেন, ‘শেখ হাসিনা সিদ্ধান্ত দিলে স্বতন্ত্র জোটে যাব। দলের সিদ্ধান্তের বাইরে নই।’ একই কথা বলেছেন চট্টগ্রাম-১৫ (সাতকানিয়া-লোহাগাড়া) আসনের স্বতন্ত্র এমপি এম এ মোতালেব। নওগাঁ-৬ থেকে বিজয়ী স্বতন্ত্র সদস্য হিসেবে জয়ী অ্যাডভোকেট ওমর ফারুক জেলা আওয়ামী লীগের ত্রাণ বিষয়ক সম্পাদক। তিনি বলেন, ‘‘আমাকে নেত্রী নৌকা প্রতীক দিতে পারেননি। কিন্তু তিনি তো আমাকে নির্বাচনে দাঁড়ানোর অনুমতি দিয়েছেন। আমি বঙ্গবন্ধুর আদর্শের সৈনিক। শেখ হাসিনা আমার নেতা। তাকে সহযোগিতা করাই আমার কাজ। সরকারি দল বা বিরোধী দল ওসব কিছু না। নেত্রী যা বলবেন আমি তাই করব। আর এর পরেরবার আমি তো নৌকা প্রতীক পাবো নিশ্চিত।পিরোজপুর-৩ আসনের শামীম শাহনেওয়াজের বলেন, ‘‘আমরা ৬২ জন প্রায় সবাই আওয়ামী লীগের। তারপরও মাননীয় প্রধানমন্ত্রী যে সিদ্ধান্ত দেন ওটার দিকে আমরা তাকিয়ে আছি। দেখা যাক। আমরা আবার নিজেদের মতোও থাকতে পারি। প্রধানমন্ত্রী কী সিদ্ধান্ত দেন দেখি। তিনি জানান, ‘‘আমরা যারা স্বতন্ত্র নির্বাাচত হয়েছি তারা এখনো একসঙ্গে বসতে পারিনি। নিজেরা কথা বলতে পারিনি। বসার কোনো তারিখ এখনো ঠিক হয়নি।’’জাতীয় পার্টি যা বলছেএবার জাতীয় পার্টি ১১ আসন পেলেও দলের মহাসচিব মুজিবুল হক চুন্নু বলেন, ‘‘আমরাই তো বিরোধী দল। তারা যারা স্বতন্ত্র সবাই আওয়ামী লীগের। এখন সংসদে যারা বিরোধী তাদের মধ্যে যে দল বা অধিসঙ্গকে স্পিকারের কাছে বড় মনে হবে তাদেরকে তিনি স্বীকৃতি দিতে পারেন বিরোধী দল হিসেবে। স্বতন্ত্রদের বিরোধী দল হতে হলে তাদের জোট বা দল গঠন করতে হবে। কিন্তু তারা আওয়ামী লীগের বিভিন্ন পদে আছেন। ওই পদ ছেড়ে তারা নতুন দল বা জোট গঠন করতে পারবে বলে আমার কাছে মনে হয় না। তার কথা, ‘‘তারপরও তারা যদি বিরোধী দলের স্বীকৃতি পায় তাহলেও প্রকৃত বিরোধী দল থাকব আমরাই। আমরা হয়তো বিরোধী দলের সুযোগ সুবিধা পাব না। সংদের প্রথম অধিবেশন শুরুর আগেই বিরোধী দল কারা তার সিদ্ধান্ত হয়।",1,1,0,1,False
" আসন্ন দ্বাদশ জাতীয় সংসদ নির্বাচন অবাধ, সুষ্ঠু, নিরপেক্ষ ও শান্তিপূর্ণভাবে সম্পন্ন করার লক্ষ্যে স্থানীয় বেসামরিক প্রশাসনকে সহায়তা দিতে মাঠে নেমেছে সশস্ত্র বাহিনী। দেশব্যাপী ৩ থেকে ১০ জানুয়ারি পর্যন্ত মোতায়েন থাকবে তারা। বুধবার (৩ জানুয়ারি) সকাল থেকে তারা মাঠে নেমেছেন।মঙ্গলবার আন্তঃবাহিনী জনসংযোগ পরিদপ্তর (আইএসপিআর) এক সংবাদ বিজ্ঞপ্তিতে জানায়, জাতীয় সংসদ নির্বাচন অবাধ, সুষ্ঠু, নিরপেক্ষ ও শান্তিপূর্ণভাবে সম্পন্ন করার লক্ষ্যে স্থানীয় বেসামরিক প্রশাসনকে সহায়তা দেয়ার জন্য সংবিধানের ১২৬ অনুচ্ছেদ অনুসারে ‘ইন এইড টু দি সিভিল পাওয়ার’-এর আওতায় সশস্ত্র বাহিনী নিয়োজিত হয়েছে। সশস্ত্র বাহিনী ভোটগ্রহণের আগে, ভোটগ্রহণের দিন ও ভোটগ্রহণের পরে শান্তিশৃঙ্খলা নিয়ন্ত্রণ নিশ্চিত করার লক্ষ্যে দেশব্যাপী ৩ থেকে ১০ জানুয়ারি পর্যন্ত নির্বাচন কমিশন ও স্থানীয় বেসামরিক প্রশাসনকে সহায়তা প্রদান করবে। সশস্ত্র বাহিনীর সদস্যরা প্রতিটি জেলা, উপজেলা ও মেট্রোপলিটন এলাকার নোডাল পয়েন্ট ও অন্যান্য সুবিধাজনক স্থানে অবস্থান করবেন।আইএসপিআর আরো জানায়, সংশ্লিষ্ট রিটার্নিং কর্মকর্তার অনুরোধক্রমে ও সমন্বয়ের মাধ্যমে বাহিনীগুলো এলাকাভিত্তিক মোতায়েন সম্পন্ন করছে। সেনাবাহিনী ৬২টি জেলায় নিয়োজিত হয়েছে। সমতলে সীমান্তবর্তী ৪৫টি উপজেলায় বিজিবি এককভাবে দায়িত্ব পালন করবে। এছাড়া সীমান্তবর্তী ৪৭টি উপজেলায় সেনাবাহিনী বিজিবির সঙ্গে এবং উপকূলীয় চারটি উপজেলায় কোস্ট গার্ডের সঙ্গে সমন্বয়ের মাধ্যমে যৌথভাবে দায়িত্ব পালন করবে। উপকূলীয় দুইটি জেলাসহ (ভোলা ও বরগুনা) মোট ১৯টি উপজেলায় নৌবাহিনী দায়িত্ব পালন করবে। বিমান বাহিনী হেলিকপ্টারযোগে দুর্গম পার্বত্য অঞ্চলের ভোটকেন্দ্রগুলোতে প্রয়োজনীয় হেলিকপ্টার সহায়তা দেবে। এছাড়া জরুরি প্রয়োজনে নির্বাচনী সহায়তা প্রদানের লক্ষ্যে বিমান বাহিনীর প্রয়োজনীয় সংখ্যক হেলিকপ্টার প্রস্তুত রাখা হয়েছে। সশস্ত্র বাহিনী বিভাগে বিভিন্ন মন্ত্রণালয়, বিভাগ এবং আইনশৃঙ্খলা বাহিনীর প্রতিনিধিদের সমন্বয়ে যৌথ সমন্বয় সেল স্থাপন করা হয়েছে, যা ১০ জানুয়ারি পর্যন্ত কার্যকর থাকবে। আসন্ন দ্বাদশ জাতীয় সংসদ নির্বাচন উপলক্ষে শান্তিশৃঙ্খলা রক্ষার জন্য প্রয়োজনীয় সহায়তা প্রদানে সশস্ত্র বাহিনী সর্বাত্মক প্রস্তুতি নিয়েছে। ",1,1,0,1,False
" আসন্ন দ্বাদশ জাতীয় সংসদ নির্বাচনে সরকারের সুবিধাভোগী সোয়া ৩ কোটি ভোটারের উপস্থিতি নিশ্চিত করার নির্দেশনা চেয়ে হাইকোর্টে রিট দায়ের করা হয়েছে। রিটে সরকারের সুবিধাভোগী নাগরিকদের ভোটদান বাধ্যতামূলক করার নির্দেশনাও চাওয়া হয়েছে। সুপ্রিম কোর্টের আইনজীবী ড. বশির আহমেদ জনস্বার্থে এ রিট দায়ের করেছেন।বুধবার (৩ জানুয়ারি) বিচারপতি মো. ইকবাল কবীরের নেতৃত্বাধীন হাইকোর্ট বেঞ্চে রিট আবেদনটি শুনানির জন্য কার্যতালিকায় রয়েছে। মন্ত্রিপরিষদ সচিব, নির্বাচন কমিশনসহ সংশ্লিষ্টদের রিটে বিবাদী করা হয়েছে।আইনজীবী ড. বশির আহমেদ গণমাধ্যমকে বলেন, কমনওয়েলথভুক্ত অনেক দেশে নির্বাচনে ভোটারদের ভোটদানে বাধ্যতামূলক করার বিধান রয়েছে। আমেরিকার দুটি অঙ্গরাজ্যেও ভোট দেয়ার বাধ্যতামূলক বিধান চালু রয়েছে। বাংলাদেশ কমনওয়েলথভুক্ত দেশ। এই দেশেও সরকারের সুবিধাভোগী নাগরিকদের ভোটদান বাধ্যতামূলক করা প্রয়োজন। এ কারণে রিট দায়ের করেছি।তিনি জানান, সরকারের সরাসরি সুবিধাভোগী ২ কোটি ৭৫ লাখ ভোটার রয়েছে। এছাড়াও আধা সরকারি, অবসরপ্রাপ্ত সরকারি কর্মকর্তা-কর্মচারী মিলে মোট সোয়া ৩ কোটি ভোটার রয়েছে। ভোটকেন্দ্রে এসব ভোটারদের উপস্থিতি নিশ্চিত করার নির্দেশনা চেয়েছি।",1,1,0,1,False
" নির্বাচন কমিশনার আনিছুর রহমান বলেছেন, আমাদের উদ্দেশ্য একটাই আর তা হলো একটি অবাধ, সুষ্ঠু ও গ্রহণযোগ্য নির্বাচন। এজন্য এবার সর্বাধিক বিচারিক হাকিম নিয়োগ দেয়া হয়েছে। দ্বাদশ জাতীয় সংসদ নির্বাচন অবাধ, সুষ্ঠু ও গ্রহণযোগ্য করতে সবাই নিজ নিজ দায়িত্ব পালন করবে। বিগত অন্য যে কোন নির্বাচনের তুলনায় এবার সহিংসতা কম হয়েছে। গত ২০১৪ সালে যে ব্যাপক সহিংসতা ও জানমালের ক্ষতি হয়েছিল, এবার তা হবে না।মঙ্গলবার (২ জানুয়ারি) রাজধানীর বঙ্গবন্ধু আন্তর্জাতিক সম্মেলন কেন্দ্রে নির্বাহী ম্যাজিস্ট্রেটদের প্রশিক্ষণ অনুষ্ঠানে প্রধান অতিথির বক্তব্যে তিনি এসব কথা বলেন। আজ তৃতীয় দফায় ৮২৮ জন ম্যাজিস্ট্রেট প্রশিক্ষণ নিচ্ছেন। এরা ভোটের দিনসহ ৫ দিন দায়িত্ব পালন করবেন। আনিছুর রহমান বলেন, আমরা মনে করি আমাদের নৈতিক দায়িত্ব ও কর্তব্য ভোট অবাধ ও গ্রহণযোগ্য করা। রাষ্ট্রের দায়িত্ব সংবিধানে স্পষ্ট উল্লেখ আছে ভোটের সময় রাষ্ট্রের সব নির্বাহী বিভাগ সুষ্ঠু ভোট করতে নির্বাচন কমিশনকে সহায়তা করবে। সবার দায়িত্ব নির্বাচন কমিশনকে সহায়তা করা। তারই অংশ হিসেবে আমরা সবাই সাংবিধানিক দায়িত্ব পালন করবো। কোনোভাবেই এই নির্বাচনকে প্রশ্নবিদ্ধ হতে দেয়া যাবে না। যখন যে পদক্ষেপ নেয়া দরকার, সময়ক্ষেপণ না করে দ্রুত সে পদক্ষেপ নিতে হবে।তিনি আরো বলেন, দায়িত্ব পালনে সততা ও নিষ্ঠার সঙ্গে কাজ করতে হবে। কে কোন দল কোন মত কোন পথ- এটা দেখা যাবে না। ইসি সচিবালয়ের সচিব মো. জাহাঙ্গীর আলমের সভাপতিত্বে অনুষ্ঠানে বক্তব্য রাখেন- স্বরাষ্ট্র মন্ত্রণালয়ের জননিরাপত্তা বিভাগের সিনিয়র সচিব মোস্তাফিজুর রহমান, অর্থসচিব ড. মো. খায়েরুজ্জামান মজুমদার এবং মন্ত্রিপরিষদ বিভাগের সমন্বয় ও সংস্কার সচিব মো. মাহমুদুল হোসাইন খান।",1,1,0,1,False
" আগামীকাল রবিবার (৭ জানুয়ারি) দেশে দ্বাদশ জাতীয় সংসদ নির্বাচন অনুষ্ঠিত হতে যাচ্ছে। বাংলাদেশের জাতীয় সংসদের সদস্য নির্বাচনের জন্য ১২তম সাধারণ নির্বাচন এটি। এই নির্বাচন আয়োজনে সব মিলিয়ে প্রায় ২ হাজার ৩০০ কোটি টাকা খরচ হতে পারে বলে জানিয়েছে নির্বাচন কমিশন (ইসি)। সেই হিসেবে আসনপ্রতি ব্যয় হচ্ছে ৭ কোটি টাকারও বেশি।শনিবার (৬ জানুয়ারি) ইসির এক সূত্রে এ তথ্য জানা জানা গেছে। ইসির অতিরিক্ত সচিব অশোক কুমার দেবনাথ জানান, নির্বাচন পরিচালনা ও আইনশৃঙ্খলা খাত মিলিয়ে প্রায় দেড় হাজার কোটি টাকা বরাদ্দের প্রস্তাব করা হয়েছিল। পরে বরাদ্দের চাহিদা বেড়ে সবমিলিয়ে ব্যয় প্রায় ২ হাজার ৩০০ কোটি টাকায় দাঁড়াতে পারে।ইসি কর্মকর্তারা আরো জানান, এবারের নির্বাচনে তিন হাজারের মতো ম্যাজিস্ট্রেট মাঠে থাকবেন। এ ছাড়া আইনশৃঙ্খলা রক্ষাকারী বাহিনীর সদস্যের সংখ্যা ও মোতায়েনের সময় বৃদ্ধি পাওয়ায় ব্যয় বেড়েছে। এবার আইনশৃঙ্খলা বাহিনীর চাহিদা অনুযায়ী সম্ভাব্য ব্যয় ধরা হয়েছে ১ হাজার ২২৫ কোটি ৬২ লাখ টাকা। আর নির্বাচন পরিচালনা খাতে সম্ভাব্য ব্যয় ধরা হয়েছে ১ হাজার ৫০ কোটি ৬০ লাখ টাকা।সারা দেশে এবারের নির্বাচনে আনসার সদস্য থাকছেন পাঁচ লাখ ১৬ হাজার জন। পুলিশ ও র‌্যাব থাকছেন এক লাখ ৮২ হাজার ৯১ জন, কোস্টগার্ড দুই হাজার ৩৫০ জন এবং ৪৬ হাজার ৮৭৬ জন বিজিবি সদস্য থাকছেন। সশস্ত্র বাহিনীর সদস্য থাকছেন প্রায় অর্ধলাখ। এ ছাড়া নির্বাচন সুষ্ঠুভাবে সম্পন্ন করতে এবার চার লাখ ছয় হাজার ৩৬৪ প্রিজাইডিং অফিসার, দুই লাখ ৮৭ হাজার ৭২২ জন সহকারী প্রিজাইডিং অফিসার এবং পাঁচ লাখ ৭৫ হাজার ৪৪৩ জন পোলিং অফিসার থাকছে। এ ছাড়া বিদেশি পর্যবেক্ষকদের জন্য বিশেষ ব্যবস্থা এবং ইসি সচিবালয় ও প্রশিক্ষণেও বিপুল অর্থ খরচ হচ্ছে।উল্লেখ্য, একাদশ জাতীয় সংসদ নির্বাচন আয়োজনে ৭০০ কোটি টাকা বরাদ্দ থাকলেও পরে তা বাড়ানো হয়েছিল। তার আগে, দশম সংসদ নির্বাচনে প্রায় ২৬৪ কোটি ৬৮ লাখ টাকা, নবম সংসদ নির্বাচনে ১৬৫ কোটি টাকা, অষ্টম সংসদ নির্বাচনে ৭২ কোটি ৭১ লাখ টাকা, সপ্তম সংসদ নির্বাচনে ১১ কোটি ৪৭ লাখ টাকা, ষষ্ঠ সংসদ নির্বাচনে ৩৭ কোটি টাকা, পঞ্চম সংসদ নির্বাচনে ২৪ কোটি ৩৭ লাখ টাকা, চতুর্থ সংসদ নির্বাচনে ৫ কোটি ১৫ লাখ টাকা, তৃতীয় সংসদ নির্বাচনে ৫ কোটি ১৬ লাখ টাকা, দ্বিতীয় সংসদ নির্বাচনে ২ কোটি ৫২ লাখ টাকা ব্যয় হয়েছিল। আর ১৯৭৩ সালের ৭ মার্চ দেশের প্রথম সংসদ নির্বাচনে মোট ৮১ লাখ ৩৬ হাজার টাকা ব্যয় হয়।",1,1,0,1,False
" রবিবার (৭ জানুয়ারি) সকাল ৮টা থেকে শুরু হয়েছে দ্বাদশ জাতীয় সংসদ নির্বাচনের ভোট গ্রহণ। দেশের বিভিন্ন ভোটকেন্দ্রে ভোটাররা বিপুল উৎসাহ-উদ্দীপনার মধ্য দিয়ে তাদের ভোটাধিকার প্রয়োগ করছেন।এবারের নির্বাচনে দেশের সাধারণ ভোটারদের পাশাপাশি শোবিজ অঙ্গনের তারকারাও তাদের ভোটাধিকার প্রয়োগ করছেন। চলুন জেনে নেয়া যাক পছন্দের কোন তারকা কোথায় ভোট দিলেন।মেহের আফরোজ শাওন:জনপ্রিয় অভিনেত্রী ও কণ্ঠশিল্পী মেহের আফরোজ শাওন রবিবার সকাল সাড়ে ১০টার দিকে ভোট দিয়েছেন রাজধানী ধানমন্ডির গভমেন্ট হাইস্কুল ভোটকেন্দ্রে। ভোট দেয়ার পর তিনি সামাজিক যোগাযোগ মাধ্যমে নিজের বৃদ্ধাঙ্গুলে লাগানো অমোচনীয় কালি দেয়া ছবি পোস্ট করে লিখেছেন, ‘ভোট দিয়ে আসলাম।’ফেরদৌস আহমেদ:রবিবার সকাল ৯টা ৪৬ মিনিটে রাজধানীর ভাসানটেক সরকারি মাধ্যমিক বিদ্যালয় কেন্দ্রে ভোট দিতে যান চিত্রনায়ক ফেরদৌস আহমেদ। তিনি ঢাকা-১০ আসনে আওয়ামী লীগের প্রার্থী। জয়ের ব্যাপারে আশাবাদী ফেরদৌস বলেন, ‘অভিনয়ে যেভাবে শতভাগ দিয়েছি দর্শকদের, সেভাবে চেষ্টা করব সাধারণ মানুষের সঙ্গে মিলেমিশে কাজ করতে।’ভোট দেয়ার ছবি নিজের ফেসবুকে পোস্ট করে ফেরদৌস ক্যাপশনে লিখেছেন, ‘আমি ভোট দিয়েছি। আপনি দিয়েছেন কি?’মমতাজ বেগম:জনপ্রিয় সংগীতশিল্পী ও সংসদ সদস্য মমতাজ বেগম মানিকগঞ্জে তার নিজের নির্বাচনী এলাকায় রবিবার সকাল ১০টার ভোট দিয়েছেন। কেন্দ্রে গিয়ে তিনি গণমাধ্যমকে বিজয় চিহ্ন দেখিয়ে ভোট প্রদান করেন। পরে ভোট দেয়ার ছবি সামাজিক যোগাযোগ মাধ্যমে শেয়ার করেন এই শিল্পী।তাপস-মুন্নী:গুলশান মডেল হাই স্কুল কেন্দ্রে ভোট দিয়েছেন গান বাংলা টেলিভিশনের কর্ণধার তাপস এবং তার স্ত্রী মুন্নী। ভোট দেওয়ার ছবি ফেসবুকে পোস্ট করে তাপস লিখেছেন, ‘জয় বাংলা’তারিন জাহান:টেলিভিশন অভিনেত্রী তারিন জাহানও এবারের নির্বাচনে ভোট দিয়েছেন। ভোট দিয়ে আঙ্গুলে অমোচনীয় কালি দেয়া ছবি সামাজিক যোগাযোগ মাধ্যমে পোস্ট করে এ অভিনেত্রী ক্যাপশনে লিখেন, ‘আমি আমার ভোট দিয়েছি, আপনি?’সৌম্য-দিব্য:নতুন প্রজন্মের জনপ্রিয় দুই অভিনেতা সহোদর সৌম্য ও দিব্য এবার প্রথমবারের মতো নিজেদের ভোট দিয়েছেন। তার মা অভিনেত্রী শাহনাজ খুশি নিজের ফেসবুক ওয়ালে এ তথ্য প্রকাশ করে দুই ছেলের ছবি পোস্ট করেছেন। ক্যাপশনে লিখেছেন, ‘প্রথমবার ভোট। যারা ভোট বর্জন করেছে, তারা তরুণদের আবেগ বর্জন করেছে। আমার ভোট, আমার দেশ, ভালবাসি বাংলাদেশ।’হিরো আলম:সামাজিক যোগাযোগ মাধ্যমে জনপ্রিয় হিরো আলমও তার ভোটদানের ছবি ফেসবুকে শেয়ার করেছেন। তিনি ক্যাপশনে লিখেছেন, ‘ভোট দেয়া মানুষের অধিকার, এ অধিকার যারা কেড়ে নেয় তারা অপরাধী, আল্লাহ তাদের বিচার করুক।’হিরো আলম এবারের নির্বাচনে বগুড়া-৪ আসনে বাংলাদেশ কংগ্রেসের প্রার্থী হিসেবে প্রতিদ্বন্দ্বিতা করছেন। রবিবার সকাল সোয়া ৯টায় বগুড়া সদর উপজেলায় এরুলিয়া সরকারি প্রাথমিক বিদ্যালয় কেন্দ্রে ভোট প্রদান করেন হিরো আলম।",1,1,0,1,False
" ব্রাহ্মণবাড়িয়া-৩ (সদর) আসনে বিপুল ভোটের ব্যবধানে নৌকা প্রতীকের র আ ম উবায়দুল মোকতাদির চৌধুরী বেসরকারিভাবে জয়ী হয়েছেন।রবিবার (৭ জানুয়ারি) দ্বাদশ জাতীয় সংসদ নির্বাচনের ভোটগ্রহণ শেষে ১৯২ কেন্দ্র থেকে প্রাপ্ত ফলাফলে মোকতাদির চৌধুরী ১ লাখ ৫০ হাজার ৯৫৬ ভোট পেয়েছেন। তার নিকটতম প্রতিদ্বন্দ্বী কাঁচি প্রতীকের স্বতন্ত্র প্রার্থী ৬১ হাজার ৩৫৪ ভোট পেয়েছেন।দ্বাদশ জাতীয় সংসদ নির্বাচনে এই আসনে আওয়ামী লীগ, বিএনএম, জাসদসহ বিভিন্ন রাজনৈতিক দলের আটজন প্রার্থী প্রতিদ্বন্দ্বিতা করেছেন। অন্যরা হলেন: বাংলাদেশ জাতীয়তাবাদী আন্দোলন (বিএনএম) জামাল রানা-(নোঙ্গর প্রতীক), ইসলামী ফ্রন্টের সৈয়দ মো. নূরে আজম (মোমবাতি প্রতীক), জাতীয় সমাজতান্ত্রিক দলের (জাসদ) মো. আবদুর রহমান খান (মশাল প্রতীক), বাংলাদেশ খেলাফত আন্দোলনের প্রার্থী মাওলানা মুজিবুর রহমান হামিদী (বটগাছ প্রতীক), ন্যাশনাল পিপলস পার্টির (এনপিপি) সৈয়দ মাকসুদুল হক আক্কাছ (আম প্রতীক) ও বাংলাদেশ সুপ্রিম পার্টির সোহেল মোল্লা (একতারা প্রতীক)।ব্রাহ্মণবাড়িয়া-৩ আসনে মোট ভোটার ছয় লাখ ২১ হাজার ৫৮৪ জন। এর মধ্যে সদর উপজেলায় চার লাখ ১৩ হাজার ৯৩২ জন এবং বিজয়নগর উপজেলায় দুই লাখ ৭ হাজার ৬৫২ জন।",1,1,0,1,False
" দ্বাদশ জাতীয় সংসদ নির্বাচনে ৪০ শতাংশ ভোট পড়েছে বলে জানিয়েছেন প্রধান নির্বাচন কমিশনার (সিইসি) কাজী হাবিবুল আউয়াল।রবিবার (৭ জানুয়ারি) বিকেলে আগারগাঁও নির্বাচন কমিশন (ইসি) ভবনে আয়োজিত সংবাদ সম্মেলনে এ তথ্য জানান তিনি। সকাল ৮টা থেকে ভোটগ্রহণ শুরু হয়ে একটানা বিকেল ৪টা পর্যন্ত চলে। বড় ধরনের কোনো সহিংসতা ছাড়া বিচ্ছিন্ন কিছু ঘটনার মধ্য দিয়ে সারা দেশে ভোটগ্রহণ শেষ হয়।সিইসি বলেন, ভোট মোটামুটি শান্তিপূর্ণ ভাবে শেষ হয়েছে। নির্বাচনে আশঙ্কা ছিল যে, একটি পক্ষ ভোট বর্জন ও প্রতিহতের ঘটনায় ভোটার কম আসবে বলে আমরা ভেবেছিলাম তবে তা ঘটেনি। ভোটাররা মোটামুটি ভোট দিতে এসেছে। আইন শৃঙ্খলা বাহিনী গোটা দেশ চষে বেড়িয়েছেন। প্রার্থী ও ইসির মধ্যে যে অনাস্থা ছিল আমরা সবাই ভিজিট করে মিটিং করে কিছুটা মিটিয়ে ফেলতে সক্ষম হয়েছি। আমরা ৯০ শতাংশ ক্ষেত্রে ব্যালট সকালে পৌঁছে দিয়েছি। প্রায় ৩ হাজার ম্যাজিস্ট্রেটরা মাঠে আছেন, ৮ লক্ষাধিক আইন-শৃঙ্খলা বাহিনী মাঠে কাজ করছেন।তিনি বলেন, অনিয়মের অভিযোগে ১৫টি কেন্দ্রের ভোট স্থগিত করা হয়েছে। আচরণবিধি চূড়ান্তভাবে লঙ্ঘন করায় চট্টগ্রাম-১৬ আসনের আওয়ামী লীগ প্রার্থী মোস্তাফিজুর রহমানের প্রার্থিতা বাতিল করেছে কমিশন। গণপ্রজাতন্ত্রী আদেশ (আরপিও) ৯১ ই (২) বিধান অনুযায়ী মোস্তাফিজুর রহমান চৌধুরীর প্রার্থিতা বাতিল করা হয়। ভোটের দিন নির্বাচনী আচরণ বিধি লঙ্ঘনের দায়ে বাংলাদেশ এই প্রথম কোন প্রার্থীর প্রার্থিতা বাতিল করলো।তিনি বলেন, স্বচ্ছতা দৃশ্যমানতার মাধ্যমে পুরো চিত্রটা তুলে ধরা হলে তা জনগণ বিশ্বাস করবে। যেসব টিভির মালিকরা প্রার্থী নন, সেসব চ্যানেলগুলো বস্তুনিষ্ঠ সংবাদ পরিবেশন করেছে। বাংলাদেশের গণমাধ্যম সত্যি ভাল ভূমিকা রাখে। আন্তর্জাতিক মহলে ভোট গ্রহনযোগ্য বলবে কিনা তা ভোট শেষে ও রেজাল্টের পরে বলবে নিশ্চয়ই। দলীয় সরকারের সব ধরনের সহযোগিতা পেয়েছি বলেই নির্বাচন সরকারের অধীনে নির্বাচন করতে আমাদের সমস্যা হয়নি বলে জানান সিইসি।",1,1,0,1,False
" নির্বাচনের বিজয় জনগণের দুয়ারে পৌঁছে দিতে হবে বলে মন্তব্য করেছেন তথ্য ও সম্প্রচারমন্ত্রী ড. হাছান মাহমুদ।বুধবার (১০ জানুয়ারি) সোহরাওয়ার্দী উদ্যানে বঙ্গবন্ধুর স্বদেশ প্রত্যাবর্তন দিবস উপলক্ষ্যে আওয়ামী লীগ আয়োজিত জনসভায় তিনি এ কথা বলেন।হাছান মাহমুদ বলেছেন, বঙ্গবন্ধুর স্বপ্ন পূরণে আমরা তার কন্যা শেখ হাসিনার নেতৃত্বে এগিয়ে যাচ্ছি। জাতির পিতার স্বপ্ন ছিল একটি উন্নত সমৃদ্ধ রাষ্ট্র গঠন করা। কিন্তু বিএনপি জামায়াত এই উন্নয়নের যাত্রা থামিয়ে দিতে চায়। তাই আমাদের সচেতন হতে হবে, নির্বাচনের এ বিজয় জনগণের দুয়ারে পৌঁছে দেয়ার জন্য অতন্দ্র প্রহরীর মতো কাজ করতে হবে।তিনি আরো বলেন, ১৯৭২ সালের এই দিনে আমাদের স্বাধীনতা পূর্ণতা পেয়েছিল। মানুষ যখন কারাগার থেকে মুক্তি পায়, তখন তারা পরিবারের কাছে ছুটে যায়। কিন্তু ১০ জানুয়ারি পাকিস্তানের কারাগার থেকে মুক্ত হওয়ার পর শেখ মুজিবুর রহমান পরিবারের কাছে যাননি। সোহরাওয়ার্দী উদ্যানে এসে জনগণের উদ্দেশে ভাষণ দিয়েছিলেন। বলে ছিলেন, ‘তোমরা দেশের জন্য যুদ্ধ করেছ, আমাকে কারাগার থেকে মুক্ত করে এনেছ। এর ঋণ আমি প্রয়োজনে রক্ত দিয়ে শোধ করব।’ তিনি তার বুকের রক্ত দিয়ে কেবল ঋণই শোধ করেননি বরং আমাদেরও ঋণী করে গেছেন।",1,1,0,1,False
" এবারের মন্ত্রিসভায় নতুন ১৯ মুখ জায়গা পেয়েছেন। তাদের মধ্যে ১২ জন পূর্ণমন্ত্রী ও ৭ জন প্রতিমন্ত্রী। বুধবার (১০ জানুয়ারি) সচিবালয়ে এসব নাম ঘোষণা করেন মন্ত্রি পরিষদ সচিব মাহবুব হোসেন। বৃহস্পতিবার (১১ জানুয়ারি) সন্ধ্যা ৭ টায় বঙ্গভবনে শপথ নেবেন মন্ত্রিপরিষদ সদস্যরা। নতুন ঠাঁই পাওয়া ১২ জন পূর্ণমন্ত্রী হলেন- নূরুল মজিদ মাহমুদ হুমায়ূন (নরসিংদী-৪), মুহাম্মদ ফারুক খান (গোপালগঞ্জ-১), আবুল হাসান মাহমুদ আলী (দিনাজপুর-৪), আব্দুস শহীদ (মৌলভীবাজার-৪), জনাব র, আ, ম, উবায়দুল মোকতাদির চৌধুরী (ব্রাহ্মণবাড়িয়া-৩), মো আব্দুর রহমান (ফরিদপুর-১), নারায়ন চন্দ্র চন্দ (খুলনা-৫), আব্দুস সালাম (ময়মনসিংহ-৯), মো. ফরিদুল হক খান (জামালপুর-২), মো জিল্লুল হাকিম (রাজবাড়ী-২), সাবের হোসেন চৌধুরী (ঢাকা-৯), জাহাঙ্গীর কবির নানক (ঢাকা-১৩) ও নাজমুল হাসান (কিশোরগঞ্জ-৬)।সবশেষ মন্ত্রিসভায় ছিলেন না এমন সাত জন প্রতিমন্ত্রী হতে যাচ্ছেন। তারা হলেন, সিমিন হোসেন রিমি, মহিবুর রহমান, মোহাম্মদ এ আরাফাত, কুজেন্দ্র লাল ত্রিপুরা, রুমানা আলী, শফিকুর রহমান চৌধুরী ও আহসানুল টিটু।",1,1,0,1,False
" জাতীয় পার্টির নবনির্বাচিত সংসদ সদস্যরা বুধবার (৯ জানুয়ারি) শপথ নিতে যাচ্ছেন না। দলটির নেতারা বলছেন, তারা নিজেরা আগে বৈঠক করবেন, তারপর শপথ গ্রহণের সিদ্ধান্ত নেবেন। দলটি এবার ১১টি আসনে জয় পেয়েছে।দলটির মহাসচিব মুজিবুল হক চুন্নু গণমাধ্যমকে বলেছেন, দলের চেয়ারম্যান জি এম কাদের ঢাকার বাইরে রয়েছেন। তিনি ঢাকায় ফিরলে দুই-একদিনের মধ্যে দলীয় বৈঠক করে শপথ নেয়ার দিন–তারিখ ঠিক করা হবে। বিষয়টি জানিয়ে স্পিকারকে চিঠি দেয়া হয়েছে।জাতীয় পার্টির (জাপা) একটি সূত্র জানিয়েছে, দলটির পক্ষ থেকে স্পিকারকে একটি চিঠি দিয়ে বুধবার শপথ নিতে না যাওয়ার বিষয়টি জানানো হয়েছে। সংসদ নির্বাচনে ভোট গ্রহণ অনুষ্ঠিত হয় গত রবিবার। ভোটে ২৬টি আসনে আওয়ামী লীগের কাছ থেকে ছাড় পেয়েছিল জাতীয় পার্টি। এই আসনগুলোর মধ্যে তারা ১১টিতে জয়ী হয়।উল্লেখ্য, দ্বাদশ জাতীয় সংসদ নির্বাচনে নির্বাচিত সংসদ সদস্যরা শপথ নেবেন বুধবার। এদিন সকাল ১০ টায় জাতীয় সংসদের শপথকক্ষে তাঁদের শপথ পড়াবেন একাদশ সংসদের স্পিকার শিরীন শারমিন চৌধুরী। মন্ত্রিসভার শপথ হবে বৃহস্পতিবার।",1,1,0,1,False
" জাতীয় পার্টিতে আবারো নাটকীয়তা। মঙ্গলবার দুপুর থেকেই গুঞ্জন, জাপার নব-নির্বাচিত সংসদ সদস্যরা বুধবার (১০ জানুয়ারি) শপথ নিচ্ছেন না। দলের মহাসচিব মুজিবুল হক চুন্নু বলেছিলেন, দলের চেয়ারম্যান জি এম কাদের ঢাকার বাইরে রয়েছেন। তিনি ঢাকায় ফিরলে দুই একদিনের মধ্যে দলীয় বৈঠক করে শপথ নেয়ার দিন-তারিখ ঠিক করা হবে। বিষয়টি জানিয়ে স্পিকারকে চিঠি দেয়া হয়েছে। কিন্তু সন্ধ্যা ৭টায় দলের দপ্তর সম্পাদক মাহমুদ আলম গণমাধ্যমে পাঠানো এক সংবাদ বিজ্ঞপ্তিতে জানান, বুধবারই শপথ নেবেন জাতীয় পার্টির নবনির্বাচিত সংসদ সদস্যরা। বুধবার সকাল ১০টার মধ্যে জাতীয় সংসদ ভবনের বিরোধী দলীয় উপনেতার কার্যালয়ে জাতীয় পার্টির নব-নির্বাচিত সংসদ সদস্যদের উপস্থিত থাকার জন্য অনুরোধ করা হয়। একই সঙ্গে সংসদ সদস্যদের নিয়ে পূর্ব ঘোষিত বৃহস্পতিবারের (১১ জানুয়ারি) সভাও বাতিল করা হয়েছে বলে জানানো হয় বিজ্ঞপ্তিতে। সদ্য অনুষ্ঠিত দ্বাদশ সংসদ নির্বাচনে দলটি ১১টি আসনে জয় পেয়েছে। জানা যায়, দ্বাদশ জাতীয় সংসদ নির্বাচনে নির্বাচিত সংসদ সদস্যরা শপথ নেবেন বুধবার। এদিন সকাল ১০টায় জাতীয় সংসদের শপথকক্ষে তাদের শপথ পড়াবেন একাদশ সংসদের স্পিকার শিরীন শারমিন চৌধুরী। মন্ত্রিসভার শপথ হবে বৃহস্পতিবার। জাতীয় পার্টির (জাপা) একটি সূত্র জানিয়েছে, দলটির পক্ষ থেকে স্পিকারকে একটি চিঠি দিয়ে বুধবার শপথ নিতে না যাওয়ার বিষয়টি জানানো হয়েছে। সংসদ নির্বাচনে ভোট অনুষ্ঠিত হয় ৭ জানুয়ারি। ভোটে ২৬টি আসনে আওয়ামী লীগের কাছ থেকে ছাড় পেয়েছিল জাতীয় পার্টি। এই আসনগুলোর মধ্যে তারা ১১টিতে জয়ী হয়। একাদশ সংসদে জাতীয় পার্টির আসন সংখ্যা (সংরক্ষিত নারী আসন বাদে) ছিল ২৩টি। বেসরকারিভাবে প্রাপ্ত ফলাফল অনুযায়ী, জাপার চেয়ারম্যান জি এম কাদের, মহাসচিব মো. মুজিবুল হক, কো-চেয়ারম্যান আনিসুল ইসলাম মাহমুদ ও এ বি এম রুহুল আমিন হাওলাদার জয়ী হয়েছেন। এই চার জ্যেষ্ঠ নেতার বাইরে প্রেসিডিয়াম সদস্য মাসুদ উদ্দিন চৌধুরী, হাফিজ উদ্দিন আহমেদ, গোলাম কিবরিয়া, এ কে এম সেলিম ওসমান, মো. আশরাফুজ্জামান, এ কে এম মোস্তাফিজুর রহমান ও শরিফুল ইসলাম নির্বাচিত হয়েছেন। দ্বাদশ সংসদ নির্বাচনে স্বতন্ত্র প্রার্থী হিসেবে জয়ী হয়েছেন ৬২ জন। তাদের মধ্যে ৫৮ জন আওয়ামী লীগের নেতা। ফলে সংসদে বিরোধী দল কে হবে, তা নিয়ে প্রশ্ন তৈরি হয়েছে। স্বতন্ত্ররা জোট করে বিরোধী দল হতে পারে, এমন সুযোগ আইনে রয়েছে। এর ফলে জাতীয় পার্টি সংসদে বিরোধী দলের অবস্থানও হারাতে পারে।",1,1,0,1,False
" তথ্য ও সম্প্রচারমন্ত্রী এবং আওয়ামী লীগের যুগ্ম সাধারণ সম্পাদক ড. হাছান মাহমুদ বলেছেন, ‘ভোট উৎসবের মধ্য দিয়ে সারাদেশের মানুষ উৎসাহ উদ্দীপনা নিয়ে ভোট প্রদান করেছে, বিএনপিসহ যারা ভোট বর্জনের আহ্বান জানিয়েছিল তাদেরকে প্রত্যাখ্যান করেছে।’ মঙ্গলবার (৯ জানুয়ারি) দুপুরে সচিবালয়ে মন্ত্রণালয় সভাকক্ষে সাংবাদিকদের সঙ্গে মতবিনিময়কালে দ্বাদশ জাতীয় সংসদ নির্বাচন প্রসঙ্গে মন্ত্রী এ কথা বলেন। তিনি বলেন, ‘ভোটের বিরুদ্ধে বিএনপির প্রচারণা, ভোট বর্জনের ডাকের পাশাপাশি ৫ জানুয়ারি ট্রেনে বর্বরোচিত হামলা এবং ৪, ৫, ৬ জানুয়ারি বিভিন্ন জায়গায় ভোট কেন্দ্রে বিচ্ছিন্নভাবে হামলা পরিচালনা করা হয়েছে। তাদের সন্ত্রাস ও অগ্নিসন্ত্রাসের রাজনীতি মানুষ প্রত্যাখ্যান করেছে, দেশে কার্যত একটি ভোট উৎসব হয়েছে।’  চট্টগ্রাম-৭ আসন থেকে টানা চতুর্থবার নির্বাচিত এমপি হাছান বলেন, ‘বিএনপি এবং তাদের সমমনা দলগুলো এখন হতাশায় নিমজ্জিত- কেন তারা নির্বাচন করলো না। তাদের সঙ্গে যদি ব্যক্তিগতভাবে আলাপ করেন, তাহলে জানতে পারবেন তাদের মধ্যে কি পরিমাণ হতাশা বিরাজ করছে। তারা এখন অনুধাবন করতে পেরেছে, এই নির্বাচন বর্জন করে তারা নিজেরাই ক্ষতিগ্রস্ত হয়েছে, দেশ ক্ষতিগ্রস্ত হয়নি এবং গণতন্ত্রের অভিযাত্রা অব্যাহত আছে।’ মার্কিন যুক্তরাষ্ট্র, ইউরোপীয় ইউনিয়নের বিভিন্ন দেশ, ভারতসহ সার্কভুক্ত দেশগুলো এবং ওআইসিভুক্ত দেশগুলোসহ জাতিসংঘের পর্যবেক্ষকরা সংবাদ সম্মেলন করে বলেছে যে, দেশে একটি সুন্দর, সুষ্ঠু, অবাধ, নিরপেক্ষ নির্বাচন অনুষ্ঠিত হয়েছে এবং সোমবার বিকেলে তারা প্রধানমন্ত্রীর সঙ্গে সৌজন্য সাক্ষাৎ করে অভিনন্দন জানিয়েছে, উল্লেখ করেন তিনি। ‘মানবাধিকার হাইকমিশনারের বিবৃতি ত্রুটিযুক্ত ও একপেশে’নির্বাচন নিয়ে জাতিসংঘের মানবাধিকার হাইকমিশনারের বিবৃতি প্রসঙ্গে সম্প্রচারমন্ত্রী হাছান বলেন, ‘আমি বিবৃতিটি পড়েছি। বিবৃতিতে আগুনসন্ত্রাস করে, পেট্রোলবোমা নিক্ষেপ করে মানুষ পোড়ানোর ব্যাপারে কোনো কথা নাই। সেখানে মানবাধিকারের কথা বলা হয়েছে, গ্রেপ্তারের কথা বলা হয়েছে, অথচ গ্রেপ্তার তো তাদেরই করা হচ্ছে যারা আগুনসন্ত্রাসের সঙ্গে যুক্ত।’ তিনি বলেন, ‘মানবাধিকার হাইকমিশনারকে বলবো যে, গাজায় যেভাবে মানুষ হত্যা করা হচ্ছে সে নিয়ে কিছু বলার জন্য। মানবাধিকার কমিশনের এই বিবৃতি তখনই ঠিক ও গ্রহণযোগ্য হতো, যদি সেখানে নির্বাচনকে প্রতিহত করার লক্ষ্যে যেভাবে সন্ত্রাস ও অগ্নিসন্ত্রাস চালানো হয়েছে, মানুষ পুড়িয়ে হত্যা করা হয়েছে, সে নিয়ে বক্তব্য থাকতো এবং সেগুলোর নিন্দা জানানো বা “কনডেম” করা হতো। কিন্তু তা নেই বলে এই বিবৃতিটি পক্ষপাতদৃষ্ট, অসম্পূর্ণ এবং একপেশে বলে প্রতীয়মান। তাদের আসলে মানবাধিকার নিয়ে এবং গাজায় যেভাবে মানবাধিকার লুণ্ঠিত হচ্ছে, যুদ্ধাপরাধ সংঘঠিত হচ্ছে, সে নিয়ে সোচ্চার হওয়া দরকার। ‘নির্বাচন নিয়ে মার্কিন পররাষ্ট্র দপ্তরের বিবৃতি খানিক নেতিবাচক’ এমন প্রশ্নের জবাবে তথ্যমন্ত্রী বলেন, বাংলাদেশের নির্বাচন বিষয়ে যারা সংবাদ সম্মেলন করেছে সেখানে নির্বাচন পর্যবেক্ষক হিসেবে আসা যুক্তরাষ্ট্রের হোয়াইট হাউজের সাবেক চিফ অব স্টাফ, সাবেক কংগ্রেসম্যান, সিবিএস নিউজের চিফ নিউজ এডিটর এবং অন্যান্য দেশ তথা জার্মানি, ইইউ পার্লামেন্টের সাবেক মেম্বার সবাই ছিলো। তারা সবাই সংবাদ সম্মেলন করে বলেছে নির্বাচন অত্যন্ত সুষ্ঠু, সুন্দর, অবাধ, নিরপেক্ষ এবং উৎসবমুখর পরিবেশে অনুষ্ঠিত হয়েছে। অর্থাৎ যুক্তরাষ্ট্রের পর্যবেক্ষকরাও নির্বাচনের প্রশংসা করেছে। আপনারা জানেন, ভারত, চীন, রাশিয়ার প্রতিনিধিবৃন্দ প্রধানমন্ত্রীর সঙ্গে দেখা করে অভিনন্দন জানিয়েছে এবং নির্বাচন সুন্দর হয়েছে বলে অভিমত ব্যক্ত করেছে উল্লেখ করে হাছান মাহমুদ বলেন, ‘বিশ্ব প্রেক্ষাপটে আমরা সবসময় দেখে এসেছি, চীন, রাশিয়া যা বলে, মার্কিন যুক্তরাষ্ট্র তার উল্টোটা বলে। ভারত, চীন, রাশিয়া একযোগে যখন বলেছে, আমাদের নির্বাচন সুন্দর ও সুষ্ঠু হয়েছে, তারা যদি এই অভিনন্দনটা ইতিমধ্যেই না দিতো বা এই অভিমত ব্যক্ত না করতো তাহলে হয়তো মার্কিন পররাষ্ট্র দপ্তরের বিবৃতিটা অন্য রকম হতো বলে আমার ধারণা।’ একইসঙ্গে তিনি বলেন, ‘যুক্তরাষ্ট্রের সঙ্গে আমাদের বহুমাত্রিক সম্পর্ক। নিরাপত্তাসহ নানা বিষয়ে এবং বিশ্ব অঙ্গণেও আমরা এক সাথে কাজ করছি। যুক্তরাষ্ট্র আমাদের বড় উন্নয়ন সহযোগী। তাদের সাথে সম্পর্ক আরো উন্নয়নের লক্ষ্যে আমরা কাজ করছি। তারা আমাদের সাথে কাজ করবে সেটি এই বিবৃতিতেও বলেছে।’জনগণ ও নির্বাচন কমিশনকে তথ্যমন্ত্রীর ধন্যবাদএ দিন দেশের মানুষকে ধন্যবাদ ও কৃতজ্ঞতা জানিয়ে তথ্যমন্ত্রী বলেন, ‘অত্যন্ত সুষ্ঠু, স্বচ্ছ, উৎসবমুখর পরিবেশে এবং জনগণের ব্যাপক অংশগ্রহণে অনুষ্ঠিত নির্বাচনে কোনো কোনো জায়গায় ভোট প্রদানের হার ৭০ শতাংশ বা তার চেয়েও বেশি, গড়ে ৪১.৮ অর্থাৎ প্রায় ৪২ শতাংশ। আমার এলাকায় ৬৯.৪৩ শতাংশ, প্রধানমন্ত্রীর নির্বাচনী এলাকায় এর চেয়েও বেশি সম্ভবত ৮০ শতাংশ। শহরাঞ্চলে হারটা কিছুটা কম ছিলো কারণ শহরের মানুষ জায়গা পরিবর্তন করে, আবার তিনদিন টানা ছুটি পাওয়ার কারণে যেহেতু অন্যরা গ্রামে ভোট দিতে যাচ্ছে, তাদের সাথে দেখা-সাক্ষাৎ করার জন্য অনেকেই গ্রামে চলে গেছে।’ এসময় নির্বাচন কমিশনকেও ধন্যবাদ জানান মন্ত্রী। তিনি বলেন, তারা শক্ত হাতে অত্যন্ত কার্যকরভাবে এবং দক্ষতার সঙ্গে যেভাবে নির্বাচন অনুষ্ঠান করেছে, এ জন্য নিঃসন্দেহে তারা অভিনন্দন পাওয়ার যোগ্য, ধন্যবাদ পাওয়ার যোগ্য। ইতিপূর্বের নির্বাচনগুলোর সঙ্গে এমন কি পশ্চিমবঙ্গের সঙ্গেও এবারের নির্বাচন মিলিয়ে দেখা যায় যে, কিছু বিচ্ছিন্ন ঘটনা ছাড়া কিন্তু অন্যান্যবারের তুলনায় অনেক কম সহিংস ঘটনা ঘটেছে।",1,1,0,1,False
" বিএনপি চেয়ারপার্সনের উপদেষ্টা ও জাতীয় সংসদের সাবেক বিরোধী দলীয় চিফ হুইপ জয়নাল আবেদীন ফারুক বলেছেন, বাংলাদেশের গণতান্ত্রিক আন্দোলন বৃথা যায়নি, বৃথা যাবে না, বৃথা যেতে দেবো না। তাই আমরা মনে করি, জনগণ আমাদের সঙ্গে আছে। জনগণকে নিয়েই আমরা শান্তিপূর্ণ কর্মসূচি পালন করবো। এই সরকার টিকে থাকতে পারবে না।মঙ্গলবার (৯ জানুয়ারি) ভোট বর্জন করায় জনগণকে ধন্যবাদ দিয়ে লিফলেট বিতরণ কার্যক্রমের উদ্বোধন করে তিনি এসব কথা বলেন। জাতীয় প্রেসক্লাবের সামনে এই লিফলেট বিতরণ কার্যক্রমের আয়োজন করে তাঁতী দল ও ওলামা দল।লিফলেট বিতরণ কার্যক্রমের উদ্বোধন করে তিনি আরো বলেন, ৭ জানুয়ারি একটি প্রহসনের নির্বাচনের নাটক মঞ্চস্থ হয়েছে। যেখানে দেশের জনগণ ভোট কেন্দ্রে যায়নি, সেখানে ৪০ শতাংশ ভোট দেখিয়ে নির্বাচন কমিশন বৈধতা দেয়ার চেষ্টা করছে। তিনি আরো বলেন, আমরা (বিএনপি) নির্বাচনের আগে শান্তিপূর্ণ কর্মসূচি ও লিফলেট বিলির মাধ্যমে জনগণে কাছে এই নির্বাচনে অংশগ্রহণ না করার বার্তা পৌঁছে দিয়েছি। জনগণ আমাদের এই আবেদনে সাড়া দিয়েছে এবং জনগণ এই একদলীয় সরকারের নির্বাচনে অংশগ্রহণ করেনি। তাই আমরা মনে করি, নির্বাচনটি জনগণ শূন্য, অংশগ্রহণ শূন্য, অগ্রহণযোগ্য হয়েছে। একদলীয় শাসনব্যবস্থা কায়েম করার আরেকটি হীন প্রচেষ্টা চালানো হয়েছে। তারই বিরুদ্ধে আজকে নির্বাচনের পরে আমরা শান্তিপূর্ণ কর্মসূচি হিসেবে জনগণকে ধন্যবাদ জানিয়ে লিফলেট বিতরণ করছি। আগামীকালও আমাদের এই লিফলেট বিতরণ কার্যক্রম চলবে।তিনি আরো বলেন, যুক্তরাষ্ট্র-যুক্তরাজ্য গণতান্ত্রিক দেশ। তারা নির্বাচনী পর্যবেক্ষক প্রেরণ করেননি। তবে তারা তথ্য-উপাত্ত সংগ্রহ করছে। সত্যিকার অর্থে দেশে যদি গ্রহণযোগ্য নির্বাচন হয়, তারা সেটি বলবে।এ সময় উপস্থিত ছিলেন- তাঁতীদলের সিনিয়র যুগ্ম-আহবায়ক ড. কাজী মনিরুজ্জামান মনির, যুগ্ম আহবায়ক গোলাপ মঞ্জুর, জেএম আনিসুর রহমান আনিস, মোস্তফা কামাল ও কেন্দ্রীয় কমিটির মো. নুরুল্লাহ মোল্লা, মো. রিপন ব্যাপারী, গোলাম কাওসার, এম এ আজিজ, জিয়াউল হক প্রমুখ।",1,1,0,1,False
" আনুষ্ঠানিকভাবে আওয়ামী লীগে যোগ দিয়েছেন সাবেক মন্ত্রিপরিষদ সচিব কবির বিন আনোয়ার। বুধবার (১০ জানুয়ারি) সকালে গণভবনে তার হাতে প্রাথমিক সদস্য পদের ফরম তুলে দেন আওয়ামী লীগ সভাপতি শেখ হাসিনা।এর আগে, সদ্য সমাপ্ত জাতীয় নির্বাচনে আওয়ামী লীগের নির্বাচনী কাজে সম্পৃক্ত হয়েছিলেন কবির বিন আনোয়ার। আওয়ামী লীগ সভাপতি শেখ হাসিনা তাকে দলের নির্বাচন পরিচালনা কমিটির কাজ তত্ত্বাবধানের দায়িত্ব দিয়েছিলেন। এবার আনুষ্ঠানিকভাবে আওয়ামী লীগে যোগ দিলেন সদ্য বিদায়ী এ মন্ত্রিপরিষদ সচিব।সিরাজগঞ্জের সন্তান কবির বিন আনোয়ার ১৯৮৫ ব্যাচে বিসিএস প্রশাসন ক্যাডারে যোগদান করেন। তিনি কর্মজীবনে তিনবার জনপ্রশাসন পদক, ও দুইবার বঙ্গবন্ধু ডিজিটাল অ্যাওয়ার্ড অর্জন করেন। ছাত্রজীবনে তিনি ঢাকা বিশ্ববিদ্যালয়ের ফজলুল হক হলের ছাত্রলীগ থেকে নির্বাচিত সভাপতি ছিলেন। তার মা ও বাবা দুজনেই মুক্তিযোদ্ধা।",1,1,0,1,False
" বিদ্যুৎ, জ্বালানি ও খনিজ সম্পদ প্রতিমন্ত্রী নসরুল হামিদ বলেছেন, আগামী ১৫ জানুয়ারির মধ্যে নতুন মন্ত্রিপরিষদ গঠিত হতে পারে। ঢাকা-৩ (কেরানীগঞ্জ) আসন থেকে টানা তৃতীয়বারের মতো নির্বাচিত হন নসরুল হামিদ। সোমবার (৮ জানুয়ারি) সচিবালয়ে নিজ দপ্তরে সাংবাদিকদের সঙ্গে আলাপকালে তিনি এসব কথা জানান। নির্বাচনে জয়ের পর সচিবালয়ে এলে অনেকেই নসরুল হামিদকে ফুল দিয়ে শুভেচ্ছা জানান।তিনি বলেন, এবারের নির্বাচনে কমিশন শক্ত অবস্থান নেয়ায় সুষ্ঠু ও শান্তিপূর্ণ নির্বাচন অনুষ্ঠিত হয়েছে। প্রার্থীরা যে যেভাবে এলাকায় সময় দিয়েছেন ভোটাররা নির্বাচনে সেই প্রতিফলন ঘটিয়েছেন।তিনি আরো বলেন, সরকারের অন্যতম বড় চ্যালেঞ্জ হবে নিরবচ্ছিন্ন ও সাশ্রয়ী মূল্যে বিদ্যুৎ-জ্বালানি সরবরাহ নিশ্চিত করা। আমাদের অর্থ বিভাগের সহযোগিতার প্রয়োজন হবে। মূল্যস্ফীতি নিয়ন্ত্রণে আনতে কাজ করতে হবে। বিদ্যুৎ ও জ্বালানির দাম নির্ধারণে আন্তর্জাতিক নিয়ম অনুযায়ী স্বয়ংক্রিয় ব্যবস্থা চালু করা হবে।রবিবার সারা দেশে দ্বাদশ জাতীয় সংসদ নির্বাচনের ভোটগ্রহণ অনুষ্ঠিত হয়েছে। এতে ক্ষমতাসীন আওয়ামী লীগ নিরঙ্কুশ সংখ্যাগরিষ্ঠতা অর্জন করেছে।নির্বাচন হয়েছে ২৯৯ আসনে। বিক্ষিপ্ত কিছু ঘটনা ছাড়া সারা দেশে নির্বাচন মোটামুটি সুষ্ঠু ও শান্তিপূর্ণ হয়েছে। ২৮টি রাজনৈতিক দল ও স্বতন্ত্র মিলে প্রার্থী ছিলেন ১৯৭১ জন। ভোট নেয়া হয়েছে ব্যালট পেপারে। ৩০০ আসনের মধ্যে মোট ২৯৮টির ফলাফল বেসরকারিভাবে জানা গেছে। নির্বাচনের নৌকা প্রতীক পেয়েছে ২২৪ আসন, স্বতন্ত্র ৬২, জাতীয় পার্টি ১১ ও কল্যাণ পার্টি একটি আসন পেয়েছে।",1,1,0,1,False
" দ্বাদশ জাতীয় সংসদ নির্বাচনে ভোট দিয়েছেন ঢাকা-৬ আসনে বাংলাদেশ আওয়ামী লীগ মনোনীত নৌকা প্রতীকের প্রার্থী মোহাম্মদ সাঈদ খোকন। রবিবার (৭ জানুয়ারি) বেলা ১২টায় পুরান ঢাকার বংশালের নাজিরা বাজার ইসলামিয়া সরকারি প্রাথমিক বিদ্যালয় কেন্দ্রে ভোট দেন তিনি।এ সময় মোহাম্মদ সাঈদ খোকনের সঙ্গে ওই কেন্দ্রে ভোট দেন তাঁর মা ফাতেমা হানিফসহ পরিবারের সদস্যরা। ভোট দেয়া শেষে নাজিরা বাজার ইসলামিয়া সরকারি প্রাথমিক বিদ্যালয় কেন্দ্রের সামনে সাংবাদিকদের সঙ্গে মতো বিনিময় করেন মোহাম্মদ সাঈদ খোকন ও তাঁর মা ফাতেমা হানিফ। আপনার ছেলে ঢাকা দক্ষিণ সিটি কর্পোরেশনের মেয়র ছিল। তখন তিনি মন্ত্রী পদমর্যাদা পেয়েছিলেন। এবার মোহাম্মদ সাঈদ খোকন সংসদ সদস্য বিজয়ী হলে মন্ত্রী হবেন বলে প্রত্যাশা করেন কি না, সাংবাদিকদের এমন প্রশ্নের জবাবে অবিভক্ত ঢাকা সিটি কর্পোরেশনের মেয়র মোহাম্মদ হানিফের স্ত্রী ফাতেমা হানিফ বলেন, 'ইনশাআল্লাহ, আল্লাহ চাহেতো আমার ছেলে বিজয়ী হবে।'এর আগে, মোহাম্মদ সাঈদ খোকন সাংবাদিকদের বলেন, অত্যন্ত সুন্দর ও সুষ্ঠু পরিবেশে ভোট হচ্ছে। জয়ের ব্যাপারে শতভাগ আশাবাদী। বেলা বাড়ার সঙ্গে সঙ্গে ভোটার উপস্থিতি বাড়বে বলে জানান তিনি।",1,1,0,1,False
" সকাল থেকে ঢাকা-১৮ আসনের অন্তর্ভুক্ত উত্তরা এলাকার কেন্দ্রগুলোতে ভোটার উপস্থিতি ছিল একদমই কম। কিন্তু বেলা বাড়ার সাথে সাথে ভোটার উপস্থিতি বাড়তে শুরু করেছে। উত্তরার মালেকাবান আদর্শ বিদ্যানিকেতনের কেন্দ্রে ভোট দিতে আসা এক নারী জানান, একসঙ্গে আব্দুল্লাহপুরের বাসা থেকে তারা তিনজন এসেছেন। খুব সুন্দর পরিবেশে শান্তিপূর্ণভাবে ভোট দিতে পেরেছেন। কেউ কোন বাধা সৃষ্টি করেননি।কুড়িল সরকারি প্রাথমিক বিদ্যালয় কেন্দ্রের ৩ নম্বর বুথের কেটলি মার্কার পোলিং এজেন্ট রায়হান বলেন, সকালে ভোটার উপস্থিতি একদমই কম ছিল। এখন বাড়ছে। এই কেন্দ্রে দায়িত্বরত ভাটারা থানার এসআই শহিদ আহমেদ জানান, ভোটার উপস্থিতি বাড়ছে। আমরা সর্বোচ্চ সতর্ক রয়েছি।এদিকে নির্বাচনে ৩৫ থেকে ৪০ শতাংশ ভোট হতে পারে এমন 'কাল্পনিক' ধারণা করলেও সকাল থেকে এই পর্যন্ত ভোটার উপস্থিতি আশানুরূপ নয় বলে জানিয়েছেন নির্বাচন কমিশনার আহসান হাবীব খান। সকালে ঢাকা-১৮ আসনের উত্তরা হাই স্কুল কেন্দ্র ঘুরে তিনি এই কথা জানান। ভোটারের উপস্থিতি জানতে চাইলে ইসি আহসান হাবীব বলেন, এখনো বলার মত সুযোগ হয় নাই। শীতের সকাল আর বিশেষ করে এই এলাকা একটু এলিট এলাকা। তাই তারা হয়তো ঘুম থেকে একটু দেরিতে ওঠে। আমরা মনে করি বেলা বাড়ার সাথে সাথে ভোটার সংখ্যা ধীরে ধীরে বাড়বে।ভোটের পরিবেশের ব্যাপারে তিনি বলেন, সকাল থেকে বেশ কয়েকটা কেন্দ্র ঘুরেছি। সেখানের পরিবেশ ছিল অভূতপূর্ব। খুবই সুন্দর পরিবেশ বিরাজ করছে যাতে নির্বিঘ্নে, নির্দ্বিধায় ভোটার ভোটকেন্দ্রে আসতে পারে এবং ভোট প্রদান করতে পারে। আমি পোলিং এজেন্টদের সাথে কথা বলেছি, প্রিজাইডিং অফিসারদের সাথে কথা বলেছি। এত সুন্দর পরিবেশ দেখতে পেরে সবাই খুশি। তারা ভাবছে এমন একটা পরিবেশ সৃষ্টি করবে যেটা অতীতে দেখে নাই কেউ। নতুন প্রজন্মের জন্য এটা একটা অনুকরণীয় হয়ে থাকবে।।",1,1,0,1,False
" ঢাকা-২ আসনের কেরানীগঞ্জে সকাল থেকে ভোটার উপস্থিতি কম থাকলেও বেলা বাড়ার সঙ্গে সঙ্গে ভোটার উপস্থিতি বাড়ছে। দ্বাদশ জাতীয় সংসদ নির্বাচনে ঢাকা-২ আসনে যে চারজন প্রার্থী প্রতিদ্বন্দ্বিতা করছেন, তার মধ্যে অন্যতম আওয়ামী লীগের হেভিওয়েট প্রার্থী সাবেক খাদ্যমন্ত্রী অ্যাডভোকেট কামরুল ইসলাম।ঢাকা-২ আসনে ৫ লাখ ৫৮ হাজার ৯৫৭ জন ভোটারের মধ্যে ঢাকা দক্ষিণ সিটি কর্পোরেশনের অন্তর্ভুক্ত তিনটি ওয়ার্ড রয়েছে। যেটি সাভার, কামরাঙ্গীরচর ও কেরানীগঞ্জ নিয়ে গঠিত। এর মধ্যে কামরাঙ্গীচরেই এক লাখ ৭৬ হাজার ভোটার রয়েছে। কামরাঙ্গীচরের ক্যামব্রিজ স্কুল কেন্দ্রে সাড়ে ১০ হাজারের ওপর ভোটার রয়েছে। ওই কেন্দ্রের ভোটাররা বলছেন, এখানে বেশিরভাগ মানুষ শ্রমজীবী। এখন যে উপস্থিতি, সেটি ক্রমেই বাড়বে।সকালে ভোট দিতে এসে সাবেক খাদ্যমন্ত্রী এডভোকেট কামরুল ইসলাম বলেন, এখন পর্যন্ত ভোটার উপস্থিতি সন্তোষজনক। যেহেতু শীতের সকাল। কিছুক্ষণ পর ভোটার উপস্থিতি আরো বাড়বে। ভোটের দিন রবিবার সকালে কেন্দ্র পরিদর্শন করে সাংবাদিকদের সঙ্গে মতবিনিময় করেন তিনি। সার্বিক পরিস্থিতি নিয়ে কামরুল ইসলাম বলেন, এখন পর্যন্ত ভোটার উপস্থিতি সন্তোষজনক। শীতের সকাল কিছুক্ষণ পর ভোটার উপস্থিতি আরো বাড়বে। কোনো ধরনের সহিংসতা হচ্ছে কি না এমন প্রশ্নের জবাবে তিনি বলেন, একেবারেই শান্তিপূর্ণ ভোট হচ্ছে। খুব সুন্দর ভোট হচ্ছে। স্মুথলি সবাই ভোট উৎসব করছে, লাইন ধরে ভোট দিচ্ছে। যত সময় গড়িয়ে যাচ্ছে ভোটারদের সংখ্যা তত বৃদ্ধি পাবে বলে আমি আশা করি।",1,1,0,1,False
" ঢাকা উত্তর সিটি কর্পোরেশনের (ডিএনসিসি) মেয়র মো. আতিকুল ইসলাম বলেছেন, 'জনগণ ব্যালটের মাধ্যমে অগ্নি সন্ত্রাসের জবাব দিবে।'তিনি বলেন, 'অগ্নি সন্ত্রাস যারা করছে তারা চায় না সাংবাদিকভাবে রাষ্ট্র চলুক। কিন্তু জনগণ চায়, প্রধানমন্ত্রী চায় এবং আমরা চাই সংবিধান অনুযায়ী রাষ্ট্র পরিচালিত হবে। পাঁচ বছর পর পর ভোটের মাধ্যমে সর্বোচ্চ গণতান্ত্রিক উপায়ে সরকার গঠিত হবে। জনগণ যাকে ভোটের মাধ্যমে জয়ী করবে সংবিধান অনুযায়ী সে দায়িত্ব গ্রহণ করবে।'রবিবার (৭ জানুয়ারি) সকালে উত্তরা রাজউক মডেল কলেজ কেন্দ্রে দ্বাদশ জাতীয় সংসদ নির্বাচনে ভোট দেয়ার পরে সাংবাদিকদের সাথে আলাপকালে এসব কথা বলেন ডিএনসিসি মেয়র মো. আতিকুল ইসলাম। ট্রেনে অগ্নি সন্ত্রাসকে অমানবিক ও পৈশাচিক উল্লেখ করে মেয়র বলেন, 'অগ্নি সন্ত্রাস করে বাচ্চাদের হত্যা করা অমানুষিক। বিএনপি, জামায়াতের অগ্নি সন্ত্রাস প্রমাণ করে যারা দেশের স্বাধীনতা চায় নাই, যারা পাকিস্তানি হানাদার বাহিনীর দোসর তারা এখনো আছে। তাদের বিরুদ্ধে রুখে দাঁড়াতে হবে। পেট্রোল মেরে, বোমা মেরে, মানুষ খুন করে ভোটের ধারাকে ব্যহত করা যাবে না। জনগণের ভোটে গণতান্ত্রিক ধারা অব্যাহত থাকবে।'মেয়র বলেন, 'স্মার্ট বাংলাদেশ বিনির্মাণের লক্ষে মাননীয় প্রধানমন্ত্রী শেখ হাসিনা যে ইশতেহার ঘোষণা করেছেন জনগণ বিপুল ভোটে নৌকাকে বিজয়ী করবে। আমি বলি নৌকার কোন ব্যাক গিয়ার নাই, নৌকার গিয়ার একটি সেটি হলো উন্নয়নের গিয়ার। আজ ভোটের দিন সবার মধ্যে ঈদের আনন্দের মতো উৎসব। পুরো শহরে পুলিশ বাহিনী নিরবিচ্ছিন্ন নিরাপত্তা নিশ্চিত করেছে। সুন্দর আবহাওয়া সবাইকে আমন্ত্রণ জানাচ্ছি আপনারা ভোট কেন্দ্রে আসুন, ভোট দিন।'সাংবাদিকের এক প্রশ্নের জবাবে মেয়র বলেন, 'পাঁচ বছর পর জাতীয় নির্বাচন হয়। ভোট দেয়া জনগণের নাগরিক অধিকার। খুব সুন্দর সুশৃঙ্খল ভোটের পরিবেশ বিরাজ করছে। আমি নগরবাসীকে অনুরোধ করবো সবাই ভোট দিন, আপনাদের নাগরিক অধিকার প্রয়োগ করুন। আমি বিশ্বাস করি এবছর ভোটের পার্সেন্টেজ বিগত সময়ের তুলনায় অনেক বেশি হবে। শীতের সকাল তাই বেলা বাড়ার সাথে সাথে ভোটারের উপস্থিতি অনেক বাড়বে।'",1,1,0,1,False
" দ্বাদশ জাতীয় সংসদ নির্বাচনে ভোট দিলেন ঢাকা-১৭ আসনে আওয়ামী লীগ প্রার্থী মোহাম্মদ এ আরাফাত। রবিবার (৭ জানুয়ারি) সকাল ৮টা থেকে দ্বাদশ জাতীয় সংসদ নির্বাচনের ভোটগ্রহণ শুরু হয়। নিজের ভোট দিতে সকালে রাজধানীর গুলশান-২ নম্বরে গুলশান মডেল হাই স্কুল অ্যান্ড কলেজ কেন্দ্রে পৌঁছান আরাফাত। এরপরে ভোট দেন তিনি।ঢাকা-১৭ আসন রাজধানীর গুলশান, বনানী, ভাসানটেক থানা ও সেনানিবাস এলাকা নিয়ে গঠিত। সংসদে আসন নম্বর ১৯০। এই আসনে মোট কেন্দ্র ১২৪টি। মোট ভোটার ৩ লাখ ২৩ হাজার ৯৩২ জন। এর মধ্যে পুরুষ ভোটার ১ লাখ ৭০ হাজার ৭৮৩ জন ও নারী ভোটার ১ লাখ ৫৩ হাজার ১৪৪ জন। মোহাম্মদ এ আরাফাত ছাড়াও ঢাকা-১৭ আসনে আরো লড়ছেন ৬ জন প্রার্থী। বাংলাদেশ সুপ্রীম পার্টি (বি.এস.পি) থেকে একতারা মার্কায় লড়ছেন শাহ আলম, আম মার্কায় ন্যাশনাল পিপলস পার্টির মো. গোলাম ফারুক মজনু, কুলা মার্কায় বিকল্প ধারা বাংলাদেশের মো. আইনুল হক, সোনালী আঁশ মার্কায় তৃণমূল বিএনপির কাজী শফিউল বাশার, টেলিভিশন মার্কায় বাংলাদেশ ন্যাশনালিস্ট ফ্রন্টের (বিএনএফ) এস. এম. আবুল কালাম আজাদ ও বেলুন মার্কা নিয়ে লড়ছেন স্বতন্ত্র প্রার্থী আরাফাত আশওয়াদ ইসলাম।",1,1,0,1,False
" ঢাকা-১৪ আসনের আওয়ামী লীগ মনোনীত হেভিওয়েট প্রার্থী মাইনুল হোসেন খান নিখিল ভোট দিয়েছেন। রবিবার (৭ জানুয়ারি) বশির উদ্দিন আদর্শ স্কুল এন্ড কলেজে সকাল সাড়ে ৯ টায় ভোট দেন তিনি। ভোট দেয়া শেষে প্রতিক্রিয়া জানতে চাইলে মাইনুল হোসেন খান নিখিল সাংবাদিকদের বলেন, ভোট দিলাম, এই এলাকার মানুষ আনন্দ উৎসবমুখর পরিবেশে ভোট দিচ্ছেন। আশা করছি শেষ পর্যন্ত সুষ্ঠু ভোটের পরিবেশ থাকবে এবং আমি বিপুল ভোটে জয়ী হবো। আপনার লোকেরা বিভিন্ন কেন্দ্র থেকে এজেন্ট বের করে দিচ্ছে এমন অভিযোগ পাওয়া যাচ্ছে, এ বিষয়ে কি বলবেন? লিখিল বলেন, এই ঘটনা সত্যি নয়। কারণ, আমার কর্মী এজেন্টদের এ ব্যাপারে আগে থেকেই সতর্ক করা হয়েছে। আপনার দলের অনেকেই আপনার সঙ্গে প্রতিদ্বন্দ্বিতা করছেন, তাদের প্রতি কি বলবেন, আমরা এমন কিছু করবো না যাতে প্রধানমন্ত্রী সমালোচনার মুখে পড়েন, বঙ্গবন্ধুর আদর্শ কলঙ্কিত হয়। নিজ কেন্দ্রর ভোটার উপস্থিতি কম কেনো? জানতে চাইলে আওয়ামী লীগের এই প্রার্থী বলেন, এখন তো মাত্র সকাল, আমি বিশ্বাস করি ভোটাররা আসবেন। তারা কেন্দ্রে উপস্থিত হয়ে জানান দেবেন তারা প্রধানমন্ত্রীর প্রতি কতোটা আস্থাশীল।  এর আগে, ভোর ৭ টায় বশির উদ্দিন আদর্শ স্কুল এন্ড কলেজের মূল ফটকের সামনে কিছু ভোটারকে কেন্দ্রে ঢোকার অপেক্ষায় দাঁড়িয়ে থাকতে দেখা যায়। এই কেন্দ্রে ভোটের দীর্ঘ লাইন না থাকলেও বিচ্ছিন্ন ভাবে ভোটাররা ভোট দিতে আসছেন। বিশেষ করে নতুন ভোটার যারা আছেন, তাদের মধ্যে ভোট দানে আগ্রহ সবচেয়ে বেশি। কেন্দ্রের ভেতরে প্রবেশ করে দেখা যায়, মূল ভবনের দোতালায় প্রিজাইডিং অফিসার মো. মামুনুর ভোট গ্রহণ কার্যক্রম বুঝিয়ে দিচ্ছেন। সকাল ৮টা বাজতেই কেন্দ্রের ৪ টি বুথে শুরু হয় ভোটগ্রহণ। প্রতিটি ভোট দিতে তিন থেকে চার মিনিট সময় নিচ্ছেন সহকারী প্রিজাইডিং ও পোলিং অফিসাররা। কেন্দ্রর ৩ নম্বর বুথের প্রিজাইডিং অফিসার সোহেল রানা বলেন, আমরা নিয়মতান্ত্রিক ভাবেই ভোট নিচ্ছি, বয়স্ক ভোটা যারা আছেন, তাদের মূল ফটক থেকে প্রার্থীর এজেন্টরা গিয়ে নিয়ে আসছেন। ভোটারদের কোনো অসুবিধা হচ্ছে না। তিনি বলেন, সকাল বেলা ভোটার উপস্থিতি তেমন দেখা যাচ্ছে না। কেন্দ্রটির ১নম্বর বুথে প্রথম ভোট দেন বাকের মিয়া। ভোট দিতে কোনো সমস্যা হয়েছে কিনা জানতে চাইলে তিনি বলেন, খুব ভালে ভোট হয়েছে, কোনো অসুবিধাই হয়নি; ভেতরে যারা আছেন তারা দিয়েছেন সবকিছু। কথা হয় নতুন ভোটার মিলির সঙ্গে, বোট দিয়ে কেমন লাগলো জানতে চাইলে খুব উচ্ছ্বাস নিয়ে মিলি বললেন, খুব, খুব ভালো লাগছে। আমি খুবই এক্সাইটেড, আশা করছি আমার পছন্দের প্রার্থী যাকে আমি ভোট দিয়েছি তিনিই জয়ী হবেন। ঢাকা-১৪ আসনে আওয়ামী লীগ, জাতীয় পার্টিসহ দলীয় প্রার্থী ৮ জন। স্বতন্ত্র প্রার্থী ৫। ঢাকা উত্তর সিটি কর্পোরেশনের ৭, ৮, ৯, ১০, ১১, ১২ ও সাভার উপজেলার কাউন্দিয়া ইউনিয়ন নিয়ে ঢাকা-১৪ আসন গঠিত। আসনের মোট ভোটার ৪ লাখ ১৮ হাজার ২১৭ জন। এর মধ্যে পুরুষ ২ লাখ ১৩ হাজার ৪৬৯; নারী ভোটার ২ লাখ চার হাজার ৭৪৪ জন। হিজড়া ভোটার আছে ৪ জন।নির্বাচনে সংসদীয় আসন বাগাতে প্রার্থিতা করছেন আওয়ামী লীগ প্রার্থী মো. মাইনুল হোসেন খান নিখিল (নৌকা), জাতীয় পার্টির আলমাস উদ্দিন (লাঙ্গল), জাসদের আবু হানিফ (মশাল), তৃণমূল বিএনপির নাজমুল ইসলাম (সোনালী আঁশ), বিএনএফের কামরুল ইসলাম (টেলিভিশন), ন্যাশনাল পিপলস পার্টির মাহবুব মোড়ল (আম), বাংলাদেশ সুপ্রিম পার্টির সৈয়দ সাইফুদ্দিন আহমেদ (একতারা), সাংস্কৃতিক মুক্তিজোটের আসিফ হোসেন (ছড়ি), স্বতন্ত্র প্রার্থী সাবিনা আক্তার তুহিন (ট্রাক), লুৎফর রহমান (কেটলি), জেড আই রাসেল (ঈগল), এমরুল কায়েস খান (রকেট), মোহাম্মদ মহিবুল্লাহ (দালান) ও কাজী ফরিদুল হক (বাঁশি)।",1,1,0,1,False
" সারাদেশে রবিবার (৭ জানুয়ারি) একযোগে দ্বাদশ জাতীয় সংসদ নির্বাচনের ভোটগ্রহণ চলছে। এদিন সকাল সাড়ে আটটার দিকে আবুজরগিফারী কলেজে ভোট পরিদর্শন করতে আসেন ঢাকা-৮ আসনের নৌকা প্রতীকের আওয়ামী লীগের যুগ্ম সাধারণ সম্পাদক আ ফ ম বাহাউদ্দিন নাছিম।‌ সবার সঙ্গে কুশল বিনিময় করেন।‌ শতবর্ষী শিরিয়া বেগমের শারীরিক খোঁজখবর নেন তিনি। এরপর বুথকেন্দ্রগুলো পরিদর্শন করেন। সহকারী প্রিজাইডিং অফিসার, পোলিং এজেন্টদের সঙ্গে কথা বলে ভোটের পরিবেশ সম্পর্কে জানতে চান।‌ পরে সাংবাদিকদের প্রশ্নের জবাবে বাহাউদ্দিন নাছিম বলেন, সকাল থেকেই বিভিন্ন কেন্দ্রে ঘুরছি। অনেক বয়স্করা এসেছেন। তরুণদের আগ্রহ বেশি। তারা বলছেন, জীবনের প্রথম ভোট দিলাম। মানুষের আগ্রহ সন্ত্রাস নৈরাজ্যের বিরুদ্ধে। দুর্নীতিকে না বলাই তাদের এই ভোট। আওয়ামী লীগ ঐতিহ্যবাহী দল। গত ১৫ বছরের উপহার উন্নয়ন ও সমৃদ্ধি। শেখ হাসিনার অসামান্য অবদানের স্বীকৃতি হিসেবে আমরা নিশ্চয়ই বিপুল ভোটে বিজয়ী হবো। তিনি বলেন, বিএনপি গণতন্ত্রে বিশ্বাসী নয়। ১৫ বছরের আন্দোলন সন্ত্রাস নৈরাজ্যের। তাদের আন্দোলনে জনগণ নেই। এজন্য তারা জনগণকে ভয় পায়। তাই নির্বাচনে অংশ নেয় না। বাংলাদেশের মানুষ শান্তিতে থাকতে চায়। তারা বিশ্বাস করে শেখ হাসিনার নেতৃত্বেই উন্নয়ন।",1,1,0,1,False
"আওয়ামী লীগ সাধারণ সম্পাদক ওবায়দুল কাদেরর প্রস্তাবনায় নতুন সংসদের নেতা হলেন শেখ হাসিনা। এর সমর্থন জানান, নতুন নির্বাচিত চীফ হুইপ নূর ই আলম চৌধুরী, নতুন নির্বাচিত স্পিকার ডক্টর শিরীন শারমিন চৌধুরী, নতুন নির্বাচিত সংসদ উপনেতা মতিয়া চৌধুরী এবং নতুন নির্বাচিত ডেপুটি স্পিকার শামসুল হক টুকুসহ অনেকে।বুধবার (১০ জানুয়ারি) আওয়ামী লীগের সংসদীয় দলের প্রথম বৈঠকে এই সিদ্ধান্ত নেয়া হয়। ভোরের কাগজকে বিষয়টি নিশ্চিত করেছেন আওয়ামী লীগের প্রেসিডিয়াম সদস্য ড. আব্দুর রাজ্জাক।বৈঠকে প্রধানমন্ত্রীর শেখ হাসিনা বলেন, এ বিজয় জনগণের বিজয়। জনগণের প্রতি সর্বোচ্চ দায়বদ্ধ থাকতে হবে সবাইকে। সুষম উন্নয়ন নিশ্চিত করার জন্য নির্দেশ দিয়েছেন প্রধানমন্ত্রী শেখ হাসিনা।",1,1,0,1,False
" দ্বাদশ জাতীয় সংসদ নির্বাচনে জাতীয় পার্টির (জাপা) বিজয়ী ১১ জন সংসদ সদস্যরা শপথ নিয়েছেন। বুধবার (১০ জানুয়ারি) দুপুরে সংসদ ভবনের নিচতলার শপথকক্ষে তাদের শপথগ্রহণ অনুষ্ঠিত হয়। শপথ অনুষ্ঠানে উপস্থিত সংসদ সদস্যের শপথবাক্য পাঠ করান স্পিকার ড. শিরীন শারমিন চৌধুরী। নতুন এমপিরা একসঙ্গে সমস্বরে স্পিকারের সঙ্গে শপথবাক্য পাঠ করেন।পরে তাদের শপথের কাগজে স্বাক্ষর করতে বলেন। পরবর্তী কার্যক্রম হিসেবে সাংসদদের রেজিস্ট্রারে স্বাক্ষর করতে বলা হয়। শপথের পর নবাগত এমপিরা স্পিকারের সামনে শপথ ফরমে স্বাক্ষর করেন। এর আগে আওয়ামী লীগের নবনির্বাচিত এমপিরা শপথ নেন। পরে সোয়া ১১টায় শপথ নেনে স্বতন্ত্র এমপিরা।উল্লেখ্য, দেশের ৩০০ সংসদীয় আসনের মধ্যে ২৯৯টিতে গত রবিবার দ্বাদশ জাতীয় সংসদ নির্বাচনের ভোটগ্রহণ হয়, গোলযোগের কারণে ময়মনসিংহের একটি আসন স্থগিত রেখে ২৯৮টি আসনের ফল ঘোষণা করে নির্বাচন কমিশন। পরে ক্ষমতাসীন দলের প্রার্থীর আবেদনে ঢাকা-৪ আসনের ফল হাইকোর্ট স্থগিত করলেও সেই আদেশ আপিল বিভাগের চেম্বার আদালতে আটকে যায়।",1,1,0,1,False
" জানা যায়, মন্ত্রিপরিষদ বিভাগের নির্দেশনা অনুযায়ী— এসব গাড়ি প্রস্তুত রেখেছে সরকারি যানবাহন অধিদপ্তর। এসব গাড়িগুলো ইতোমধ্যে মন্ত্রিপরিষদের কর্মকর্তারা দেখে গেছেন। শিগগিরই এসব গাড়ি মন্ত্রিপরিষদ বিভাগের কাছে হস্তান্তর করা হবে। দায়িত্বশীল কর্মকর্তারা বলছেন, ৫০টি গাড়ি প্রস্তুত রাখা মানে ৫০ জন মন্ত্রী-প্রতিমন্ত্রী করা হচ্ছে, বিষয়টি এমন নয়। মন্ত্রিসভার যতজন সদস্য করা হবে, তার থেকে বেশি গাড়ি প্রস্তুত রাখা হয়। অধিকাংশ মন্ত্রী-প্রতিমন্ত্রী গাড়ি নিলেও কেউ-কেউ নেন না। অন্যদিকে আগের চারবারের মতো এবারও প্রধানমন্ত্রী হিসেবে শেখ হাসিনাই দায়িত্ব নেবেন বলে আওয়ামী লীগের বিভিন্ন সূত্রে জানা গেছে। তবে মন্ত্রিসভায় কারা-কারা স্থান পাচ্ছেন, তা নিয়ে নানামুখী আলোচনা হচ্ছে।আ. লীগ ও সরকারের একাধিক ঘনিষ্ঠ সূত্র বলছে, বর্তমান মন্ত্রিসভার ‘ক্লিন ইমেজধারী’ ও অভিজ্ঞ সদস্যরা নতুন মন্ত্রিসভায় স্থান পেতে পারেন। আর নতুন করে যুক্ত হবেন দলের সিনিয়র ও ত্যাগী নেতারা। ",1,1,0,1,False
" বিএনপি দ্বাদশ জাতীয় সংসদ নির্বাচনে ভোট বর্জনে লিফলেট বিতরণ করলেও, সরকার কোনো বাধা দেয়নি। তারা ভোট ঠেকাতে হরতাল-অবরোধ করেছে, কিন্তু জনগণ তাদের ডাকে সাড়া দেয়নি। আর আমরা জনগণের ভোটের অধিকার ফিরিয়ে দিয়েছি বলে মন্তব্য করেছেন প্রধানমন্ত্রী শেখ হাসিনা।বুধবার (১০ জানুয়ারি) রাজধানীর সোহরাওয়ার্দী উদ্যানে বঙ্গবন্ধু শেখ মুজিবুর রহমানের স্বদেশ প্রত্যাবর্তন এবং দ্বাদশ সংসদ নির্বাচনে আওয়ামী লীগের বিজয় উদযাপন সমাবেশে তিনি এ কথা বলেন।এ সময় প্রধানমন্ত্রী বলেন, স্বাধীনতাকে অকার্যকর করতেই ১৫ আগস্টের হত্যাকাণ্ড হয়। এরপর বিকৃত ইতিহাস দিয়ে বিকৃত করা হয়েছে মানুষের মানসিকতা। আমাদের ক্ষমতায় আসা অনেক কঠিন ছিলো। মজার বিষয় হলো, স্বৈরশাসকরা ভোট চুরি করতো। তখন সেই ভোট নিয়ে কোনো কথা হতো না। আর আমরা যখন জনগণের ভোটের অধিকার ফিরিয়ে দিয়েছি, তখন নির্বাচন-গণতন্ত্র নিয়ে প্রশ্ন উঠছে!দেশের কিছু মানুষের জন্য আজ বাংলাদেশের সুনাম ক্ষুণ্ন হচ্ছে উল্লেখ করে তিনি বলেন, গোটা বিশ্ব সুনাম করে বাংলাদেশের। কিন্তু দেশেরই কিছু মানুষ ভাবে অগণতান্ত্রিক সরকার ক্ষমতায় আসাই মনে হয় ভালো ছিল, তাদের মতে।এ সময় বিরোধীদের ভোট বানচালের চেষ্টায় জনগণ পাশে না থাকায় ধন্যবাদ জানান শেখ হাসিনা। তিনি বলেন, ভোট বর্জনে লিফলেট বিতরণ করলেও, সরকার কোনো বাধা দেয়নি। হরতাল-অবরোধ করেছে ভোট ঠেকাতে, কিন্তু জনগণ তাদের ডাকে সাড়া দেয়নি। ভোটকেন্দ্রে গিয়ে তারা নিজেদের মত দিয়েছেন।, এ জন্য দেশবাসীর প্রতি কৃতজ্ঞ।এরআগে বিকেল ৩টায় এ সমাবেশ শুরু হয়। শাহবাগ-টিএসসি মোড় ঘুরে দেখা যায়, খণ্ড খণ্ড মিছিল নিয়ে আওয়ামী লীগ ও এর সহযোগী সংগঠনগুলোর নেতাকর্মীরা সমাবেশে যোগ দিয়েছেন। অনেকে জাতীয় পতাকা মাথায় বেঁধে আসছেন। অনেকে আবার নৌকার ক্যাপ মাথা দিয়ে বিভিন্ন সাজে সেজেছেন। সমাবেশ উপলক্ষে আইনশৃঙ্খলা বাহিনী তিন স্তরের নিরাপত্তা ব্যবস্থা নিয়েছে।",1,1,0,1,False
" দ্বাদশ জাতীয় সংসদ নির্বাচনে জয়ী হওয়া নতুন সংসদ সদস্যদের শপথগ্রহণ আজ বুধবার সকাল ১০টায় জাতীয় সংসদ ভবনের শপথ কক্ষে অনুষ্ঠিত হবে। স্পিকার ড. শিরীন শারমিন চৌধুরী এ শপথবাক্য পাঠ করাবেন। এর আগে গতকাল দ্বাদশ জাতীয় সংসদে নির্বাচিতদের ফলাফল গেজেট আকারে প্রকাশ করা হয়েছে। নির্বাচন কমিশনার মো. আলমগীর জানান, দ্বাদশ জাতীয় সংসদ নির্বাচনের সংসদ সদস্যদের গেজেট নির্বাচন কমিশন অনুমোদন করেছে। গেজেট প্রকাশ নিয়ে ইসি আলমগীর বলেন, ৩০০ সংসদীয় আসনের মধ্যে নওগাঁ-২ আসনের প্রার্থী মৃত্যুবরণ করায় নির্বাচন বাতিল করা হয়েছে। ওই আসনের নির্বাচনের জন্য নতুন করে শিডিউল দেয়া হয়েছে। আগামী ১২ ফেব্রুয়ারি নির্বাচন হবে। আর ময়মনসিংহের একটি কেন্দ্রে ফলাফল স্থগিত রাখা হয়েছে। সেই নির্বাচন অনুষ্ঠিত হবে ১৩ জানুয়ারি। তিনি বলেন, এ দুটো বাদে বাকি ২৯৮টি আসনের নির্বাচনী ফলাফল মিলিয়ে দেখা হয়েছে। যাচাই বাছাই করা হয়েছে। সব ঠিক আছে। নির্বাচন কমিশন দেখেছে, সব ঠিক আছে। সংবিধান অনুযায়ী, গেজেট প্রকাশের তিন দিনের মধ্যে সংসদ সদস্যদের শপথ পড়াতে হবে। সে অনুযায়ী আজ বুধবার সকালে নবনির্বাচিত সংসদ সদস্যদের শপথ পড়াবেন একাদশ সংসদের স্পিকার ড. শিরীন শারমিন চৌধুরী। এমপিদের শপথের আগে প্রথম দফায় স্পিকার ড. শিরীন শারমিন চৌধুরী সংবিধান ও কার্যপ্রণালি বিধি অনুযায়ী এমপি হিসেবে নিজে শপথগ্রহণ করবেন এবং শপথ বইয়ে স্বাক্ষর করবেন। ওই শপথ অনুষ্ঠানের পরই আওয়ামী লীগের সংসদীয় দলের সভা অনুষ্ঠিত হবে।",1,1,0,1,False
" দ্বাদশ জাতীয় সংসদ নির্বাচনে জয়ী হওয়া নবনির্বাচিত সংসদ সদস্যরা শপথ নেয়ার জন্য সংসদ ভবনের ভেতরে প্রবেশ করছেন। সংসদ ভবনের ১২ নম্বর গেট দিয়ে ভেতরে ঢুকছেন তারা। বুধবার (১০ জানুয়ারি) সকাল ১০টায় জাতীয় সংসদ ভবনের শপথ কক্ষে দ্বাদশ জাতীয় সংসদ নির্বাচনে নির্বাচিত নতুন সংসদ সদস্যদের শপথ গ্রহণ অনুষ্ঠিত হবে। সরেজমিনে ঘুরে দেখা যায়, সকাল থেকেই সংসদ ভবনের ১২ নম্বর গেটের সামনে ভিড় করে আছেন নেতাকর্মীরা। মানুষের চাপ সামলাতে হিমশিম খেতে হচ্ছে আইন-শৃঙ্খলা রক্ষাকারী বাহিনীর সদস্যদের।গতকাল দ্বাদশ জাতীয় সংসদে নির্বাচিতদের ফলাফল গেজেট আকারে প্রকাশ করা হয়েছে। নির্বাচন কমিশনার মো. আলমগীর জানান, দ্বাদশ জাতীয় সংসদ নির্বাচনের সংসদ সদস্যদের গেজেট নির্বাচন কমিশন অনুমোদন করেছে। গেজেট প্রকাশ নিয়ে ইসি আলমগীর বলেন, ৩০০ সংসদীয় আসনের মধ্যে নওগাঁ-২ আসনের প্রার্থী মৃত্যুবরণ করায় নির্বাচন বাতিল করা হয়েছে। ওই আসনের নির্বাচনের জন্য নতুন করে শিডিউল দেয়া হয়েছে। আগামী ১২ ফেব্রুয়ারি নির্বাচন হবে। আর ময়মনসিংহের একটি কেন্দ্রে ফলাফল স্থগিত রাখা হয়েছে। সেই নির্বাচন অনুষ্ঠিত হবে ১৩ জানুয়ারি। তিনি আরো বলেন, এ দুটো বাদে বাকি ২৯৮টি আসনের নির্বাচনী ফলাফল মিলিয়ে দেখা হয়েছে। যাচাই বাছাই করা হয়েছে। সব ঠিক আছে। নির্বাচন কমিশন দেখেছে, সব ঠিক আছে। সংবিধান অনুযায়ী, গেজেট প্রকাশের তিন দিনের মধ্যে সংসদ সদস্যদের শপথ পড়াতে হবে। সে অনুযায়ী আজ বুধবার সকালে নবনির্বাচিত সংসদ সদস্যদের শপথ পড়াবেন একাদশ সংসদের স্পিকার ড. শিরীন শারমিন চৌধুরী। এমপিদের শপথের আগে প্রথম দফায় স্পিকার ড. শিরীন শারমিন চৌধুরী সংবিধান ও কার্যপ্রণালি বিধি অনুযায়ী এমপি হিসেবে নিজে শপথগ্রহণ করবেন এবং শপথ বইয়ে স্বাক্ষর করবেন। ওই শপথ অনুষ্ঠানের পরই আওয়ামী লীগের সংসদীয় দলের সভা অনুষ্ঠিত হবে।",1,1,0,1,False
" দ্বাদশ জাতীয় সংসদ নির্বাচনে কক্সবাজার-১ আসনে বিজয়ী হয়েছেন বাংলাদেশ কল্যাণ পার্টির চেয়ারম্যান মেজর জেনারেল (অব) সৈয়দ মৃহাম্মদ ইবরাহিম বীরপ্রতীক। স্বতন্ত্র প্রার্থী বর্তমান এমপি জাফর আলমকে হারিয়ে নির্বাচনে প্রথমবারের মতো সংসদ সদস্য নির্বাচিত হয়েছেন মেজর জেনারেল সৈয়দ মুহাম্মদ ইব্রাহিম (হাতঘড়ি)। ইব্রাহিম শপথ নিতে গিয়ে সংবাদ মাধ্যমকে বলেন, প্রথমবার এমপি হওয়া প্রথমবার পিতা হওয়ার মতো ভালো লাগছে। বুধবার (১০ জানুয়ারি) সকালে শপথ নিতে জাতীয় সংসদ ভবনে প্রবেশ করেন তিনি। প্রতিক্রিয়া জানতে চাইলে তিনি বলেন, আল্লাহর শুকরিয়া, ভোটারদের প্রতি ধন্যবাদ। প্রথমবারের মতো এমপি হয়েছেন। কেমন লাগছে জানতে চাইলে তিনি বলেন, ‘প্রথমবার এমপি হলে ভালোই লাগে। প্রথমবার পিতা হবার মতো।’এসময় সাংবাদিক ভবিষ্যত কর্মপরিকল্পনা সম্পর্কে জানতে চাইলে তিনি বলেন, “এতো সংক্ষেপে তাড়াহুড়া করে বলার তো প্রয়োজন নেই, পরে (বলব) ইনশাআল্লাহ।”উল্লেখ্য, দ্বাদশ জাতীয় সংসদ নির্বাচনে কক্সবাজার-১ (চকরিয়া-পেকুয়া) আসনে বিপুল ভোটে বিজয়ী হন তিনি। তার প্রাপ্ত ভোট ৮১ হাজার ৯৫৫। পরাজিত হন স্বতন্ত্র প্রার্থী বর্তমান সংসদ সদস্য জাফর আলম (ট্রাক গাড়ি)। তার প্রাপ্ত ভোট ৫২ হাজার ৯৮৬।",1,1,0,1,False
" নবনির্বাচিত সংসদ সদস্যরা শপথ গ্রহণ করেছেন। জাতীয় সংসদ ভবনের শপথকক্ষে চলতি একাদশ সংসদের স্পিকার নবনির্বাচিত সংসদ সদস্যদের শপথ পাঠ করান। এর আগে নিয়মানুযায়ী স্পিকার ড. শিরীন শারমিন চৌধুরী নিজে নিজেই শপথ গ্রহণ করেন। পরে স্বতন্ত্র এমপি ৬২ জন ও বিরোধী দল জাতীয় পার্টির ১১ এমপিরা শপথ নেন।সংশ্লিষ্টরা জানান, শপথগ্রহণ শেষে সংসদ সদস্যরা শপথ বইয়ে স্বাক্ষর করেন। পরে এরপর সচিবের দপ্তরে অন্যান্য আনুষ্ঠানিকতা শেষ করেন। তারা দুপুর ১২টায় আওয়ামী লীগের সংসদীয় দলের সভায় অংশ নিবেন।জানা গেছে, সংখ্যাগরিষ্ঠ দল আওয়ামী লীগ বসে তাদের নেতা নির্বাচিত করবে। এরপর রাষ্ট্রপতি সংখ্যাগরিষ্ঠ দলের নেতাকে সরকার গঠনের আহ্বান জানাবেন। দ্বিতীয় সর্বোচ্চ সংখ্যাগরিষ্ঠ দল বসে তাদের নেতা নির্বাচিত করে সংসদের বিরোধীদলীয় নেতার স্বীকৃতির জন্য স্পিকারের কাছে লিখিতভাবে অনুরোধ জানাবে।নিয়মানুযায়ী, সংসদ নেতা নির্বাচন ও প্রধানমন্ত্রীর শপথের পর তাঁর সঙ্গে আলোচনা সাপেক্ষে নতুন সংসদের প্রথম অধিবেশন আহ্বানের জন্য রাষ্ট্রপতির কাছে প্রস্তাব পাঠাবেন স্পিকার। এরপর রাষ্ট্রপতি সংসদ অধিবেশন আহ্বান করবেন। আগামী ২৮ বা ৩০ জানুয়ারি এই অধিবেশন আহ্বান করা হতে পারে। অধিবেশনের শুরুতেই নতুন সংসদের স্পিকার ও ডেপুটি স্পিকার নির্বাচন হবে।ভোটগ্রহণ শেষে নির্বাচন কমিশন ঘোষিত ফলাফল অনুযায়ী, দেশের ৩০০টি সংসদীয় আসনের মধ্যে ২৯৮টির বেসরকারি ফলাফলে আওয়ামী লীগ ২২২টি, জাতীয় পার্টি ১১টি, বাংলাদেশের ওয়ার্কার্স পার্টি, জাসদ ও বাংলাদেশ কল্যাণ পার্টি একটি করে এবং স্বতন্ত্র প্রার্থীরা ৬২টি আসনে বিজয়ী হয়েছেন।",1,1,0,1,False
" দ্বাদশ জাতীয় সংসদ নির্বাচন নিয়ে বিশ্বের সব দেশই প্রশংসা করেছে বলে দাবি করেছেন পররাষ্ট্রমন্ত্রী ড. এ কে আব্দুল মোমেন। মঙ্গলবার (৯ জানুয়ারি) বিকালে রাজধানীর ফরেন সার্ভিস একাডেমিতে কূটনৈতিক, সাংবাদিক ও বিশিষ্টজনদের সঙ্গে ‘মিট অ্যান্ড গ্রিট’ অনুষ্ঠান শেষে সাংবাদিকদের এ কথা বলেন তিনি।পররাষ্ট্রমন্ত্রী বলেন, নির্বাচন স্বচ্ছ ও সুষ্ঠু হয়েছে। কোনো কারিগরি ত্রুটি ছিল কিনা, বিদেশি পর্যবেক্ষকরা তা দেখেছেন। আমি বাংলাদেশের বহু নির্বাচন দেখেছি। এবারের নির্বাচনটি আদর্শ নির্বাচন হয়েছে। সব দেশই বলেছে সুষ্ঠু, সুন্দর ও বিশ্বাসযোগ্য নির্বাচন হয়েছে। বাংলাদেশের নির্বাচন নিয়ে যুক্তরাজ্য ও আমেরিকা প্রশ্ন তুলেছে, এ বিষয়ে জানতে চাইলে তিনি বলেন, তারা ভালো বলেছে, নির্বাচনের প্রশংসা করেছে। তারা বলেছে আমাদের সঙ্গে যে সম্পর্ক আছে, সেটা বলবৎ রাখবে। তবে তারা মানবাধিকারের যে বিষয়টির কথা বলেছে, সেটি ডায়নামিক ইস্যু। এগুলোর কোনো শেষ নেই। আমরা এসব বিষয় নিয়ে কাজ করছি। ব্রিফিংয়ে মার্কিন রাষ্ট্রদূত পিটার হাস, যুক্তরাজ্যের হাইকমিশনার সারাহ ক্যাথেরিন কুকসহ বিভিন্ন দূতাবাসের রাষ্ট্রদূত, ঢাকা বিশ্ববিদ্যালয়ের উপাচার্য এ এস এম মাকসুদ কামালসহ বিশিষ্টজন ও গণমাধ্যম ব্যক্তিত্বরা উপস্থিত ছিলেন।",1,1,0,1,False
" জাতিসংঘের কথা এবং বাংলাদেশ আওয়ামী লীগের চিন্তাভাবনার মধ্যে কোন পার্থক্য নেই বলে মনে করেন ঢাকা-৯ আসনের নব-নির্বাচিত সংসদ সদস্য সাবের হোসেন চৌধুরী।মঙ্গলবার (৯ জানুয়ারি) মুগদা, সবুজবাগ ও খিলগাঁও থানার নেতৃবৃন্দের সাথে শুভেচ্ছা বিনিময়কালে সাংবাদিকদের তিনি এসব কথা বলেন। এ সময় থানা আওয়ামী লীগের সাধারণ সম্পাদক মোশারফ হোসেন বাহারসহ অন্যান্য নেতাকর্মীরা উপস্থিত ছিলেন।   বাংলাদেশে কি পরিস্থিতি সৃষ্টি হয়েছে, কি ঘটছে অব্যাহতভাবে তা অনুসরণ (ফলো) করছে জাতিসংঘ। জাতিসংঘের এমন বক্তব্যের বিষয়ে জানতে চাইলে সাবের হোসেন চৌধুরী বলেন, তারা সুশাসনের কথা বলেছেন, মানবাধিকারের কথা বলেছেন। সেটা শুধু জাতিসংঘ কেন, আমাদেরও চোখ রাখার বিষয়। তিনি বলেন, তারা যে কথাগুলো বলছে সেগুলো আমাদের সংবিধানেও আছে। জাতিসংঘ বলছে বলে আমরা নজর দিবো বিষয়টা তা নয়। আমরা চাই সকল ক্ষেত্রে মানবাধিকার যেন সুরক্ষিত থাকে। মানুষের মৌলিক চাহিদাগুলো যেন পূরণ হয়। তারা যা বলছে এবং বাংলাদেশ আওয়ামী লীগ যা চাচ্ছে তার মধ্যে কোন পার্থক্য নেই। নির্বাচন পরবর্তী পরিকল্পনার কথা জানতে চাইলে সাবের হোসেন চৌধুরী বলেন, নির্বাচনের আগেই কিছু পরিকল্পনার কথা বলেছি। তিনি বলেন, বাংলাদেশ আওয়ামী লীগের জাতীয় পর্যায়ে যে ইশতেহার আছে, সেখান থেকে পরিকল্পনার ক্ষেত্রে আমরা যে কাজগুলো জরুরি মনে করছি সেগুলো সামনের দিকে নিয়ে আসছি। আরেকটি হচ্ছে মানুষ আমাদের যে পরামর্শ দিয়েছে, সেটাকেও প্রাধান্য দিচ্ছি। ভোটাররা তাদের দায়িত্ব পালন করেছে। ভোটাররা যাদেরকে নির্বাচিত করেছে এখন তাদের পালা।দ্রব্যমূল্য নিয়ন্ত্রণে কোন বিষয়গুলোকে গুরুত্ব দিবেন জানতে চাইলে এ জননেতা বলেন, দ্রব্যমূল্যের কয়েকটি দিক আছে। এর মধ্যে একটি হচ্ছে আমদানির ক্ষেত্রে। আরেকটি হচ্ছে স্থানীয় পর্যায়ে বাজার তদারকি বা বাজার ব্যবস্থাপনা। যারা স্থানীয় পর্যায়ে জনপ্রতিনিধি আছে, সংসদ সদস্য এবং কাউন্সিলর আছেন এবং আওয়ামী লীগের নেতৃবৃন্দ সেখানে আমাদের ভূমিকা রাখার একটি সুযোগ আছে বলে আমি মনে করি। কোন জায়গায় সিন্ডিকেট গড়ে উঠছে তা যদি আমরা সঠিকভাবে মনিটরিং করি তবে সেই জায়গায় আমরা ব্যবস্থা নিতে পারবো। অন্য এক প্রশ্নের জবাবে সাবের হোসেন চৌধুরী বলেন, অর্থনীতির সূচকগুলোকে কিভাবে উপরের দিকে ওঠানো যায় এ বিষয়ে অবশ্যই সরকার একটি বড় ভূমিকা পালন করবে। তবে আমাদের চ্যালেঞ্জ হচ্ছে বৈদেশিক মুদ্রার রিজার্ভ বাড়ানো। সেক্ষেত্রে অফিসিয়াল চ্যানেলে রেমিট্যান্স বাড়ানোর চেষ্টা করতে হবে। তিনি বলেন, আরেকটি বিষয় হচ্ছে টাকা ও ডলারের মধ্যে বিনিময় হারের যে পার্থক্য রয়েছে সে বিষয়ে আমাদের অবশ্যই দৃষ্টি দিতে হবে। সেটা যেন এমন একটি পর্যায়ে চলে না যায় যেখানে টাকার দুর্বলতার কারণে আমাদের আমদানির ব্যয় বেড়ে যাচ্ছে। আর সেটার প্রভাব দেশের অর্থনীতিতে পড়ছে।",1,1,0,1,False
" দ্বাদশ জাতীয় নির্বাচনে জয় লাভ করায় প্রধানমন্ত্রী শেখ হাসিনাকে অভিনন্দন জানিয়েছে শীর্ষ ব্যবসায়ী সংগঠন দি ফেডারেশন অব বাংলাদেশ চেম্বার্স অব কমার্স অ্যান্ড ইন্ডাস্ট্রি (এফবিসিসিআই) এর নেতৃবৃন্দ। মঙ্গলবার (৯ জানুয়ারি) গণভবনে এফবিসিসিআই সভাপতি জনাব মাহবুবুল আলমের নেতৃত্বে প্রধানমন্ত্রীকে অভিনন্দন জানান তারা। এসময় মাননীয় প্রধানমন্ত্রীকে ফুলেল শুভেচ্ছা জানান এফবিসিসিআই নেতারা।দেশের শীর্ষ ব্যবসায়ী সংগঠন হিসেবে এফবিসিসিআই এর পক্ষ থেকে দেশের অর্থনৈতিক প্রবৃদ্ধি বাড়াতে সরকারের সাথে ঘনিষ্ঠভাবে কাজ করার অঙ্গীকার পুনর্ব্যক্ত করেন এফবিসিসিআই সভাপতি। এ সময় দেশের অগ্রগতি ও উন্নয়নে অবদান রাখার কথা পুনর্ব্যক্ত করেন ব্যবসায়ী নেতারা।এ সময় অন্যান্যের মধ্যে এফবিসিসিআই’র সিনিয়র সহ-সভাপতি জনাব মো. আমিন হেলালী, সহ-সভাপতি জনাব খায়রুল হুদা চপল, জনাব মোহাম্মদ আনোয়ার সাদাত সরকার, ড. যশোদা জীবন দেবনাথ, মিস শমী কায়সার, জনাব রাশেদুল হোসেন চৌধুরী (রনি), জনাব মো. মুনির হোসেন, এফবিসিসিআই পরিচালক ড. মুনাল মাহবুব প্রমুখ উপস্থিত ছিলেন।",1,1,0,1,False
" নির্বাচনী আচরণবিধি লঙ্ঘনের মামলায় জামিন পেয়েছেন সাতক্ষীরা-১ আসনের নৌকা প্রতিকের নব-নির্বাচিত এমপি ফিরোজ আহমেদ স্বপন। মঙ্গলবার (৯ জানুয়ারি) সাতক্ষীরা চীফ জুডিশিয়াল ম্যাজিস্ট্রেট আদালতে হাজির হয়ে জামিনের আবেদন করেন তিনি। শুনানি শেষে বিচারক আশিকুর রহমান তার জামিন আবেদন মঞ্জুর করেন।সাতক্ষীরা আদালতের পরিদর্শক মেহেদি হাসান জানান, এমপি স্বপন কলারোয়া থানার একটি জিআর মামলার আসামী। মঙ্গলবার দুপুরে তিনি আদালতে জামিন আবেদন করেন। শুনানি শেষে আদালত তাকে জামিন দিয়েছেন।প্রসঙ্গত, সদ্য সমাপ্ত জাতীয় সংসদ নির্বাচনে আচরণ বিধি লঙ্ঘনের অভিযোগে সাতক্ষীরা-১ আসনের বাংলাদেশ আওয়ামী লীগ মনোনীত নৌকা প্রতিকের প্রার্থী ফিরোজ আহম্মেদ স্বপনের বিরুদ্ধে কলারোয়া থানায় মামলা হয়। ভোটের ঠিক দুই দিন আগে ৫ জানুয়ারি নির্বাচন কমিশনের নির্দেশে কলারোয়া উপজেলা নির্বাচন কর্মকর্তা ওহিদ মুরাদ বাদি হয়ে মামলাটি দায়ের করেন। এর আগে সংসদ নির্বাচনে আওয়ামী লীগের নৌকা প্রতীকের প্রার্থী ফিরোজ আহম্মেদ স্বপনের একটি ভিডিও ভাইরাল হয়। ভাইরাল হওয়া ওই ভিডিওতে ফিরোজ আহম্মেদ স্বপন আওয়ামী লীগ ব্যতীত অন্য দলের ভোটাররা ভোট কেন্দ্রে না যাওয়ার নির্দেশ দেন। অন্যথায় বিপদে ফেলার হুমকিও দেয়া হয়।  তার এই বক্তব্যকে রাজনৈতিক দল ও প্রার্থীর আচরণবিধির লঙ্ঘন দাবি করে ফিরোজ আহম্মেদ স্বপনের বিরুদ্ধে জেলা নির্বাচন অনুসন্ধান কমিটিতে অভিযোগ করেন জাপা প্রার্থী সৈয়দ দিদার বখত ও আওয়ামী লীগের স্বতন্ত্র প্রার্থী সরদার মুজিব। পরে ওই অভিযোগের সত্যতা পেয়ে নির্বাচন কমিশনের নির্দেশে আওয়ামী লীগ মনোনীত নৌকা প্রতিকের প্রার্থী ফিরোজ আহম্মেদ স্বপনের বিরুদ্ধে কলারোয়া থানায় মামলা দায়েরের নির্দেশ দেয়া হয়।",1,1,0,1,False
" নীলফামারী-২ আসনে জয়ী হয়ে টানা ৫ বারের মত আওয়ামী লীগ মনোনীত প্রার্থী আসাদুজ্জামান নূর নির্বাচিত হয়েছেন। জেলা রিটার্ণিং কর্মকর্তার দেয়া তথ্য অনুযায়ী, রবিবার (৭ জানুয়ারী) অনুষ্ঠিত দ্বাদশ জাতীয় সংসদ নির্বাচনে নীলফামারী-২ আসনের নৌকা প্রতিকে ১ লক্ষ ১৯ হাজার ৩৩৯ ভোট পেয়ে বেসরকারী ভাবে নির্বাচিত হয়েছেন আসাদুজ্জামান নূর। তার নিকটতম প্রতিদ্বন্দ্বি স্বতন্ত্র প্রার্থী বীর জয়নাল আবেদীন ট্রাক প্রতীকে পেয়েছেন ১৫ হাজার ৬৮৪ ভোট। এছাড়াও জাতীয় পার্টি থেকে মনোনীত প্রার্থী শাহজাহান আলী চৌধুরী লাঙ্গল প্রতীকে পেয়েছেন ৩ হাজার ৮শ ৪৩টি ভোট এবং বাংলাদেশ কংগ্রেস পার্টি থেকে মনোনীত প্রার্থী ডাব প্রতীকে পেয়েছেন ৭৩২ভোট।আওয়ামী লীগ মনোনীতি প্রার্থী আসাদুজ্জামান নূর টানা ৫ম বারের মত সংসদ সদস্য নির্বাচিত হওয়ায় বিজয় মিছিল করেছেন আওয়ামী লীগসহ সকল সহযোগী অঙ্গসংগঠন।",1,1,0,1,False
" দ্বাদশ জাতীয় সংসদ নির্বাচনে জাতীয় পার্টির চেয়ারম্যান জি এম কাদের রংপুর-৩ (সদর) আসনে জয় পেয়েছেন। রবিবার সকাল ৮টা থেকে বিকাল ৪টা পর্যন্ত এ আসনের ১৭৫টি কেন্দ্রে ভোটগ্রহণ চলছে। এরপর ফল ঘোষণা শুরু করেন জেলা প্রশাসক ও রিটার্নিং কর্মকর্তা মোবাশ্বের হাসান।রাত সাড়ে ৮টার দিকে তিনি সব কেন্দ্রের ফল ঘোষণা করে জাতীয় পার্টির চেয়ারম্যান জি এম কাদেরকে বেসরকারিভাবে নির্বাচিত ঘোষণা করা হয়। ফলাফল অনুযায়ী, জি এম কাদের লাঙ্গল প্রতীকে পেয়েছেন ৮১ হাজার ৮৬১ ভোট। তার নিকটতম প্রতিদ্বন্দ্বী স্বতন্ত্র প্রার্থী ঈগল প্রতীকের আনোয়ারা ইসলাম রানী পেয়েছেন ২৩ হাজার ৩২৬ ভোট।রংপুর-৩ আসনে অন্য প্রার্থীরা হলেন- বাংলাদেশ সুপ্রিম পার্টির আব্দুর রহমান রেজু (একতারা), বাংলাদেশ কংগ্রেসের একরামুল হক (ডাব), জাতীয় সমাজতান্ত্রিক দলের সহিদুল ইসলাম (মশাল), ন্যাশনাল পিপলস পার্টির শফিউল আলম (আম)।আওয়ামী লীগের সঙ্গে আসন সমঝোতার অংশ হিসেবে ২৬টি আসনে ছাড় পেয়েছে জাতীয় পার্টি। এর মধ্যে রংপুর-৩ আসনটিও ছিল।",1,1,0,1,False
" গোপালগঞ্জ-৩ (টুঙ্গিপাড়া-কোটালীপাড়া) আসনে বিপুল ভোট পেয়ে বেসরকারিভাবে নির্বাচিত হয়েছেন আওয়ামী লীগের সভাপতি ও প্রধানমন্ত্রী শেখ হাসিনা।  প্রাপ্ত ফল অনুযায়ী, সব কেন্দ্রের ঘোষিত ফলে শেখ হাসিনা নৌকা প্রতীকে পেয়েছেন  ২ লাখ ৪৯ হাজার ৯৬২ ভোট।  তাঁর নিকটতম প্রতিদ্বন্দ্বি বাংলাদেশ সুপ্রিম পার্টির মনোনীত প্রার্থী এম নিজাম উদ্দীন লস্কর একতারা প্রতীকে পেয়েছেন ৮৬৯। রবিবার (৭ জানুয়ারি) সন্ধ্যায় জেলা প্রশাসক কার্যালয় মিলনায়তনে দ্বাদশ জাতীয় সংসদ নির্বাচনের ফল ঘোষণা করেন জেলা প্রশাসক ও রিটার্নিং কর্মকর্তা কাজী মাহবুবুল আলম। উল্লেখ্য, দ্বাদশ জাতীয় সংসদ নির্বাচনের ভোটগ্রহণ শান্তিপূর্ণভাবে শেষ হয়। এর আগে রবিবার (৭ জানুয়ারি) সকাল ৮টা থেকে বিকাল ৪টা পর্যন্ত ৩০০ আসনের মধ্যে ২৯৯টি আসনে একযোগে ভোট গ্রহণ করা হয়। নওগাঁ-২ আসনে একজন প্রার্থীর মৃত্যুর কারণে নির্বাচন বন্ধ রাখা হয়।",1,1,0,1,False
" রিশাল-৫ সদর আসনে বিজয়ী হয়েছেন আওয়ামী লীগের প্রার্থী জাহিদ ফারুক। রবিবার দিনভর ভোট শেষে রাতে রিটার্নিং কর্মকর্তা শহীদুল ইসলাম এই আসনের বেসরকারি ফলাফল ঘোষণা করেন।ফলাফল অনুযায়ী, ১৭৬টি কেন্দ্রে পানিসম্পদ প্রতিমন্ত্রী জাহিদ ফারুক নৌকা প্রতীকে পেয়েছেন ৯৭ হাজার ৭০৬ ভোট। তার নিকটতম প্রতিদ্বন্দ্বী স্বতন্ত্র প্রার্থী সালাহ উদ্দিন রিপন ট্রাক প্রতীকে পেয়েছেন ৩৫ হাজার ৩৭০ ভোট।জাহিদ ফারুক প্রতিদ্বন্দ্বীর চেয়ে ৬২ হাজার ৩৩৬ ভোট বেশি পেয়ে বিজয়ী হয়েছেন।",1,1,0,1,False
" বাংলাদেশের দ্বাদশ জাতীয় সংসদ নির্বাচনকে স্বাগত জানিয়েছে জাপান। বুধবার (১০ জানুয়ারি) জাপানের পররাষ্ট্র মন্ত্রণালয়ের প্রেস সচিব কোবায়শিমাকি এক বিবৃতিতে বলেন, কিছু অনিয়মের খবর পাওয়া গেলেও সার্বিকভাবে নির্বাচনটি শান্তিপূর্ণ হওয়াকে জাপান স্বাগত জানিয়েছে। কোবায়শি মাকি বলেন, গত ৭ জানুয়ারির ওই নির্বাচনে জাপান পর্যবেক্ষক মিশন পাঠিয়েছিল। বাংলাদেশে জাপানের সাবেক রাষ্ট্রদূত ওয়াতানাবে মাসাতোর নেতৃত্বে ওই মিশনে পররাষ্ট্র মন্ত্রণালয় ও ঢাকায় জাপান দূতাবাসের কর্মকর্তারা ছিলেন। এর পাশাপাশি বাইরের একজন বিশেষজ্ঞ পরিস্থিতি পর্যবেক্ষণ করেছেন। জাপানের পররাষ্ট্র মন্ত্রণালয়ের প্রেস সচিব বলেন, আমাদের মিশন যতটা পর্যবেক্ষণ করতে পেরেছে তাতে দেখা গেছে, প্রক্রিয়া অনুযায়ী নির্বাচন হয়েছে। অন্যদিকে জাতীয় নির্বাচনের আগে সহিংসতা ও হতাহতের ঘটনায় আমরা দুঃখিত। জাপানের প্রেস সচিব বলেন, বাংলাদেশের কৌশলগত মিত্র হিসেবে জাপান আশা করে, বাংলাদেশ গণতান্ত্রিক রাষ্ট্র হিসেবে আরো উন্নতির প্রচেষ্টায় অগ্রগতি সাধন করবে। উন্নয়ন ও সমৃদ্ধি এবং দ্বিপক্ষীয় সম্পর্ককে আরো এগিয়ে নিতে জাপান বাংলাদেশকে সহযোগিতা অব্যাহত রাখতে আগ্রহী।",1,1,0,1,False
" দ্বাদশ জাতীয় সংসদ নির্বাচনে নবনির্বাচিত সংসদ সদস্যরা ইতোমধ্যেই শপথ গ্রহণ করেছেন। এদিকে বৃহস্পতিবার (১১ জানুয়ারি) সন্ধ্যায় শপথ নেবেন নতুন মন্ত্রিসভার সদস্যরা। তাদের বহনে ইতোমধ্যে ৫০টি গাড়ি প্রস্তুত রেখেছে জনপ্রশাসন মন্ত্রণালয়ের সরকারি যানবাহন অধিদপ্তর।বুধবার (১০ জানুয়ারি) মন্ত্রিপরিষদ বিভাগ ও জনপ্রশাসন মন্ত্রণালয় সূত্রে এ তথ্য জানা গেছে। জানা যায়, মন্ত্রিপরিষদ বিভাগের নির্দেশনা অনুযায়ী— এসব গাড়ি প্রস্তুত রেখেছে সরকারি যানবাহন অধিদপ্তর। এসব গাড়িগুলো ইতোমধ্যে মন্ত্রিপরিষদের কর্মকর্তারা দেখে গেছেন। শিগগিরই এসব গাড়ি মন্ত্রিপরিষদ বিভাগের কাছে হস্তান্তর করা হবে। দায়িত্বশীল কর্মকর্তারা বলছেন, ৫০টি গাড়ি প্রস্তুত রাখা মানে ৫০ জন মন্ত্রী-প্রতিমন্ত্রী করা হচ্ছে, বিষয়টি এমন নয়। মন্ত্রিসভার যতজন সদস্য করা হবে, তার থেকে বেশি গাড়ি প্রস্তুত রাখা হয়। অধিকাংশ মন্ত্রী-প্রতিমন্ত্রী গাড়ি নিলেও কেউ-কেউ নেন না। অন্যদিকে আগের চারবারের মতো এবারও প্রধানমন্ত্রী হিসেবে শেখ হাসিনাই দায়িত্ব নেবেন বলে আওয়ামী লীগের বিভিন্ন সূত্রে জানা গেছে। তবে মন্ত্রিসভায় কারা-কারা স্থান পাচ্ছেন, তা নিয়ে নানামুখী আলোচনা হচ্ছে।আ. লীগ ও সরকারের একাধিক ঘনিষ্ঠ সূত্র বলছে, বর্তমান মন্ত্রিসভার ‘ক্লিন ইমেজধারী’ ও অভিজ্ঞ সদস্যরা নতুন মন্ত্রিসভায় স্থান পেতে পারেন। আর নতুন করে যুক্ত হবেন দলের সিনিয়র ও ত্যাগী নেতারা। ",1,1,0,1,False
" দ্বাদশ জাতীয় সংসদ নির্বাচনে কক্সবাজার-১ আসনে বিজয়ী হয়েছেন বাংলাদেশ কল্যাণ পার্টির চেয়ারম্যান মেজর জেনারেল (অব) সৈয়দ মৃহাম্মদ ইবরাহিম বীরপ্রতীক। স্বতন্ত্র প্রার্থী বর্তমান এমপি জাফর আলমকে হারিয়ে নির্বাচনে প্রথমবারের মতো সংসদ সদস্য নির্বাচিত হয়েছেন মেজর জেনারেল সৈয়দ মুহাম্মদ ইব্রাহিম (হাতঘড়ি)। ইব্রাহিম শপথ নিতে গিয়ে সংবাদ মাধ্যমকে বলেন, প্রথমবার এমপি হওয়া প্রথমবার পিতা হওয়ার মতো ভালো লাগছে। বুধবার (১০ জানুয়ারি) সকালে শপথ নিতে জাতীয় সংসদ ভবনে প্রবেশ করেন তিনি। প্রতিক্রিয়া জানতে চাইলে তিনি বলেন, আল্লাহর শুকরিয়া, ভোটারদের প্রতি ধন্যবাদ। প্রথমবারের মতো এমপি হয়েছেন। কেমন লাগছে জানতে চাইলে তিনি বলেন, ‘প্রথমবার এমপি হলে ভালোই লাগে। প্রথমবার পিতা হবার মতো।’এসময় সাংবাদিক ভবিষ্যত কর্মপরিকল্পনা সম্পর্কে জানতে চাইলে তিনি বলেন, “এতো সংক্ষেপে তাড়াহুড়া করে বলার তো প্রয়োজন নেই, পরে (বলব) ইনশাআল্লাহ।”উল্লেখ্য, দ্বাদশ জাতীয় সংসদ নির্বাচনে কক্সবাজার-১ (চকরিয়া-পেকুয়া) আসনে বিপুল ভোটে বিজয়ী হন তিনি। তার প্রাপ্ত ভোট ৮১ হাজার ৯৫৫। পরাজিত হন স্বতন্ত্র প্রার্থী বর্তমান সংসদ সদস্য জাফর আলম (ট্রাক গাড়ি)। তার প্রাপ্ত ভোট ৫২ হাজার ৯৮৬।",1,1,0,1,False
"  দ্বাদশ জাতীয় সংসদ নির্বাচনে জাতীয় পার্টির (জাপা) বিজয়ী ১১ জন সংসদ সদস্যরা শপথ নিয়েছেন। বুধবার (১০ জানুয়ারি) দুপুরে সংসদ ভবনের নিচতলার শপথকক্ষে তাদের শপথগ্রহণ অনুষ্ঠিত হয়। শপথ অনুষ্ঠানে উপস্থিত সংসদ সদস্যের শপথবাক্য পাঠ করান স্পিকার ড. শিরীন শারমিন চৌধুরী। নতুন এমপিরা একসঙ্গে সমস্বরে স্পিকারের সঙ্গে শপথবাক্য পাঠ করেন।পরে তাদের শপথের কাগজে স্বাক্ষর করতে বলেন। পরবর্তী কার্যক্রম হিসেবে সাংসদদের রেজিস্ট্রারে স্বাক্ষর করতে বলা হয়। শপথের পর নবাগত এমপিরা স্পিকারের সামনে শপথ ফরমে স্বাক্ষর করেন। এর আগে আওয়ামী লীগের নবনির্বাচিত এমপিরা শপথ নেন। পরে সোয়া ১১টায় শপথ নেনে স্বতন্ত্র এমপিরা।উল্লেখ্য, দেশের ৩০০ সংসদীয় আসনের মধ্যে ২৯৯টিতে গত রবিবার দ্বাদশ জাতীয় সংসদ নির্বাচনের ভোটগ্রহণ হয়, গোলযোগের কারণে ময়মনসিংহের একটি আসন স্থগিত রেখে ২৯৮টি আসনের ফল ঘোষণা করে নির্বাচন কমিশন। পরে ক্ষমতাসীন দলের প্রার্থীর আবেদনে ঢাকা-৪ আসনের ফল হাইকোর্ট স্থগিত করলেও সেই আদেশ আপিল বিভাগের চেম্বার আদালতে আটকে যায়।",1,1,0,1,False
" দ্বাদশ জাতীয় সংসদের সংখ্যাগরিষ্ঠ সদস্যের আস্থাভাজন সংসদ সদস্য শেখ হাসিনাকে প্রধানমন্ত্রী পদে নিয়োগের সিদ্ধান্ত দিয়েছেন রাষ্ট্রপতি মো. সাহাবুদ্দিন। একই সঙ্গে  শেখ হাসিনার নেতৃত্বে নতুন মন্ত্রিসভা গঠনের জন্য সম্মতি জ্ঞাপন করেছেন তিনি।বুধবার (১০ জানুয়ারি) মন্ত্রিপরিষদ বিভাগ থেকে এ সংক্রান্ত প্রজ্ঞাপন জারি করা হয়ে।প্রজ্ঞাপনে বলা হয়, বাংলাদেশের সংবিধানের ৫৬ অনুচ্ছেদের (৩) দফা অনুযায়ী দ্বাদশ জাতীয় সংসদের সংখ্যাগরিষ্ঠ সদস্যের আস্থাভাজন সংসদ সদস্য শেখ হাসিনাকে প্রধানমন্ত্রী পদে নিয়োগের সিদ্ধান্ত প্রদান করেছেন এবং তার নেতৃত্বে নতুন মন্ত্রিসভা গঠনের জন্য সম্মতি জ্ঞাপন করেছেন রাষ্ট্রপতি। নতুন মন্ত্রিসভা গঠনের সঙ্গে সঙ্গে বর্তমান মন্ত্রিসভা ভেঙে দেয়া হয়েছে বলে গণ্য হবে।",1,1,0,1,False
" বিএনপি দ্বাদশ জাতীয় সংসদ নির্বাচনে ভোট বর্জনে লিফলেট বিতরণ করলেও, সরকার কোনো বাধা দেয়নি। তারা ভোট ঠেকাতে হরতাল-অবরোধ করেছে, কিন্তু জনগণ তাদের ডাকে সাড়া দেয়নি। আর আমরা জনগণের ভোটের অধিকার ফিরিয়ে দিয়েছি বলে মন্তব্য করেছেন প্রধানমন্ত্রী শেখ হাসিনা।বুধবার (১০ জানুয়ারি) রাজধানীর সোহরাওয়ার্দী উদ্যানে বঙ্গবন্ধু শেখ মুজিবুর রহমানের স্বদেশ প্রত্যাবর্তন এবং দ্বাদশ সংসদ নির্বাচনে আওয়ামী লীগের বিজয় উদযাপন সমাবেশে তিনি এ কথা বলেন।এ সময় প্রধানমন্ত্রী বলেন, স্বাধীনতাকে অকার্যকর করতেই ১৫ আগস্টের হত্যাকাণ্ড হয়। এরপর বিকৃত ইতিহাস দিয়ে বিকৃত করা হয়েছে মানুষের মানসিকতা। আমাদের ক্ষমতায় আসা অনেক কঠিন ছিলো। মজার বিষয় হলো, স্বৈরশাসকরা ভোট চুরি করতো। তখন সেই ভোট নিয়ে কোনো কথা হতো না। আর আমরা যখন জনগণের ভোটের অধিকার ফিরিয়ে দিয়েছি, তখন নির্বাচন-গণতন্ত্র নিয়ে প্রশ্ন উঠছে!দেশের কিছু মানুষের জন্য আজ বাংলাদেশের সুনাম ক্ষুণ্ন হচ্ছে উল্লেখ করে তিনি বলেন, গোটা বিশ্ব সুনাম করে বাংলাদেশের। কিন্তু দেশেরই কিছু মানুষ ভাবে অগণতান্ত্রিক সরকার ক্ষমতায় আসাই মনে হয় ভালো ছিল, তাদের মতে।এ সময় বিরোধীদের ভোট বানচালের চেষ্টায় জনগণ পাশে না থাকায় ধন্যবাদ জানান শেখ হাসিনা। তিনি বলেন, ভোট বর্জনে লিফলেট বিতরণ করলেও, সরকার কোনো বাধা দেয়নি। হরতাল-অবরোধ করেছে ভোট ঠেকাতে, কিন্তু জনগণ তাদের ডাকে সাড়া দেয়নি। ভোটকেন্দ্রে গিয়ে তারা নিজেদের মত দিয়েছেন।, এ জন্য দেশবাসীর প্রতি কৃতজ্ঞ।এরআগে বিকেল ৩টায় এ সমাবেশ শুরু হয়। শাহবাগ-টিএসসি মোড় ঘুরে দেখা যায়, খণ্ড খণ্ড মিছিল নিয়ে আওয়ামী লীগ ও এর সহযোগী সংগঠনগুলোর নেতাকর্মীরা সমাবেশে যোগ দিয়েছেন। অনেকে জাতীয় পতাকা মাথায় বেঁধে আসছেন। অনেকে আবার নৌকার ক্যাপ মাথা দিয়ে বিভিন্ন সাজে সেজেছেন। সমাবেশ উপলক্ষে আইনশৃঙ্খলা বাহিনী তিন স্তরের নিরাপত্তা ব্যবস্থা নিয়েছে।",1,1,0,1,False
" 'র‍্যাবের অঙ্গীকার নিশ্চিন্তে ভোটাধিকার' এই শ্লোগানকে সামনে রেখে  দ্বাদশ জাতীয় সংসদ নির্বাচনে নিরাপত্তায় প্রতিটি ব্যাটেলিয়ন কাজ করে যাচ্ছে বলে জানিয়েছেন বাহিনীটির মুখপাত্র কমান্ডার খন্দকার আল মঈন। শনিবার (৬ জানুয়ারি) রাতে  এক ভিডিও বার্তায় এ কথা জানান তিনি।র‍্যাব লিগ্যাল অ্যান্ড মিডিয়া উইংয়ের পরিচালক কমান্ডার খন্দকার আল মঈন বলেন, যারা নির্বাচনে নাশকতার চেষ্টা করবে, মানুষের জানমালের ক্ষতি সাধনের চেষ্টা করবে, রাষ্ট্রীয় সম্পদ নষ্ট করবে, তাদেরকে কঠোরভাবে দমন করে আইনের আওতায় নিয়ে আসা হবে।তিনি আরো বলেন, আগামীকাল দ্বাদশ জাতীয় সংসদ নির্বাচন অনুষ্ঠিত হতে যাচ্ছে। যেখানে সুষ্ঠু ও নিরাপদে যাতে ভোটারগণ তাদের ভোটাধিকার প্রয়োগ করতে কেন্দ্রে যেতে পারে। নিশ্চিন্তে যাতে ভোটাররা তাদের ভোটাধিকার প্রয়োগ করতে পারে সেই লক্ষ্যে  কাজ করছে র‍্যাব। আমরা প্রতিটি গোয়েন্দা সংস্থাসহ অন্যান্য আইন-শৃঙ্খলা বাহিনীর সঙ্গে সমন্বয় করে, রিটার্নিং অফিসার সহকারী রিটার্নিং অফিসার এবং নির্বাচনের কাজ করে যাচ্ছি।কমান্ডার মঈন বলেন, আমাদের সবচেয়ে বড় যে শক্তি র‍্যাব ইন্টেলিজেন্ট সদস্যরা কাজ করছে। নির্বাচনকে কেন্দ্র করে অনেকেই নাশকতার চেষ্টা করছে নির্বাচনে যারা নিজেদের ভোটাধিকার প্রয়োগ করতে চাচ্ছেন তাদেরকে বাধা দান করা বা নাশকতা সহিংসতার মত বেশ কিছু ঘটনা ঘটেছে। যার প্রেক্ষিতে অনেকেই আমরা আইনের আওতায় নিয়ে এসেছি।তিনি বলেন, গত ২৪ ঘণ্টায় আমরা বেশ কয়েকজনকে আটক করেছি। কক্সবাজার সহ দেশের বিভিন্ন স্থানে অভিযান চালিয়ে আমরা বেশ কিছু অস্ত্র উদ্ধার করতে সক্ষম হয়েছি। আমাদের গোয়েন্দারা কাজ করছে আমরা যেখানেই তথ্য পাচ্ছি সেখানেই অভিযান পরিচালনা করছে এবং নাশকতা কারীদের আমরা আইনের আওতায় নিয়ে আসছি। একটি সুষ্ঠু ও নিরাপদ পরিবেশে যেন সম্মানিত ভোটাররা ভোট দিতে পারেন সেজন্য র‍্যাব ফোর্সেস অঙ্গীকারবদ্ধ।",1,1,0,1,False
" দ্বাদশ জাতীয় সংসদ নির্বাচন উপলক্ষে ভোট চাইতে ও ভোটদানে উৎসাহিত করতে ভোটারদের দ্বারে দ্বারে যাচ্ছেন বাংলাদেশ ছাত্রলীগের নেতাকর্মীরা। এরমধ্যে সমন্বয়ক কমিটি করে ৩০০ আসনে দায়িত্ব বণ্টন করে দিয়েছে সংগঠনটি। এতে ভোটারদের কাছ থেকে ব্যাপক সাড়াও পেয়েছে ছাত্রলীগ।জানা গেছে, আগামী ৭ জানুয়ারির ভোট যুদ্ধে নৌকাকে পুনরায় বিজয়ী করতে এবং টানা চতুর্থ বারের মত শেখ হাসিনাকে প্রধানমন্ত্রী হিসেবে নির্বাচিত করতে করতে সারাদেশ চষে বেড়িয়েছেন ছাত্রলীগ সভাপতি সাদ্দাম হোসাইন ও সাধারণ সম্পাদক শেখ ওয়ালী আসিফ ইনান। গিয়েছেন পাড়ায় মহল্লায়, সর্বস্তরের ভোটারের কাছে চেয়েছেন ভোট এবং ভোটদানে উৎসাহিত করেছেন। সেই সঙ্গে সক্রিয় ছিলেন সারাদেশের ছাত্রলীগের নেতাকর্মীরা।সংগঠন সূত্রে জানা যায়, গত ১৮ থেকে ৪ জানুয়ারি পর্যন্ত কেন্দ্রীয় নির্বাহী সংসদসহ বিভিন্ন ইউনিটের প্রায় আট লক্ষাধিক নেতাকর্মী সরাসরি নৌকার প্রচারণায় অংশ নিয়েছেন। দেশের ৬৪ হাজার ভোটকেন্দ্রে ভোটারদের আকৃষ্ট চালিয়েছেন প্রচারণা কার্যক্রম। করা হয়েছে বিভাগীয় ও জেলাগুলোর সমন্বয়ক টিমও। সমন্বয়ক টিমের সদস্যরা নিজ নিজ এলাকায় ভোটারদের মাঝে লিফলেট বিতরণ, নৌকার পক্ষে মিছিল-সমাবেশ ও ক্যাম্পেইন করেছেন। ৭ জানুয়ারি ভোটের দিনেও সহিসংতা প্রতিরোধ ও ভোটদান সুষ্ঠু করতে মাঠে সক্রিয় থাকবে ছাত্রলীগের নেতাকর্মীরা।জানতে চাইলে ঢাকা বিশ্ববিদ্যালয়ের স্যার এ এফ রহমান হল ছাত্রলীগের সাংগঠনিক সম্পাদক ফারহান তানভীর নাসিফ বলেন, ‘কেন্দ্রীয় ছাত্রলীগ যে দায়িত্ব দিয়ে আমাদের পাঠিয়েছেন তা সঠিকভাবে পালন করতে আমরা দৃঢ় প্রতিজ্ঞ। বঙ্গবন্ধু তনয়া দেশরত্ন শেখ হাসিনা গত ১৫ বছর ধরে যে উন্নয়নের গণজোয়ারে দেশকে ভাসিয়েছেন তা অব্যাহত রাখতে বাংলাদেশের প্রতিটি মানুষের দ্বারে দ্বারে আমরা নৌকার উন্নয়ন বার্তা পৌঁছে দিতে চাই।’তিনি বলেন, ৭ জানুয়ারি ভোটের দিনে যেকোনো ধরনের সহিসংতা প্রতিরোধ ও ভোট সুষ্ঠু করতে বাংলাদেশ ছাত্রলীগের সভাপতি সাদ্দাম হোসাইন ও সাধারণ সম্পাদক শেখ ওয়ালী আসিফ ইনান ভাইয়ের নেতৃত্বে আমরা মাঠে তৎপর থাকবো। কেউ ভোটদানে বাধা প্রদান করলে সাথে সাথে দাঁত-ভাঙা জবাব দেওয়া হবে। আগেও আমরা মাঠে ছিলাম, এখনও আছি, শেষ পর্যন্ত মাঠে থাকবো। ইনশাআল্লাহ, আগামী ৭ জানুয়ারির ভোট যুদ্ধে দেশের মানুষের সমর্থন ও ভালোবাসা নিয়ে আবারও দেশরত্ব মাননীয় প্রধানমন্ত্রী হাসিনা জয়ী হবেন।",1,1,0,1,False
" রাত পোহালেই (৭ জানুয়ারি) শুরু হবে দ্বাদশ জাতীয় সংসদ নির্বাচনের ভোট যজ্ঞ। এ উপলক্ষকে কেন্দ্র করে সারা দেশে নিরাপত্তা জোরদার করেছে ও দেশবাসীকে এদিন যৌক্তিক কারণ ছাড়া কোথাও না যেতে আহ্বান জানিয়েছে আইন শৃঙ্খলারক্ষাকারী বাহিনী। এ আহ্বান করেছেন র‌্যাপিড অ্যাকশন ব্যাটালিয়নের (র‌্যাব) ।শনিবার (৬ জানুয়ারি) দুপুরে রাজধানীর বিভিন্ন নির্বাচন কেন্দ্র পরিদর্শন শেষে মিরপুর-২ নম্বর এলাকায় সাংবাদিকদের সঙ্গে মতবিনিময়ের সময়  করেন র‌্যাব মহাপরিচালক (ডিজি) অতিরিক্ত মহাপরিদর্শক (এআইজিপি) এম খুরশীদ হোসেন। এ সময় তিনি দেশবাসীকে নিজ নিজ এলাকায় অবস্থানের আহ্বানও জানান। এম খুরশীদ হোসেন বলেন, দ্বাদশ জাতীয় সংসদ নির্বাচনে এক এলাকার মানুষ অন্য এলাকায় গেলে তাকে নাশকতাকারী হিসেবে আমরা সনাক্ত করবো না। তবে জানতে চাইবো, আমরা তাকে ওয়াচ করবো। আপনি কেন এসেছেন, কি প্রয়োজন আপনার। আপনি অন্য কোনো কাজে ইনভলভ আছেন কিনা। যৌক্তিক কোনো কারণ ছাড়া কেউ কোথাও যাবেন না। নিজ নিজ এলাকায় থাকবেন।শুক্রবার বেনাপোল এক্সপ্রেস ট্রেনে নাশকতা ঘটনা ঘটেছে। শনিবার সকাল থেকে বিএনপি ও জামায়াতসহ অন্যান্য রাজনৈতিক দলের হরতাল কর্মসূচি চলছে। এমন পরিস্থিতিতে ভোটাররা নির্বিঘ্নে নির্ভয়ে ভোট দিতে যেতে পারবে? প্রশ্ন করা হয় তাকে। উত্তরে র‌্যাব ডিজি বলেন, নাশকতার ব্যাপারে আমাদের কাছে গোয়েন্দা তথ্য ছিল- এ ধরনের নাশকতা ঘটনা ঘটতে পারে। স্বাভাবিকভাবেই ভোট যারা বয়কট করেছেন বিশেষ করে জামায়াত-বিএনপির কথা আমরা জানি। আমরা শুক্রবার (৫ জানুয়ারি) তিনজনকে পিকআপ করেছি। তাদের কাছে পেট্রোল বোমা পাওয়া গেছে ২৮টি, ককটেল পাওয়া গেছে ৩০টি। তাদেরকে আমরা জিজ্ঞাসাবাদ করছি।র‍্যাব মহাপরিচালক আরো বলেন, যেকোনো ঘটনা যখন ঘটে আমরা অবশ্যই তা খুঁজে বের করার চেষ্টা করি। এই মুহূর্তে কোনো মন্তব্য করতে পারব না। কারণ, বেনাপোল এক্সপ্রেস ট্রেনে আগুনের ঘটনা আন্ডার ইনভেস্টিগেশন। তথ্য পেলে আমরা অবশ্যই আপনাদের জানাবো। দ্বাদশ জাতীয় সংসদ নির্বাচন ঘিরে এমন কোনো থ্রেট বা হুমকি তৈরি হয়নি, এমন কোনো আশঙ্কা নেই যে মানুষ নির্ভয়ে ভোট কেন্দ্রে আসতে পারবে না। শুধু র‍্যাব ফোর্সেস না সব আইন-শৃঙ্খলা বাহিনী প্রস্তুত রয়েছে।",1,1,0,1,False
" বাংলাদেশের দ্বাদশ জাতীয় সংসদ নির্বাচনের ব্যাপারে বিদেশিদের বহু ‘কিন্তু’ ছিলো। অথচ রাত পোহালে বেশ উৎসাহ উদ্দীপনার মধ্য দিয়েই অনুষ্ঠিত হতে যাচ্ছে ভোট। এ কর্মযজ্ঞ দেখতে ইতোমধ্যেই দেশে এসেছেন ২০২ জন বিদেশি পর্যবেক্ষক ও সাংবাদিক। তারা বাংলাদেশে আসার জন্য নিবন্ধন করলেও পৌঁছেছেন ১০৯ জন। এদের মধ্যে বিদেশি পর্যবেক্ষক রয়েছেন ৭৭ জন (নিবন্ধন করেছিলেন ১২৬ জন) এবং ৩২ জন বিদেশি পত্রিকার সাংবাদিক (নিবন্ধন করেছিলেন ৭৬ জন)। এই সাংবাদিকরা বিশ্বের নামীদামী গণমাধ্যমে কর্মরত। রবিবারের (৭ জানুয়ারি) ভোটগ্রহণ কতটা প্রাণবন্ত উৎসবমুখর হয় তা দেখতে তারা মুখিয়ে আছেন।রবিবার (৬ জানুয়ারি) সন্ধ্যায় সারাদিন বিভিন্ন কেন্দ্রে তারা কেমন ভোট দেখলেন তা সংবাদ সম্মেলনের মাধ্যমে জানাবেন বলে একটি সূত্র জানিয়েছে। প্রসঙ্গত, বিএনপি এই ভোট বর্জনের ডাক দিয়ে গত ২৮ অক্টোবর থেকে ৬ জানুয়ারি সন্ধ্যা পর্যন্ত ৭১ দিনে সারা দেশে  আন্দোলন শুরু করে ও ৩০৩টি অগ্নিকাণ্ডের ঘটনা ঘটায়। এরমধ্যে ৩০৪টি যানবাহন ও ২৪টি স্থাপনা পুড়ানো হয়। তবে ঢাকা মহানগরীতে সবচেয়ে বেশি ১৩৭টি অগ্নিকাণ্ডের ঘটনা ঘটে। এ ঘটনায় সারা দেশে এখন পর্যন্ত ৮ জন নিহত হয়। ফায়ার সার্ভিসের দুই জনসহ আহত হয়েছে ৫ জন। এমন নাশকতা উপেক্ষা করেই রবিবার ভোট হবে।কূটনীতিকরা বলেছেন, বাংলাদেশ গত ৫৩ বছরের ইতিহাসে যেভাবে অর্থনৈতিক উন্নতি করেছে এবং চলমান ভূ-রাজনীতিতে বাংলাদেশ কৌশলগত অবস্থানে আছে তাতে দেশের দ্বাদশ জাতীয় সংসদ নির্বাচনের প্রতি বিদেশিদের বাড়তি আগ্রহ রয়েছে।পররাষ্ট্র সচিব (সিনিয়র সচিব) মাসুদ বিন মোমেন বলেন, বাংলাদেশের এই নির্বাচনের প্রতি সকলেরই আগ্রহ রয়েছে। পশ্চিমা বিশ্ব সুষ্ঠু ও অবাধ নির্বাচনের যে প্রত্যাশা করেছে সেটাও আমরাও করি। একাধিকবার আমাদের সর্বোচ্চ পর্যায় থেকে এই নিশ্চয়তা দেয়া হয়েছে। আশা করি, নির্বাচন অবাধ ও সুষ্ঠু হবে।এদিকে রাশিয়ার পক্ষ থেকে নির্বাচন পর্যবেক্ষণ করতে আসা ৩ সদস্যের একটি দলের প্রধান আন্দ্রে সুটভ বলেন, আইন অনুযায়ী নির্বাচন সম্পন্ন করা বাংলাদেশের দায়িত্ব। পশ্চিমা বিশ্ব বিশেষ করে যুক্তরাষ্ট্র এই নির্বাচন প্রক্রিয়ায় প্রভাব বিস্তারের চেষ্টা চালাচ্ছে। যুক্তরাষ্ট্র বিভিন্নভাবে এই নির্বাচনে হস্তক্ষেপ করার চেষ্টা চালাচ্ছে। সমাবেশ করার অধিকার সংক্রান্ত জাতিসংঘের বিশেষ র‌্যাপোর্টিয়ার ক্লেমন ভুলে সামাজিক যোগাযোগ মাধ্যমের এক্স বার্তায় বলেন, নির্বাচনকে ঘিরে চারদিকে দমনমূলক কর্মকাণ্ড থাকায় আমি বিরক্ত। নির্বাচনের আগে ও পরে শান্তিপূর্ণ পরিবেশ বজায় রাখার জন্য সংশ্লিষ্ট সকলকে আহ্বান জানাই।নির্বাচনের আগে গত শুক্রবার (৫ জানুয়ারি) রাতে ট্রেনে নাশকতার ঘটনায় বাংলাদেশে নিযুক্ত ফ্রান্সের রাষ্ট্রদূত মারিয়া মাসদুপুই সামাজিক যোগাযোগ মাধ্যমের এক্স বার্তায় বলেন, অনাকাঙ্খিতভাবে সহিংসতা আগেই শুরু হয়েছে। সর্বত্রই নাশকতা বিরাজ করছে।ঢাকার কূটনীতিকরা বলছেন, দ্বাদশ জাতীয় সংসদ নির্বাচন নিয়ে বিদেশি বন্ধুদের আগ্রহ রয়েছে। বিদেশি বন্ধু রাষ্ট্রগুলোর এই আগ্রহের পেছনে তাদের নিজেদের স্বার্থ কাজ করছে। এই নির্বাচন নিয়ে পশ্চিমা দেশের বন্ধু রাষ্ট্রগুলো গত দুই বছর ধরে কমবেশি আগ্রহ প্রকাশ করছেন। পশ্চিমা বিশ্বের মধ্যে যুক্তরাষ্ট্রের তৎপরতা ছিল চোখে পড়ার মত। আন্তর্জাতিক মানের নির্বাচন না হলে দেশটি ভিসা নিষেধাজ্ঞা দেবে বলে দুইবার ঘোষণা দিয়ে প্রকাশ করেছে। মার্কিন পররাষ্ট্রমন্ত্রী অ্যান্টনি ব্লিঙ্কেন অবাধ, সুষ্ঠু ও শান্তিপূর্ণ জাতীয় নির্বাচন আয়োজনের লক্ষ্যকে সমর্থন করতে অভিবাসন ও জাতীয়তা আইনের ধারা ২১২(এ)(৩)(সি) (‘থ্রিসি’) এর অধীনে বাংলাদেশের ওপর গত ২৪ মে নতুন ভিসা নীতি ঘোষণা করেন।ঢাকাস্থ যুক্তরাষ্ট্র দূতাবাস দেশটির পররাষ্ট্র দপ্তরের মুখপাত্র ম্যাথিউ মিলারের উদ্ধৃতি দিয়ে গত ২২ সেপ্টেম্বর রাতে জানায়, বাংলাদেশে গণতন্ত্র ও নির্বাচনী প্রক্রিয়ায় বাধাগ্রস্ত করার জন্য দায়ী ব্যক্তিদের ওপর ভিসা নিষেধাজ্ঞা আরোপের প্রক্রিয়া শুরু করেছে। গত নভেম্বরে পশ্চিমের এই দেশটি নির্বাচনের আগে সবগুলো রাজনৈতিকদলের মধ্যে শর্তহীন সংলাপের আহ্বান জানায়। সর্বশেষ বিশ্বজুড়ে শ্রমিকদের অধিকার ও তাদের মানোন্নয়ন নিয়ে নতুন স্মারকপত্র প্রকাশের পর গত নভেম্বরে মার্কিন পররাষ্ট্রমন্ত্রী অ্যান্থনি ব্লিংকেন তার বক্তব্যে বাংলাদেশের পোশাক শ্রমিক নেতা কল্পনা আক্তারের কথা উল্লেখ করেন।নির্বাচনের আগে ভ্রমণ সতর্কতায় ঢাকাস্থ যুক্তরাষ্ট্রের দূতাবাস বলেছে, ৭ জানুয়ারি বাংলাদেশে জাতীয় সংসদ নির্বাচনের ভোটগ্রহণ অনুষ্ঠিত হবে। ঢাকায় মার্কিন দূতাবাস সেদিন বন্ধ থাকবে। নির্বাচনকে কেন্দ্র করে মার্কিন নাগরিকদের সতর্কতা মেনে চলা উচিত হবে। মনে রাখতে হবে, নির্বাচন যদিও শান্তিপূর্ণ হবে বলেই আয়োজন করা হয়েছে। তবে তা সহিংসতায় রূপও নিতে পারে। ভোটগ্রহণের আগে, ভোটগ্রহণের দিন বা পরের দিন বা সপ্তাহগুলোতে সামান্য বা কোনো ধরনের পূর্ব সতর্কতা ছাড়াই সহিংসতার ঘটনা ঘটতে পারে।অন্যদিকে মার্কিন যুক্তরাষ্ট্রের ভিসানীতির বিষয়ে বিদেশি এক সাংবাদিকের প্রশ্নের জবাবে প্রধান নির্বাচন কমিশনার কাজী হাবিবুল আউয়াল বলেন, তারা (মার্কিন যুক্তরাষ্ট্র) অবাধ, সুষ্ঠু ও গ্রহণযোগ্য নির্বাচনে বিশ্বাস করে। যারা এক্ষেত্রে বাধা দেবে তাদের ওপর এই নীতি প্রয়োগ করবে। আমরা নির্বাচনকে বাধাগ্রস্ত করছি না। আমরা জানি না, কারা আগুন দিচ্ছে, মানুষকে হত্যা করছে। আমরা আমাদের জায়গা থেকে অবাধ, সুষ্ঠু নির্বাচনের চেষ্টা করছি। আমরা এটা নিয়ে চিন্তিত নই।এদিকে, মধ্যপ্রাচ্যের রাষ্ট্রগুলোর বাংলাদেশের ভোট নিয়ে তেমন আগ্রহ দেখা যায়নি। তাছাড়া এশিয়ার বৃহৎ দুই পরা শক্তি চীন ও ভারত এই নির্বাচনের প্রস্তুতি নিয়ে সবসময়েই সন্তোষ প্রকাশ করেছে।বাংলাদেশের নির্বাচন প্রসঙ্গে ভারতের পররাষ্ট্র মন্ত্রণালয়ের সাপ্তাহিক ব্রিফিংয়ে গত বৃহস্পতিবার (৪ জানুয়ারি) দেশটির পররাষ্ট্র মন্ত্রণালয়ের মুখপাত্র রণধীর জয়সওয়াল বলেন, বাংলাদেশে নির্বাচন নিয়ে আমরা প্রতিনিয়ত বলে আসছি, দেশটির নির্বাচন তাদের অভ্যন্তরীণ বিষয়। বাংলাদেশের জনগণই তাদের ভবিষ্যৎ নির্ধারণ করবে। কূটনীতিকদের সঙ্গে এক ব্রিফিং শেষে ঢাকায় নিযুক্ত চীনের রাষ্ট্রদূত ইয়াও ওয়েন বৃহস্পতিবার (৪ জানুয়ারি) নির্বাচন ইস্যুতে বলেন, আমি মনে করি এটা সফল ও নির্ঝঞ্ঝাট নির্বাচন হবে। যা বাংলাদেশের গণতান্ত্রিক প্রক্রিয়ার জন্যও মাইলফলক হবে।একই ইস্যুতে ঢাকায় নিযুক্ত জার্মান রাষ্ট্রদূত আখিম টোস্টার বলেন, শুরু থেকে আমার অনুধাবন যে তারা (নির্বাচন কমিশন) খুবই এবং সাধ্যমত কাজ করার চেষ্টা করছে। আমি মনে করি, তারা বেশ গুরুত্ব সহকারে কঠোর পরিশ্রম করছেন।",1,1,0,1,False
" আওয়ামী লীগ সভাপতি ও প্রধানমন্ত্রী শেখ হাসিনা নারায়ণগঞ্জের নির্বাচনী জনসভায় যোগ দিয়েছেন। বৃহস্পতিবার (৪ জানুয়ারি) বিকেল সোয়া ৩টার দিকে শহরের ইসদাইর এলাকায় একেএম শামসুজ্জোহা ক্রীড়া কমপ্লেক্স মাঠে জনসভায় পৌঁছান তিনি। এ সময় নেতাকর্মীরা তাকে স্লোগানে স্লোগানে বরণ করে নেন। প্রধানমন্ত্রীও হাত নেড়ে উপস্থিত জনতাকে শুভেচ্ছা জানান। এদিকে দুপুরের মধ্যে জনসভাস্থল কানায় কানায় ভরে যায়। আওয়ামী লীগের নেতাকর্মীরাসহ সাধারণ মানুষের ঢল নেমেছে প্রধানমন্ত্রীর এই জনসভায়। আশপাশের এলাকায়ও হাজার হাজার নেতাকর্মীর সমাগম লক্ষ্য করা গেছে। নানান রঙের ব্যানার ও ফেস্টুনসহ রঙিন পোশাক পরে  দলীয় নেতাকর্মীরা উপস্থিত হয়েছেন।নারায়ণগঞ্জ জেলা আওয়ামী লীগের সভাপতি আব্দুল হাই জনসভা শুরুর আগে বলেন, দীর্ঘদিন পর নেত্রী নারায়ণগঞ্জ শহরে আসছেন। এটা আমাদের জন্য অনেক বড় পাওয়া। নেত্রীর আগমনকে কেন্দ্র করে নেতাকর্মীরা অনেক বেশি আনন্দিত, অনেক বেশি উচ্ছ্বসিত।সর্বশেষ ২০০৮ সালে নবম জাতীয় সংসদ নির্বাচন উপলক্ষ্যে নারায়ণগঞ্জ শহরের ওসমানী পৌর স্টেডিয়ামে নির্বাচনী জনসভায় গিয়েছিলেন আওয়ামী লীগ সভাপতি শেখ হাসিনা।",1,1,0,1,False
" গণতন্ত্র, মানবাধিকার ও সুশাসনভিত্তিক বাংলাদেশ গড়তে এক ‘গণশপথ’ অনুষ্ঠানের আয়োজন করেছে আমার বাংলাদেশ পার্টি (এবি পার্টি)। মঙ্গলবার (১৬ জানুয়ারি) বিকেলে রাজধানীর বিজয়নগরের বিজয়-৭১ চত্বরে এ গণশপথ অনুষ্ঠিত হয়।গণশপথ অনুষ্ঠানে দ্বাদশ জাতীয় সংসদ নির্বাচনকে প্রহসনের নির্বাচন, ৭ জানুয়ারির নির্বাচনের মাধ্যমে গঠিত সংসদকে ফাইভ পার্সেন্ট সংসদ’ এবং বর্তমান মন্ত্রিসভাকে ‘ডামি মন্ত্রিসভার শপথ’ বলে উল্লেখ করা হয়। এসময় এবি পার্টির পক্ষ থেকে নতুন শপথে বলীয়ান হয়ে দেশবাসীকে গণতন্ত্র ধ্বংস করে দেশকে এক পরিবারের রাজ্যে’ পরিণত করার বিরুদ্ধে প্রতিবাদ ও প্রতিরোধ চালিয়ে যাওয়ার আহ্বান জানানো হয়।এবি পার্টির আহ্বায়ক এ এফ এম সোলায়মান চৌধুরী ও বিভিন্ন দলের নেতারা যৌথভাবে গণশপথ পাঠ করান। নির্বাচন বর্জনকারী বিভিন্ন রাজনৈতিক দলের নেতারা ছাড়াও এবি পার্টির নেতা-কর্মী ও সাধারণ জনগণ এই গণশপথে অংশ নেন।  শপথ বাক্যে বাংলাদেশের স্বাধীনতা, সার্বভৌমত্ব, গণতন্ত্র ও মানবাধিকারের নীতি রক্ষায় চেষ্টা ও সংগ্রাম অব্যাহত রাখার প্রতিজ্ঞা করানো হয়। পাশাপাশি যারা গণতন্ত্রের ছদ্মবেশে ভোটাধিকার হরণকারী, দুঃশাসন চাপিয়ে দিয়ে দেশকে ‘লুটপাটের স্বর্গরাজ্য’ বানিয়েছে, জনগণের অধিকার পদদলিত করে ফাইভ পার্সেন্ট’ একদলীয় সরকার কায়েম করে সংসদ সদস্য ও মন্ত্রিসভার প্রতারণামূলক শপথ নিয়েছে, তাদের প্রত্যাখ্যানের শপথ করা হয়।এবি পার্টির সদস্যসচিব মজিবুর রহমানের সঞ্চালনায় গণশপথ অনুষ্ঠানে বক্তব্য দেন দলের যুগ্ম আহ্বায়ক মেজর (অব.) আবদুল ওহাব মিনার। সংহতি জানিয়ে বক্তব্য দেন গণতন্ত্র মঞ্চের নেতা ও নাগরিক ঐক্যের সাধারণ সম্পাদক শহীদুল্লাহ কায়সার, ভাসানী অনুসারী পরিষদের সদস্যসচিব হাবিবুর রহমান, জাগপার সহ সভাপতি ও ১২ দলের সমন্বয়ক রাশেদ প্রধান, এবি পার্টির যুগ্ম আহ্বায়ক বি এম নাজমুল হক ও যুগ্ম সদস্যসচিব ব্যারিস্টার আসাদুজ্জামান ফুয়াদ।",1,1,0,1,False
" তথ্য ও সম্প্রচার প্রতিমন্ত্রী অধ্যাপক মোহাম্মদ এ আরাফাত বলেছেন, বঙ্গবন্ধুকন্যা শেখ হাসিনা রাষ্ট্র পরিচালনার দায়িত্বে আছেন বলেই দেশে শান্তি বিরাজ করছে, সমৃদ্ধি ঘটছে। সোমবার (১৫ জানুয়ারি) সন্ধ্যায় মন্ত্রী তার নির্বাচনী এলাকা ঢাকা ১৭ আসনের কালাচাঁদপুর সরকারি হাইস্কুল এবং কলেজ মাঠে তার সম্মানে আয়োজিত গণ-সংবর্ধনা অনুষ্ঠানে এ কথা বলেন।প্রতিমন্ত্রী বলেন, 'বিশ্বের জায়গায় জায়গায় অশান্তি, যুদ্ধ-বিগ্রহের চিত্র আমরা টেলিভিশনে  দেখি, খবরের পাতায় পড়ি। আমাদের দেশে গত ১৫ বছর ধরে শান্তি আছে, দেশ এগিয়ে চলেছে, বঙ্গবন্ধুকন্যা শেখ হাসিনার নেতৃত্বের কারণেই তা সম্ভব হয়েছে।'একইসঙ্গে সতর্কবার্তা দিয়ে অধ্যাপক আরাফাত বলেন, 'মানুষের শান্তি বিনষ্টের জন্য যারা মানুষ ও যানবাহনের ওপর পেট্রোলবোমা নিক্ষেপ করে  এমন কি ট্রেনে অগ্নিসংযোগ করে নির্মমভাবে নারী-শিশুসহ মানুষকে পুড়িয়ে হত্যা করে, তাদের বিষয়ে সতর্ক থাকতে হবে এবং তাদেরকে রুখে দিতে সন্ত্রাসের বিরুদ্ধে প্রধানমন্ত্রী শেখ হাসিনার হাতকে আরও শক্তিশালী করতে সবাইকে ঐক্যবদ্ধ থাকতে হবে।''সন্ত্রাসীদের দেখানো ভয়-ভীতিতে মানুষ আতঙ্কিত হয়নি, শীতের সকালে ভোট দিতে গেছে' উল্লেখ করে তিনি বলেন, 'আমরা জরিপ করে দেখেছি, যে কোনো নির্বাচনী এলাকার ২৪ থেকে ২৫ শতাংশ ভোটার এলাকায় থাকেন না। অর্থাৎ বাকি ৭৫ শতাংশের মধ্যে হিসাব করলে সারাদেশে গড়ে ৪২ শতাংশের চেয়ে অনেক বেশি ভোট পড়েছে।'এ সময় তথ্য প্রতিমন্ত্রী আরাফাত এলাকার জনগণকে ধন্যবাদ জানান ও সুচারু দায়িত্বপালনে তাদের আশীর্বাদ কামনা করেন।ঢাকা মহানগর উত্তর যুবলীগের ভারপ্রাপ্ত সভাপতি মো. জাকির হোসেন বাবুলের সভাপতিত্বে  ঢাকা ১১ আসনের সংসদ সদস্য বীর মুক্তিযোদ্ধা মো. ওয়াকিল উদ্দিনসহ স্থানীয় নেতৃবৃন্দ অনুষ্ঠানে বক্তব্য রাখেন। সভা শেষে মনোজ্ঞ সাংস্কৃতিক অনুষ্ঠান পরিবেশিত হয়।",1,1,0,1,False
" জাতীয় পার্টির (জাপা) চেয়ারম্যান গোলাম মোহাম্মদ কাদেরকে (জিএম কাদের) বিরোধী দলীয় নেতা নির্বাচন করেছে তার দল। এছাড়া দলটির কো-চেয়ারম্যান আনিসুল ইসলাম মাহমুদকে বিরোধী দলের উপনেতা ও মহাসচিব মজিবুল চুন্নুকে বিরোধী দলীয় চিফ হুইপ মনোনয়ন দেয়া হয়েছে।বৃহস্পতিবার (১৮ জানুয়ারি) সংসদ ভবনে বিরোধী দলীয় উপনেতার দপ্তরে অনুষ্ঠিত জাতীয় পার্টির সংসদীয় দলের সভায় এ সিদ্ধান্ত হয়। এ তথ্য জানিয়েছেন জাপা মহাসচিব মজিবুল হক চুন্নু। জিএম কাদেরের সভাপতিত্বে সভা হয়।সভায় দলের সংসদ সদস্য হাফিজউদ্দিন আহম্মেদকে বিরোধী দলীয় হুইপ মনোনয়ন দেওয়া হয়েছে। সভায় এ মনোনয়নের সিদ্ধান্ত লিখিতভাবে সংসদের স্পিকার শিরীন শারমিন চৌধুরীকে জানানোর সিদ্ধান্ত হয়েছে।দ্বাদশ জাতীয় সংসদ নির্বাচনে জাতীয় পার্টি মাত্র ১১টি আসনে জয়লাভ করে। নতুন সংসদে বিরোধী দলের আসনে কে বসবেন তা নিয়ে সৃষ্ট ধোঁয়াশার মধ্যে বৃহস্পতিবার জাতীয় পার্টির সংসদীয় দলের বৈঠকে গুরুত্বপূর্ণ তিনটি পদে নেতা, উপনেতা ও চিফ হুইপ নির্বাচন করা হয়। এখন বিষয়টি স্পিকারের ওপর নির্ভর করছে।",1,1,0,1,False
" দ্বাদশ জাতীয় সংসদ নির্বাচন পর্যবেক্ষণে দুই মাসের জন্য ঢাকায় আসা ইউরোপীয় ইউনিয়নের (ইইউ) চার সদস্যের ইলেকশন এক্সপার্ট টিম বৈঠক করেছে বিএনপির সঙ্গে।আজ ববুধবার (১৭ জানুয়ারি) ভার্চূয়াল বিকাল ৫টা শুরু হয়ে সন্ধ্যা ৬টা ২০ মিনিট শেষ হয়। বৈঠকে বিএনপির প্রতিনিধি দলের নেতৃত্ব দেন দলের স্থায়ী কমিটির সদস্য ড. আবদুল মঈন খান। নজরুল ইসলাম খানসহ বৈঠকে উপস্থিত ছিলেন, চেয়ারপার্সন উপদেষ্টা কাউন্সিল সদস্য ইসমাইল জবিউল্লাহ, বিএনপি সাংগঠনিক সম্পাদক শামা ওবায়েদ, বিএনপি আন্তর্জাতিক বিষয়ক সম্পাদক হুমায়ুন কবির ও বিএনপি মানবাধিকার বিষয়ক সম্পাদক এডভোকেট আসাদুজ্জামান আসাদ। বিষয়টি নিশ্চিত করেন বিএনপির মিডিয়া সেলের সদস্য শায়রুল কবির খান।সূত্র জানায়, বৈঠকে  বিএনপির পক্ষ থেকে ভোট কেন্দ্রের নানা চিত্র, নির্বাচনের পরে সরকার পক্ষের স্বতন্ত্র প্রার্থীদের অভিযোগ ও ভোটের নানা অনিয়মের চিত্র প্রমাণসহ তুলে ধরা হয়।জানতে চাইলে বিএনপির স্হায়ী কমিটির সদস্য ড. মঈন খান ভোরের কাগজকে বলেন,  নির্বাচনে যা ঘটেছে সেই সত্যিটাই আমরা তুলে ধরেছি। কোন প্রেক্ষাপটে দেশের জনগণ ভোট কেন্দ্রে যায়নি, সেটার রিয়েল চিত্র নির্বাচন পর্যবেক্ষক টিমের জানা প্রয়োজন। বৈঠকে ইইউ ইলেকশন এক্সপার্ট টিমের প্রতিনিধি দলের সদস্য ডেভিড নোয়েল ওয়ার্ড (ইলেকশন এক্সপার্ট), আলেকজান্ডার ম্যাটাস (ইলেকটোরাল এনালিস্ট),  সুইবেস শার্লট (ইলেকটোরাল এনালিস্ট)এবং রেবেকা কক্স (লিগ্যাল এক্সপার্ট) উপস্থিত ছিলেন। এর আগে গত ২৯ নভেম্বর ঢাকায় পৌঁছায় ইইউর চার সদস্যের এই নির্বাচনি এক্সপার্ট টিম।",1,1,0,1,False
" জনগণের অংশগ্রহণে দ্বাদশ জাতীয় সংসদ নির্বাচন সুষ্ঠু হয়েছে বলে দাবি করেছেন আওয়ামী লীগ সাধারণ সম্পাদক ওবায়দুল কাদের। বুধবার (১৭ জানুয়ারি) আওয়ামী লীগের কেন্দ্রীয় কার্যালয়ে এক যৌথসভার প্রারম্ভিক বক্তব্যে তিনি এ দাবি করেন।তিনি বলেছেন, বিরোধীরা নির্বাচন বয়কট করায় নতুন রণকৌশল নিতে হয়েছে। আর এ নির্বাচনে জনগণের অংশগ্রহণে নির্বাচন অবাধ, সুষ্ঠু ও প্রতিদ্বন্দ্বিতাপূর্ণ হয়েছে।নির্বাচন নিয়ে ট্রান্সপারেন্সি ইন্টারন্যাশনাল বাংলাদেশের (টিআইবি) বক্তব্যের প্রতিক্রিয়ার ওবায়দুল কাদের বলেন, নির্বাচন পাতানো ছিল না। নামিদামি অনেক দেশ নির্বাচন পর্যবেক্ষণ করেছে। এমনকি নির্বাচনের পর বিভিন্ন দেশ অভিনন্দন জানিয়েছে। যুক্তরাষ্ট্রের রাষ্ট্রদূত পিটার হাসও নতুন এ সরকারকে অভিনন্দন জানিয়েছেন।কাদের বলেন, নির্বাচন প্রতিদ্বন্দ্বিতামূলক হয়েছে। বিরোধী দলের নির্বাচন বয়কট করায় নতুন রণকৌশল নিতে হয়েছে। স্বতন্ত্র সংসদ সদস্য বড় অংশ। জনগণের অংশগ্রহণে অবাধ, সুষ্ঠু নির্বাচন করতে এ রণকৌশল নিতে হয়েছে, যার সোনালি ফসল আমরা ঘরে তুলেছি। দু-একটি বিচ্ছিন্ন ঘটনা ছাড়া নির্বাচন শান্তিপূর্ণ হয়েছে। নির্বাচন নিয়ে এখন অনেকে অনেক কথাই বলবে।তিনি বলেন, বিএনপির আস্ফালন কোথায় গেলো? জনগণকে নিবৃত করার চেষ্টা করেছে তারা। নির্বাচন বর্জনও করেছে। ভালো নির্বাচন হয়েছে বলেই এখন বিভিন্ন দেশ থেকে প্রশংসা আসছে। বিএনপিই শুধু এই নির্বাচন গ্রহণ করতে পারছে না। তারা এখনো বলছে সংসদ অবৈধ।",1,1,0,1,False
" জাতীয় পার্টির (জাপা) চেয়ারম্যান জিএম কাদের জানিয়েছেন, এখন পর্যন্ত বিরোধী দল হওয়ার ক্ষেত্রে কোনো সিগন্যাল পাইনি। তিনি বলেন, আমরা এখন পর্যন্ত কিছুই জানতে পারিনি। তবে আশা করছি সংসদ অধিবেশন শুরুর আগেই স্পিকারের কাছ থেকে আমরা একটা মতামত হয়তো পাব।    শনিবার (২০ জানুয়ারি) বিকেলে রংপুর নগরীর সেনপাড়ার স্কাই ভিউ বাসভবনে সাংবাদিকদের সঙ্গে আলাপকালে তিনি এসব কথা বলেন। তিন দিনের ব্যক্তিগত সফরে শনিবার রংপুর এসে প্রথমে পল্লী নিবাসে জাতীয় পার্টির প্রতিষ্ঠাতা ও সাবেক রাষ্ট্রপতি হুসেইন মুহম্মদ এরশাদের কবর জিয়ারত করেন জিএম কাদের। পরে স্কাই ভিউতে এসে সাংবাদিকদের সঙ্গে রাজনৈতিক অবস্থান নিয়ে কথা বলেন তিনি।  বিরোধী দলে থাকা প্রসঙ্গে জিএম কাদের বলেন, আমরা গত সংসদে প্রধান বিরোধী দল ছিলাম। দেশ ও জাতির কল্যাণে সব সময় আমরা বিরোধী দলের ভূমিকা পালন করেছি। সরকারের গঠনমূলক সমালোচনা এবং আমাদের সুপারিশসহ অনিয়ম-দুর্নীতি ও জনগণের পক্ষে যেসব দাবি উত্থাপন করার কথা সেগুলো আমরা তুলে ধরেছি। এখনো আমরা সেই রাজনীতি করছি।  জিএম কাদের আরো বলেন, বর্তমান সংসদে প্রধান দুটি দলের মধ্যে একটি আওয়ামী লীগ। নৌকা মার্কা নিয়ে তারা সংখ্যাগরিষ্ঠতার ভিত্তিতে দল হিসেবে সরকার গঠন করেছে। তারপরই লাঙ্গল প্রতীক নিয়ে জাতীয় পার্টির আমরা ১১ জন সংসদ সদস্য আলাদা আরেকটি রাজনৈতিক দল। আর যারা রয়েছেন তারা আওয়ামী লীগের সহমতের আওতার ভেতরে। সেই কারণে আমরা মনে করি সরকারের বিরোধী দল হিসেবে জাতীয় পার্টি একটা গুরুত্বপূর্ণ ভূমিকা রাখতে পারে।জাপা চেয়ারম্যান বলেন, সরকার যদি জাতীয় পার্টিকে বিরোধী দল হিসেবে অবস্থান নাও দেয় তারপরও দেশ ও জাতির কল্যাণে সরকারের বিরুদ্ধে একমাত্র দল হিসেবে আমাদের দায়িত্ব থাকবে সরকারের সমালোচনা করা। জনগণের চোখে সরকারের যেসব ভুল-ত্রুটি ধরা পড়ছে সেগুলোকে সংসদে তুলে ধরা এবং সেগুলো সম্পর্কে সুপারিশ দিয়ে সরকারকে সহায়তা করে সঠিক পথে চালনা করা। কাজেই যেকোনো পর্যায়েই আমাদের সিদ্ধান্ত হলো আমরা বিরোধী দলের ভূমিকা পালন করব। এই মুহূর্তে এটা বেশি জরুরি।জিএম কাদের বলেন, বিরোধী দলের নেতা বা অন্যকিছু পদ-পদবি নির্ধারণ করা স্পিকারের আওতাধীন। যদিও আমরা জানি সার্বিকভাবে এটা (বিরোধী দল) জাতীয় পার্টির পাওয়ার কথা।  আমরা যেটা সিদ্ধান্ত নিয়েছি সেটা জাতীয় পার্টির সংসদীয় দল থেকে আমাকে বিরোধী দলীয় নেতা, আনিসুল ইসলাম মাহমুদকে উপনেতা এবং চিফ হুইপ হিসেবে মজিবুল হক চুন্নুর নাম আমরা প্রস্তাব করে একটা রেজুলেশন নিয়েছি। সেটা আমরা মাননীয় স্পিকারের কাছে পত্র মারফত পেশ করেছি।নির্বাচনের পর ঢাকায় বিক্ষোভ হয়েছে। অনেককে বহিষ্কার করা হয়েছে। গুঞ্জন রয়েছে দল ভাঙছে আবার নতুন দলও হচ্ছে। এ পরিস্থিতিতে জাতীয় পার্টির অবস্থান প্রসঙ্গে জাপা চেয়ারম্যান বলেন, জাতীয় পার্টি দীর্ঘদিন ধরে ষড়যন্ত্রের শিকার। সরকার থেকে সরে আসার পর থেকে শুরু করে বিভিন্ন সময়ে জাতীয় পার্টির বিরুদ্ধে অনেক ধরনের ষড়যন্ত্র হয়েছে। এক্ষেত্রে অনেকগুলো বিষয় কাজ করেছে। আমাদের দলের প্রতিষ্ঠাতা চেয়ারম্যান হুসেইন মুহম্মদ এরশাদের একটা ব্যাপক জনপ্রিয়তা ছিল। সেটাকে বিভিন্নভাবে নষ্ট করার জন্য তার প্রতিপক্ষরা চেষ্টা করেছিল। অনেক ষড়যন্ত্র ও মিথ্যাচার হয়েছে, সেগুলো পরবর্তীতে মিথ্যা প্রমাণিত হয়েছে। তবে এখন ভাঙনের যে কথা বলা হচ্ছে, সেই সম্ভাবনা দেখছি না।এ সময় জাতীয় পার্টির ভাইস চেয়ারম্যান ও রংপুর মহানগর জাতীয় পার্টির সাধারণ সম্পাদক এস এম ইয়াসীর, জাতীয় পার্টির কেন্দ্রীয় সাংগঠনিক সম্পাদক ও রংপুর জেলা সদস্য সচিব হাজী আব্দুর রাজ্জাক, জাতীয় পার্টির চেয়ারম্যানের উপদেষ্টা আলাউদ্দিন মিয়া ও জাতীয় পার্টির কেন্দ্রীয় সাংস্কৃতিক সম্পাদক আজমল হোসেন লেবু, জাতীয় পার্টির কেন্দ্রীয় যুগ্ম সাংগঠনিক সম্পাদক ও রংপুর জেলার যুগ্ম আহ্বায়ক মো. শাফিউর রহমান শাফি, কেন্দ্রীয় সদস্য ও রংপুর মহানগরের সিনিয়র সহ-সভাপতি লোকমান হোসেন, সহ-সভাপতি জাহেদুল ইসলাম, জাতীয় যুব সংহতি রংপুর জেলার সভাপতি হাসানুজ্জামান নাজিম, সদর উপজেলা জাতীয় পার্টির আহ্বায়ক মাসুদ মাসুদ নবী মুন্না উপস্থিত ছিলেন। ",1,1,0,1,False
" নৌপরিবহন প্রতিমন্ত্রী খালিদ মাহমুদ চৌধুরী বলেছেন, বাংলাদেশে নির্বাচন নিয়ে সন্দিহানে থাকা আন্তর্জাতিক মহল এখন সন্তুষ্ট। জাতিসংঘসহ বিভিন্ন দেশ প্রতিনিয়ত সরকারকে অভিনন্দন জানাচ্ছে, শুভেচ্ছা জানাচ্ছে। নির্বাচনে না এসে বিএনপি ভুল ও দেশ বিরোধী রাজনীতি করেছে। এবার উৎসবমুখর নির্বাচন হয়েছে। রবিবার (২১ জানুয়ারি) গোপালগঞ্জের টুঙ্গিপাড়ায় জাতির পিতা বঙ্গবন্ধু শেখ মুজিবুর রহমানের সমাধিতে শ্রদ্ধা নিবেদন এবং জিয়ারত শেষে সাংবাদিকদের সঙ্গে আলাপকালে তিনি এসব কথা বলেন। প্রতিমন্ত্রী খালিদ মাহমুদ চৌধুরী বলেন, এবার উৎসব মুখর পরিবেশে নির্বাচন হয়েছে। বিএনপি নির্বাচনে আসলে তাদের সঙ্গে দেশবিরোধী অপরাধী, স্বাধীনতা বিরোধী ও যুদ্ধাপরাধীরা থাকতো। নির্বাচন হতো উত্তেজনাপূর্ণ। বিএনপি নির্বাচনে না আসায় বাংলাদেশ একটি ভয়াবহ সন্ত্রাসের হাত থেকে রক্ষা পেয়েছে। আন্তর্জাতিক মহল-যারা নির্বাচন নিয়ে সন্দিহান ছিলো তারাও সন্তুষ্ট হয়েছে। জাতিসংঘসহ বিভিন্ন দেশ প্রতিনিয়ত, এই নির্বাচন এবং সরকারকে অভিনন্দন জানাচ্ছে, শুভেচ্ছা জানাচ্ছে। তারা বর্তমান সরকারের সঙ্গে কাজ করার অঙ্গীকার ব্যক্ত করেছে। এরমধ্যে দিয়ে প্রমাণিত হয়, বিএনপি ভুল রাজনীতি করেছে, দেশবিরোধী রাজনীতি করেছে।প্রতিমন্ত্রী আরো বলেন, যে কাজগুলো শেখ হাসিনার নেতৃত্বে চলছে তা সামনের দিকে এগিয়ে নিয়ে যাওয়া এবং শেষ করা মূল চ্যালেঞ্জ। নৌপরিবহন মন্ত্রণালয়ে অনেক প্রকল্প আছে। এরমধ্যে সবচেয়ে বড় যে প্রজেক্ট সেটি হলো মাতারবাড়ি গভীর সমুদ্র বন্দর নির্মাণ। এরকম অসংখ্য প্রকল্প আছে। সেগুলোর শেষ করা আমাদের মূল চ্যালেঞ্জ। আগামী পাঁচ বছরের মধ্যে আমাদের নৌপরিবহন মন্ত্রণালয় যতগুলো প্রকল্প আছে সবগুলো শেষ করবো। শেখ হাসিনা ১০ হাজার কিলোমিটার নৌপথ খননের কথা বলেছেন।  সেটাও আমরা সম্পন্ন করতে চাই। বদ্বীপ পরিকল্পনা বাস্তবায়নের নৌ পরিবহন মন্ত্রণালয় এবং পানি সম্পদ মন্ত্রণালয় সম্মিলিতভাবে নদী নালা খাল বিলের উন্নয়ন করবো। প্রধানমন্ত্রী নির্বাচনী ইশতেহারে বলেছেন-‘উন্নয়ন দৃশ্যমান বাড়বে এবার কর্মসংস্থান।’ আমরা কর্মসংস্থানের উপর বিশেষ নজর দেবো। মন্ত্রণালয়কে সামনে এগিয়ে নেয়ার ক্ষেত্রে যে অনুপ্রেরণা, যে সাহস দরকার সেটা নেয়ার জন্য টুঙ্গিপাড়ায় বঙ্গবন্ধু শেখ মুজিবুর রহমানের সমাধিতে এসেছি। প্রতিমন্ত্রী পরে জাতির পিতা বঙ্গবন্ধু শেখ মুজিবুর রহমানের সমাধিসৌধ কমপ্লেক্স মসজিদে মিলাদ মাহফিল ও দোয়ায় অংশ নেন। বঙ্গবন্ধু ও তাঁর পরিবারের শহীদ সদস্যদের মাগফেরাত এবং দেশ ও জাতির কল্যাণ ও সমৃদ্ধি কামনা করেন। বিকালে প্রতিমন্ত্রী টুঙ্গিপাড়ায় ৩ হাজার কম্বল বিতরণ করেন। এসময় অন্যান্যের মধ্যে নৌপরিবহন মন্ত্রণালয়ের সিনিয়র সচিব মো: মোস্তফা কামাল, চট্টগ্রাম বন্দরের চেয়ারম্যান রিয়ার এডমিরাল এম সোহায়েল, পায়রা বন্দরের চেয়ারম্যান রিয়ার এডমিরাল গোলাম সাদেক, মংলা বন্দরের চেয়ারম্যান রিয়ার এডমিরাল মীর এরশাদ আলী, বাংলাদেশ স্থল বন্দর কর্তৃপক্ষের চেয়ারম্যান জিল্লুর রহমান চৌধুরী, বিআইডব্লিউটিএ চেয়ারম্যান কমডোর আরিফ আহমেদ মোস্তফা, বিআইডব্লিউটিসি চেয়ারম্যান (ভারপ্রাপ্ত) অতিরিক্ত সচিব এম মতিউর রহমানসহ ঊর্ধ্বতন কর্মকর্তারা উপস্থিত ছিলেন।",1,1,0,1,False
" দেশের নয়টি পৌরসভায় সাধারণ নির্বাচন অনুষ্ঠিত হবে আগামী ৯ মার্চ। রবিবার (২১ জানুয়ারি) বিকেলে এ তথ্য জানিয়েছেন নির্বাচন কমিশনের (ইসি) অতিরিক্ত সচিব অশোক কুমার দেবনাথ। তিনি জানান, আগামী ৯ মার্চ দেশের নয়টি পৌরসভায় সাধারণ নির্বাচন অনুষ্ঠিত হবে। এই নয় পৌরসভায় ভোট করতে কমিশন ফাইল অনুমোদন করেছে। এসব পৌরসভায় ইলেকট্রনিক ভোটিং মেশিনের (ইভিএম) মাধ্যমে ভোটগ্রহণ অনুষ্ঠিত হবে। সকাল ৮টা থেকে বিকেল ৪টা পর্যন্ত টানা ভোটগ্রহণ অনুষ্ঠিত হবে।যেসব পৌরসভায় ভোটগ্রহণ অনুষ্ঠিত হবে সেইগুলো হলো- জামালপুর জেলার বকশীগঞ্জ পৌরসভা, পটুয়াখালী পৌরসভা, রাজশাহী জেলার কাটাখালী পৌরসভা, সাতক্ষীরা পৌরসভা, ময়মনসিংহ জেলার ত্রিশাল পৌরসভা, মুন্সিগঞ্জ পৌরসভা, সুনামগঞ্জ জেলার তাহেরপুর পৌরসভা, চাঁপাইনবাবগঞ্জ জেলার শিবগঞ্জ পৌরসভা ও বরগুনা জেলার আমতলী পৌরসভা।",1,1,0,1,False
" শেখ হাসিনা টানা চতুর্থ মেয়াদে বাংলাদেশের প্রধানমন্ত্রী হিসেবে পুননির্বাচিত হওয়ায় সংযুক্ত আরব আমিরাত (ইউএই), কাতার, মিশর, লুক্সেমবার্গ, তুরস্ক, সিঙ্গাপুর, মালয়েশিয়া ও ব্রাজিল তাকে অভিনন্দন জানিয়েছে। তুরস্কের প্রেসিডেন্ট রিসেপ তাইয়েপ এরদোগান এক অভিনন্দন বার্তায় বাংলাদেশের সাধারণ নির্বাচনের পর আবারো প্রধানমন্ত্রীর দায়িত্ব গ্রহণ করায় শেখ হাসিনাকে অভিনন্দন জানিয়েছেন।তিনি বলেন, ""আমি আত্মবিশ্বাসী যে, ঐতিহাসিক ও সাংস্কৃতিক সম্পর্কের ভিত্তিতে আমাদের দুটি দেশের মধ্যে বিদ্যমান সম্পর্ক আপনার নতুন মেয়াদে আরও গভীর ও সুদৃঢ় হবে।""  পৃথক বার্তায়, মিশরের রাষ্ট্রপতি আবদেল ফাত্তাহ আল সিসি বাংলাদেশের প্রধানমন্ত্রী হিসেবে নতুন মেয়াদে সাধারণ নির্বাচনে জয়লাভ করায় শেখ হাসিনাকে তার উষ্ণ অভিনন্দন জানিয়েছেন। তিনি বলেন ""এই উচ্চ পদে আপনার পুনঃনির্বাচিত হওয়া আপনার দেশের জন্য আরও অগ্রগতি অর্জনের লক্ষ্যে আপনার সক্ষম নেতৃত্বের প্রতি আপনার দেশের জনগণের আস্থা ও বিশ্বাস প্রতিফলিত করে।""  আবদেল ফাত্তাহ বলেন, মিশর ও বাংলাদেশের মধ্যে বন্ধুত্ব ও সহযোগিতার দীর্ঘ ইতিহাস রয়েছে। তিনি আত্মবিশ্বাস ব্যক্ত করেন যে, দুই দেশের জনগণের পারস্পরিক কল্যাণের জন্য আগামী বছরগুলোতে দুই দেশের মধ্যে দ্বিপাক্ষিক সম্পর্ক আরো সুদৃঢ় হবে।ব্রাজিলের প্রেসিডেন্ট লুইজ ইনাসিও লুলা দা সিলভা তার অভিনন্দন পত্রে প্রধানমন্ত্রী হিসেবে শেখ হাসিনার চতুর্থ মেয়াদে তার নেতৃত্ব দেয়ার প্রশংসা করেছেন যার নজির হচ্ছে সামাজিক ও অর্থনৈতিক ক্ষেত্রে তার সরকারের উল্লেখযোগ্য অর্জন। তিনি শেখ হাসিনার পঞ্চম মেয়াদে বন্ধুত্বপ্রতীম দেশটির জনগণের ভাগ্যের পরিবর্তনের ক্ষেত্রে অসামান্য সাফল্য কামনা করেন।লুলা দা সিলভা আশ্বাস ব্যক্ত করেন যে, সমাজে শান্তি ও সমৃদ্ধির জন্য বাংলাদেশ সবসময় ব্রাজিলের অবিচল অংশীদার হয়ে থাকবে। তিনি আশাবাদ প্রকাশ করেন, বন্ধুত্ব ও সহযোগিতার বন্ধনে আবদ্ধ দুটি দেশ এ সম্পর্ককে আরো জোরদার করতে একসঙ্গে কাজ করে যাবে। ২০২৩ সালটি ছিল দুটি দেশের সম্পর্কের জন্য অত্যন্ত ইতিবাচক। ব্রাজিলের প্রেসিডেন্ট জোহানেসবার্গে ব্রিকস শীর্ষ সম্মেলনের ফাঁকে তার এবং বাংলাদেশের প্রধানমন্ত্রীর মধ্যে বৈঠকের কথা স্মরণ করেন যেখানে তাদের মধ্যে টেকসই উন্নয়নের পথ অনুসরণ করার এবং উভয় দেশের জনগণের সমৃদ্ধি ও কল্যাণের বিষয়ে আলোচনা করার সুযোগ হয়েছিল। তিনি বাংলাদেশের প্রধানমন্ত্রীকে কূটনৈতিক চ্যানেলের মাধ্যমে পারস্পরিক সম্মত সময়ে ব্রাজিল সফরের আমন্ত্রণ জানান। পৃথক চিঠিতে কাতারের প্রধানমন্ত্রী ও পররাষ্ট্রমন্ত্রী মোহাম্মদ বিন আবদুল রহমান বিন জাসিম আল-থানি, সিঙ্গাপুরের প্রধানমন্ত্রী লি সিয়েন লুং, সংযুক্ত আরব আমিরাতের ভাইস-প্রেসিডেন্ট, প্রধানমন্ত্রী ও দুবাইয়ের শাসক শেখ মোহাম্মদ বিন রশিদ আল মাকতুম, লুক্সেমবার্গের ভাইস-প্রধানমন্ত্রী পররাষ্ট্র ও বৈদেশিক বাণিজ্য মন্ত্রী, সহযোগিতা ও মানবিক কর্মসূচি বিষয়ক মন্ত্রী জেভিয়ার বেটেল বাংলাদেশের দ্বাদশ জাতীয় নির্বাচনে নিরঙ্কুশ সংখ্যাগরিষ্ঠতা অর্জনের জন্য প্রধানমন্ত্রী শেখ হাসিনাকে তাদের আন্তরিক অভিনন্দন ও শুভেচ্ছা জানিয়েছেন।তারা বাংলাদেশের প্রধানমন্ত্রীর সুস্বাস্থ্য ও সুখ এবং বাংলাদেশের সরকার ও জনগণের আরও কল্যাণ ও সমৃদ্ধি কামনা করেন। বাংলাদেশের প্রধানমন্ত্রী হিসেবে পুনরায় নির্বাচিত হওয়ায় শেখ হাসিনাকে অভিনন্দন জানিয়েছেন মালয়েশিয়ার প্রধানমন্ত্রী আনোয়ার ইব্রাহিম।এক অভিনন্দন বার্তায় তিনি লেখেন, বাংলাদেশের প্রধানমন্ত্রী হিসেবে চতুর্থ মেয়াদে শপথ গ্রহন করায় মালয়েশিয়ার সরকার ও জনগণের পক্ষ থেকে  আমি আপনাকে আন্তরিক অভিনন্দন জানাই।"" তিনি আরো বলেন, ""প্রধানমন্ত্রী হিসাবে আপনার মেয়াদে, আপনি এক দশকেরও বেশি শক্তিশালী অর্থনৈতিক প্রবৃদ্ধির মাধ্যমে আপনার দেশকে অসাধারণভাবে পরিচালনা করেছেন এবং নিশ্চিত করেছেন যে, বাংলাদেশ এশিয়ার অন্যতম সাফল্যের নজির হিসাবে আবির্ভূত হয়েছে।"" ",1,1,0,1,False
" আওয়ামী লীগ সাধারণ সম্পাদক এবং সড়ক পরিবহন ও সেতুমন্ত্রী ওবায়দুল কাদেরকে ফুলেল শুভেচ্ছা জানিয়েছেন দ্বাদশ জাতীয় সংসদ নির্বাচনে নোয়াখালী-৪ (সদর-সুবর্ণচর) আসনে পরাজিত স্বতন্ত্র প্রার্থী এডভোকেট শিহাব উদ্দিন শাহিন। শনিবার (২০ জানুয়ারি) সন্ধ্যায় ধানমন্ডি আওয়ামী লীগ সভাপতির কার্যালয়ে ওবায়দুল কাদেরকে টানা তৃতীয় বারের মতো সড়ক পরিবহন ও সেতুমন্ত্রী হিসেবে দায়িত্ব গ্রহণ করায় এই ফুলেল শুভেচ্ছা জানান শিহাব উদ্দিন শাহিন। এ সময় নোয়াখালী সদর উপজেলা আওয়ামী লীগের সভাপতি আব্দুস জাহের, সাধারণ সম্পাদক এডভোকেট আতাউর রহমান নাছেরসহ দলীয় নেতাকর্মীরা উপস্থিত ছিলেন। শুভেচ্ছা বিনিময়কালে ওবায়দুল কাদেরের কাছে নির্বাচন পরবর্তী স্বতন্ত্র প্রার্থীর কর্মী-সমর্থকদের ওপর সহিংসতার বিষয়ে তুলে ধরা হয়েছে বলে জানিয়েছেন সদর উপজেলা আওয়ামী লীগের দলীয় সূত্র। ",1,1,0,1,False
" দ্বাদশ সংসদ নির্বাচনে অবাধ ও শান্তিপূর্ণ পরিবেশে ভোটাধিকার প্রয়োগের মাধ্যমে দেশের মানুষ গণতন্ত্রের ধারা অব্যাহত রেখেছে বলে মন্তব্য করেছেন শিক্ষাবিদরা।শনিবার (২০ জানুয়ারি) জাতীয় প্রেস ক্লাবে 'গণতন্ত্রের বিজয়' শীর্ষক আলোচনা সভার আয়োজন করে বিশ্ববিদ্যালয়ের শিক্ষকদের সমন্বয়ে গঠিত গবেষণাভিত্তিক সংগঠন 'এডুকেশন, রিসার্চ এন্ড ডেভেলপমেন্ট ফোরাম অব বাংলাদেশ (ইআরডিএফবি)।বাংলাদেশ বিশ্ববিদ্যালয় মঞ্জুরি কমিশন (ইউজিসি) এর সদস্য ও ইআরডিএফবি সভাপতি অধ্যাপক ড. মো. সাজ্জাদ হোসেনের সভাপতিত্বে সেমিনারে প্রধান অতিথি হিসেবে উপস্থিত ছিলেন বাংলাদেশ কৃষি বিশ্ববিদ্যালয়ের মাননীয় উপাচার্য অধ্যাপক ড. এমদাদুল হক চৌধুরী।ইআরডিএফবি সাধারণ সম্পাদক এবং বরিশাল বিশ্ববিদ্যালয়ের উপাচার্য অধ্যাপক ড. মোহাম্মদ বদরুজ্জামান ভূঁইয়ার সঞ্চালনায় সেমিনারে মূল প্রবন্ধ উপস্থাপক হিসেবে উপস্থিত ছিলেন ঢাকা বিশ্ববিদ্যালয় শিক্ষক সমিতির সম্মানিত সাধারণ সম্পাদক অধ্যাপক ড. জিনাত হুদা।বিশেষ অতিথি হিসেবে উপস্থিত ছিলেন- জাতীয় কবি কাজী নজরুল ইসলাম বিশ্ববিদ্যালয়ের উপাচার্য অধ্যাপক ড. সৌমিত্র শেখর দে, রাঙামাটি বিজ্ঞান ও প্রযুক্তি বিশ্ববিদ্যালয়ের উপাচার্য অধ্যাপক ড. সেলিনা আখতার, বাংলাদেশ সরকারি কর্ম কমিশনের সদস্য অধ্যাপক ড. দেলোয়ার হোসেন এবং বঙ্গমাতা শেখ ফজিলাতুন্নেছা মুজিব বিজ্ঞান ও প্রযুক্তি বিশ্ববিদ্যালয়ের উপাচার্য অধ্যাপক ড. মো. কামরুল আলম খান।প্রধান অতিথি অধ্যাপক এমদাদুল হক চৌধুরী বলেন, এবারের ৭ জানুয়ারির ভোটের মাধ্যমে বাংলাদেশের উন্নয়ন অগ্রযাত্রায় নতুন করে গতি সঞ্চার হয়েছে। তিনি বলেন, এবারের সংসদ নির্বাচন খুবই সুন্দর ও নিরপেক্ষ হয়েছে। এদেশের মানুষ এই রকম নির্বাচনই দেখতে চেয়েছিলেন। বিরোধী দলের সহিংসমূলক কর্মকাণ্ডে ভীতসন্ত্রস্ত হয়ে কিছু মানুষ ভোট কেন্দ্রে যাননি বলে কিছু ভোট কেন্দ্রে ভোটারের কম উপস্থিতি দেখা গিয়েছে।ইআরডিএফবি সভাপতি অধ্যাপক সাজ্জাদ হোসেন বলেন, দেশি-বিদেশি অপশক্তিগুলোর সব ধরনের ষড়যন্ত্র ও চক্রান্তকে উপেক্ষা করে নির্বাচনে অংশগ্রহণ করে ভোটাররা গণতন্ত্রে বিশ্বাসী আওয়ামী লীগকে পুনরায় নির্বাচিত করার মাধ্যমে গণতন্ত্রের বিজয় নিশ্চিত করেছে।তিনি বলেন, শিক্ষা-দীক্ষায়, জ্ঞান-বিজ্ঞান এবং প্রযুক্তিতে সমৃদ্ধ হয়ে আমাদের এই তরুণ সমাজ ডিজিটাল বাংলাদেশ থেকে বঙ্গবন্ধুকন্যা জননেত্রী শেখ হাসিনার নেতৃত্বে স্মার্ট বাংলাদেশ বিনির্মাণ করে বঙ্গবন্ধুর স্বপ্নের সোনার বাংলা গড়ে তুলবে।",1,1,0,1,False
" নির্বাচন কমিশনের (ইসি) অতিরিক্ত সচিব অশোক কুমার দেবনাথ জানিয়েছেন, দেশে মোট ভোটার ১২ কোটি ১৭ লাখ ৭৫ হাজার ৪৫০ জন। গত বছরের তুলনায় দেশে মোট ভোটার বেড়েছে ২০ লাখ ৮৬ হাজার ১৬১ জন।রবিবার (২১ জানুয়ারি) আগারগাঁওয়ের নির্বাচন ভবনের মিডিয়া সেন্টারে ভোটার তালিকা হালনাগাদের খসড়া ভোটার তালিকা প্রকাশ করেন নির্বাচন কমিশন। এসময় উপস্থিত ছিলেন জাতীয় পরিচয় নিবন্ধন অনুবিভাগের (এনআইডি) মহাপরিচালক এ. কে. এম. হুমায়ুন কবীর।ইসি জানায়, হালনাগাদকৃত তালিকা অনুযায়ী দেশে মোট ভোটার ১২ কোটি ১৭ লাখ ৭৫ হাজার ৪৫০ জন। ভোটার তালিকা আইন অনুযায়ী প্রতি বছর ২ জানুয়ারি খসড়া ভোটার তালিকা প্রকাশ করা হয়। তবে গত ৭ জানুয়ারি দ্বাদশ জাতীয় সংসদ নির্বাচন হওয়ায় খসড়া ভোটার তালিকা প্রকাশ করতে পারেনি কমিশন। খসড়া তালিকা অনুযায়ী পুরুষ ভোটার ৬ কোটি ২০ লাখ ৯০ হাজার ১৩৭ জন ও নারী ভোটার ৫ কোটি ৯৬ লাখ ৮৪ হাজার ৩৮৯ জন এবং তৃতীয় লিঙ্গের ভোটার হয়েছেন ৯২৪ জন।",1,1,0,1,False
" নতুন বছরের ১ জানুয়ারি পর্যন্ত যারা ভোট দেয়ার জন্য যোগ্য হয়েছেন, তাদের তথ্য হালনাগাদ করে খসড়া ভোটার তালিকা প্রকাশ করেছে নির্বাচন কমিশন। এই হালনাগাদে যুক্ত হয়েছে ২০ লাখ ৮৬ হাজার নতুন নাম। আর এদেরকে নিয়ে দেশে মোট ভোটার সংখ্যা দাঁড়াচ্ছে ১২ কোটি ১৭ লাখের বেশি।রবিবার (২১ জানুয়ারি) আগারগাঁওয়ের নির্বাচন ভবনে এক সংবাদ সম্মেলনে ভোটার তালিকা হালনাগাদের এ তথ্য প্রকাশ করেন ইসির অতিরিক্ত সচিব অশোক কুমার দেবনাথ।তিনি বলেন, সংসদ নির্বাচনের সময় দেশে ভোটার ছিল ১১ কোটি ৯৬ লাখের বেশি। ৭ জানুয়ারি দ্বাদশ সংসদ নির্বাচন থাকায় এবার হালনাগাদের খসড়া তালিকা প্রকাশ পিছিয়ে দেয়া হয়।হালনাগাদের এই খসড়া তালিকা স্থানীয় পর্যায়ে প্রকাশ করা হয়েছে জানিয়ে অতিরিক্ত সচিব বলেন, দাবি-আপত্তি নিষ্পত্তি শেষে ২ মার্চ চূড়ান্ত হবে এ খসড়া ভোটার তালিকা।",1,1,0,1,False
" কুমিল্লা বিশ্ববিদ্যালয়ে কর্মরত সাংবাদিকদের সংগঠন ‘কুমিল্লা বিশ্ববিদ্যালয় সাংবাদিক সমিতির (কুবিসাস)’ কার্যনির্বাহী পরিষদ নির্বাচন-২০২৪ এর নির্বাচন সম্পন্ন হয়েছে।এতে সভাপতি নির্বাচিত হয়েছেন দৈনিক মানবকণ্ঠ ও দ্যা ডেইলি ক্যাম্পাসের বিশ্ববিদ্যালয় প্রতিনিধি জুবায়ের রহমান এবং সাধারণ সম্পাদক হয়েছেন দৈনিক যুগান্তর পত্রিকার বিশ্ববিদ্যালয় প্রতিনিধি সাঈদ হাসান। বৃহস্পতিবার (১৮ জানুয়ারি) নির্বাচন শেষে বিকেল ৩টায় সাংবাদিক সমিতির কার্যালয়ে ফলাফল ঘোষণা করেন নির্বাচন কমিশনার ও লোক প্রশাসন বিভাগের সহযোগী অধ্যাপক ড. জান্নাতুল ফেরদৌস। এ সময় আরো উপস্থিত ছিলেন নির্বাচন কমিশনার ও ফার্মেসি বিভাগের প্রভাষক মো. কামরুল হাসান।নবগঠিত কমিটির সহ-সভাপতি পদে নির্বাচিত হয়েছেন- মোহাম্মদ শাহীন আলম (দৈনিক শেয়ার বিজ), যুগ্ম সাধারণ সম্পাদক নাঈমুর রহমান রিজভী (দেশ রুপান্তর), অর্থ সম্পাদক মুরাদুল মুস্তাকিম মুরাদ (বাংলাভিশন অনলাইন), দপ্তর সম্পাদক আবু শামা (দৈনিক কালবেলা), তথ্য ও পাঠাগার সম্পাদক চৌধুরী আব্দুল্লাহ মাসাবিহ (দৈনিক আমার বার্তা), কার্যনির্বাহী রকিবুল হাসান (দৈনিক ভোরের ডাক) এবং হাসান আল মাহমুদ (আমাদের নতুন সময়)।প্রসঙ্গত, এটি কুমিল্লা বিশ্ববিদ্যালয় সাংবাদিক সমিতির ৯ম কার্যনির্বাহী কমিটি। আগামী এক বছর নতুন কমিটি দায়িত্ব পালন করবে।",1,1,0,1,False
" দ্বাদশ জাতীয় সংসদ নির্বাচন আমাদের দেশের ইতিহাসে গণতন্ত্রের অভিযাত্রার মাইলফলক বলে মন্তব্য করেছেন আওয়ামী লীগের সাধারণ সম্পাদক ওবায়দুল কাদের। তিনি বলেন, বিএনপি অংশগ্রহণ করলে নির্বাচনটা আরও প্রতিদ্বন্দ্বিতাপূর্ণ হতো। তবে তাদের অনুপস্থিতিতে নির্বাচন অংশগ্রহণহীন বা প্রতিদ্বন্দ্বিতাহীনও হয়নি। শুক্রবার (১৯ জানুয়ারি) বেলা ১২টার দিকে রাজধানীর ধানমন্ডিস্থ আওয়ামী লীগ সভাপতির রাজনৈতিক কার্যালয়ে আয়োজিত এক সংবাদ সম্মেলনে তিনি এ কথা বলেন।ওবায়দুল কাদের বলেন,  দ্বাদশ জাতীয় সংসদ নির্বাচন আমাদের দেশের ইতিহাসে গণতন্ত্রের অভিযাত্রার মাইলফলক। বিশ্বের বিভিন্ন দেশে ৪০ শতাংশের উপর ভোট প্রদান দেখা যায় না। কিন্তু আমরা আজ দাবি করতে পারি, আমাদের গণতান্ত্রিক ধারাবাহিকতা আছে। বিরোধী অপশক্তি নির্বাচন বানচালের সব ধরনের পন্থা অবলম্বন করে ব্যর্থ হয়েছে।জাতীয় সংসদের প্রথম অধিবেশন ২০ জানুয়ারি হতে যাচ্ছে উল্লেখ করে তিনি বলেন,  সারা বিশ্বে একটা সর্বগ্রাসী সংকট সবাইকে ঘিরে ধরেছে। যুদ্ধ তো লেগেই আছে। আমাদের এখানে শৈত্যপ্রবাহ শুরু হয়েছে। অতীতে আমরা এত শীত দেখিনি। মূল সংকট আমরা নির্বাচনের মাধ্যমে পেরিয়ে এসেছি। প্রাকৃতিক যে সংকট, তার ইতি কোথায় আমরা জানি না। আমাদের সকলেরই ধৈর্য ধারণ করা উচিত।এদিকে দ্বাদশ জাতীয় সংসদ নির্বাচন অবাধ ও সুষ্ঠু হওয়া নিয়ে মার্কিন যুক্তরাষ্ট্র সাম্প্রতিক যে বক্তব্য দিয়েছে তা নিয়ে সামান্যতম কোন অস্বস্তিতে নেই আওয়ামী লীগ সরকার। তিনি বলেন, মার্কিন যুক্তরাষ্ট্রের সঙ্গে আমাদের সম্পর্ক আছে। সম্পর্ক আরও ভালো করার জন্য আমরা যথেষ্ট ধৈর্যশীল। আর বাংলাদেশে নিযুক্ত মার্কিন রাষ্ট্রদূত পিটার হাস বাংলাদেশের সাথে সম্পর্ককে এগিয়ে নিয়ে যাওয়ার কথা বলেছেন। এ সময় বিএনপির চুপ থাকা প্রসঙ্গে সাধারণ সম্পাদক বলেন, তারা এখন শক্তি সঞ্চয় করছে বড় ধরনের সহিংসতার জন্য। তাদের প্রতি নতুন করে আর কোন আমাদের আহ্বান নেই। তারা নেতিবাচক রাজনীতি থেকে ইতিবাচক রাজনীতিতে ফিরে আসুক এটাই চাই।ওবায়দুল কাদের বলেন, দেশের সমস্যা নিয়েই এখন শেখ হাসিনা সরকারের সব ভাবনা। ফেলে যাওয়া সংকট নিয়ে সময় ক্ষেপণ করার সময় আমাদের নেই। দায়িত্বশীল পদে যারা রয়েছেন তাদের দায়িত্ব নিয়ে কথা বলা উচিত।সংবাদ সম্মেলনে উপস্থিত ছিলেন আওয়ামী লীগের সাংগঠনিক সম্পাদক বিএম মোজাম্মেল হক, মির্জা আজম,  আফজাল হোসেন, সুজিত রায় নন্দী, দপ্তর সম্পাদক ব্যারিস্টার বিপ্লব বড়ুয়া সহ কেন্দ্রীয়  আওয়ামী লীগের নেতৃবৃন্দ।",1,1,0,1,False
" আগামী পবিত্র রমজানের আগেই প্রথম ধাপে উপজেলা নির্বাচনের প্রস্তুতি নিচ্ছে নির্বাচন কমিশন। মঙ্গলবার (১৬ জানুয়ারি) দুপুরে রাজধানীর আগারগাঁওয়ে নির্বাচন ভবনের নিজ কার্যালয়ে গণমাধ্যমের সঙ্গে আলাপকালে এ তথ্য জানান নির্বাচন কমিশনের (ইসি) অতিরিক্ত সচিব অশোক কুমার দেবনাথ। অশোক কুমার দেবনাথ আরো বলেন, উপজেলা পরিষদ নির্বাচন ধাপে ধাপে হবে। এই মাসের শেষের দিকে প্রথম ধাপের তফসিল হবে। রোজার পরে আরেকটা তফসিল হবে। এভাবে কয়েকটি ধাপে অনুষ্ঠিত হবে উপজেলা পরিষদ নির্বাচন। মোট ৪০০টির বেশি উপজেলায় নির্বাচন হবে। তবে কয় ধাপে উপজেলার নির্বাচন হবে এ বিষয়ে এখনো কোনো সিদ্ধান্ত হয়নি। এর আগে, সবশেষ ২০১৯ সালে উপজেলা পরিষদ নির্বাচন পাঁচ ধাপে অনুষ্ঠিত হয়েছিল। এরমধ্যে বিভাগওয়ারি ৪টি ধাপে এবং যেসব উপজেলার মেয়াদ পরে পূর্ণ হয়েছিল সেগুলো নিয়ে আরেকটি ধাপে উপজেলা পরিষদ নির্বাচন করেছিল কে এম নুরুল হুদা কমিশন। ",1,1,0,1,False
" দ্বাদশ জাতীয় সংসদের সংরক্ষিত ৫০টি নারী আসনের নির্বাচন আগামী ফেব্রুয়ারিতে অনুষ্ঠিত হবে। আগামী সপ্তাহে তফসলি ঘোষণা করা হবে বলে জানিয়েছে নির্বাচন কমিশন (ইসি)। আজ মঙ্গলবার (১৬ জানুয়ারি) ইসির অতিরিক্ত সচিব অশোক কুমার দেবনাথ গণমাধ্যমকে এ তথ্য নিশ্চিত করেন। ইসির এই কর্মকর্তা জানান, সংরক্ষিত নারী আসন ছাড়াও প্রায় ৫০০ উপজেলার মধ্যে প্রথম ধাপে ১০০ উপজেলায় ভোটের তারিখ ঘোষণা করা হতে পারে। তিনি বলেন, দ্বাদশ জাতীয় সংসদের সংরক্ষিত মহিলা আসনের তফসিলের জন্য সব ধরনের প্রস্তুতি নিয়ে রাখা হয়েছে। ভেটের রিটার্নিং কর্মকর্তা নিয়োগ, ভোটার তালিকা তৈরিসহ প্রাথমিক কাজ গুছিয়ে রাখছি। কমিশন সভায় সিদ্ধান্ত হলে তফসিল দেয়া হবে। চলতি সপ্তাহে বা আগামী সপ্তাহে তফসিল হলে ফেব্রুয়ারিতে ভোটের তারিখ রাখা হতে পারে। সংসদে সাধারণ ৩০০ আসনে নির্বাচিত সংসদ সদস্যরা সংরক্ষিত আসনের নির্বাচনের ভোটার হন। বিদ্যমান আইনে, সরাসরি ভোটে জয়ী দলগুলোর আসন সংখ্যার অনুপাতে নারী আসন বণ্টন করা হয়। এই নির্বাচনে ভোটের জন্য একটি দিন রাখা হলেও ফল জানা যায় তার আগেই। ৫০টি সংরক্ষিত নারী আসনের বিপরীতে দল ও জোটগতভাবে সমান সংখ্যক প্রার্থী মনোনয়ন দেয়া হয় বলে প্রত্যাহারের সময়সীমা পার হওয়ার দিনই তাদের বিনা প্রতিদ্বন্দ্বিতায় নির্বাচিত ঘোষণা করা হতে পারে। গত ৭ জানুয়ারি অনুষ্ঠিত দ্বাদশ সংসদ নির্বাচনে ২৯৯ আসনে ভোট গ্রহণ সম্পন্ন হয়েছে। এতে আওয়ামী লীগ ২২৩টি, জাতীয় পার্টি ১১টি, জাসদ ১টি, ওয়ার্কার্স পার্টি ১টি, কল্যাণ পার্টি ১টি এবং স্বতন্ত্র প্রার্থীরা ৬২টি আসন পেয়েছে। ১ জন প্রার্থীর মৃত্যুতে নওগাঁ-২ আসনে ভোট হয়নি। সেখানে ভোট হবে আগামী ১২ ফেব্রুয়ারি।আনুপাতিক প্রতিনিধিত্ব পদ্ধতিতে এবার আওয়ামী লীগ ৩৮টি (নৌকা প্রতীকে জয়ী জাসদ ও ওয়ার্কার্স পার্টির ২জনসহ), জাতীয় পার্টি ২টি এবং স্বতন্ত্র প্রার্থীরা জোটভুক্ত হয়ে ১০টি সংরক্ষিত আসন পেতে পারে।",1,1,0,1,False
" দ্বাদশ জাতীয় সংসদ নির্বাচনের পর নির্বাচিত সংসদ সদস্যদের শপথ ও গঠিত মন্ত্রিসভা নিয়ে পাল্টিপাল্টি আইনী অভিমত দিয়েছেন অ্যাটর্নি জেনারেল এ এম আমিন উদ্দিন ও বিএনপির যুগ্ম মহাসচিব ব্যারিস্টার মাহবুব উদ্দিন খোকন। সুপ্রিম কোর্টে তারা এই পাল্টাপাল্টি বক্তব্য দেন। বিএনপি নেতা ব্যারিস্টার খোকন নবনির্বাচিত সংসদ সদস্যদের শপথ অসাংবিধানিক হয়েছে বলে অভিমত দেন। অন্যদিকে, সংবিধান অনুযায়ী এমপিদের শপথ ও মন্ত্রিসভা গঠিত হয়েছে বলে জানান অ্যাটর্নি জেনারেল এ এম আমিন উদ্দিন। মঙ্গলবার (১৬ জানুয়ারি) দুপুরে সুপ্রিম কোর্টের আইনজীবী ও বিএনপির যুগ্ম মহাসচিব ব্যারিস্টার মাহবুব উদ্দিন খোকন সাংবাদিকদের বলেন, আওয়ামী লীগ আইন মানে না, সংবিধান মানে না। পাঁচ বছর মেয়াদ শেষের আগেই আবার ৩০০ জন শপথ নিয়েছেন। তাদের শপথ অসাংবিধানিক হয়েছে। এখন কী তাহলে দেশে সংসদ সদস্য ৬০০ জন? এমন প্রশ্ন রেখে নতুন সংসদ সদস্যদের পদত্যাগ করতে আহ্বানও জানান বিএনপির এই নেতা।এরপর এ বিষয়ে সাংবাদিকরা অ্যাটর্নি জেনারেল এ এম আমিন উদ্দিনের কাছে এ বিষয়ে আইনের ব্যাখ্যা জানতে চাইলে তিনি বলেন, সংবিধান অনুযায়ী দেশে নির্বাচন হয়েছে এবং সংবিধান অনুযায়ী এমপিদের শপথ ও মন্ত্রিসভা গঠিত হয়েছে। কাজেই একাদশ সংসদ চলমান থাকা অবস্থায় দ্বাদশ সংসদের এমপিদের শপথ অসাংবিধানিক হয়েছে বলে যেটা বলা হচ্ছে তা ভ্রান্ত ধারণা। গতকাল সুপ্রিম কোর্টে নিজ কার্যালয়ে এ কথা বলেন তিনি।রাষ্ট্রের প্রধান এই আইন কর্মকর্তা বলেন, এমপিদের শপথটা নিতে হয় আইনের বাধ্যবাধকতার জন্য। তবে, শপথ নিলেও একাদশ সংসদের মেয়াদ যেহেতু ২৯ জানুয়ারি শেষ হবে, এর আগে ওনারা সংসদ অধিবেশনে যোগদান করতে পারবেন না।",1,1,0,1,False
" দ্বাদশ জাতীয় সংসদের মন্ত্রিসভার স্থানীয় সরকার, পল্লী উন্নয়ন ও সমবায় মন্ত্রী হিসেবে আনুষ্ঠানিকভাবে দায়িত্ব নিয়েছেন মো. তাজুল ইসলাম। তিনি  রবিবার (১৪ জানুয়ারি) সকালে সচিবালয় পৌঁছালে স্থানীয় সরকার বিভাগের সচিব মুহম্মদ ইবরাহিম এবং পল্লী উন্নয়ন ও সমবায় বিভাগের সিনিয়র সচিব মোসাম্মৎ হামিদা বেগমসহ মন্ত্রণালয়ের ঊর্ধ্বতন কর্মকর্তারা ফুলেল সংবর্ধনা দিয়ে মন্ত্রীর দপ্তরে নিয়ে আসেন। এসময় মন্ত্রণালয়ের অধীনস্থ সকল অধিদপ্তরের দপ্তর প্রধানগন উপস্থিত ছিলেন। স্থানীয় সরকার মন্ত্রীকে ফুল দিয়ে বরণ করার পর গণমাধ্যমের সঙ্গে এক সংক্ষিপ্ত বক্তব্যে তিনি প্রধানমন্ত্রী শেখ হাসিনা তাকে টানা দ্বিতীয়বার স্থানীয় সরকার মন্ত্রী হিসেবে আস্থায় রাখার জন্য ধন্যবাদ জানিয়ে বলেন, স্থানীয় সরকার বিভাগের চলমান প্রকল্পগুলো গুণগতমান বজায় রেখে দ্রুত সম্পন্ন করা হবে। এছাড়াও সরকারের নির্বাচনী ইশতেহার বাস্তবায়ন করার জন্য প্রয়োজনীয় নতুন প্রকল্প নেয়া হবে। মো. তাজুল ইসলাম বলেন, প্রধানমন্ত্রী শেখ হাসিনা ২০৪১ সালের মধ্যে স্মার্ট বাংলাদেশ গড়ার যে পরিকল্পনা নির্ধারণ করেছেন তা সঠিকভাবে বাস্তবায়ন করার জন্য স্থানীয় সরকার মন্ত্রণালয় থেকে যে ধরনের কর্মপরিকল্পনা দরকার তা করা হবে। এরপর স্থানীয় সরকার বিভাগের সভাকক্ষে মন্ত্রণালয়ের ঊর্ধ্বতন কর্মকর্তাদের সঙ্গে এক বৈঠকে মিলিত হন তিনি। স্বাগত বক্তব্যে স্থানীয় সরকার বিভাগের সচিব মুহাম্মদ ইবরাহিম বলেন, আমরা অত্যন্ত সৌভাগ্যবান যে টানা দ্বিতীয় মেয়াদে স্থানীয় সরকার মন্ত্রী হিসেবে মো.তাজুল ইসলাম স্যারকে আমাদের মাঝে পেয়েছি। বিগত সময়ের মতো ভবিষ্যতেও তিনি তাঁর সুদৃঢ় নেতৃত্ব দিয়ে স্থানীয় সরকার মন্ত্রণালয়কে সামনের দিকে এগিয়ে নেবেন।স্থানীয় সরকার মন্ত্রী এসময় উপস্থিত কর্মকর্তাদের অভিবাদন গ্রহণ করে বলেন, আপনাদের সঙ্গে পূর্বে কাজ করার অভিজ্ঞতাকে কাজে লাগিয়ে ভবিষ্যতে আরো সুন্দর এবং জাতির পিতার স্বপ্নের বাংলাদেশ গড়ার জন্য আমাদের প্রচেষ্টা অব্যাহত থাকবে। তিনি আরো বলেন, নিয়ম শৃঙ্খলা মেনে কাজ করলে তা সবার জন্য কল্যাণকর হবে। যেহেতু বাংলাদেশ আওয়ামী লীগ নির্বাচনের আগে একটি ইশতেহার দিয়েছে এবং জনগণ সেজন্য নৌকাকে ভোট দিয়ে জয়যুক্ত করেছে, তাই সে ইশতেহার অনুযায়ী স্থানীয় সরকার মন্ত্রণালয়ের লক্ষ্য ও কর্মপরিকল্পনা নির্ধারণ করে আমাদের ভবিষ্যতের পথ চলতে হবে। অতীতের মত সামনের দিনগুলোতেও মন্ত্রণালয় এবং এর অধীন সব অধিদপ্তর দেশ ও মানুষের উন্নয়নে অবদান রাখবে বলে প্রত্যাশা বলে ব্যক্ত করেন মন্ত্রী। তিনি বলেন, গত ৫ বছর এই মন্ত্রণালয় পরিচালনার অভিজ্ঞতা আমাকে অনেক সম্মৃদ্ধ করেছে, আমাদের সকল প্রতিষ্ঠান যার যার জায়গা থেকে কাজ করলে আমরা স্মার্ট বাংলাদেশের লক্ষ্যে পৌঁছতে পারব। এসময় গৃহীত প্রতিটি প্রোজেক্টের কোয়ালিটি এবং নির্ধারিত সময়ের মধ্যে কাজ শেষ করার আহবান জানান মন্ত্রী।আজ রবিবার স্থানীয় সরকারমন্ত্রী দুপুরের পর পল্লী উন্নয়ন ও সমবায় বিভাগের সভাকক্ষে সিনিয়র সচিব মোসাম্মৎ হামিদা বেগমসহ বিভাগের ঊর্ধ্বতন কর্মকর্তা এবং অধীন সকল দপ্তর প্রধানদের নিয়ে মতবিনিময় সভা করেন। মন্ত্রী পল্লী উন্নয়ন ও সমবায় বিভাগের দপ্তরগুলো পরিচালনে সমবায় সমিতি আইন যুগোপযোগী করার উপর গুরুত্বারোপ করেন। সমবায় বিভাগের সকল  দপ্তরে স্বচ্ছতা ও জবাবদিহিতা নিশ্চিতকরণে সবাইকে ঐক্যবদ্ধভাবে কাজ করার নির্দেশনা দেন তিনি।",1,1,0,1,False
 দ্বাদশ জাতীয় সংসদের প্রথম অধিবেশনে বসছে আগামী ৩০ জানুয়ারি। স্পিকার সভাপতিত্বে ওই দিন বিকাল তিনটায় এ অধিবেশন শুরু হবে। সোমবার (১৫ জানুয়ারি) জাতীয় সংসদ সচিবালয় থেকে এক সংবাদ বিজ্ঞপ্তিতে এই তথ্য জানানো হয়েছে।এর আগে ১০ জানুয়ারি দ্বাদশ জাতীয় সংসদের নির্বাচিত সংসদ সদস্যরা শপথ নেন। শপথ নেয়ার ৩০ দিনের মধ্যে অধিবেশন বসার সাংবিধানিক বাধ্যবাধকতা রয়েছে। সংসদের বৈঠকের প্রথম দিন নতুন স্পিকার-ডেপুটি স্পিকারের নির্বাচন হবে। আওয়ামী লীগের সংসদীয় দল এবারো স্পিকার হিসেবে ড. শিরীন শারমিন চৌধুরী এবং ডেপুটি স্পিকার শামসুল হক টুকুকে মনোনয়ন দিয়েছে। সংবিধানের নিয়ম অনুযায়ী নতুন সংসদের প্রথম দিন রাষ্ট্রপতি ভাষণ দেবেন।,1,1,0,1,False
